player_id,player_name,position,team,bye_week,age,injury_status,projection_points,projection_rank,position_rank,tier,ceiling_projection,floor_projection,adp,adp_rank,expert_rank,projection_source,injury_risk,durability_grade,boom_score,bust_score,stability_score,archetype
9221,Jahmyr Gibbs,RB,DET,6.0,24.0,Questionable,337.2,1.0,2.0,1.0,,,1.1,1.0,2.0,real,65.0,,,,,
9493,Puka Nacua,WR,LAR,11.0,25.0,Active,281.3,1.0,2.0,1.0,,,4.0,4.0,4.0,real,30.0,,,,,
8130,Trey McBride,TE,ARI,14.0,26.0,Active,199.8,1.0,2.0,3.0,,,29.0,28.0,19.0,real,30.0,,,,,
4984,Josh Allen,QB,BUF,7.0,30.0,Active,372.2,1.0,1.0,4.0,,,35.7,36.0,26.0,real,30.0,,,,,
9509,Bijan Robinson,RB,ATL,11.0,24.0,Active,332.2,2.0,1.0,1.0,,,2.0,2.0,1.0,real,30.0,,,,,
7564,Ja'Marr Chase,WR,CIN,6.0,26.0,Active,275.4,2.0,1.0,1.0,,,3.1,3.0,3.0,real,30.0,,,,,
11604,Brock Bowers,TE,LV,13.0,23.0,Active,195.5,2.0,1.0,3.0,,,19.7,20.0,17.0,real,30.0,,,,,
11564,Drake Maye,QB,NE,11.0,23.0,Active,326.9,2.0,3.0,5.0,,,66.7,66.0,34.0,real,30.0,,,,,
9488,Jaxon Smith-Njigba,WR,SEA,11.0,24.0,Active,268.6,3.0,3.0,1.0,,,5.5,5.0,5.0,real,30.0,,,,,
4034,Christian McCaffrey,RB,SF,8.0,30.0,Active,295.7,3.0,3.0,2.0,,,6.0,6.0,7.0,real,30.0,,,,,
12517,Colston Loveland,TE,CHI,10.0,22.0,Active,170.3,3.0,3.0,5.0,,,46.0,46.0,38.0,real,30.0,,,,,
4881,Lamar Jackson,QB,BAL,13.0,29.0,Active,325.0,3.0,2.0,5.0,,,55.2,55.0,33.0,real,30.0,,,,,
7547,Amon-Ra St. Brown,WR,DET,6.0,26.0,Active,261.1,4.0,4.0,2.0,,,7.1,7.0,6.0,real,30.0,,,,,
6813,Jonathan Taylor,RB,IND,13.0,27.0,Active,289.9,4.0,4.0,2.0,,,8.1,8.0,9.0,real,30.0,,,,,
12518,Tyler Warren,TE,IND,13.0,24.0,Active,160.7,4.0,4.0,6.0,,,63.8,65.0,60.0,real,30.0,,,,,
11566,Jayden Daniels,QB,WAS,7.0,25.0,Active,324.6,4.0,6.0,6.0,,,67.9,67.0,56.0,real,30.0,,,,,
3198,Derrick Henry,RB,BAL,13.0,32.0,Active,264.2,5.0,12.0,4.0,,,17.4,17.0,25.0,real,30.0,,,,,
8112,Drake London,WR,ATL,11.0,25.0,Active,238.3,5.0,7.0,3.0,,,21.0,21.0,12.0,real,30.0,,,,,
6904,Jalen Hurts,QB,PHI,10.0,27.0,Active,320.6,5.0,5.0,6.0,,,71.6,70.0,55.0,real,30.0,,,,,
7553,Kyle Pitts,TE,ATL,11.0,25.0,Active,155.9,5.0,8.0,8.0,,,103.8,103.0,85.0,real,30.0,,,,,
6786,CeeDee Lamb,WR,DAL,14.0,27.0,Active,224.2,6.0,5.0,2.0,,,9.6,9.0,8.0,real,30.0,,,,,
9226,De'Von Achane,RB,MIA,6.0,24.0,Active,259.3,6.0,7.0,3.0,,,18.1,18.0,14.0,real,30.0,,,,,
12508,Jaxson Dart,QB,NYG,8.0,23.0,Active,311.8,6.0,9.0,7.0,,,101.1,101.0,76.0,real,30.0,,,,,
12506,Harold Fannin,TE,CLE,11.0,22.0,Active,149.7,6.0,6.0,7.0,,,102.4,102.0,72.0,real,30.0,,,,,
8138,James Cook,RB,BUF,7.0,26.0,Active,253.5,7.0,5.0,2.0,,,11.4,11.0,11.0,real,30.0,,,,,
10229,Rashee Rice,WR,KC,5.0,26.0,Active,224.0,7.0,12.0,4.0,,,25.1,24.0,27.0,real,30.0,,,,,
6770,Joe Burrow,QB,CIN,6.0,29.0,Active,311.0,7.0,4.0,5.0,,,68.5,69.0,45.0,real,30.0,,,,,
10859,Sam LaPorta,TE,DET,6.0,25.0,Active,148.4,7.0,7.0,7.0,,,91.7,93.0,84.0,real,30.0,,,,,
6794,Justin Jefferson,WR,MIN,6.0,27.0,Active,220.3,8.0,6.0,2.0,,,10.3,10.0,10.0,real,30.0,,,,,
12527,Ashton Jeanty,RB,LV,13.0,22.0,Active,247.5,8.0,6.0,3.0,,,11.5,12.0,13.0,real,30.0,,,,,
8183,Brock Purdy,QB,SF,8.0,26.0,Active,307.4,8.0,12.0,8.0,,,99.5,99.0,92.0,real,30.0,,,,,
5022,Dallas Goedert,TE,PHI,10.0,31.0,Active,146.5,8.0,14.0,9.0,,,134.6,135.0,122.0,real,30.0,,,,,
9224,Chase Brown,RB,CIN,6.0,26.0,Active,245.7,9.0,8.0,3.0,,,15.9,16.0,16.0,real,30.0,,,,,
5859,A.J. Brown,WR,NE,11.0,29.0,Active,213.1,9.0,10.0,4.0,,,18.6,19.0,22.0,real,30.0,,,,,
9484,Tucker Kraft,TE,GB,11.0,25.0,Questionable,145.2,9.0,5.0,7.0,,,79.5,78.0,65.0,real,65.0,,,,,
3294,Dak Prescott,QB,DAL,14.0,33.0,Active,306.1,9.0,11.0,7.0,,,80.5,79.0,79.0,real,30.0,,,,,
4866,Saquon Barkley,RB,PHI,10.0,29.0,Active,245.2,10.0,9.0,3.0,,,13.5,13.0,18.0,real,30.0,,,,,
8137,George Pickens,WR,DAL,14.0,25.0,Active,210.8,10.0,9.0,4.0,,,23.5,23.0,21.0,real,30.0,,,,,
7523,Trevor Lawrence,QB,JAX,7.0,26.0,Active,304.0,10.0,10.0,7.0,,,85.7,85.0,77.0,real,30.0,,,,,
1466,Travis Kelce,TE,KC,5.0,36.0,Active,144.4,10.0,10.0,8.0,,,121.3,121.0,106.0,real,30.0,,,,,
8144,Chris Olave,WR,NO,8.0,26.0,Active,210.6,11.0,11.0,4.0,,,30.0,30.0,23.0,real,30.0,,,,,
5850,Josh Jacobs,RB,GB,11.0,28.0,Active,239.1,11.0,14.0,5.0,,,41.1,42.0,35.0,real,30.0,,,,,
4046,Patrick Mahomes,QB,KC,5.0,30.0,Questionable,303.6,11.0,13.0,8.0,,,95.2,95.0,98.0,real,65.0,,,,,
4217,George Kittle,TE,SF,8.0,32.0,PUP,138.6,11.0,12.0,9.0,,,114.1,115.0,115.0,real,85.0,,,,,
12507,Omarion Hampton,RB,LAC,7.0,23.0,Active,237.7,12.0,10.0,4.0,,,14.6,14.0,20.0,real,30.0,,,,,
7569,Nico Collins,WR,HOU,8.0,27.0,Active,207.2,12.0,8.0,3.0,,,22.7,22.0,15.0,real,30.0,,,,,
6797,Justin Herbert,QB,LAC,7.0,28.0,Active,300.2,12.0,7.0,7.0,,,82.8,82.0,67.0,real,30.0,,,,,
5012,Mark Andrews,TE,BAL,13.0,30.0,Active,134.1,12.0,15.0,9.0,,,126.1,125.0,130.0,real,30.0,,,,,
8155,Breece Hall,RB,NYJ,13.0,25.0,Active,229.8,13.0,16.0,5.0,,,29.5,29.0,37.0,real,30.0,,,,,
9997,Zay Flowers,WR,BAL,13.0,25.0,Active,203.3,13.0,18.0,5.0,,,30.3,31.0,40.0,real,30.0,,,,,
11560,Caleb Williams,QB,CHI,10.0,24.0,Active,298.7,13.0,8.0,7.0,,,72.3,72.0,71.0,real,30.0,,,,,
8131,Isaiah Likely,TE,NYG,8.0,26.0,Active,133.9,13.0,13.0,9.0,,,127.6,129.0,120.0,real,30.0,,,,,
4634,Kenneth Walker,WR,KC,5.0,27.0,Active,228.7,14.0,11.0,4.0,,,15.2,15.0,24.0,real,30.0,,,,,
8146,Garrett Wilson,WR,NYJ,13.0,26.0,Active,194.0,14.0,17.0,5.0,,,40.0,40.0,39.0,real,30.0,,,,,
11563,Bo Nix,QB,DEN,10.0,26.0,Active,297.9,14.0,14.0,8.0,,,106.6,105.0,99.0,real,30.0,,,,,
10236,Dalton Kincaid,TE,BUF,7.0,26.0,Active,131.2,14.0,9.0,8.0,,,126.5,126.0,105.0,real,30.0,,,,,
13287,Jeremiyah Love,RB,ARI,14.0,21.0,Active,228.1,15.0,13.0,5.0,,,26.8,25.0,30.0,real,30.0,,,,,
7525,DeVonta Smith,WR,PHI,10.0,27.0,Questionable,192.8,15.0,16.0,5.0,,,27.4,26.0,32.0,real,65.0,,,,,
421,Matthew Stafford,QB,LAR,11.0,38.0,Active,294.0,15.0,15.0,8.0,,,105.9,104.0,101.0,real,30.0,,,,,
8110,Jake Ferguson,TE,DAL,14.0,27.0,Active,130.6,15.0,11.0,9.0,,,131.3,132.0,110.0,real,30.0,,,,,
11632,Malik Nabers,WR,NYG,8.0,23.0,Questionable,192.3,16.0,13.0,4.0,,,27.4,27.0,28.0,real,65.0,,,,,
8150,Kyren Williams,RB,LAR,11.0,25.0,Active,223.1,16.0,15.0,5.0,,,32.2,33.0,36.0,real,30.0,,,,,
3163,Jared Goff,QB,DET,6.0,31.0,Active,287.4,16.0,16.0,8.0,,,109.7,110.0,107.0,real,30.0,,,,,
3214,Hunter Henry,TE,NE,11.0,31.0,Active,125.5,16.0,19.0,10.0,,,152.6,153.0,147.0,real,30.0,,,,,
12514,Emeka Egbuka,WR,TB,10.0,23.0,Active,191.8,17.0,23.0,6.0,,,31.8,32.0,48.0,real,30.0,,,,,
12481,Cam Skattebo,RB,NYG,8.0,24.0,Active,221.6,17.0,20.0,6.0,,,43.6,43.0,52.0,real,30.0,,,,,
12545,Tyler Shough,QB,NO,8.0,26.0,Active,286.4,17.0,20.0,9.0,,,123.3,124.0,124.0,real,30.0,,,,,
7002,Juwan Johnson,TE,NO,8.0,29.0,Active,121.9,17.0,17.0,9.0,,,156.3,159.0,138.0,real,30.0,,,,,
7588,Javonte Williams,RB,DAL,14.0,26.0,Active,217.4,18.0,17.0,5.0,,,36.3,37.0,42.0,real,30.0,,,,,
12526,Tetairoa McMillan,WR,CAR,5.0,23.0,Active,188.7,18.0,14.0,5.0,,,38.9,38.0,29.0,real,30.0,,,,,
4892,Baker Mayfield,QB,TB,10.0,31.0,Active,282.5,18.0,19.0,9.0,,,118.6,119.0,121.0,real,30.0,,,,,
9480,Brenton Strange,TE,JAX,7.0,25.0,Active,121.4,18.0,18.0,10.0,,,150.1,150.0,145.0,real,30.0,,,,,
7543,Travis Etienne,RB,NO,8.0,27.0,Active,209.6,19.0,18.0,5.0,,,40.4,41.0,43.0,real,30.0,,,,,
2133,Davante Adams,WR,LAR,11.0,33.0,Active,187.8,19.0,21.0,6.0,,,51.0,51.0,46.0,real,30.0,,,,,
5849,Kyler Murray,QB,MIN,6.0,28.0,Active,280.3,19.0,17.0,9.0,,,112.4,113.0,113.0,real,30.0,,,,,
5001,Dalton Schultz,TE,HOU,8.0,30.0,Active,115.7,19.0,20.0,10.0,,,168.5,168.0,163.0,real,30.0,,,,,
6801,Tee Higgins,WR,CIN,6.0,27.0,Active,186.2,20.0,15.0,5.0,,,34.0,34.0,31.0,real,30.0,,,,,
6790,D'Andre Swift,RB,CHI,10.0,27.0,Active,205.3,20.0,23.0,6.0,,,49.8,49.0,59.0,real,30.0,,,,,
5870,Daniel Jones,QB,IND,13.0,29.0,Active,274.6,20.0,26.0,10.0,,,147.0,148.0,167.0,real,30.0,,,,,
5844,T.J. Hockenson,TE,MIN,6.0,29.0,Active,108.7,20.0,23.0,11.0,,,170.7,170.0,183.0,real,30.0,,,,,
8148,Jameson Williams,WR,DET,6.0,25.0,Active,185.1,21.0,25.0,6.0,,,51.9,52.0,51.0,real,30.0,,,,,
11584,Bucky Irving,RB,TB,10.0,23.0,Active,204.0,21.0,19.0,6.0,,,55.5,56.0,50.0,real,30.0,,,,,
8161,Malik Willis,QB,MIA,6.0,27.0,Active,269.7,21.0,21.0,9.0,,,135.0,137.0,132.0,real,30.0,,,,,
7600,Pat Freiermuth,TE,PIT,9.0,27.0,Active,107.4,21.0,28.0,12.0,,,193.9,195.0,232.0,real,30.0,,,,,
5927,Terry McLaurin,WR,WAS,7.0,30.0,Active,178.6,22.0,20.0,5.0,,,44.2,45.0,44.0,real,30.0,,,,,
12512,Quinshon Judkins,RB,CLE,11.0,22.0,Active,194.5,22.0,21.0,6.0,,,53.7,54.0,54.0,real,30.0,,,,,
6804,Jordan Love,QB,GB,11.0,27.0,Active,267.7,22.0,18.0,9.0,,,113.4,114.0,117.0,real,30.0,,,,,
8172,Greg Dulcich,TE,MIA,6.0,26.0,Questionable,106.2,22.0,36.0,13.0,,,179.0,178.0,306.0,real,65.0,,,,,
12490,Bhayshul Tuten,RB,JAX,7.0,23.0,Active,193.8,23.0,25.0,7.0,,,50.6,50.0,64.0,real,30.0,,,,,
11620,Rome Odunze,WR,CHI,10.0,24.0,Active,178.1,23.0,28.0,6.0,,,59.9,60.0,62.0,real,30.0,,,,,
4943,Sam Darnold,QB,SEA,11.0,29.0,Active,266.5,23.0,23.0,10.0,,,142.5,143.0,144.0,real,30.0,,,,,
13330,Kenyon Sadiq,TE,NYJ,13.0,21.0,Questionable,104.5,23.0,22.0,11.0,,,162.3,164.0,181.0,real,65.0,,,,,
12529,TreVeyon Henderson,RB,NE,11.0,23.0,Active,182.7,24.0,22.0,6.0,,,53.6,53.0,58.0,real,30.0,,,,,
8142,Alec Pierce,WR,IND,13.0,26.0,PUP,175.5,24.0,31.0,7.0,,,81.5,80.0,69.0,real,85.0,,,,,
9758,C.J. Stroud,QB,HOU,8.0,24.0,Active,260.7,24.0,22.0,10.0,,,145.0,144.0,139.0,real,30.0,,,,,
8111,Cade Otton,TE,TB,10.0,27.0,Active,101.7,24.0,29.0,12.0,,,189.3,191.0,236.0,real,30.0,,,,,
11635,Ladd McConkey,WR,LAC,7.0,24.0,Active,174.1,25.0,19.0,5.0,,,34.7,35.0,41.0,real,30.0,,,,,
5892,David Montgomery,RB,HOU,8.0,29.0,Active,176.8,25.0,24.0,6.0,,,48.5,48.0,61.0,real,30.0,,,,,
9228,Bryce Young,QB,CAR,5.0,25.0,Active,249.0,25.0,25.0,10.0,,,160.6,162.0,156.0,real,30.0,,,,,
11603,AJ Barner,TE,SEA,11.0,24.0,Active,100.1,25.0,24.0,11.0,,,174.8,174.0,185.0,real,30.0,,,,,
4983,DJ Moore,WR,BUF,7.0,29.0,Active,173.3,26.0,29.0,6.0,,,56.1,57.0,63.0,real,30.0,,,,,
13286,Jadarian Price,RB,SEA,11.0,22.0,Active,176.6,26.0,32.0,7.0,,,62.4,62.0,83.0,real,30.0,,,,,
8210,Chig Okonkwo,TE,WAS,7.0,26.0,Active,99.6,26.0,21.0,10.0,,,139.5,139.0,166.0,real,30.0,,,,,
1373,Geno Smith,QB,NYJ,13.0,35.0,Active,233.2,26.0,29.0,12.0,,,186.5,186.0,247.0,real,30.0,,,,,
7526,Jaylen Waddle,WR,DEN,10.0,27.0,Questionable,172.5,27.0,22.0,6.0,,,39.6,39.0,47.0,real,65.0,,,,,
5967,Tony Pollard,RB,TEN,9.0,29.0,Active,175.1,27.0,28.0,7.0,,,75.0,75.0,78.0,real,30.0,,,,,
12493,Oronde Gadsden,TE,LAC,7.0,23.0,Active,96.7,27.0,16.0,9.0,,,152.1,152.0,135.0,real,30.0,,,,,
3257,Jacoby Brissett,QB,ARI,14.0,33.0,Active,232.4,27.0,27.0,11.0,,,192.4,193.0,205.0,real,30.0,,,,,
12519,Luther Burden,WR,CHI,10.0,22.0,Active,171.8,28.0,24.0,6.0,,,43.7,44.0,49.0,real,30.0,,,,,
8228,Jaylen Warren,RB,PIT,9.0,27.0,Active,173.7,28.0,26.0,7.0,,,71.9,71.0,68.0,real,30.0,,,,,
12522,Cam Ward,QB,TEN,9.0,24.0,Active,232.2,28.0,24.0,10.0,,,141.4,141.0,150.0,real,30.0,,,,,
12487,Terrance Ferguson,TE,LAR,11.0,23.0,Active,94.7,28.0,26.0,12.0,,,180.5,180.0,218.0,real,30.0,,,,,
2216,Mike Evans,WR,SF,8.0,32.0,Questionable,170.2,29.0,26.0,6.0,,,47.7,47.0,53.0,real,65.0,,,,,
7021,Rico Dowdle,RB,PIT,9.0,28.0,Active,171.7,29.0,31.0,7.0,,,87.3,88.0,82.0,real,30.0,,,,,
96,Aaron Rodgers,QB,PIT,9.0,42.0,Active,224.5,29.0,30.0,12.0,,,177.3,176.0,251.0,real,30.0,,,,,
4993,Mike Gesicki,TE,CIN,6.0,30.0,Active,91.2,29.0,37.0,13.0,,,207.2,206.0,307.0,real,30.0,,,,,
7594,Chuba Hubbard,RB,CAR,5.0,27.0,Active,168.2,30.0,27.0,7.0,,,83.4,83.0,75.0,real,30.0,,,,,
5045,Courtland Sutton,WR,DEN,10.0,30.0,Active,169.7,30.0,34.0,7.0,,,84.1,84.0,74.0,real,30.0,,,,,
13269,Fernando Mendoza,QB,LV,13.0,22.0,Active,193.1,30.0,28.0,12.0,,,183.6,184.0,241.0,real,30.0,,,,,
4066,Evan Engram,TE,DEN,10.0,31.0,Active,90.0,30.0,32.0,13.0,,,212.3,216.0,258.0,real,30.0,,,,,
11628,Marvin Harrison,WR,ARI,14.0,23.0,Active,163.7,31.0,32.0,7.0,,,68.3,68.0,70.0,real,30.0,,,,,
7611,Rhamondre Stevenson,RB,NE,11.0,28.0,Active,167.5,31.0,30.0,7.0,,,75.8,76.0,81.0,real,30.0,,,,,
12502,Gunnar Helm,TE,TEN,9.0,23.0,Active,87.0,31.0,25.0,11.0,,,180.9,181.0,210.0,real,30.0,,,,,
6768,Tua Tagovailoa,QB,ATL,11.0,28.0,Questionable,164.5,31.0,32.0,13.0,,,208.8,207.0,288.0,real,65.0,,,,,
8167,Christian Watson,WR,GB,11.0,27.0,Active,162.8,32.0,27.0,6.0,,,57.1,58.0,57.0,real,30.0,,,,,
6806,J.K. Dobbins,RB,DEN,10.0,27.0,Active,161.8,32.0,35.0,8.0,,,97.0,97.0,97.0,real,30.0,,,,,
12524,Shedeur Sanders,QB,CLE,11.0,24.0,Active,131.8,32.0,33.0,13.0,,,212.1,215.0,294.0,real,30.0,,,,,
12498,Mason Taylor,TE,NYJ,13.0,22.0,Active,75.4,32.0,33.0,13.0,,,215.8,271.0,262.0,real,30.0,,,,,
5846,DK Metcalf,WR,PIT,9.0,28.0,Active,162.7,33.0,33.0,7.0,,,76.1,77.0,73.0,real,30.0,,,,,
12489,RJ Harvey,RB,DEN,10.0,25.0,Active,154.6,33.0,29.0,7.0,,,86.7,86.0,80.0,real,30.0,,,,,
6865,Colby Parkinson,TE,LAR,11.0,27.0,Active,74.7,33.0,30.0,12.0,,,210.8,213.0,244.0,real,30.0,,,,,
4017,Deshaun Watson,QB,CLE,11.0,30.0,Active,108.0,33.0,34.0,13.0,,,215.4,243.0,310.0,real,30.0,,,,,
5947,Jakobi Meyers,WR,JAX,7.0,29.0,Active,150.4,34.0,41.0,8.0,,,107.5,107.0,94.0,real,30.0,,,,,
8136,Rachaad White,RB,WAS,7.0,27.0,Active,147.8,34.0,39.0,9.0,,,108.7,109.0,116.0,real,30.0,,,,,
4033,David Njoku,TE,LAC,7.0,30.0,Active,73.1,34.0,27.0,12.0,,,212.9,220.0,228.0,real,30.0,,,,,
11559,Michael Penix,QB,ATL,11.0,26.0,Questionable,83.6,34.0,31.0,13.0,,,215.3,242.0,274.0,real,65.0,,,,,
6819,Michael Pittman,WR,PIT,9.0,28.0,Active,149.7,35.0,42.0,8.0,,,99.2,98.0,96.0,real,30.0,,,,,
4199,Aaron Jones,RB,MIN,6.0,31.0,Active,145.6,35.0,36.0,8.0,,,122.9,123.0,104.0,real,30.0,,,,,
1166,Kirk Cousins,QB,LV,13.0,37.0,Active,47.2,35.0,35.0,13.0,,,214.8,232.0,311.0,real,30.0,,,,,
9482,Michael Mayer,TE,LV,13.0,25.0,Questionable,70.1,35.0,43.0,15.0,,,215.0,239.0,358.0,real,65.0,,,,,
9487,Parker Washington,WR,JAX,7.0,24.0,Active,148.4,36.0,40.0,8.0,,,63.4,63.0,93.0,real,30.0,,,,,
12534,Kyle Monangai,RB,CHI,10.0,24.0,Active,144.5,36.0,33.0,8.0,,,96.7,96.0,90.0,real,30.0,,,,,
5906,Dawson Knox,TE,BUF,7.0,29.0,Active,64.6,36.0,50.0,15.0,,,215.8,264.0,382.0,real,30.0,,,,,
13275,Ty Simpson,QB,LAR,11.0,23.0,Active,23.4,36.0,38.0,14.0,,,216.0,652.0,343.0,real,30.0,,,,,
13279,Carnell Tate,WR,TEN,9.0,21.0,Active,148.2,37.0,30.0,7.0,,,59.4,59.0,66.0,real,30.0,,,,,
13272,Carson Beck,QB,ARI,14.0,23.0,Active,23.1,37.0,40.0,15.0,,,215.7,259.0,364.0,real,30.0,,,,,
11597,Theo Johnson,TE,NYG,8.0,25.0,Active,62.4,37.0,34.0,13.0,,,215.7,262.0,265.0,real,30.0,,,,,
7567,Kenny Gainwell,RB,TB,,27.0,Active,143.4,37.0,,,,,,,,real,30.0,,,,,
11631,Brian Thomas,WR,JAX,7.0,23.0,Active,147.7,38.0,35.0,8.0,,,62.3,61.0,86.0,real,30.0,,,,,
12533,Jacory Croskey-Merritt,RB,WAS,7.0,25.0,Active,138.0,38.0,38.0,9.0,,,118.1,118.0,112.0,real,30.0,,,,,
9479,Darnell Washington,TE,PIT,9.0,24.0,Active,58.6,38.0,39.0,14.0,,,215.0,237.0,333.0,real,30.0,,,,,
11565,J.J. McCarthy,QB,MIN,6.0,23.0,Active,22.5,38.0,36.0,14.0,,,215.8,268.0,323.0,real,30.0,,,,,
11583,Jonathon Brooks,RB,CAR,5.0,23.0,Active,131.4,39.0,45.0,9.0,,,91.6,92.0,133.0,real,30.0,,,,,
8126,Wan'Dale Robinson,WR,TEN,9.0,25.0,Active,147.4,39.0,45.0,8.0,,,111.5,112.0,103.0,real,30.0,,,,,
9229,Anthony Richardson,QB,IND,13.0,24.0,Active,21.0,39.0,39.0,15.0,,,216.0,323.0,355.0,real,30.0,,,,,
3271,Tyler Higbee,TE,LAR,11.0,33.0,Active,58.1,39.0,42.0,15.0,,,216.0,656.0,357.0,real,30.0,,,,,
10222,Jayden Reed,WR,GB,11.0,26.0,Active,144.9,40.0,46.0,9.0,,,82.5,81.0,109.0,real,30.0,,,,,
8408,Jordan Mason,RB,MIN,6.0,27.0,Active,131.3,40.0,40.0,9.0,,,110.5,111.0,118.0,real,30.0,,,,,
6826,Cole Kmet,TE,CHI,10.0,27.0,Active,53.3,40.0,41.0,15.0,,,215.9,279.0,356.0,real,30.0,,,,,
2307,Marcus Mariota,QB,WAS,7.0,32.0,Active,18.1,40.0,44.0,15.0,,,216.0,552.0,410.0,real,30.0,,,,,
11586,Blake Corum,RB,LAR,11.0,25.0,Active,130.6,41.0,34.0,8.0,,,90.6,91.0,95.0,real,30.0,,,,,
5872,Deebo Samuel,WR,SF,,30.0,Active,144.0,41.0,66.0,10.0,,,139.4,138.0,173.0,real,30.0,,,,,
11600,Ja'Tavion Sanders,TE,CAR,5.0,23.0,Questionable,53.3,41.0,45.0,15.0,,,215.9,288.0,362.0,real,65.0,,,,,
12470,Riley Leonard,QB,IND,13.0,23.0,Active,13.8,41.0,47.0,16.0,,,216.0,602.0,433.0,real,30.0,,,,,
9754,Quentin Johnston,WR,LAC,7.0,24.0,Active,143.0,42.0,47.0,9.0,,,74.9,74.0,111.0,real,30.0,,,,,
4035,Alvin Kamara,RB,NO,8.0,31.0,Active,113.9,42.0,50.0,10.0,,,164.1,166.0,148.0,real,30.0,,,,,
7585,Davis Mills,QB,HOU,,27.0,Active,12.7,42.0,,,,,216.0,389.0,,real,30.0,,,,,
5857,Noah Fant,TE,NO,8.0,28.0,Active,50.8,42.0,54.0,15.0,,,216.0,587.0,408.0,real,30.0,,,,,
10232,Michael Wilson,WR,ARI,14.0,26.0,Active,142.9,43.0,36.0,8.0,,,95.0,94.0,87.0,real,30.0,,,,,
9508,Tyjae Spears,RB,TEN,9.0,25.0,Active,113.4,43.0,47.0,10.0,,,153.1,154.0,140.0,real,30.0,,,,,
7591,Justin Fields,QB,KC,5.0,27.0,Active,12.0,43.0,41.0,15.0,,,216.0,508.0,368.0,real,30.0,,,,,
7694,Tommy Tremble,TE,CAR,5.0,26.0,Active,50.3,43.0,62.0,16.0,,,216.0,638.0,428.0,real,30.0,,,,,
4037,Chris Godwin,WR,TB,10.0,30.0,Active,141.9,44.0,38.0,8.0,,,90.1,90.0,89.0,real,30.0,,,,,
9753,Zach Charbonnet,RB,SEA,11.0,25.0,PUP,113.2,44.0,46.0,9.0,,,161.6,163.0,134.0,real,85.0,,,,,
13434,Will Kacmarek,TE,MIA,,23.0,Active,48.6,44.0,,,,,216.0,667.0,,real,30.0,,,,,
8002,Shane Buechele,QB,BUF,,28.0,Active,12.0,44.0,,,,,,,,real,30.0,,,,,
9756,Jordan Addison,WR,MIN,6.0,24.0,Questionable,141.3,45.0,43.0,8.0,,,88.6,89.0,100.0,real,65.0,,,,,
12474,Woody Marks,RB,HOU,8.0,25.0,Active,112.3,45.0,43.0,9.0,,,141.4,142.0,128.0,real,30.0,,,,,
11592,Erick All,TE,CIN,6.0,25.0,Active,45.8,45.0,64.0,16.0,,,215.5,247.0,437.0,real,30.0,,,,,
2306,Jameis Winston,QB,NYG,8.0,32.0,Active,11.7,45.0,46.0,16.0,,,216.0,464.0,430.0,real,30.0,,,,,
13281,Jordyn Tyson,WR,NO,8.0,21.0,Active,140.9,46.0,37.0,8.0,,,63.7,64.0,88.0,real,30.0,,,,,
11655,Tyrone Tracy,RB,NYG,8.0,26.0,Active,106.7,46.0,41.0,9.0,,,134.4,134.0,126.0,real,30.0,,,,,
8127,Charlie Kolar,TE,LAC,,27.0,Active,45.3,46.0,,,,,214.9,234.0,,real,30.0,,,,,
12500,Quinn Ewers,QB,MIA,6.0,23.0,Active,11.5,46.0,48.0,16.0,,,216.0,595.0,448.0,real,30.0,,,,,
11624,Xavier Worthy,WR,KC,5.0,23.0,Questionable,139.7,47.0,51.0,9.0,,,99.6,100.0,125.0,real,65.0,,,,,
8205,Isiah Pacheco,RB,DET,6.0,27.0,Active,105.4,47.0,48.0,10.0,,,152.0,151.0,142.0,real,30.0,,,,,
3202,Austin Hooper,TE,ATL,11.0,31.0,Active,44.4,47.0,58.0,16.0,,,216.0,330.0,417.0,real,30.0,,,,,
11256,Tyson Bagent,QB,CHI,,26.0,Active,11.4,47.0,,,,,216.0,663.0,,real,30.0,,,,,
9500,Josh Downs,WR,IND,13.0,24.0,Active,136.4,48.0,48.0,9.0,,,87.2,87.0,114.0,real,30.0,,,,,
5995,Justice Hill,RB,BAL,13.0,28.0,Active,98.9,48.0,73.0,13.0,,,214.0,225.0,259.0,real,30.0,,,,,
5973,Josh Oliver,TE,MIN,,29.0,Active,42.8,48.0,,,,,216.0,501.0,,real,30.0,,,,,
9999,Will Levis,QB,TEN,,27.0,Active,11.4,48.0,,,,,216.0,668.0,,real,30.0,,,,,
8134,Khalil Shakir,WR,BUF,7.0,26.0,Active,135.6,49.0,50.0,9.0,,,126.5,127.0,123.0,real,30.0,,,,,
10219,Chris Rodriguez,RB,JAX,7.0,26.0,Active,92.1,49.0,44.0,9.0,,,129.3,130.0,129.0,real,30.0,,,,,
13349,Eli Stowers,TE,PHI,10.0,23.0,Active,42.5,49.0,31.0,13.0,,,210.7,212.0,255.0,real,30.0,,,,,
6136,Jarrett Stidham,QB,DEN,,29.0,Active,11.3,49.0,,,,,215.9,290.0,,real,30.0,,,,,
13294,Makai Lemon,WR,PHI,10.0,22.0,Questionable,134.0,50.0,39.0,8.0,,,73.6,73.0,91.0,real,65.0,,,,,
8154,Brian Robinson,RB,ATL,11.0,27.0,Active,89.7,50.0,52.0,10.0,,,175.9,175.0,151.0,real,30.0,,,,,
8225,Daniel Bellinger,TE,TEN,9.0,25.0,Active,42.3,50.0,56.0,15.0,,,216.0,381.0,411.0,real,30.0,,,,,
6111,Jake Browning,QB,TB,,30.0,Active,11.3,50.0,,,,,216.0,456.0,,real,30.0,,,,,
8121,Romeo Doubs,WR,NE,11.0,26.0,Active,132.5,51.0,52.0,9.0,,,116.2,116.0,131.0,real,30.0,,,,,
12469,Dylan Sampson,RB,CLE,11.0,21.0,Active,88.7,51.0,49.0,10.0,,,171.9,171.0,143.0,real,30.0,,,,,
7891,Brock Wright,TE,DET,,27.0,Active,41.3,51.0,,,,,216.0,348.0,,real,30.0,,,,,
2152,Teddy Bridgewater,QB,DET,,33.0,Active,11.0,51.0,,,,,216.0,630.0,,real,30.0,,,,,
8676,Rashid Shaheed,WR,SEA,11.0,27.0,Active,131.7,52.0,56.0,10.0,,,130.1,131.0,146.0,real,30.0,,,,,
4147,Samaje Perine,RB,CIN,6.0,30.0,Active,87.4,52.0,83.0,13.0,,,215.5,250.0,282.0,real,30.0,,,,,
7828,Noah Gray,TE,KC,5.0,27.0,Active,40.3,52.0,44.0,15.0,,,216.0,588.0,360.0,real,30.0,,,,,
827,Tyrod Taylor,QB,GB,,37.0,Active,10.9,52.0,,,,,216.0,662.0,,real,30.0,,,,,
8132,Tyler Allgeier,RB,ARI,14.0,26.0,Active,86.8,53.0,42.0,9.0,,,156.0,158.0,127.0,real,30.0,,,,,
8147,John Metchie,WR,CAR,5.0,26.0,Active,130.4,53.0,129.0,15.0,,,215.9,292.0,352.0,real,30.0,,,,,
9481,Luke Musgrave,TE,GB,11.0,25.0,PUP,39.0,53.0,55.0,15.0,,,216.0,543.0,409.0,real,85.0,,,,,
11292,Tommy DeVito,QB,NE,,27.0,Active,10.6,53.0,,,,,216.0,636.0,,real,30.0,,,,,
12501,Matthew Golden,WR,GB,11.0,23.0,Active,128.4,54.0,55.0,10.0,,,107.9,108.0,141.0,real,30.0,,,,,
12521,Elijah Arroyo,TE,SEA,11.0,23.0,Active,38.7,54.0,46.0,15.0,,,215.9,281.0,367.0,real,30.0,,,,,
6828,AJ Dillon,RB,CAR,,28.0,Active,86.5,54.0,,,,,216.0,315.0,,real,30.0,,,,,
7083,Tyler Huntley,QB,BAL,,28.0,Active,10.6,54.0,,,,,216.0,657.0,,real,30.0,,,,,
4981,Calvin Ridley,WR,TEN,9.0,31.0,Active,128.4,55.0,74.0,11.0,,,188.3,188.0,196.0,real,30.0,,,,,
6039,Ty Johnson,RB,BUF,7.0,28.0,Active,83.8,55.0,75.0,13.0,,,215.6,256.0,263.0,real,30.0,,,,,
6869,Adam Trautman,TE,DEN,,29.0,Active,37.9,55.0,,,,,216.0,317.0,,real,30.0,,,,,
7527,Mac Jones,QB,SF,8.0,27.0,Active,10.5,55.0,37.0,14.0,,,216.0,546.0,336.0,real,30.0,,,,,
11646,Jalen Coker,WR,CAR,5.0,24.0,Active,124.6,56.0,53.0,9.0,,,127.4,128.0,136.0,real,30.0,,,,,
12467,Jordan James,RB,SF,8.0,22.0,Questionable,83.7,56.0,79.0,13.0,,,214.0,224.0,272.0,real,65.0,,,,,
13421,Eli Raridon,TE,NE,11.0,22.0,Active,37.1,56.0,60.0,16.0,,,215.4,244.0,421.0,real,30.0,,,,,
7610,Trey Lance,QB,LAC,,26.0,Active,10.4,56.0,,,,,216.0,647.0,,real,30.0,,,,,
11576,Braelon Allen,RB,NYJ,13.0,22.0,Active,79.5,57.0,53.0,10.0,,,213.2,221.0,154.0,real,30.0,,,,,
10214,Davis Allen,TE,LAR,,25.0,Questionable,35.4,57.0,,,,,216.0,388.0,,real,65.0,,,,,
9230,Tanner McKee,QB,PHI,,26.0,Active,10.3,57.0,,,,,216.0,627.0,,real,30.0,,,,,
12860,Theo Wease,WR,MIA,,25.0,Active,121.4,57.0,,,,,216.0,633.0,,real,30.0,,,,,
10213,Tre Tucker,WR,LV,13.0,25.0,Active,116.9,58.0,70.0,11.0,,,156.0,157.0,182.0,real,30.0,,,,,
11199,Emari Demercado,RB,KC,5.0,27.0,Active,74.4,58.0,89.0,13.0,,,215.8,266.0,295.0,real,30.0,,,,,
11082,Ben Sims,TE,MIA,,26.0,Active,35.2,58.0,,,,,216.0,334.0,,real,30.0,,,,,
19,Joe Flacco,QB,CIN,6.0,41.0,Active,10.3,58.0,43.0,15.0,,,216.0,483.0,405.0,real,30.0,,,,,
9502,Tank Dell,WR,HOU,8.0,26.0,Questionable,116.3,59.0,80.0,12.0,,,184.4,185.0,224.0,real,65.0,,,,,
13305,Mike Washington,RB,LV,13.0,23.0,Active,70.1,59.0,61.0,11.0,,,198.5,198.0,187.0,real,30.0,,,,,
8160,Kenny Pickett,QB,CAR,,28.0,Active,10.2,59.0,,,,,216.0,523.0,,real,30.0,,,,,
13307,Marlin Klein,TE,HOU,8.0,23.0,Active,34.7,59.0,65.0,16.0,,,216.0,554.0,440.0,real,30.0,,,,,
13298,KC Concepcion,WR,CLE,11.0,21.0,Questionable,115.4,60.0,54.0,9.0,,,117.6,117.0,137.0,real,65.0,,,,,
13414,Kaelon Black,RB,SF,8.0,24.0,Questionable,68.6,60.0,92.0,13.0,,,202.2,200.0,303.0,real,65.0,,,,,
7716,John Bates,TE,WAS,7.0,28.0,Questionable,34.6,60.0,49.0,15.0,,,216.0,488.0,381.0,real,65.0,,,,,
11562,Spencer Rattler,QB,NO,,25.0,Active,10.2,60.0,,,,,216.0,619.0,,real,30.0,,,,,
9225,Tank Bigsby,RB,PHI,10.0,23.0,Active,65.6,61.0,54.0,10.0,,,159.8,160.0,155.0,real,30.0,,,,,
6783,Jerry Jeudy,WR,CLE,11.0,27.0,Active,115.1,61.0,57.0,10.0,,,178.5,177.0,152.0,real,30.0,,,,,
10231,Elijah Higgins,TE,ARI,14.0,25.0,Active,34.5,61.0,61.0,16.0,,,216.0,417.0,422.0,real,30.0,,,,,
8162,Sam Howell,QB,DAL,,25.0,Active,10.2,61.0,,,,,216.0,611.0,,real,30.0,,,,,
12484,Jayden Higgins,WR,HOU,8.0,23.0,Active,113.3,62.0,49.0,9.0,,,122.3,122.0,119.0,real,30.0,,,,,
9511,Keaton Mitchell,RB,LAC,7.0,24.0,Active,64.9,62.0,51.0,10.0,,,134.8,136.0,149.0,real,30.0,,,,,
8698,Jake Tonges,TE,SF,8.0,27.0,Active,33.1,62.0,35.0,13.0,,,214.4,228.0,296.0,real,30.0,,,,,
5854,Drew Lock,QB,SEA,,29.0,Active,10.0,62.0,,,,,216.0,409.0,,real,30.0,,,,,
7571,Rashod Bateman,WR,BAL,13.0,26.0,Active,113.1,63.0,86.0,12.0,,,202.5,201.0,238.0,real,30.0,,,,,
8800,Malik Davis,RB,DAL,14.0,27.0,Active,62.4,63.0,77.0,13.0,,,215.9,299.0,266.0,real,30.0,,,,,
829,Andy Dalton,QB,PHI,,38.0,Active,9.9,63.0,,,,,216.0,322.0,,real,30.0,,,,,
8145,Jeremy Ruckert,TE,NYJ,,25.0,Active,32.0,63.0,,,,,216.0,476.0,,real,30.0,,,,,
11618,Jalen McMillan,WR,TB,10.0,24.0,Questionable,110.6,64.0,65.0,10.0,,,145.9,147.0,172.0,real,65.0,,,,,
13302,Adam Randall,RB,BAL,13.0,22.0,Active,61.0,64.0,87.0,13.0,,,215.8,263.0,291.0,real,30.0,,,,,
12473,Mitchell Evans,TE,CAR,5.0,23.0,Active,30.2,64.0,51.0,15.0,,,215.9,302.0,392.0,real,30.0,,,,,
13295,Behren Morton,QB,NE,,24.0,Active,9.8,64.0,,,,,,,,real,30.0,,,,,
7049,Jauan Jennings,WR,MIN,6.0,29.0,Active,109.6,65.0,58.0,10.0,,,155.6,156.0,153.0,real,30.0,,,,,
11370,Chris Brooks,RB,GB,11.0,26.0,PUP,59.3,65.0,74.0,13.0,,,216.0,366.0,261.0,real,85.0,,,,,
6001,Drew Sample,TE,CIN,,30.0,Active,29.9,65.0,,,,,216.0,411.0,,real,30.0,,,,,
4464,Nick Mullens,QB,JAX,,31.0,Active,9.8,65.0,,,,,216.0,582.0,,real,30.0,,,,,
8180,Jalen Nailor,WR,LV,13.0,27.0,Active,108.5,66.0,81.0,12.0,,,149.5,149.0,225.0,real,30.0,,,,,
11647,Kimani Vidal,RB,LAC,7.0,24.0,Active,55.1,66.0,59.0,11.0,,,213.2,222.0,176.0,real,30.0,,,,,
8413,Chris Oladokun,QB,KC,,28.0,Active,9.7,66.0,,,,,216.0,368.0,,real,30.0,,,,,
13299,Nate Boerkircher,TE,JAX,,24.0,Active,29.7,66.0,,,,,216.0,577.0,,real,30.0,,,,,
13417,De'Zhaun Stribling,WR,SF,8.0,23.0,Questionable,106.4,67.0,95.0,13.0,,,145.3,146.0,268.0,real,65.0,,,,,
4137,James Conner,RB,ARI,14.0,31.0,Questionable,52.5,67.0,57.0,10.0,,,214.5,230.0,160.0,real,65.0,,,,,
8181,Connor Heyward,TE,LV,,27.0,Active,29.3,67.0,,,,,216.0,372.0,,real,30.0,,,,,
6011,Gardner Minshew,QB,ARI,14.0,30.0,Active,9.7,67.0,45.0,16.0,,,216.0,427.0,415.0,real,30.0,,,,,
11625,Adonai Mitchell,WR,NYJ,13.0,23.0,Active,103.8,68.0,63.0,10.0,,,172.2,172.0,168.0,real,30.0,,,,,
11435,Emanuel Wilson,RB,SEA,11.0,27.0,Active,47.4,68.0,55.0,10.0,,,215.9,282.0,157.0,real,30.0,,,,,
13303,Cade Klubnik,QB,NYJ,,22.0,Active,9.4,68.0,,,,,216.0,355.0,,real,30.0,,,,,
3258,Nick Vannett,TE,SEA,,33.0,Active,26.5,68.0,,,,,,,,real,30.0,,,,,
13301,Antonio Williams,WR,WAS,7.0,22.0,Active,103.6,69.0,77.0,11.0,,,173.8,173.0,209.0,real,30.0,,,,,
11643,Jaylen Wright,RB,MIA,6.0,23.0,Active,47.0,69.0,65.0,11.0,,,215.5,249.0,208.0,real,30.0,,,,,
13289,Drew Allar,QB,PIT,,22.0,Active,9.3,69.0,,,,,216.0,408.0,,real,30.0,,,,,
11433,Nate Adkins,TE,DEN,,27.0,Active,25.8,69.0,,,,,216.0,576.0,,real,30.0,,,,,
4039,Cooper Kupp,WR,SEA,11.0,33.0,Active,101.4,70.0,89.0,12.0,,,209.3,209.0,249.0,real,30.0,,,,,
11596,Ben Sinnott,TE,WAS,7.0,24.0,Active,25.7,70.0,52.0,15.0,,,215.9,275.0,394.0,real,30.0,,,,,
11588,Jawhar Jordan,RB,HOU,8.0,26.0,Active,44.8,70.0,107.0,15.0,,,216.0,471.0,363.0,real,30.0,,,,,
11065,Adrian Martinez,QB,SF,,26.0,Active,9.3,70.0,,,,,,,,real,30.0,,,,,
13346,Denzel Boston,WR,CLE,11.0,22.0,Active,99.8,71.0,60.0,10.0,,,154.3,155.0,162.0,real,30.0,,,,,
11599,Cade Stover,TE,HOU,,26.0,Active,25.5,71.0,,,,,216.0,356.0,,real,30.0,,,,,
13404,Garrett Nussmeier,QB,KC,,24.0,Active,9.2,71.0,,,,,,,,real,30.0,,,,,
13276,Omar Cooper,WR,NYJ,13.0,22.0,Active,97.3,72.0,59.0,10.0,,,145.1,145.0,158.0,real,30.0,,,,,
12457,Jaydon Blue,RB,DAL,14.0,22.0,Active,42.1,72.0,80.0,13.0,,,181.7,183.0,276.0,real,30.0,,,,,
13335,Cole Payton,QB,PHI,,23.0,Active,9.2,72.0,,,,,216.0,371.0,,real,30.0,,,,,
12658,Jackson Hawes,TE,BUF,7.0,25.0,Active,25.4,72.0,66.0,16.0,,,216.0,451.0,446.0,real,30.0,,,,,
11581,MarShawn Lloyd,RB,GB,11.0,25.0,Active,39.9,73.0,70.0,12.0,,,189.2,190.0,248.0,real,30.0,,,,,
13274,Germie Bernard,WR,PIT,9.0,22.0,Active,95.8,73.0,85.0,12.0,,,193.7,194.0,234.0,real,30.0,,,,,
13282,Jack Endries,TE,CIN,,22.0,Active,24.8,73.0,,,,,216.0,449.0,,real,30.0,,,,,
5127,Kyle Allen,QB,BUF,,30.0,Active,9.1,73.0,,,,,216.0,530.0,,real,30.0,,,,,
12530,Travis Hunter,WR,JAX,7.0,23.0,Active,90.8,74.0,61.0,10.0,,,140.7,140.0,164.0,real,30.0,,,,,
11571,Isaiah Davis,RB,NYJ,13.0,24.0,Active,38.3,74.0,76.0,13.0,,,215.8,267.0,264.0,real,30.0,,,,,
10871,Luke Schoonmaker,TE,DAL,14.0,27.0,Active,24.4,74.0,68.0,16.0,,,216.0,544.0,449.0,real,30.0,,,,,
3976,Mitchell Trubisky,QB,TEN,,31.0,Active,9.0,74.0,,,,,216.0,571.0,,real,30.0,,,,,
12048,George Holani,RB,SEA,11.0,26.0,Active,37.1,75.0,85.0,13.0,,,212.4,217.0,284.0,real,30.0,,,,,
11626,Xavier Legette,WR,CAR,5.0,25.0,Questionable,90.8,75.0,102.0,13.0,,,214.8,233.0,286.0,real,65.0,,,,,
12510,Jalen Milroe,QB,SEA,,23.0,Active,9.0,75.0,,,,,215.9,289.0,,real,30.0,,,,,
10220,Will Mallory,TE,IND,,27.0,Active,24.1,75.0,,,,,,,,real,30.0,,,,,
9504,Kayshon Boutte,WR,NE,11.0,24.0,Active,89.5,76.0,64.0,10.0,,,195.6,196.0,169.0,real,30.0,,,,,
12544,LeQuint Allen,RB,JAX,7.0,22.0,Active,34.9,76.0,88.0,13.0,,,215.7,261.0,293.0,real,30.0,,,,,
11557,Joe Milton,QB,DAL,14.0,26.0,Active,8.5,76.0,42.0,15.0,,,216.0,484.0,388.0,real,30.0,,,,,
7075,Charlie Woerner,TE,ATL,,28.0,Active,23.5,76.0,,,,,,,,real,30.0,,,,,
9506,Sean Tucker,RB,TB,10.0,24.0,Active,34.4,77.0,60.0,11.0,,,191.2,192.0,184.0,real,30.0,,,,,
7090,Darnell Mooney,WR,NYG,8.0,28.0,Active,87.5,77.0,76.0,11.0,,,201.3,199.0,206.0,real,30.0,,,,,
8177,Grant Calcaterra,TE,PHI,,27.0,Active,23.0,77.0,,,,,216.0,429.0,,real,30.0,,,,,
12511,Will Howard,QB,PIT,,24.0,Active,6.7,77.0,,,,,216.0,666.0,,real,30.0,,,,,
11748,Bub Means,WR,NO,,25.0,Active,87.4,78.0,,,,,216.0,351.0,,real,30.0,,,,,
5985,Foster Moreau,TE,HOU,,29.0,Active,22.9,78.0,,,,,216.0,424.0,,real,30.0,,,,,
232,Frank Gore,RB,BUF,,38.0,Active,33.5,78.0,,,,,216.0,426.0,,real,30.0,,,,,
4972,Mason Rudolph,QB,PIT,,31.0,Active,5.5,78.0,,,,,216.0,557.0,,real,30.0,,,,,
11610,Malik Washington,WR,MIA,6.0,25.0,Active,85.3,79.0,83.0,12.0,,,181.4,182.0,227.0,real,30.0,,,,,
12538,Brady Cook,QB,NYJ,,24.0,Active,4.9,79.0,,,,,216.0,338.0,,real,30.0,,,,,
10235,Roschon Johnson,RB,CHI,10.0,25.0,Active,32.8,79.0,114.0,15.0,,,216.0,608.0,399.0,real,30.0,,,,,
8227,Teagan Quitoriano,TE,ARI,,26.0,Active,22.9,79.0,,,,,,,,real,30.0,,,,,
13293,Ja'Kobi Lane,WR,BAL,13.0,22.0,Active,85.0,80.0,110.0,13.0,,,212.7,219.0,314.0,real,30.0,,,,,
12495,Ollie Gordon,RB,MIA,6.0,22.0,Active,32.7,80.0,66.0,12.0,,,215.6,255.0,222.0,real,30.0,,,,,
13308,Bauer Sharp,TE,TB,,23.0,Active,22.8,80.0,,,,,,,,real,30.0,,,,,
260,Josh Johnson,QB,CIN,,40.0,Active,0.0,80.0,,,,,,,,real,30.0,,,,,
11575,Ray Davis,RB,BUF,7.0,26.0,Active,32.0,81.0,62.0,11.0,,,188.1,187.0,194.0,real,30.0,,,,,
6149,Darius Slayton,WR,NYG,8.0,29.0,Active,83.2,81.0,104.0,13.0,,,215.6,253.0,292.0,real,30.0,,,,,
10857,Stetson Bennett,QB,LAR,,28.0,Active,0.0,81.0,,,,,216.0,621.0,,real,30.0,,,,,
5409,Tanner Hudson,TE,CIN,,31.0,Active,22.7,81.0,,,,,216.0,625.0,,real,30.0,,,,,
13337,Emmett Johnson,RB,KC,5.0,22.0,Active,31.9,82.0,58.0,10.0,,,198.3,197.0,171.0,real,30.0,,,,,
11627,Troy Franklin,WR,DEN,10.0,23.0,Active,81.6,82.0,69.0,11.0,,,213.8,223.0,180.0,real,30.0,,,,,
10866,Aidan O'Connell,QB,LV,,27.0,Active,0.0,82.0,,,,,216.0,318.0,,real,30.0,,,,,
12062,Cam Grandy,TE,CIN,,26.0,Questionable,22.5,82.0,,,,,,,,real,65.0,,,,,
8188,Tyquan Thornton,WR,KC,5.0,25.0,Active,80.0,83.0,101.0,13.0,,,210.6,211.0,285.0,real,30.0,,,,,
12471,DJ Giddens,RB,IND,13.0,22.0,Active,31.6,83.0,81.0,13.0,,,214.7,231.0,277.0,real,30.0,,,,,
13577,Dallen Bentley,TE,DEN,,25.0,Active,22.5,83.0,,,,,216.0,376.0,,real,30.0,,,,,
13320,Zachariah Branch,WR,ATL,11.0,22.0,Active,79.4,84.0,87.0,12.0,,,180.3,179.0,240.0,real,30.0,,,,,
8849,Tanner Conner,TE,NYG,,28.0,Active,22.3,84.0,,,,,216.0,624.0,,real,30.0,,,,,
8230,Ty Chandler,RB,NO,8.0,28.0,Active,31.6,84.0,120.0,16.0,,,216.0,651.0,419.0,real,30.0,,,,,
13345,Jonah Coleman,RB,DEN,10.0,22.0,Active,28.7,85.0,56.0,10.0,,,159.9,161.0,159.0,real,30.0,,,,,
12497,Tory Horton,WR,SEA,11.0,23.0,Active,79.3,85.0,90.0,12.0,,,212.6,218.0,252.0,real,30.0,,,,,
4054,Mo Alie-Cox,TE,IND,,32.0,Active,21.7,85.0,,,,,216.0,572.0,,real,30.0,,,,,
4950,Christian Kirk,WR,SF,8.0,29.0,Questionable,76.9,86.0,92.0,13.0,,,215.1,240.0,254.0,real,65.0,,,,,
12455,Brashard Smith,RB,KC,5.0,23.0,Active,27.3,86.0,82.0,13.0,,,216.0,342.0,278.0,real,30.0,,,,,
11595,Jared Wiley,TE,KC,,25.0,Active,21.1,86.0,,,,,216.0,469.0,,real,30.0,,,,,
11834,Devaughn Vele,WR,NO,8.0,28.0,Active,76.7,87.0,106.0,13.0,,,214.9,235.0,301.0,real,30.0,,,,,
12738,Phil Mafah,RB,DAL,14.0,23.0,Active,25.6,87.0,117.0,15.0,,,216.0,593.0,403.0,real,30.0,,,,,
11605,Jaheim Bell,TE,PIT,,25.0,Active,20.8,87.0,,,,,,,,real,30.0,,,,,
,Hollywood Brown,WR,PHI,10.0,,,73.9,88.0,107.0,13.0,,,215.9,285.0,305.0,real,,,,,,
7561,Elijah Mitchell,RB,PHI,,28.0,Active,25.1,88.0,,,,,216.0,418.0,,real,30.0,,,,,
9483,Zack Kuntz,TE,LV,,27.0,Active,20.1,88.0,,,,,,,,real,30.0,,,,,
10226,Andrei Iosivas,WR,CIN,6.0,26.0,Active,73.8,89.0,111.0,14.0,,,215.2,241.0,318.0,real,30.0,,,,,
13403,Jam Miller,RB,NE,11.0,,Active,25.1,89.0,116.0,15.0,,,216.0,463.0,402.0,real,30.0,,,,,
13429,Seydou Traore,TE,MIA,,23.0,Active,19.3,89.0,,,,,216.0,616.0,,real,30.0,,,,,
11783,Ryan Flournoy,WR,DAL,14.0,26.0,Active,72.4,90.0,73.0,11.0,,,162.8,165.0,195.0,real,30.0,,,,,
5008,Durham Smythe,TE,BAL,13.0,30.0,Active,18.7,90.0,63.0,16.0,,,216.0,412.0,434.0,real,30.0,,,,,
4219,Jeremy McNichols,RB,WAS,,30.0,Active,23.7,90.0,,,,,216.0,475.0,,real,30.0,,,,,
12535,Isaac TeSlaa,WR,DET,6.0,24.0,Active,72.4,91.0,72.0,11.0,,,169.3,169.0,193.0,real,30.0,,,,,
10227,Payne Durham,TE,TB,,26.0,Active,16.7,91.0,,,,,216.0,592.0,,real,30.0,,,,,
6918,Salvon Ahmed,RB,CHI,,27.0,Active,22.9,91.0,,,,,216.0,610.0,,real,30.0,,,,,
12509,Tre' Harris,WR,LAC,7.0,24.0,Active,72.2,92.0,68.0,11.0,,,165.1,167.0,178.0,real,30.0,,,,,
11569,Jarquez Hunter,RB,LAR,11.0,23.0,Active,22.7,92.0,95.0,13.0,,,216.0,470.0,313.0,real,30.0,,,,,
13278,Max Klare,TE,LAR,11.0,23.0,Active,16.1,92.0,38.0,14.0,,,216.0,562.0,332.0,real,30.0,,,,,
8117,Jalen Tolbert,WR,MIA,6.0,27.0,Active,71.8,93.0,125.0,14.0,,,215.5,248.0,347.0,real,30.0,,,,,
9227,Israel Abanikanda,RB,DAL,,23.0,Active,22.5,93.0,,,,,216.0,441.0,,real,30.0,,,,,
13400,Justin Joly,TE,DEN,10.0,22.0,Active,15.0,93.0,47.0,15.0,,,216.0,509.0,370.0,real,30.0,,,,,
13311,Chris Bell,WR,MIA,6.0,22.0,PUP,71.3,94.0,88.0,12.0,,,215.0,236.0,243.0,real,85.0,,,,,
11593,Brevyn Spann-Ford,TE,DAL,,26.0,Active,14.8,94.0,,,,,216.0,346.0,,real,30.0,,,,,
8129,Dameon Pierce,RB,PHI,10.0,26.0,Active,22.1,94.0,112.0,15.0,,,216.0,378.0,396.0,real,30.0,,,,,
13296,Caleb Douglas,WR,MIA,6.0,22.0,Active,71.3,95.0,126.0,14.0,,,214.1,226.0,348.0,real,30.0,,,,,
13347,Demond Claiborne,RB,MIN,6.0,22.0,Active,22.0,95.0,72.0,13.0,,,214.3,227.0,256.0,real,30.0,,,,,
11820,Devin Culp,TE,TB,,26.0,Active,14.7,95.0,,,,,216.0,399.0,,real,30.0,,,,,
7587,Dyami Brown,WR,WAS,7.0,26.0,Active,69.4,96.0,139.0,15.0,,,216.0,414.0,385.0,real,30.0,,,,,
12515,Donovan Edwards,RB,MIA,6.0,23.0,Active,21.9,96.0,125.0,16.0,,,,,438.0,real,30.0,,,,,
11716,Tip Reiman,TE,ARI,,24.0,PUP,13.8,96.0,,,,,,,,real,85.0,,,,,
13317,Ted Hurst,WR,TB,10.0,22.0,Active,68.3,97.0,105.0,13.0,,,204.7,204.0,298.0,real,30.0,,,,,
13273,Josh Cuevas,TE,BAL,,22.0,Active,13.3,97.0,,,,,216.0,500.0,,real,30.0,,,,,
11186,Carlos Washington,RB,MIA,,27.0,Active,21.9,97.0,,,,,,,,real,30.0,,,,,
8135,Treylon Burks,WR,WAS,7.0,26.0,Active,66.8,98.0,128.0,15.0,,,215.8,273.0,351.0,real,30.0,,,,,
7946,Jack Stoll,TE,CLE,,28.0,Active,13.2,98.0,,,,,216.0,450.0,,real,30.0,,,,,
11577,Will Shipley,RB,PHI,10.0,23.0,Active,21.9,98.0,100.0,14.0,,,216.0,670.0,329.0,real,30.0,,,,,
13424,Seth McGowan,RB,IND,13.0,24.0,Active,21.6,99.0,98.0,14.0,,,215.9,308.0,317.0,real,30.0,,,,,
6427,Ashton Dulin,WR,IND,13.0,29.0,Active,66.5,99.0,147.0,15.0,,,216.0,327.0,413.0,real,30.0,,,,,
4995,Ian Thomas,TE,LV,,30.0,Active,13.1,99.0,,,,,216.0,436.0,,real,30.0,,,,,
9486,Dontayvion Wicks,WR,PHI,10.0,25.0,Active,65.4,100.0,82.0,12.0,,,188.6,189.0,226.0,real,30.0,,,,,
7535,Hunter Long,TE,JAX,,27.0,Active,13.0,100.0,,,,,,,,real,30.0,,,,,
13405,Kaytron Allen,RB,WAS,7.0,23.0,Active,19.9,101.0,63.0,11.0,,,204.2,202.0,201.0,real,30.0,,,,,
12483,Jack Bech,WR,LV,13.0,23.0,Active,65.2,101.0,91.0,13.0,,,215.4,245.0,253.0,real,30.0,,,,,
13435,Joe Royer,TE,CLE,,24.0,Active,12.4,101.0,,,,,216.0,486.0,,real,30.0,,,,,
12499,Elic Ayomanor,WR,TEN,9.0,23.0,Active,63.5,102.0,84.0,12.0,,,215.7,260.0,231.0,real,30.0,,,,,
12543,Tahj Brooks,RB,CIN,6.0,24.0,Active,18.3,102.0,96.0,13.0,,,215.9,309.0,315.0,real,30.0,,,,,
3048,Chris Manhertz,TE,NYG,,34.0,Active,11.1,102.0,,,,,,,,real,30.0,,,,,
12540,Chimere Dike,WR,TEN,9.0,24.0,Active,61.8,103.0,79.0,11.0,,,215.9,276.0,212.0,real,30.0,,,,,
12476,Devin Neal,RB,NO,8.0,22.0,Active,18.0,103.0,67.0,12.0,,,216.0,401.0,235.0,real,30.0,,,,,
7842,Luke Farrell,TE,SF,,28.0,Active,7.9,103.0,,,,,216.0,542.0,,real,30.0,,,,,
8119,Jahan Dotson,WR,ATL,11.0,26.0,Active,60.9,104.0,118.0,14.0,,,215.6,254.0,331.0,real,30.0,,,,,
6130,Devin Singletary,RB,NYG,8.0,28.0,Active,17.7,104.0,86.0,13.0,,,216.0,402.0,287.0,real,30.0,,,,,
8484,Ko Kieft,TE,TB,,28.0,Active,7.2,104.0,,,,,,,,real,30.0,,,,,
13288,Nicholas Singleton,RB,TEN,9.0,22.0,Active,17.5,105.0,64.0,11.0,,,208.9,208.0,204.0,real,30.0,,,,,
12536,Jaylin Noel,WR,HOU,8.0,23.0,PUP,59.8,105.0,71.0,11.0,,,215.0,238.0,188.0,real,85.0,,,,,
12984,CJ Dippre,TE,NE,,24.0,Active,7.2,105.0,,,,,,,,real,30.0,,,,,
12492,Pat Bryant,WR,DEN,10.0,23.0,Active,58.3,106.0,75.0,11.0,,,204.5,203.0,197.0,real,30.0,,,,,
8143,Jerome Ford,RB,WAS,7.0,26.0,Active,17.1,106.0,84.0,13.0,,,216.0,480.0,283.0,real,30.0,,,,,
13408,Tanner Koziol,TE,JAX,,22.0,Active,7.2,106.0,,,,,216.0,626.0,,real,30.0,,,,,
12482,Savion Williams,WR,GB,11.0,24.0,Active,57.0,107.0,134.0,15.0,,,215.9,307.0,374.0,real,30.0,,,,,
8208,Tyler Badie,RB,DEN,,26.0,Active,15.1,107.0,,,,,215.9,313.0,,real,30.0,,,,,
5133,Tyler Conklin,TE,DET,6.0,31.0,PUP,7.1,107.0,69.0,16.0,,,216.0,654.0,452.0,real,85.0,,,,,
7670,Joshua Palmer,WR,BUF,7.0,26.0,Active,56.3,108.0,122.0,14.0,,,215.8,269.0,340.0,real,30.0,,,,,
13319,Oscar Delp,TE,NO,8.0,23.0,Active,7.0,108.0,40.0,15.0,,,215.9,305.0,353.0,real,30.0,,,,,
11651,Isaac Guerendo,RB,SF,8.0,26.0,PUP,13.9,108.0,90.0,13.0,,,216.0,437.0,297.0,real,85.0,,,,,
11650,Luke McCaffrey,WR,WAS,7.0,25.0,Active,54.7,109.0,117.0,14.0,,,215.9,297.0,328.0,real,30.0,,,,,
4189,Eric Saubert,TE,SEA,,32.0,Active,6.9,109.0,,,,,216.0,423.0,,real,30.0,,,,,
9494,Marvin Mims,WR,DEN,10.0,24.0,Active,54.7,110.0,97.0,13.0,,,215.8,270.0,271.0,real,30.0,,,,,
8489,Drew Ogletree,TE,IND,,28.0,Active,6.9,110.0,,,,,216.0,410.0,,real,30.0,,,,,
12531,Trevor Etienne,RB,CAR,5.0,22.0,Active,12.8,110.0,94.0,13.0,,,216.0,644.0,312.0,real,30.0,,,,,
8917,KaVontae Turpin,WR,DAL,14.0,30.0,Active,54.5,111.0,133.0,15.0,,,215.9,294.0,373.0,real,30.0,,,,,
13322,Sam Roush,TE,CHI,,22.0,Active,6.8,111.0,,,,,216.0,612.0,,real,30.0,,,,,
6323,Andrew Beck,RB,NYJ,,30.0,Active,12.5,111.0,,,,,,,,real,30.0,,,,,
6271,Olamide Zaccheaus,WR,ATL,11.0,29.0,Active,54.5,112.0,120.0,14.0,,,216.0,591.0,338.0,real,30.0,,,,,
4314,Johnny Mundt,TE,PHI,,31.0,Active,6.5,112.0,,,,,,,,real,30.0,,,,,
10218,Xavier Hutchinson,WR,HOU,8.0,26.0,Active,52.4,113.0,121.0,14.0,,,216.0,672.0,339.0,real,30.0,,,,,
7536,Quintin Morris,TE,JAX,,27.0,Active,0.0,113.0,,,,,,,,real,30.0,,,,,
8125,Calvin Austin,WR,NYG,8.0,27.0,Active,50.1,114.0,115.0,14.0,,,216.0,358.0,326.0,real,30.0,,,,,
8214,Cole Turner,TE,MIA,,26.0,Active,0.0,114.0,,,,,,,,real,30.0,,,,,
9501,DeMario Douglas,WR,NE,11.0,25.0,Active,49.9,115.0,124.0,14.0,,,215.9,280.0,346.0,real,30.0,,,,,
13516,Max Bredeson,TE,MIN,,23.0,Active,7.4,115.0,,,,,,,,real,30.0,,,,,
8219,Jelani Woods,TE,NYJ,,27.0,Active,0.0,115.0,,,,,,,,real,30.0,,,,,
13268,Elijah Sarratt,WR,BAL,13.0,23.0,Active,49.4,116.0,93.0,13.0,,,210.5,210.0,257.0,real,30.0,,,,,
9757,Kendre Miller,RB,NO,8.0,24.0,Active,7.2,116.0,71.0,12.0,,,216.0,521.0,250.0,real,30.0,,,,,
8249,Lucas Krull,TE,DEN,,28.0,Active,0.0,116.0,,,,,216.0,541.0,,real,30.0,,,,,
11637,Keon Coleman,WR,BUF,7.0,23.0,Active,49.4,117.0,94.0,13.0,,,211.3,214.0,260.0,real,30.0,,,,,
13433,Riley Nowakowski,TE,PIT,,24.0,Active,6.0,117.0,,,,,,,,real,30.0,,,,,
11201,Blake Whiteheart,TE,CLE,,26.0,Active,0.0,117.0,,,,,,,,real,30.0,,,,,
12641,Jaylin Lane,WR,WAS,7.0,24.0,Active,49.4,118.0,130.0,15.0,,,216.0,474.0,359.0,real,30.0,,,,,
11371,Julian Hill,TE,NE,,26.0,IR,0.0,118.0,,,,,216.0,506.0,,real,85.0,,,,,
7204,Reggie Gilliam,RB,NE,,28.0,Active,5.9,118.0,,,,,,,,real,30.0,,,,,
7496,Nick Westbrook-Ikhine,WR,IND,13.0,29.0,Active,49.3,119.0,136.0,15.0,,,216.0,584.0,378.0,real,30.0,,,,,
12504,Kaleb Johnson,RB,PIT,9.0,22.0,Active,4.8,120.0,68.0,12.0,,,216.0,512.0,239.0,real,30.0,,,,,
13079,Jahdae Walker,WR,CHI,10.0,24.0,Active,47.4,120.0,152.0,16.0,,,,,431.0,real,30.0,,,,,
3286,Demarcus Robinson,WR,SF,8.0,31.0,Active,44.0,121.0,160.0,16.0,,,216.0,393.0,453.0,real,30.0,,,,,
12171,British Brooks,RB,HOU,,26.0,Questionable,2.4,121.0,,,,,,,,real,65.0,,,,,
10444,Cedric Tillman,WR,CLE,11.0,26.0,Active,43.9,122.0,113.0,14.0,,,216.0,363.0,324.0,real,30.0,,,,,
6931,DeeJay Dallas,RB,JAX,,27.0,Active,0.0,122.0,,,,,216.0,391.0,,real,30.0,,,,,
7562,Tutu Atwell,WR,MIA,6.0,26.0,Active,43.2,123.0,140.0,15.0,,,215.9,312.0,387.0,real,30.0,,,,,
7720,Kene Nwangwu,RB,NYJ,,28.0,Active,0.0,123.0,,,,,,,,real,30.0,,,,,
,Bam Knight,RB,ARI,14.0,,,0.0,124.0,101.0,14.0,,,216.0,332.0,330.0,real,,,,,,
13338,Kevin Coleman,WR,MIA,6.0,22.0,Active,41.2,124.0,137.0,15.0,,,216.0,525.0,380.0,real,30.0,,,,,
4454,Kendrick Bourne,WR,ARI,14.0,31.0,Active,38.9,125.0,131.0,15.0,,,215.9,296.0,361.0,real,30.0,,,,,
11589,Trey Benson,RB,ARI,14.0,24.0,Active,0.0,125.0,69.0,12.0,,,216.0,645.0,242.0,real,30.0,,,,,
3634,Kalif Raymond,WR,CHI,10.0,31.0,Active,36.9,126.0,132.0,15.0,,,215.9,295.0,366.0,real,30.0,,,,,
11237,Jacob Saylors,RB,DET,,25.0,Active,0.0,126.0,,,,,216.0,453.0,,real,30.0,,,,,
11299,Zavier Scott,RB,MIN,6.0,27.0,Active,0.0,127.0,121.0,16.0,,,216.0,679.0,420.0,real,30.0,,,,,
13413,Cyrus Allen,WR,KC,5.0,23.0,Questionable,35.6,127.0,138.0,15.0,,,,,384.0,real,65.0,,,,,
13402,Skyler Bell,WR,BUF,7.0,24.0,Active,35.0,128.0,108.0,13.0,,,215.5,251.0,308.0,real,30.0,,,,,
11570,Rasheen Ali,RB,BAL,13.0,25.0,Active,0.0,128.0,113.0,15.0,,,216.0,599.0,397.0,real,30.0,,,,,
13420,Bryce Lance,WR,NO,8.0,23.0,Active,33.9,129.0,123.0,14.0,,,216.0,350.0,344.0,real,30.0,,,,,
11574,Dylan Laube,RB,LV,,26.0,Active,0.0,129.0,,,,,216.0,415.0,,real,30.0,,,,,
11623,Jordan Whittington,WR,LAR,11.0,25.0,Active,33.6,130.0,143.0,15.0,,,216.0,498.0,391.0,real,30.0,,,,,
11963,Chris Collier,RB,LV,,26.0,IR,0.0,130.0,,,,,,,,real,85.0,,,,,
11629,Devontez Walker,WR,BAL,13.0,25.0,Active,29.3,131.0,144.0,15.0,,,215.8,265.0,398.0,real,30.0,,,,,
12787,Josh Williams,RB,TB,,25.0,Active,0.0,131.0,,,,,,,,real,30.0,,,,,
13411,Zavion Thomas,WR,CHI,10.0,22.0,Active,28.7,132.0,141.0,15.0,,,215.6,257.0,389.0,real,30.0,,,,,
2078,Odell Beckham,WR,NYG,,33.0,Active,28.5,133.0,,,,,215.9,304.0,,real,30.0,,,,,
13285,Malachi Fields,WR,NYG,8.0,22.0,Active,27.4,134.0,96.0,13.0,,,214.4,229.0,270.0,real,30.0,,,,,
12541,Dont'e Thornton,WR,LV,13.0,23.0,Active,26.2,135.0,119.0,14.0,,,216.0,406.0,335.0,real,30.0,,,,,
12503,Isaiah Bond,WR,CLE,11.0,22.0,Active,25.4,136.0,109.0,13.0,,,215.9,286.0,309.0,real,30.0,,,,,
12718,Konata Mumpfield,WR,LAR,11.0,23.0,Active,24.3,137.0,112.0,14.0,,,216.0,528.0,321.0,real,30.0,,,,,
13380,Brenen Thompson,WR,LAC,7.0,23.0,Active,22.6,138.0,127.0,14.0,,,215.7,258.0,349.0,real,30.0,,,,,
4177,Mack Hollins,WR,NE,11.0,32.0,Active,22.6,139.0,99.0,13.0,,,215.9,298.0,279.0,real,30.0,,,,,
12670,KeAndre Lambert-Smith,WR,LAC,,24.0,Active,21.8,140.0,,,,,216.0,517.0,,real,30.0,,,,,
7437,Kyle Williams,WR,NE,11.0,23.0,Inactive,18.8,141.0,98.0,13.0,,,216.0,531.0,273.0,real,30.0,,,,,
12485,Tez Johnson,WR,TB,10.0,24.0,Questionable,18.1,142.0,114.0,14.0,,,215.9,311.0,325.0,real,65.0,,,,,
12523,Jimmy Horn,WR,CAR,,23.0,Active,18.1,143.0,,,,,215.9,291.0,,real,30.0,,,,,
11068,Mitch Tinsley,WR,CIN,6.0,26.0,Active,16.2,144.0,150.0,16.0,,,216.0,570.0,426.0,real,30.0,,,,,
12505,Jalen Royals,WR,KC,5.0,23.0,Active,14.8,145.0,116.0,14.0,,,216.0,460.0,327.0,real,30.0,,,,,
11762,Anthony Gould,WR,IND,,25.0,Active,12.8,146.0,,,,,,,,real,30.0,,,,,
13329,Malik Benson,WR,LV,13.0,23.0,Active,12.5,147.0,158.0,16.0,,,,,445.0,real,30.0,,,,,
5970,Greg Dortch,WR,DET,6.0,28.0,Active,12.1,148.0,135.0,15.0,,,216.0,430.0,375.0,real,30.0,,,,,
8204,Bo Melton,WR,GB,,27.0,Active,10.0,149.0,,,,,,,,real,30.0,,,,,
7757,Ben Skowronek,WR,PIT,,29.0,Active,9.0,150.0,,,,,216.0,335.0,,real,30.0,,,,,
11377,Tyrell Shavers,WR,BUF,,26.0,PUP,9.0,151.0,,,,,216.0,661.0,,real,85.0,,,,,
10234,Derius Davis,WR,LAC,,25.0,Active,8.5,152.0,,,,,216.0,398.0,,real,30.0,,,,,
11617,Malachi Corley,WR,CLE,,24.0,Active,8.3,153.0,,,,,216.0,547.0,,real,30.0,,,,,
11168,Xavier Smith,WR,LAR,,28.0,Active,8.1,154.0,,,,,216.0,674.0,,real,30.0,,,,,
11608,Isaiah Williams,WR,NYJ,,25.0,Active,8.1,155.0,,,,,216.0,440.0,,real,30.0,,,,,
13477,Colbie Young,WR,CIN,,24.0,Active,8.0,156.0,,,,,216.0,369.0,,real,30.0,,,,,
13270,CJ Daniels,WR,LAR,11.0,24.0,Active,7.9,157.0,146.0,15.0,,,216.0,353.0,407.0,real,30.0,,,,,
5374,Justin Watson,WR,HOU,,30.0,Active,7.0,158.0,,,,,,,,real,30.0,,,,,
10225,Jonathan Mingo,WR,DAL,,25.0,Active,6.9,159.0,,,,,,,,real,30.0,,,,,
12496,Tai Felton,WR,MIN,,23.0,Active,6.9,160.0,,,,,216.0,623.0,,real,30.0,,,,,
13150,Darius Cooper,WR,PHI,,24.0,Active,6.8,161.0,,,,,216.0,385.0,,real,30.0,,,,,
13533,Barion Brown,WR,NO,,22.0,Active,6.7,162.0,,,,,216.0,333.0,,real,30.0,,,,,
3155,Laquon Treadwell,WR,IND,,31.0,Active,6.5,163.0,,,,,216.0,535.0,,real,30.0,,,,,
13297,Reggie Virgil,WR,ARI,,22.0,Active,6.4,164.0,,,,,216.0,600.0,,real,30.0,,,,,
11157,Brycen Tremayne,WR,CAR,,26.0,Active,6.3,165.0,,,,,,,,real,30.0,,,,,
13491,Kaden Wetjen,WR,PIT,,24.0,Active,4.8,166.0,,,,,216.0,511.0,,real,30.0,,,,,
12539,Arian Smith,WR,NYJ,,24.0,Active,3.4,167.0,,,,,216.0,326.0,,real,30.0,,,,,
11994,Kameron Johnson,WR,TB,,24.0,Active,1.8,168.0,,,,,,,,real,30.0,,,,,
4040,JuJu Smith-Schuster,WR,NYG,8.0,29.0,Questionable,1.2,169.0,154.0,16.0,,,216.0,505.0,435.0,real,65.0,,,,,
4274,David Moore,WR,CAR,,31.0,Active,0.0,170.0,,,,,216.0,387.0,,real,30.0,,,,,
5121,Braxton Berrios,WR,NYG,,30.0,Active,0.0,171.0,,,,,,,,real,30.0,,,,,
6847,Devin Duvernay,WR,ARI,,28.0,Active,0.0,172.0,,,,,216.0,400.0,,real,30.0,,,,,
7436,Mason Kinsey,WR,TEN,,27.0,Active,0.0,173.0,,,,,,,,real,30.0,,,,,
8076,Michael Bandy,WR,DEN,,28.0,Active,0.0,174.0,,,,,,,,real,30.0,,,,,
8168,Skyy Moore,WR,GB,,25.0,Active,0.0,175.0,,,,,216.0,618.0,,real,30.0,,,,,
8414,Britain Covey,WR,PHI,,29.0,Questionable,0.0,176.0,,,,,,,,real,65.0,,,,,
8527,Dareke Young,WR,LV,,27.0,Active,0.0,177.0,,,,,216.0,384.0,,real,30.0,,,,,
11616,Jacob Cowing,WR,SF,,25.0,Questionable,0.0,178.0,,,,,216.0,452.0,,real,65.0,,,,,
10228,Charlie Jones,WR,CIN,,27.0,Active,0.0,179.0,,,,,,,,real,30.0,,,,,
11034,Jalen Brooks,WR,ARI,,26.0,Active,0.0,180.0,,,,,216.0,458.0,,real,30.0,,,,,
11320,Nikko Remigio,WR,KC,,26.0,Active,0.0,181.0,,,,,216.0,585.0,,real,30.0,,,,,
11911,Jeshaun Jones,WR,MIN,,26.0,Active,0.0,182.0,,,,,,,,real,30.0,,,,,
11895,Mason Tipton,WR,NO,,25.0,PUP,0.0,183.0,,,,,216.0,558.0,,real,85.0,,,,,
12542,Efton Chism,WR,NE,,24.0,Active,0.0,184.0,,,,,216.0,416.0,,real,30.0,,,,,
12699,LaJohntay Wester,WR,BAL,,24.0,Active,0.0,185.0,,,,,216.0,533.0,,real,30.0,,,,,
12971,Ke'Shawn Williams,WR,CIN,,24.0,Active,0.0,186.0,,,,,,,,real,30.0,,,,,
13075,Myles Price,WR,MIN,,24.0,Active,0.0,187.0,,,,,,,,real,30.0,,,,,
13101,Gage Larvadain,WR,CLE,,24.0,Active,0.0,188.0,,,,,,,,real,30.0,,,,,
13394,Josh Cameron,WR,JAX,,23.0,Active,0.0,189.0,,,,,216.0,499.0,,real,30.0,,,,,
,Kenneth Gainwell,RB,TB,10.0,,,,,37.0,9.0,,,107.4,106.0,108.0,,,,,,,
11638,Ricky Pearsall,WR,SF,8.0,25.0,IR,,,44.0,8.0,,,119.1,120.0,102.0,,85.0,,,,,
2449,Stefon Diggs,WR,WAS,,32.0,Active,,,62.0,10.0,,,132.1,133.0,165.0,,30.0,,,,,
1479,Keenan Allen,WR,LAC,7.0,33.0,Active,,,103.0,13.0,,,206.7,205.0,289.0,,30.0,,,,,
3321,Tyreek Hill,WR,FA,,31.0,Questionable,,,78.0,11.0,,,215.4,246.0,211.0,,65.0,,,,,
6803,Brandon Aiyuk,WR,SF,8.0,28.0,DNR,,,67.0,11.0,,,215.6,252.0,174.0,,50.0,,,,,
11630,Roman Wilson,WR,PIT,9.0,25.0,Active,,,149.0,16.0,,,215.8,272.0,425.0,,30.0,,,,,
7809,Avery Williams,RB,,,27.0,Active,,,,,,,215.9,274.0,,,30.0,,,,,
13353,Chris Brazzell,WR,CAR,5.0,22.0,IR,,,100.0,13.0,,,215.9,277.0,280.0,,85.0,,,,,
6529,Chris Myarick,TE,,,30.0,Active,,,,,,,215.9,278.0,,,30.0,,,,,
8114,Erik Ezukanma,WR,PHI,,26.0,Active,,,,,,,215.9,283.0,,,30.0,,,,,
7531,Feleipe Franks,TE,CAR,,28.0,Active,,,,,,,215.9,284.0,,,30.0,,,,,
8153,Isaiah Spiller,RB,,,23.0,Active,,,,,,,215.9,287.0,,,30.0,,,,,
12114,Joshua Cephus,WR,,,25.0,Active,,,,,,,215.9,293.0,,,30.0,,,,,
5089,Mike White,QB,,,30.0,Active,,,,,,,215.9,300.0,,,30.0,,,,,
5965,Miles Boykin,WR,,,29.0,Active,,,,,,,215.9,301.0,,,30.0,,,,,
7528,Najee Harris,RB,LAC,7.0,27.0,Questionable,,,78.0,13.0,,,215.9,303.0,267.0,,65.0,,,,,
4985,Rashaad Penny,RB,,,28.0,Active,,,,,,,215.9,306.0,,,30.0,,,,,
4381,Taysom Hill,TE,,,35.0,Active,,,,,,,215.9,310.0,,,30.0,,,,,
10863,A.T. Perry,WR,PIT,,26.0,Active,,,,,,,216.0,314.0,,,30.0,,,,,
8809,Aaron Shampklin,RB,,,25.0,Active,,,,,,,216.0,316.0,,,30.0,,,,,
5987,Alexander Mattison,RB,,,27.0,Active,,,,,,,216.0,319.0,,,30.0,,,,,
2359,Ameer Abdullah,RB,JAX,,33.0,Active,,,,,,,216.0,320.0,,,30.0,,,,,
12863,Andrew Armstrong,WR,KC,,25.0,Active,,,,,,,216.0,321.0,,,30.0,,,,,
12939,Anthony Tyus,RB,CAR,,23.0,Active,,,,,,,216.0,324.0,,,30.0,,,,,
6945,Antonio Gibson,RB,FA,,27.0,Questionable,,,109.0,15.0,,,216.0,325.0,383.0,,65.0,,,,,
11579,Audric Estime,RB,NO,8.0,22.0,Active,,,97.0,14.0,,,216.0,328.0,316.0,,30.0,,,,,
4663,Austin Ekeler,RB,FA,,30.0,Active,,,106.0,15.0,,,216.0,329.0,350.0,,30.0,,,,,
11931,Austin Reed,QB,,,25.0,Active,,,,,,,216.0,331.0,,,30.0,,,,,
13121,Ben Yurosek,TE,MIN,,24.0,Active,,,,,,,216.0,336.0,,,30.0,,,,,
6156,Benny Snell,RB,,,25.0,Active,,,,,,,216.0,337.0,,,30.0,,,,,
2197,Brandin Cooks,WR,FA,,32.0,Active,,,145.0,15.0,,,216.0,339.0,406.0,,30.0,,,,,
6279,Brandon Dillon,TE,,,26.0,Inactive,,,,,,,216.0,340.0,,,30.0,,,,,
7865,Brandon Smith,WR,PIT,,27.0,Active,,,,,,,216.0,341.0,,,30.0,,,,,
11621,Brenden Rice,WR,,,24.0,Questionable,,,,,,,216.0,343.0,,,65.0,,,,,
13011,Brennan Presley,WR,LAR,,24.0,Active,,,,,,,216.0,344.0,,,30.0,,,,,
7568,Brevin Jordan,TE,HOU,,26.0,Active,,,,,,,216.0,345.0,,,30.0,,,,,
4187,Brian Hill,RB,,,27.0,Active,,,,,,,216.0,347.0,,,30.0,,,,,
8246,Bryant Koback,RB,,,26.0,Inactive,,,,,,,216.0,349.0,,,30.0,,,,,
2460,C.J. Uzomah,TE,,,32.0,Active,,,,,,,216.0,352.0,,,30.0,,,,,
13277,CJ Donaldson,RB,NO,,22.0,Active,,,,,,,216.0,354.0,,,30.0,,,,,
12735,Caleb Lohner,TE,DEN,,24.0,Questionable,,,,,,,216.0,357.0,,,65.0,,,,,
12688,Cam Miller,QB,MIA,,25.0,Active,,,,,,,216.0,359.0,,,30.0,,,,,
3161,Carson Wentz,QB,MIN,,33.0,Active,,,,,,,216.0,360.0,,,30.0,,,,,
1737,Case Keenum,QB,CHI,,38.0,Active,,,,,,,216.0,361.0,,,30.0,,,,,
11806,Casey Washington,WR,CAR,,25.0,Active,,,,,,,216.0,362.0,,,30.0,,,,,
5113,Cedrick Wilson,WR,DET,,30.0,Active,,,,,,,216.0,364.0,,,30.0,,,,,
13410,Chase Roberts,WR,LV,,25.0,Active,,,,,,,216.0,365.0,,,30.0,,,,,
5009,Chris Herndon,TE,,,26.0,Active,,,,,,,216.0,367.0,,,30.0,,,,,
1144,Cole Beasley,WR,,,34.0,Inactive,,,,,,,216.0,370.0,,,30.0,,,,,
4574,Cooper Rush,QB,ATL,,32.0,Active,,,,,,,216.0,373.0,,,30.0,,,,,
4082,Curtis Samuel,WR,,,29.0,Active,,,,,,,216.0,374.0,,,30.0,,,,,
4111,D'Onta Foreman,RB,,,28.0,Active,,,,,,,216.0,375.0,,,30.0,,,,,
11606,Dallin Holker,TE,,,25.0,Active,,,,,,,216.0,377.0,,,30.0,,,,,
5890,Damien Harris,RB,,,27.0,Active,,,,,,,216.0,379.0,,,30.0,,,,,
12462,Damien Martinez,RB,GB,11.0,22.0,Active,,,118.0,15.0,,,216.0,380.0,404.0,,30.0,,,,,
4992,Dante Pettis,WR,BUF,,30.0,Active,,,,,,,216.0,382.0,,,30.0,,,,,
4718,Dare Ogunbowale,RB,,,31.0,Active,,,,,,,216.0,383.0,,,30.0,,,,,
2505,Darren Waller,TE,FA,,33.0,Questionable,,,53.0,15.0,,,216.0,386.0,395.0,,65.0,,,,,
1426,DeAndre Hopkins,WR,BAL,13.0,33.0,Active,,,157.0,16.0,,,216.0,390.0,444.0,,30.0,,,,,
13333,Deion Burks,WR,IND,13.0,23.0,Active,,,142.0,15.0,,,216.0,392.0,390.0,,30.0,,,,,
10870,Deneric Prince,RB,,,25.0,Active,,,,,,,216.0,394.0,,,30.0,,,,,
8801,Dennis Houston,WR,TB,,27.0,Active,,,,,,,216.0,395.0,,,30.0,,,,,
5290,Deontay Burnett,WR,,,26.0,Active,,,,,,,216.0,396.0,,,30.0,,,,,
2028,Derek Carr,QB,,,34.0,NA,,,,,,,216.0,397.0,,,50.0,,,,,
13427,Diego Pavia,QB,,,24.0,Active,,,,,,,216.0,403.0,,,30.0,,,,,
13621,Dillon Bell,WR,MIN,,22.0,Active,,,,,,,216.0,404.0,,,30.0,,,,,
12486,Dillon Gabriel,QB,CLE,,25.0,Active,,,,,,,216.0,405.0,,,30.0,,,,,
12946,Dontae Fleming,WR,MIN,,24.0,Active,,,,,,,216.0,407.0,,,30.0,,,,,
3391,Dwayne Washington,RB,,,30.0,Active,,,,,,,216.0,413.0,,,30.0,,,,,
7596,Elijah Moore,WR,PHI,10.0,26.0,Active,,,148.0,16.0,,,216.0,419.0,424.0,,30.0,,,,,
11961,Emory Jones,QB,,,25.0,Active,,,,,,,216.0,420.0,,,30.0,,,,,
5323,Equanimeous St. Brown,WR,,,28.0,Questionable,,,,,,,216.0,421.0,,,65.0,,,,,
10223,Eric Gray,RB,NYG,,26.0,Active,,,,,,,216.0,422.0,,,30.0,,,,,
7530,Frank Darby,WR,,,26.0,Active,,,,,,,216.0,425.0,,,30.0,,,,,
7529,Gary Brightwell,RB,CIN,,28.0,Active,,,,,,,216.0,428.0,,,30.0,,,,,
6699,Gunner Olszewski,WR,NYG,,29.0,IR,,,,,,,216.0,431.0,,,85.0,,,,,
5886,Hakeem Butler,TE,DEN,,30.0,Active,,,,,,,216.0,432.0,,,30.0,,,,,
6850,Harrison Bryant,TE,,,28.0,Questionable,,,,,,,216.0,433.0,,,65.0,,,,,
9998,Hendon Hooker,QB,TEN,,28.0,Active,,,,,,,216.0,434.0,,,30.0,,,,,
6920,Isaiah Hodgins,WR,NYG,,27.0,Active,,,,,,,216.0,438.0,,,30.0,,,,,
13074,Isaiah Neyor,WR,GB,,25.0,Active,,,,,,,216.0,439.0,,,30.0,,,,,
13348,J'Mari Taylor,RB,JAX,7.0,24.0,Active,,,103.0,14.0,,,216.0,442.0,341.0,,30.0,,,,,
,J.Michael Sturdivant,WR,,,,,,,,,,,216.0,443.0,,,,,,,,
3695,J.P. Holtz,TE,,,30.0,Active,,,,,,,216.0,444.0,,,30.0,,,,,
12746,JP Richardson,WR,CHI,,24.0,Active,,,,,,,216.0,445.0,,,30.0,,,,,
11619,Ja'Lynn Polk,WR,,,24.0,NA,,,,,,,216.0,446.0,,,50.0,,,,,
12479,Ja'Quinden Jackson,RB,,,24.0,Active,,,,,,,216.0,447.0,,,30.0,,,,,
6996,JaMycal Hasty,RB,,,29.0,Active,,,,,,,216.0,448.0,,,30.0,,,,,
10867,Jake Bobo,WR,SEA,,28.0,Questionable,,,,,,,216.0,454.0,,,65.0,,,,,
12817,Jake Briningstool,TE,KC,,23.0,Active,,,,,,,216.0,455.0,,,30.0,,,,,
11439,Jaleel McLaughlin,RB,DEN,10.0,25.0,Active,,,93.0,13.0,,,216.0,457.0,304.0,,30.0,,,,,
6798,Jalen Reagor,WR,MIA,,27.0,Active,,,,,,,216.0,459.0,,,30.0,,,,,
12953,Jalen White,RB,,,23.0,Active,,,,,,,216.0,461.0,,,30.0,,,,,
9497,Jalin Hyatt,WR,NYG,,24.0,Active,,,,,,,216.0,462.0,,,30.0,,,,,
8170,James Mitchell,TE,CAR,,26.0,Active,,,,,,,216.0,465.0,,,30.0,,,,,
5024,James Washington,WR,,,28.0,Active,,,,,,,216.0,466.0,,,30.0,,,,,
2410,Jamison Crowder,WR,,,31.0,Active,,,,,,,216.0,467.0,,,30.0,,,,,
11133,Jaray Jenkins,WR,,,24.0,Active,,,,,,,216.0,468.0,,,30.0,,,,,
12173,Jaxon Janke,WR,,,25.0,Active,,,,,,,216.0,472.0,,,30.0,,,,,
13419,Jaydn Ott,RB,KC,,23.0,Active,,,,,,,216.0,473.0,,,30.0,,,,,
12778,Jerjuan Newton,WR,,,24.0,Active,,,,,,,216.0,477.0,,,30.0,,,,,
11640,Jermaine Burton,WR,,,24.0,Active,,,,,,,216.0,478.0,,,30.0,,,,,
7599,Jermar Jefferson,RB,,,26.0,Active,,,,,,,216.0,479.0,,,30.0,,,,,
1837,Jimmy Garoppolo,QB,,,34.0,Active,,,,,,,216.0,481.0,,,30.0,,,,,
6665,Jody Fortson,TE,,,29.0,Active,,,,,,,216.0,482.0,,,30.0,,,,,
4018,Joe Mixon,RB,FA,,29.0,Questionable,,,91.0,13.0,,,216.0,485.0,302.0,,65.0,,,,,
11113,Joel Wilson,TE,TEN,,26.0,Active,,,,,,,216.0,487.0,,,30.0,,,,,
13342,John Michael Gyllenborg,TE,KC,,23.0,IR,,,,,,,216.0,489.0,,,85.0,,,,,
4038,John Ross,WR,,,29.0,Active,,,,,,,216.0,490.0,,,30.0,,,,,
11636,Johnny Wilson,WR,PHI,,25.0,Active,,,,,,,216.0,491.0,,,30.0,,,,,
7087,Jonathan Ward,RB,,,28.0,Active,,,,,,,216.0,492.0,,,30.0,,,,,
4144,Jonnu Smith,TE,FA,,30.0,Active,,,57.0,16.0,,,216.0,493.0,414.0,,30.0,,,,,
5032,Jordan Akins,TE,,,33.0,Active,,,,,,,216.0,494.0,,,30.0,,,,,
11378,Jordan Mims,RB,MIN,,27.0,Active,,,,,,,216.0,495.0,,,30.0,,,,,
12761,Jordan Moore,WR,CIN,,24.0,Active,,,,,,,216.0,496.0,,,30.0,,,,,
12634,Jordan Watkins,WR,SF,,24.0,Active,,,,,,,216.0,497.0,,,30.0,,,,,
7733,Josh Pederson,TE,,,26.0,Inactive,,,,,,,216.0,502.0,,,30.0,,,,,
4171,Josh Reynolds,WR,,,31.0,Questionable,,,,,,,216.0,503.0,,,65.0,,,,,
10212,Josh Whyle,TE,GB,,26.0,Active,,,,,,,216.0,504.0,,,30.0,,,,,
8254,Julius Chestnut,RB,TEN,,25.0,Active,,,,,,,216.0,507.0,,,30.0,,,,,
7066,K.J. Osborn,WR,TEN,,29.0,Active,,,,,,,216.0,510.0,,,30.0,,,,,
12516,Kalel Mullings,RB,TEN,9.0,23.0,Active,,,124.0,16.0,,,216.0,513.0,436.0,,30.0,,,,,
4994,Kalen Ballage,RB,,,26.0,Active,,,,,,,216.0,514.0,,,30.0,,,,,
4098,Kareem Hunt,RB,FA,,30.0,Active,,,99.0,14.0,,,216.0,515.0,320.0,,30.0,,,,,
11070,Kazmeir Allen,WR,,,25.0,Active,,,,,,,216.0,516.0,,,30.0,,,,,
6032,Keelan Doss,WR,,,28.0,Active,,,,,,,216.0,518.0,,,30.0,,,,,
12765,Keleki Latu,TE,BUF,,23.0,Active,,,,,,,216.0,519.0,,,30.0,,,,,
11649,Kendall Milton,RB,CIN,,24.0,Active,,,,,,,216.0,520.0,,,30.0,,,,,
10216,Kenny McIntosh,RB,,,26.0,Active,,,,,,,216.0,522.0,,,30.0,,,,,
8200,Kevin Austin,WR,NO,,26.0,Active,,,,,,,216.0,524.0,,,30.0,,,,,
7608,Khalil Herbert,RB,SF,,28.0,Active,,,119.0,16.0,,,216.0,526.0,416.0,,30.0,,,,,
7351,Kirk Merritt,WR,,,26.0,Active,,,,,,,216.0,527.0,,,30.0,,,,,
8435,Kwamie Lassiter,WR,,,26.0,Active,,,,,,,216.0,529.0,,,30.0,,,,,
7602,Kylen Granson,TE,TEN,,28.0,Active,,,,,,,216.0,532.0,,,30.0,,,,,
12969,Lan Larison,RB,NE,,24.0,Active,,,,,,,216.0,534.0,,,30.0,,,,,
13300,Le'Veon Moss,RB,,,,NA,,,,,,,216.0,536.0,,,50.0,,,,,
11140,Leonard Taylor,TE,,,24.0,Inactive,,,,,,,216.0,537.0,,,30.0,,,,,
13541,Lewis Bond,WR,HOU,,23.0,Active,,,,,,,216.0,538.0,,,30.0,,,,,
5938,Lil'Jordan Humphrey,WR,DEN,,28.0,Active,,,,,,,216.0,539.0,,,30.0,,,,,
5128,Logan Woodside,QB,,,30.0,Active,,,,,,,216.0,540.0,,,30.0,,,,,
963,Luke Stocker,TE,,,33.0,Active,,,,,,,216.0,545.0,,,30.0,,,,,
10860,Malik Cunningham,WR,DET,,27.0,Active,,,,,,,216.0,548.0,,,30.0,,,,,
11210,Malik Heath,WR,ATL,,25.0,Active,,,,,,,216.0,549.0,,,30.0,,,,,
6239,Malik Taylor,WR,,,29.0,Active,,,,,,,216.0,550.0,,,30.0,,,,,
111,Marcedes Lewis,TE,,,41.0,Active,,,,,,,216.0,551.0,,,30.0,,,,,
13013,Mark Redman,TE,LAR,,24.0,Active,,,,,,,216.0,553.0,,,30.0,,,,,
4152,Marlon Mack,RB,,,28.0,Active,,,,,,,216.0,555.0,,,30.0,,,,,
5086,Marquez Valdes-Scantling,WR,DAL,14.0,31.0,Active,,,155.0,16.0,,,216.0,556.0,441.0,,30.0,,,,,
4455,Matt Breida,RB,,,29.0,Active,,,,,,,216.0,559.0,,,30.0,,,,,
8921,Maurice Alexander,WR,CHI,,29.0,Active,,,,,,,216.0,560.0,,,30.0,,,,,
10233,Max Duggan,QB,,,23.0,Active,,,,,,,216.0,561.0,,,30.0,,,,,
7607,Michael Carter,RB,TEN,9.0,27.0,Active,,,105.0,14.0,,,216.0,563.0,345.0,,30.0,,,,,
11561,Michael Pratt,QB,,,23.0,Active,,,,,,,216.0,564.0,,,30.0,,,,,
7944,Michael Strachan,WR,,,28.0,Active,,,,,,,216.0,565.0,,,30.0,,,,,
13401,Michael Trigg,TE,DAL,14.0,24.0,Active,,,70.0,16.0,,,216.0,566.0,454.0,,30.0,,,,,
13431,Miles Kitselman,TE,DET,,23.0,Questionable,,,,,,,216.0,567.0,,,65.0,,,,,
6151,Miles Sanders,RB,,,28.0,Active,,,,,,,216.0,568.0,,,30.0,,,,,
7854,Miller Forristall,TE,,,26.0,Active,,,,,,,216.0,569.0,,,30.0,,,,,
12480,Moliki Matavao,TE,NO,,23.0,Active,,,,,,,216.0,573.0,,,30.0,,,,,
12868,Montrell Johnson,RB,,,23.0,Questionable,,,,,,,216.0,574.0,,,65.0,,,,,
2446,MyCole Pruitt,TE,,,32.0,Active,,,,,,,216.0,575.0,,,30.0,,,,,
12897,Nathan Carter,RB,ATL,,24.0,Active,,,,,,,216.0,578.0,,,30.0,,,,,
12135,Neal Johnson,TE,,,24.0,Active,,,,,,,216.0,579.0,,,30.0,,,,,
2474,Nick Boyle,TE,,,29.0,Active,,,,,,,216.0,580.0,,,30.0,,,,,
4988,Nick Chubb,RB,FA,,30.0,Active,,,102.0,14.0,,,216.0,581.0,337.0,,30.0,,,,,
12478,Nick Nash,WR,WAS,,26.0,Active,,,,,,,216.0,583.0,,,30.0,,,,,
4234,Noah Brown,WR,,,30.0,Questionable,,,,,,,216.0,586.0,,,65.0,,,,,
7404,Noah Togiai,TE,,,26.0,Active,,,,,,,216.0,589.0,,,30.0,,,,,
13437,Noah Whittington,RB,HOU,,24.0,Active,,,,,,,216.0,590.0,,,30.0,,,,,
8116,Pierre Strong,RB,GB,,27.0,Active,,,,,,,216.0,594.0,,,30.0,,,,,
8255,Raheem Blackshear,RB,DET,,28.0,Active,,,,,,,216.0,596.0,,,30.0,,,,,
12472,Raheim Sanders,RB,CLE,11.0,24.0,Active,,,108.0,15.0,,,216.0,597.0,371.0,,30.0,,,,,
9495,Rakim Jarrett,WR,,,24.0,Active,,,,,,,216.0,598.0,,,30.0,,,,,
12475,Ricky White,WR,SEA,,24.0,Active,,,,,,,216.0,601.0,,,30.0,,,,,
12950,Robert Lewis,WR,,,23.0,Active,,,,,,,216.0,603.0,,,30.0,,,,,
4602,Robert Tonyan,TE,PIT,,32.0,Active,,,,,,,216.0,604.0,,,30.0,,,,,
13416,Roman Hemby,RB,LV,,23.0,Active,,,,,,,216.0,605.0,,,30.0,,,,,
5052,Ronald Jones,RB,,,26.0,Active,,,,,,,216.0,606.0,,,30.0,,,,,
10221,Ronnie Bell,WR,NO,,26.0,Active,,,,,,,216.0,607.0,,,30.0,,,,,
1234,Russell Wilson,QB,,,37.0,Active,,,,,,,216.0,609.0,,,30.0,,,,,
6290,Scotty Miller,WR,CHI,,29.0,Active,,,,,,,216.0,613.0,,,30.0,,,,,
7237,Scotty Washington,WR,,,28.0,Active,,,,,,,216.0,614.0,,,30.0,,,,,
12898,Seth Henigan,QB,,,23.0,Active,,,,,,,216.0,615.0,,,30.0,,,,,
11729,Sione Vaki,RB,DET,,25.0,Questionable,,,,,,,216.0,617.0,,,65.0,,,,,
3200,Sterling Shepard,WR,,,33.0,Active,,,,,,,216.0,620.0,,,30.0,,,,,
8583,Stone Smartt,TE,PHI,,27.0,Active,,,,,,,216.0,622.0,,,30.0,,,,,
13306,Taylen Green,QB,CLE,,23.0,Active,,,,,,,216.0,628.0,,,30.0,,,,,
2711,Taylor Heinicke,QB,,,32.0,Active,,,,,,,216.0,629.0,,,30.0,,,,,
7565,Terrace Marshall,WR,MIA,,26.0,Active,,,,,,,216.0,631.0,,,30.0,,,,,
1517,Theo Riddick,RB,,,30.0,Injured Reserve,,,,,,,216.0,632.0,,,50.0,,,,,
8013,Tim Jones,WR,JAX,,28.0,Active,,,,,,,216.0,634.0,,,30.0,,,,,
4351,Tim Patrick,WR,NYJ,13.0,32.0,Active,,,151.0,16.0,,,216.0,635.0,429.0,,30.0,,,,,
12690,Tommy Mellott,WR,,,24.0,Active,,,,,,,216.0,637.0,,,30.0,,,,,
11381,Travis Vokolek,TE,ARI,,27.0,Active,,,,,,,216.0,639.0,,,30.0,,,,,
6144,Trayveon Williams,RB,,,28.0,Active,,,,,,,216.0,640.0,,,30.0,,,,,
12940,Tre Stewart,RB,,,23.0,Active,,,,,,,216.0,641.0,,,30.0,,,,,
13356,Trebor Pena,WR,JAX,,24.0,Active,,,,,,,216.0,642.0,,,30.0,,,,,
4218,Trent Taylor,WR,,,31.0,Active,,,,,,,216.0,643.0,,,30.0,,,,,
11601,Trey Knox,TE,,,23.0,Active,,,,,,,216.0,646.0,,,30.0,,,,,
9492,Trey Palmer,WR,NO,,25.0,Active,,,,,,,216.0,648.0,,,30.0,,,,,
7593,Trey Sermon,RB,,,26.0,Active,,,,,,,216.0,649.0,,,30.0,,,,,
,Trinidad Chambliss,QB,,,,,,,,,,,216.0,650.0,,,,,,,,
7595,Tylan Wallace,WR,CLE,,27.0,Active,,,,,,,216.0,653.0,,,30.0,,,,,
8207,Tyler Goodson,RB,ATL,11.0,25.0,Active,,,122.0,16.0,,,216.0,655.0,423.0,,30.0,,,,,
6960,Tyler Johnson,WR,DAL,,27.0,Active,,,,,,,216.0,658.0,,,30.0,,,,,
9490,Tyler Scott,WR,LAR,,24.0,Active,,,,,,,216.0,659.0,,,30.0,,,,,
6040,Tyree Jackson,TE,,,28.0,Questionable,,,,,,,216.0,660.0,,,65.0,,,,,
6853,Van Jefferson,WR,WAS,,30.0,Active,,,,,,,216.0,664.0,,,30.0,,,,,
4150,Wayne Gallman,RB,,,28.0,Active,,,,,,,216.0,665.0,,,30.0,,,,,
12788,Will Sheppard,WR,GB,,24.0,Active,,,,,,,216.0,669.0,,,30.0,,,,,
13042,Xavier Guillory,WR,BAL,,25.0,Active,,,,,,,216.0,671.0,,,30.0,,,,,
12520,Xavier Restrepo,WR,TEN,9.0,24.0,Active,,,153.0,16.0,,,216.0,673.0,432.0,,30.0,,,,,
11921,Xavier Weaver,WR,ARI,,25.0,Active,,,,,,,216.0,675.0,,,30.0,,,,,
7943,Zach Davidson,TE,,,27.0,Active,,,,,,,216.0,676.0,,,30.0,,,,,
1339,Zach Ertz,TE,FA,,35.0,Active,,,59.0,16.0,,,216.0,677.0,418.0,,30.0,,,,,
7538,Zach Wilson,QB,NO,,27.0,Active,,,,,,,216.0,678.0,,,30.0,,,,,
13309,Aaron Anderson,WR,,,23.0,Questionable,,,,,,,,,,,65.0,,,,,
4683,Aaron Bailey,QB,BAL,,,Active,,,,,,,,,,,30.0,,,,,
3368,Aaron Burbridge,WR,,,28.0,Inactive,,,,,,,,,,,30.0,,,,,
1365,Aaron Dobson,WR,,,29.0,Injured Reserve,,,,,,,,,,,50.0,,,,,
11548,Aaron Dykes,RB,,,,Active,,,,,,,,,,,30.0,,,,,
6967,Aaron Fuller,WR,,,24.0,Active,,,,,,,,,,,30.0,,,,,
3471,Aaron Green,RB,,,29.0,Inactive,,,,,,,,,,,30.0,,,,,
516,Aaron Hernandez,TE,,,29.0,Inactive,,,,,,,,,,,30.0,,,,,
5772,Aaron Lacombe,WR,,,26.0,Inactive,,,,,,,,,,,30.0,,,,,
2019,Aaron Murray,QB,,,29.0,Inactive,,,,,,,,,,,30.0,,,,,
7091,Aaron Parker,WR,,,24.0,Active,,,,,,,,,,,30.0,,,,,
4384,Aaron Peck,TE,,,27.0,Active,,,,,,,,,,,30.0,,,,,
7512,Aaron Smith,RB,,,,Inactive,,,,,,,,,,,30.0,,,,,
2698,Abou Toure,RB,,,27.0,Inactive,,,,,,,,,,,30.0,,,,,
8190,Abram Smith,RB,,,24.0,Active,,,,,,,,,,,30.0,,,,,
6187,Aca'Cedric Ware,RB,,,24.0,Active,,,,,,,,,,,30.0,,,,,
1450,Ace Sanders,WR,,,26.0,Inactive,,,,,,,,,,,30.0,,,,,
6491,Adam Choice,RB,,,26.0,Active,,,,,,,,,,,30.0,,,,,
3033,Adam Drake,WR,,,,Inactive,,,,,,,,,,,30.0,,,,,
3712,Adam Fuehne,TE,,,25.0,Inactive,,,,,,,,,,,30.0,,,,,
2822,Adam Humphries,WR,,,30.0,Active,,,,,,,,,,,30.0,,,,,
4085,Adam Shaheen,TE,,,28.0,Inactive,,,,,,,,,,,30.0,,,,,
1689,Adam Thielen,WR,,,35.0,NA,,,,,,,,,,,50.0,,,,,
4768,Adam Zaruba,TE,,,30.0,Inactive,,,,,,,,,,,30.0,,,,,
13777,Ademola Faleye,TE,,,24.0,Active,,,,,,,,,,,30.0,,,,,
5129,Adonis Jennings,WR,,,26.0,Active,,,,,,,,,,,30.0,,,,,
2929,Adrian Coxson,WR,,,33.0,Active,,,,,,,,,,,30.0,,,,,
7093,Adrian Killins,RB,DEN,,24.0,Inactive,,,,,,,,,,,30.0,,,,,
184,Adrian Peterson,RB,,,37.0,Active,,,,,,,,,,,30.0,,,,,
1165,Adrien Robinson,TE,,,29.0,Inactive,,,,,,,,,,,30.0,,,,,
12361,Aeneas Dennis,QB,,,,Active,,,,,,,,,,,30.0,,,,,
78,Ahmad Bradshaw,RB,,,34.0,Inactive,,,,,,,,,,,30.0,,,,,
4929,Ahmad Fulwood,WR,,,,Active,,,,,,,,,,,30.0,,,,,
7228,Ahmad Wagner,WR,,,25.0,Inactive,,,,,,,,,,,30.0,,,,,
12797,Ahmani Marshall,RB,CLE,,24.0,Active,,,,,,,,,,,30.0,,,,,
11918,Ahmarean Brown,WR,,,24.0,Active,,,,,,,,,,,30.0,,,,,
12080,Aidan Robbins,RB,,,24.0,Active,,,,,,,,,,,30.0,,,,,
11615,Ainias Smith,WR,,,25.0,Questionable,,,,,,,,,,,65.0,,,,,
2701,AJ Cruz,WR,,,27.0,Inactive,,,,,,,,,,,30.0,,,,,
2503,A.J. Derby,TE,,,30.0,Inactive,,,,,,,,,,,30.0,,,,,
830,A.J. Green,WR,,,34.0,Active,,,,,,,,,,,30.0,,,,,
12865,AJ Henning,WR,MIA,,24.0,Active,,,,,,,,,,,30.0,,,,,
7074,A.J. Hines,RB,,,,NA,,,,,,,,,,,50.0,,,,,
1226,AJ Jenkins,WR,,,27.0,Inactive,,,,,,,,,,,30.0,,,,,
1895,AJ McCarron,QB,,,33.0,Active,,,,,,,,,,,30.0,,,,,
6664,A.J. Ouellette,RB,,,26.0,Active,,,,,,,,,,,30.0,,,,,
6373,A.J. Richardson,WR,,,26.0,Active,,,,,,,,,,,30.0,,,,,
7918,A.J. Rose,RB,,,24.0,Active,,,,,,,,,,,30.0,,,,,
12528,Ajou Ajou,WR,,,23.0,Active,,,,,,,,,,,30.0,,,,,
2731,Akeem Hunt,RB,,,27.0,Inactive,,,,,,,,,,,30.0,,,,,
4707,Akeem Judd,RB,,,29.0,Inactive,,,,,,,,,,,30.0,,,,,
5195,Akrum Wadley,RB,,,26.0,Active,,,,,,,,,,,30.0,,,,,
13779,Al-Jay Henderson,RB,,,,Active,,,,,,,,,,,30.0,,,,,
4937,Al Riles,WR,IND,,24.0,Active,,,,,,,,,,,30.0,,,,,
1424,Alan Bonner,WR,,,26.0,Inactive,,,,,,,,,,,30.0,,,,,
6843,Albert Okwuegbunam,TE,LV,,28.0,Active,,,,,,,,,,,30.0,,,,,
2025,Albert Wilson,WR,,,30.0,Active,,,,,,,,,,,30.0,,,,,
919,Aldrick Robinson,WR,,,33.0,Inactive,,,,,,,,,,,30.0,,,,,
5385,Alec Bloom,TE,,,25.0,Active,,,,,,,,,,,30.0,,,,,
12085,Alec Holler,TE,,,25.0,Active,,,,,,,,,,,30.0,,,,,
4307,Alek Torgersen,QB,,,26.0,Active,,,,,,,,,,,30.0,,,,,
7235,Aleva Hifo,WR,,,24.0,Active,,,,,,,,,,,30.0,,,,,
6386,Alex Bachman,WR,,,29.0,Active,,,,,,,,,,,30.0,,,,,
6031,Alex Barnes,RB,,,25.0,Active,,,,,,,,,,,30.0,,,,,
2225,Alex Bayer,TE,,,27.0,Inactive,,,,,,,,,,,30.0,,,,,
13657,Alex Bullock,WR,,,,NA,,,,,,,,,,,50.0,,,,,
3935,Alex Chisum,WR,,,,Inactive,,,,,,,,,,,30.0,,,,,
3327,Alex Collins,RB,,,27.0,Active,,,,,,,,,,,30.0,,,,,
3824,Alex Ellis,TE,,,29.0,Active,,,,,,,,,,,30.0,,,,,
3433,Alex Erickson,WR,,,32.0,Active,,,,,,,,,,,30.0,,,,,
4733,Alex Gray,TE,,,30.0,Inactive,,,,,,,,,,,30.0,,,,,
12340,Alex Larson,TE,,,,Active,,,,,,,,,,,30.0,,,,,
5124,Alex McGough,QB,,,29.0,Active,,,,,,,,,,,30.0,,,,,
268,Alex Smith,QB,,,37.0,Injured Reserve,,,,,,,,,,,50.0,,,,,
1262,Alex Tanney,QB,,,34.0,Injured Reserve,,,,,,,,,,,50.0,,,,,
6163,Alex Wesley,WR,,,26.0,Inactive,,,,,,,,,,,30.0,,,,,
6381,Alexander Hollins,WR,,,25.0,Active,,,,,,,,,,,30.0,,,,,
11472,Alfonzo Graham,RB,,,23.0,Inactive,,,,,,,,,,,30.0,,,,,
1944,Alfred Blue,RB,,,30.0,Inactive,,,,,,,,,,,30.0,,,,,
1170,Alfred Morris,RB,,,33.0,Active,,,,,,,,,,,30.0,,,,,
5975,Alize Mack,TE,,,26.0,Active,,,,,,,,,,,30.0,,,,,
1984,Allen Hurns,WR,MIA,,30.0,Active,,,,,,,,,,,30.0,,,,,
5185,Allen Lazard,WR,,,30.0,Active,,,,,,,,,,,30.0,,,,,
942,Allen Reisner,TE,,,29.0,Inactive,,,,,,,,,,,30.0,,,,,
1992,Allen Robinson,WR,,,31.0,Active,,,,,,,,,,,30.0,,,,,
5802,Allenzae Staggers,WR,,,,Inactive,,,,,,,,,,,30.0,,,,,
2766,Alonzo Harris,RB,,,27.0,Inactive,,,,,,,,,,,30.0,,,,,
4494,Alonzo Moore,WR,,,29.0,Inactive,,,,,,,,,,,30.0,,,,,
3420,Alonzo Russell,WR,,,29.0,Inactive,,,,,,,,,,,30.0,,,,,
1149,Alshon Jeffery,WR,,,31.0,Active,,,,,,,,,,,30.0,,,,,
3811,Alstevis Squirewell,RB,,,32.0,Active,,,,,,,,,,,30.0,,,,,
12928,Amar Johnson,RB,LAC,,23.0,Active,,,,,,,,,,,30.0,,,,,
4139,Amara Darboh,WR,,,27.0,Active,,,,,,,,,,,30.0,,,,,
2309,Amari Cooper,WR,,,31.0,Active,,,,,,,,,,,30.0,,,,,
7540,Amari Rodgers,WR,,,24.0,Active,,,,,,,,,,,30.0,,,,,
4626,Amba Etta-Tawo,WR,,,28.0,Active,,,,,,,,,,,30.0,,,,,
3606,Amir Carlisle,WR,,,32.0,Active,,,,,,,,,,,30.0,,,,,
4928,Anas Hasic,WR,,,,Active,,,,,,,,,,,30.0,,,,,
14041,Anderson Castle,RB,IND,,,Active,,,,,,,,,,,30.0,,,,,
7233,Andre Baccellia,WR,,,29.0,Questionable,,,,,,,,,,,65.0,,,,,
148,Andre Caldwell,WR,,,35.0,Inactive,,,,,,,,,,,30.0,,,,,
2601,Andre Davis,WR,,,25.0,Inactive,,,,,,,,,,,30.0,,,,,
2520,Andre Debose,WR,,,28.0,Inactive,,,,,,,,,,,30.0,,,,,
1575,Andre Ellington,RB,,,31.0,Inactive,,,,,,,,,,,30.0,,,,,
940,Andre Holmes,WR,,,33.0,Inactive,,,,,,,,,,,30.0,,,,,
92,Andre Johnson,WR,,,39.0,Inactive,,,,,,,,,,,30.0,,,,,
5249,Andre Levrone,WR,,,26.0,Active,,,,,,,,,,,30.0,,,,,
6617,Andre Lindsey,WR,,,,Active,,,,,,,,,,,30.0,,,,,
4669,Andre Patton,WR,,,27.0,Active,,,,,,,,,,,30.0,,,,,
627,Andre Roberts,WR,,,35.0,Active,,,,,,,,,,,30.0,,,,,
2088,Andre Williams,RB,,,28.0,Inactive,,,,,,,,,,,30.0,,,,,
2756,Andrew Gleichert,TE,,,33.0,Active,,,,,,,,,,,30.0,,,,,
831,Andrew Hawkins,WR,,,34.0,Inactive,,,,,,,,,,,30.0,,,,,
1111,Andrew Luck,QB,,,32.0,Injured Reserve,,,,,,,,,,,50.0,,,,,
3948,Andrew Opoku,WR,,,27.0,Inactive,,,,,,,,,,,30.0,,,,,
8572,Andrew Parchment,WR,,,,Active,,,,,,,,,,,30.0,,,,,
2125,Andrew Peacock,WR,,,26.0,Inactive,,,,,,,,,,,30.0,,,,,
12270,Andrew Peasley,QB,,,25.0,Active,,,,,,,,,,,30.0,,,,,
4832,Andrew Price,TE,,,28.0,Active,,,,,,,,,,,30.0,,,,,
601,Andrew Quarless,TE,,,31.0,Inactive,,,,,,,,,,,30.0,,,,,
2804,Andrew Turzilli,WR,,,28.0,Injured Reserve,,,,,,,,,,,50.0,,,,,
5156,Andrew Vollert,TE,,,26.0,Active,,,,,,,,,,,30.0,,,,,
5915,Andy Isabella,WR,,,28.0,Questionable,,,,,,,,,,,65.0,,,,,
3702,Andy Jones,WR,NYG,,27.0,Inactive,,,,,,,,,,,30.0,,,,,
173,Andy Tanner,WR,,,29.0,Inactive,,,,,,,,,,,30.0,,,,,
655,Anquan Boldin,WR,,,39.0,Inactive,,,,,,,,,,,30.0,,,,,
2561,Anthony Boone,QB,,,34.0,Active,,,,,,,,,,,30.0,,,,,
8241,Anthony Brown,QB,,,26.0,Active,,,,,,,,,,,30.0,,,,,
3148,Anthony Dable,WR,,,33.0,Active,,,,,,,,,,,30.0,,,,,
1948,Anthony Denham,TE,,,30.0,Inactive,,,,,,,,,,,30.0,,,,,
727,Anthony Dixon,RB,,,32.0,Inactive,,,,,,,,,,,30.0,,,,,
2971,Anthony Ezeakunne,TE,,,,Inactive,,,,,,,,,,,30.0,,,,,
51,Anthony Fasano,TE,,,36.0,Inactive,,,,,,,,,,,30.0,,,,,
4435,Anthony Firkser,TE,DET,,31.0,IR,,,,,,,,,,,85.0,,,,,
6898,Anthony Gordon,QB,,,25.0,Active,,,,,,,,,,,30.0,,,,,
12350,Anthony Grant,RB,,,25.0,Active,,,,,,,,,,,30.0,,,,,
13328,Anthony Hankerson,RB,MIA,,22.0,Active,,,,,,,,,,,30.0,,,,,
5929,Anthony Johnson,WR,,,26.0,Active,,,,,,,,,,,30.0,,,,,
7424,Anthony Jones,RB,,,24.0,Active,,,,,,,,,,,30.0,,,,,
3593,Anthony Kelly,WR,,,31.0,Active,,,,,,,,,,,30.0,,,,,
12786,Anthony Landphere,TE,,,,Active,,,,,,,,,,,30.0,,,,,
5612,Anthony Mahoungou,WR,,,27.0,Active,,,,,,,,,,,30.0,,,,,
5358,Anthony Manzo-Lewis,TE,,,26.0,Active,,,,,,,,,,,30.0,,,,,
640,Anthony McCoy,TE,,,32.0,Inactive,,,,,,,,,,,30.0,,,,,
6878,Anthony McFarland,RB,,,25.0,Active,,,,,,,,,,,30.0,,,,,
5013,Anthony Miller,WR,,,30.0,Active,,,,,,,,,,,30.0,,,,,
4585,Anthony Nash,WR,,,28.0,Active,,,,,,,,,,,30.0,,,,,
5984,Anthony Ratliff-Williams,WR,,,24.0,Active,,,,,,,,,,,30.0,,,,,
7533,Anthony Schwartz,WR,,,24.0,Active,,,,,,,,,,,30.0,,,,,
973,Anthony Sherman,RB,,,33.0,Injured Reserve,,,,,,,,,,,50.0,,,,,
13582,Anthony Smith,WR,DAL,,24.0,Active,,,,,,,,,,,30.0,,,,,
13005,Anthony Torres,TE,,,26.0,Questionable,,,,,,,,,,,65.0,,,,,
8813,Anthony Turner,WR,,,,Active,,,,,,,,,,,30.0,,,,,
11053,Antoine Green,WR,,,25.0,Active,,,,,,,,,,,30.0,,,,,
6165,Antoine Wesley,WR,,,25.0,Active,,,,,,,,,,,30.0,,,,,
609,Antone Smith,RB,,,35.0,Inactive,,,,,,,,,,,30.0,,,,,
1928,Antonio Andrews,RB,,,28.0,Inactive,,,,,,,,,,,30.0,,,,,
536,Antonio Brown,WR,,,33.0,Active,,,,,,,,,,,30.0,,,,,
5310,Antonio Callaway,WR,,,26.0,Active,,,,,,,,,,,30.0,,,,,
6906,Antonio Gandy-Golden,TE,,,24.0,Active,,,,,,,,,,,30.0,,,,,
322,Antonio Gates,TE,,,41.0,Injured Reserve,,,,,,,,,,,50.0,,,,,
7744,Antonio Nunn,WR,,,25.0,Active,,,,,,,,,,,30.0,,,,,
4468,Antony Auclair,TE,,,29.0,Active,,,,,,,,,,,30.0,,,,,
226,Antwaan Randle El,WR,,,38.0,Inactive,,,,,,,,,,,30.0,,,,,
2593,Antwan Goodley,WR,,,30.0,Inactive,,,,,,,,,,,30.0,,,,,
3690,Antwane Grant,WR,,,26.0,Inactive,,,,,,,,,,,30.0,,,,,
12460,Antwane Wells,WR,ATL,,25.0,Active,,,,,,,,,,,30.0,,,,,
4119,ArDarius Stewart,WR,,,28.0,Inactive,,,,,,,,,,,30.0,,,,,
669,Arian Foster,RB,,,34.0,Inactive,,,,,,,,,,,30.0,,,,,
8665,Armani Rogers,TE,,,27.0,Active,,,,,,,,,,,30.0,,,,,
5401,Armanti Foreman,WR,,,,Active,,,,,,,,,,,30.0,,,,,
860,Armon Binns,WR,,,28.0,Inactive,,,,,,,,,,,30.0,,,,,
11267,Aron Cruickshank,WR,,,22.0,Active,,,,,,,,,,,30.0,,,,,
618,Arrelious Benn,WR,,,33.0,Inactive,,,,,,,,,,,30.0,,,,,
7227,Artavis Pierce,RB,,,25.0,Active,,,,,,,,,,,30.0,,,,,
4670,Artavis Scott,WR,,,27.0,Active,,,,,,,,,,,30.0,,,,,
7864,Artayvious Lynn,TE,,,25.0,Active,,,,,,,,,,,30.0,,,,,
1827,Arthur Lynch,TE,,,28.0,Inactive,,,,,,,,,,,30.0,,,,,
3031,Arthur Williams,WR,,,,Inactive,,,,,,,,,,,30.0,,,,,
2254,Asante Cleveland,TE,,,28.0,Inactive,,,,,,,,,,,30.0,,,,,
13557,Athan Kaliakmanis,QB,WAS,,22.0,Active,,,,,,,,,,,30.0,,,,,
5130,Auden Tate,WR,,,26.0,Active,,,,,,,,,,,30.0,,,,,
8215,Austin Allen,TE,,,24.0,Active,,,,,,,,,,,30.0,,,,,
4931,Austin Appleby,QB,,,28.0,Active,,,,,,,,,,,30.0,,,,,
11491,Austin Aune,QB,,,29.0,Active,,,,,,,,,,,30.0,,,,,
4416,Austin Carr,WR,,,28.0,Inactive,,,,,,,,,,,30.0,,,,,
1200,Austin Davis,QB,,,32.0,Inactive,,,,,,,,,,,30.0,,,,,
4358,Austin Duke,WR,,,28.0,Active,,,,,,,,,,,30.0,,,,,
6396,Austin Fort,TE,,,26.0,Active,,,,,,,,,,,30.0,,,,,
2584,Austin Hill,WR,,,27.0,Inactive,,,,,,,,,,,30.0,,,,,
11947,Austin Jones,RB,,,23.0,Active,,,,,,,,,,,30.0,,,,,
6873,Austin Mack,WR,,,26.0,Active,,,,,,,,,,,30.0,,,,,
966,Austin Pettis,WR,,,29.0,Inactive,,,,,,,,,,,30.0,,,,,
5126,Austin Proehl,WR,,,26.0,Active,,,,,,,,,,,30.0,,,,,
5751,Austin Roberts,TE,,,26.0,Active,,,,,,,,,,,30.0,,,,,
2222,Austin Seferian-Jenkins,TE,,,29.0,Inactive,,,,,,,,,,,30.0,,,,,
12212,Austin Stogner,TE,,,25.0,Active,,,,,,,,,,,30.0,,,,,
3953,Austin Trainor,QB,,,,Inactive,,,,,,,,,,,30.0,,,,,
7746,Austin Trammell,WR,JAX,,28.0,Active,,,,,,,,,,,30.0,,,,,
3878,Austin Traylor,TE,,,28.0,Inactive,,,,,,,,,,,30.0,,,,,
6553,Austin Walter,RB,,,27.0,Active,,,,,,,,,,,30.0,,,,,
7579,Austin Watkins,WR,,,26.0,Active,,,,,,,,,,,30.0,,,,,
2908,Austin Willis,WR,,,25.0,Inactive,,,,,,,,,,,30.0,,,,,
5796,Austin Wolf,WR,,,25.0,Inactive,,,,,,,,,,,30.0,,,,,
11544,Avery Davis,WR,,,24.0,Active,,,,,,,,,,,30.0,,,,,
3007,Avius Capers,WR,,,26.0,Inactive,,,,,,,,,,,30.0,,,,,
12097,Ayir Asante,WR,,,23.0,Active,,,,,,,,,,,30.0,,,,,
7885,Bailey Gaither,WR,,,26.0,Active,,,,,,,,,,,30.0,,,,,
8157,Bailey Zappe,QB,NYJ,,27.0,Active,,,,,,,,,,,30.0,,,,,
4744,Barrett Burns,TE,BAL,,23.0,Active,,,,,,,,,,,30.0,,,,,
4728,Bart Houston,QB,,,29.0,Active,,,,,,,,,,,30.0,,,,,
12256,Baylor Cupp,TE,,,25.0,Active,,,,,,,,,,,30.0,,,,,
502,Bear Pascoe,TE,,,34.0,Inactive,,,,,,,,,,,30.0,,,,,
12314,Beau Corrales,WR,,,,Active,,,,,,,,,,,30.0,,,,,
2909,Beau Gardner,TE,,,35.0,Active,,,,,,,,,,,30.0,,,,,
3407,Beau Sandland,TE,,,28.0,Active,,,,,,,,,,,30.0,,,,,
12889,Beaux Collins,WR,NYG,,23.0,Questionable,,,,,,,,,,,65.0,,,,,
2906,Bell Braylon,WR,,,,Active,,,,,,,,,,,30.0,,,,,
8864,Ben Beise,TE,,,,Active,,,,,,,,,,,30.0,,,,,
3465,Ben Braunecker,TE,,,27.0,Active,,,,,,,,,,,30.0,,,,,
12433,Ben Bryant,QB,,,25.0,Active,,,,,,,,,,,30.0,,,,,
7143,Ben DiNucci,QB,,,29.0,Active,,,,,,,,,,,30.0,,,,,
2907,Ben Edwards,WR,,,28.0,Inactive,,,,,,,,,,,30.0,,,,,
7288,Ben Ellefson,TE,,,26.0,Active,,,,,,,,,,,30.0,,,,,
468,Ben Hartsock,TE,,,37.0,Inactive,,,,,,,,,,,30.0,,,,,
5268,Ben Johnson,TE,,,27.0,Active,,,,,,,,,,,30.0,,,,,
2528,Ben Koyack,TE,,,28.0,Active,,,,,,,,,,,30.0,,,,,
2065,Ben Malena,RB,,,25.0,Inactive,,,,,,,,,,,30.0,,,,,
3887,Ben McCord,TE,,,26.0,Inactive,,,,,,,,,,,30.0,,,,,
243,Ben Obomanu,WR,,,33.0,Inactive,,,,,,,,,,,30.0,,,,,
13647,Ben Patterson,WR,,,,Active,,,,,,,,,,,30.0,,,,,
3873,Ben Roberts,WR,,,26.0,Inactive,,,,,,,,,,,30.0,,,,,
138,Ben Roethlisberger,QB,PIT,,39.0,Active,,,,,,,,,,,30.0,,,,,
1004,Ben Tate,RB,,,29.0,Inactive,,,,,,,,,,,30.0,,,,,
13065,Ben Wooldridge,QB,,,26.0,Active,,,,,,,,,,,30.0,,,,,
663,Benjamin Watson,TE,,,41.0,Injured Reserve,,,,,,,,,,,50.0,,,,,
5820,BenJarvus Green-Ellis,RB,,,36.0,NA,,,,,,,,,,,50.0,,,,,
2003,Bennie Fowler,WR,,,30.0,Active,,,,,,,,,,,30.0,,,,,
1564,Benny Cunningham,RB,,,31.0,Inactive,,,,,,,,,,,30.0,,,,,
7048,Benny LeMay,RB,CLE,,24.0,Active,,,,,,,,,,,30.0,,,,,
3896,Benson Browne,TE,,,25.0,Inactive,,,,,,,,,,,30.0,,,,,
1263,Bernard Pierce,RB,,,29.0,Inactive,,,,,,,,,,,30.0,,,,,
2175,Bernard Reedy,WR,,,30.0,Inactive,,,,,,,,,,,30.0,,,,,
8033,Bernhard Seikovits,TE,,,27.0,Active,,,,,,,,,,,30.0,,,,,
818,Bilal Powell,RB,,,33.0,Active,,,,,,,,,,,30.0,,,,,
450,Billy Bajema,TE,,,34.0,Inactive,,,,,,,,,,,30.0,,,,,
4650,Billy Brown,TE,,,28.0,Active,,,,,,,,,,,30.0,,,,,
6939,Binjimen Victor,WR,,,26.0,Active,,,,,,,,,,,30.0,,,,,
1937,Bishop Sankey,RB,,,28.0,Inactive,,,,,,,,,,,30.0,,,,,
6088,Bisi Johnson,WR,,,25.0,Inactive,,,,,,,,,,,30.0,,,,,
8240,BJ Baylor,RB,,,24.0,Active,,,,,,,,,,,30.0,,,,,
1584,B.J. Daniels,WR,,,30.0,Inactive,,,,,,,,,,,30.0,,,,,
7951,B.J. Emmons,RB,,,25.0,Active,,,,,,,,,,,30.0,,,,,
4515,B.J. Johnson,WR,,,28.0,Active,,,,,,,,,,,30.0,,,,,
862,Blaine Gabbert,QB,,,34.0,Active,,,,,,,,,,,30.0,,,,,
1790,Blake Annen,TE,,,30.0,Inactive,,,,,,,,,,,30.0,,,,,
2422,Blake Bell,TE,,,32.0,Active,,,,,,,,,,,30.0,,,,,
1979,Blake Bortles,QB,NO,,29.0,Active,,,,,,,,,,,30.0,,,,,
5779,Blake Jackson,WR,,,27.0,Inactive,,,,,,,,,,,30.0,,,,,
4571,Blake Jarwin,TE,,,27.0,Active,,,,,,,,,,,30.0,,,,,
5264,Blake Mack,TE,,,25.0,Active,,,,,,,,,,,30.0,,,,,
7552,Blake Proehl,WR,,,24.0,Active,,,,,,,,,,,30.0,,,,,
2712,Blake Renaud,RB,,,26.0,Inactive,,,,,,,,,,,30.0,,,,,
3957,Blake Sims,QB,,,30.0,Active,,,,,,,,,,,30.0,,,,,
11568,Blake Watson,RB,,,26.0,Questionable,,,,,,,,,,,65.0,,,,,
12832,Blayne Taylor,WR,,,23.0,Active,,,,,,,,,,,30.0,,,,,
5112,Bo Scarbrough,RB,,,25.0,Active,,,,,,,,,,,30.0,,,,,
1059,Bobby Rainey,RB,,,32.0,Inactive,,,,,,,,,,,30.0,,,,,
4480,Bobo Wilson,WR,,,26.0,Active,,,,,,,,,,,30.0,,,,,
3027,Boobie Dixon,RB,,,,Inactive,,,,,,,,,,,30.0,,,,,
5122,Boston Scott,RB,,,29.0,Active,,,,,,,,,,,30.0,,,,,
4222,Brad Kaaya,QB,,,26.0,Inactive,,,,,,,,,,,30.0,,,,,
287,Brad Smith,WR,,,33.0,Inactive,,,,,,,,,,,30.0,,,,,
1481,Brad Sorensen,QB,,,32.0,Inactive,,,,,,,,,,,30.0,,,,,
2803,Bradley Marquez,WR,,,29.0,Inactive,,,,,,,,,,,30.0,,,,,
1269,Bradley Sowell,TE,,,32.0,Active,,,,,,,,,,,30.0,,,,,
13658,Brady Boyd,WR,JAX,,24.0,Active,,,,,,,,,,,30.0,,,,,
671,Brady Quinn,QB,,,32.0,Inactive,,,,,,,,,,,30.0,,,,,
11280,Brady Russell,TE,SEA,,27.0,Active,,,,,,,,,,,30.0,,,,,
3547,Braedon Bowman,TE,,,27.0,Inactive,,,,,,,,,,,30.0,,,,,
3620,Bralon Addison,WR,,,28.0,Inactive,,,,,,,,,,,30.0,,,,,
4779,Bra'Lon Cherry,WR,,,26.0,Active,,,,,,,,,,,30.0,,,,,
8021,Branden Mack,WR,,,23.0,Active,,,,,,,,,,,30.0,,,,,
2050,Branden Oliver,RB,,,29.0,Inactive,,,,,,,,,,,30.0,,,,,
3357,Brandon Allen,QB,NYG,,33.0,Active,,,,,,,,,,,30.0,,,,,
1317,Brandon Barden,TE,,,28.0,Inactive,,,,,,,,,,,30.0,,,,,
4593,Brandon Barnes,TE,,,27.0,Active,,,,,,,,,,,30.0,,,,,
1034,Brandon Bolden,RB,,,34.0,Active,,,,,,,,,,,30.0,,,,,
165,Brandon Bostick,TE,,,32.0,Inactive,,,,,,,,,,,30.0,,,,,
3816,Brandon Brown-Dukes,RB,,,29.0,Active,,,,,,,,,,,30.0,,,,,
3810,Brandon Burks,RB,,,28.0,Inactive,,,,,,,,,,,30.0,,,,,
2196,Brandon Coleman,WR,,,28.0,Physically Unable to Perform,,,,,,,,,,,50.0,,,,,
2948,Brandon Cottom,RB,,,29.0,Active,,,,,,,,,,,30.0,,,,,
3378,Brandon Doughty,QB,,,30.0,Inactive,,,,,,,,,,,30.0,,,,,
13972,Brandon Frazier,TE,,,,Active,,,,,,,,,,,30.0,,,,,
496,Brandon Gibson,WR,,,30.0,Inactive,,,,,,,,,,,30.0,,,,,
14049,Brandon Hayes,WR,PHI,,,Active,,,,,,,,,,,30.0,,,,,
82,Brandon Jacobs,RB,,,35.0,Inactive,,,,,,,,,,,30.0,,,,,
8756,Brandon Johnson,WR,LV,,28.0,Active,,,,,,,,,,,30.0,,,,,
613,Brandon LaFell,WR,,,35.0,Inactive,,,,,,,,,,,30.0,,,,,
8908,Brandon Lewis,WR,,,,Active,,,,,,,,,,,30.0,,,,,
386,Brandon Lloyd,WR,,,36.0,Inactive,,,,,,,,,,,30.0,,,,,
648,Brandon Marshall,WR,,,37.0,Inactive,,,,,,,,,,,30.0,,,,,
397,Brandon Myers,TE,,,35.0,Inactive,,,,,,,,,,,30.0,,,,,
8579,Brandon Peters,QB,,,25.0,Active,,,,,,,,,,,30.0,,,,,
465,Brandon Pettigrew,TE,,,35.0,Injured Reserve,,,,,,,,,,,50.0,,,,,
7340,Brandon Polk,WR,,,25.0,Active,,,,,,,,,,,30.0,,,,,
5695,Brandon Powell,WR,,,29.0,Active,,,,,,,,,,,30.0,,,,,
4806,Brandon Radcliff,RB,,,28.0,Active,,,,,,,,,,,30.0,,,,,
4541,Brandon Reilly,WR,,,28.0,Inactive,,,,,,,,,,,30.0,,,,,
3570,Brandon Ross,RB,,,32.0,Active,,,,,,,,,,,30.0,,,,,
3762,Brandon Shippen,WR,,,27.0,Active,,,,,,,,,,,30.0,,,,,
6205,Brandon Silvers,QB,,,27.0,Active,,,,,,,,,,,30.0,,,,,
740,Brandon Stokley,WR,,,41.0,Inactive,,,,,,,,,,,30.0,,,,,
346,Brandon Tate,WR,,,34.0,Inactive,,,,,,,,,,,30.0,,,,,
1085,Brandon Weeden,QB,,,38.0,Inactive,,,,,,,,,,,30.0,,,,,
2594,Brandon Wegher,RB,,,29.0,Inactive,,,,,,,,,,,30.0,,,,,
3573,Brandon Wilds,RB,,,28.0,Inactive,,,,,,,,,,,30.0,,,,,
3653,Brandon Williams,TE,,,32.0,Inactive,,,,,,,,,,,30.0,,,,,
4878,Brandon Zylstra,WR,,,29.0,Active,,,,,,,,,,,30.0,,,,,
11410,Braxton Burmeister,WR,,,24.0,Active,,,,,,,,,,,30.0,,,,,
3856,Braxton Deaver,TE,,,26.0,Inactive,,,,,,,,,,,30.0,,,,,
3203,Braxton Miller,WR,,,29.0,Inactive,,,,,,,,,,,30.0,,,,,
11301,Braxton Westfield,WR,,,,Active,,,,,,,,,,,30.0,,,,,
8105,Brayden Lenius,TE,,,25.0,Active,,,,,,,,,,,30.0,,,,,
10224,Brayden Willis,TE,SF,,26.0,Active,,,,,,,,,,,30.0,,,,,
11496,Braydon Johnson,WR,,,24.0,Active,,,,,,,,,,,30.0,,,,,
2768,Braylon Heard,RB,,,33.0,Active,,,,,,,,,,,30.0,,,,,
8178,Braylon Sanders,WR,,,26.0,Active,,,,,,,,,,,30.0,,,,,
2044,Brelan Chancellor,WR,,,33.0,Active,,,,,,,,,,,30.0,,,,,
4130,Brendan Langley,WR,,,27.0,Inactive,,,,,,,,,,,30.0,,,,,
12374,Brenden Bates,TE,CLE,,26.0,Active,,,,,,,,,,,30.0,,,,,
7858,Brenden Knox,RB,,,23.0,Active,,,,,,,,,,,30.0,,,,,
7584,Brennan Eagles,WR,,,,Active,,,,,,,,,,,30.0,,,,,
221,Brent Celek,TE,,,35.0,Inactive,,,,,,,,,,,30.0,,,,,
1742,Brenton Bersin,WR,,,30.0,Inactive,,,,,,,,,,,30.0,,,,,
2331,Breshad Perriman,WR,,,29.0,Active,,,,,,,,,,,30.0,,,,,
462,Brett Favre,QB,,,48.0,Inactive,,,,,,,,,,,30.0,,,,,
13221,Brett Gabbert,QB,,,25.0,Active,,,,,,,,,,,30.0,,,,,
2450,Brett Hundley,QB,,,29.0,Active,,,,,,,,,,,30.0,,,,,
6037,Brett Rypien,QB,,,29.0,Active,,,,,,,,,,,30.0,,,,,
14017,Brett Weaver,TE,,,,Active,,,,,,,,,,,30.0,,,,,
12220,Brevin Easton,WR,,,24.0,Active,,,,,,,,,,,30.0,,,,,
5287,Brian Bridgewater,TE,,,,Inactive,,,,,,,,,,,30.0,,,,,
4569,Brian Brown,WR,,,27.0,Active,,,,,,,,,,,30.0,,,,,
6629,Brian Burt,WR,,,,Active,,,,,,,,,,,30.0,,,,,
11502,Brian Cobbs,WR,,,23.0,Active,,,,,,,,,,,30.0,,,,,
339,Brian Hartline,WR,,,33.0,Inactive,,,,,,,,,,,30.0,,,,,
7001,Brian Herrien,RB,,,23.0,Active,,,,,,,,,,,30.0,,,,,
345,Brian Hoyer,QB,,,38.0,Active,,,,,,,,,,,30.0,,,,,
355,Brian Leonard,RB,,,33.0,Inactive,,,,,,,,,,,30.0,,,,,
1468,Brian Leonhardt,TE,,,30.0,Inactive,,,,,,,,,,,30.0,,,,,
7008,Brian Lewerke,QB,,,25.0,Active,,,,,,,,,,,30.0,,,,,
2653,Brian Parker,TE,,,29.0,Inactive,,,,,,,,,,,30.0,,,,,
1208,Brian Quick,WR,,,32.0,Inactive,,,,,,,,,,,30.0,,,,,
4815,Brian Riley,WR,,,26.0,Active,,,,,,,,,,,30.0,,,,,
761,Brian St Pierre,QB,,,37.0,Inactive,,,,,,,,,,,30.0,,,,,
1699,Brian Tyms,WR,,,29.0,Inactive,,,,,,,,,,,30.0,,,,,
2917,Brian Vogler,TE,,,29.0,Active,,,,,,,,,,,30.0,,,,,
11385,Brian Walker,TE,,,24.0,Active,,,,,,,,,,,30.0,,,,,
1471,Brice Butler,WR,,,31.0,Inactive,,,,,,,,,,,30.0,,,,,
7903,Briley Moore,TE,,,24.0,Active,,,,,,,,,,,30.0,,,,,
4434,Brisly Estime,WR,,,29.0,Active,,,,,,,,,,,30.0,,,,,
8423,Brittain Brown,RB,CHI,,28.0,Active,,,,,,,,,,,30.0,,,,,
1743,Brittan Golden,WR,,,32.0,Injured Reserve,,,,,,,,,,,50.0,,,,,
7418,Broc Rutter,QB,,,24.0,Active,,,,,,,,,,,30.0,,,,,
1126,Brock Osweiler,QB,,,31.0,Injured Reserve,,,,,,,,,,,50.0,,,,,
14034,Brock Rechsteiner,WR,NO,,,Active,,,,,,,,,,,30.0,,,,,
5597,Brogan Roback,QB,,,27.0,Active,,,,,,,,,,,30.0,,,,,
2599,Bronson Hill,RB,,,29.0,Inactive,,,,,,,,,,,30.0,,,,,
3239,Bronson Kaufusi,TE,GB,,30.0,Active,,,,,,,,,,,30.0,,,,,
7190,Bronson Rechsteiner,RB,,,24.0,Active,,,,,,,,,,,30.0,,,,,
6072,Bruce Anderson,RB,,,24.0,Inactive,,,,,,,,,,,30.0,,,,,
2255,Bruce Ellington,WR,,,30.0,Inactive,,,,,,,,,,,30.0,,,,,
393,Bruce Gradkowski,QB,,,35.0,Inactive,,,,,,,,,,,30.0,,,,,
7734,Bruno Labelle,TE,,,24.0,Active,,,,,,,,,,,30.0,,,,,
2567,Bryan Bennett,QB,,,32.0,Active,,,,,,,,,,,30.0,,,,,
6870,Bryan Edwards,WR,,,24.0,Active,,,,,,,,,,,30.0,,,,,
11495,Bryan Thompson,WR,,,25.0,Inactive,,,,,,,,,,,30.0,,,,,
1009,Bryan Walters,WR,,,32.0,Injured Reserve,,,,,,,,,,,50.0,,,,,
5831,Bryant Mitchell,WR,,,29.0,Inactive,,,,,,,,,,,30.0,,,,,
5787,Bryce Bobo,WR,,,26.0,Active,,,,,,,,,,,30.0,,,,,
1026,Bryce Brown,RB,,,29.0,Inactive,,,,,,,,,,,30.0,,,,,
9499,Bryce Ford-Wheaton,WR,,,26.0,Questionable,,,,,,,,,,,65.0,,,,,
5889,Bryce Love,RB,,,24.0,Inactive,,,,,,,,,,,30.0,,,,,
11959,Bryce Oliver,WR,TEN,,26.0,Active,,,,,,,,,,,30.0,,,,,
7335,Bryce Perkins,QB,,,28.0,Active,,,,,,,,,,,30.0,,,,,
2408,Bryce Petty,QB,,,29.0,Injured Reserve,,,,,,,,,,,50.0,,,,,
12959,Bryce Pierre,TE,,,25.0,Questionable,,,,,,,,,,,65.0,,,,,
7353,Bryce Sterk,TE,,,25.0,Inactive,,,,,,,,,,,30.0,,,,,
3797,Bryce Treggs,WR,,,27.0,Inactive,,,,,,,,,,,30.0,,,,,
3561,Bryce Williams,TE,,,28.0,Active,,,,,,,,,,,30.0,,,,,
6926,Brycen Hopkins,TE,,,27.0,Active,,,,,,,,,,,30.0,,,,,
2007,Bryn Renner,QB,,,30.0,Inactive,,,,,,,,,,,30.0,,,,,
12799,Bryson Green,WR,ARI,,23.0,Active,,,,,,,,,,,30.0,,,,,
12941,Bryson Nesbit,TE,MIN,,23.0,Active,,,,,,,,,,,30.0,,,,,
4184,Bucky Hodges,TE,,,26.0,Active,,,,,,,,,,,30.0,,,,,
2502,Bud Sasser,WR,,,,Active,,,,,,,,,,,30.0,,,,,
5271,Buddy Howell,RB,,,26.0,Active,,,,,,,,,,,30.0,,,,,
4326,Bug Howard,TE,,,27.0,Inactive,,,,,,,,,,,30.0,,,,,
5817,Byron Leftwich,QB,,,40.0,Inactive,,,,,,,,,,,30.0,,,,,
3491,Byron Marshall,RB,,,27.0,Inactive,,,,,,,,,,,30.0,,,,,
5199,Byron Pringle,WR,,,30.0,Active,,,,,,,,,,,30.0,,,,,
8433,Cade Brewer,TE,,,24.0,Active,,,,,,,,,,,30.0,,,,,
7956,Cade Johnson,WR,,,26.0,Active,,,,,,,,,,,30.0,,,,,
13212,Cade McDonald,WR,,,24.0,Active,,,,,,,,,,,30.0,,,,,
12285,Cade Peterson,QB,,,,Active,,,,,,,,,,,30.0,,,,,
12933,Caden Prieskorn,TE,CAR,,26.0,Active,,,,,,,,,,,30.0,,,,,
4621,Caleb Bluiett,TE,,,28.0,Active,,,,,,,,,,,30.0,,,,,
12399,Caleb Chapman,WR,,,,Active,,,,,,,,,,,30.0,,,,,
317,Caleb Hanie,QB,,,32.0,Inactive,,,,,,,,,,,30.0,,,,,
7741,Caleb Huntley,RB,,,24.0,Active,,,,,,,,,,,30.0,,,,,
7176,Caleb Repp,TE,,,24.0,Active,,,,,,,,,,,30.0,,,,,
5223,Caleb Scott,WR,TEN,,25.0,Active,,,,,,,,,,,30.0,,,,,
6142,Caleb Wilson,TE,,,25.0,Active,,,,,,,,,,,30.0,,,,,
8251,Calvin Jackson,WR,,,25.0,Active,,,,,,,,,,,30.0,,,,,
240,Calvin Johnson,WR,,,34.0,Inactive,,,,,,,,,,,30.0,,,,,
11229,Calvin Tyler,RB,,,24.0,Active,,,,,,,,,,,30.0,,,,,
6938,Cam Akers,RB,,,26.0,Active,,,,,,,,,,,30.0,,,,,
12906,Cam Camper,WR,NYJ,,24.0,Active,,,,,,,,,,,30.0,,,,,
12086,Cam Johnson,WR,,,25.0,Active,,,,,,,,,,,30.0,,,,,
954,Cam Newton,QB,,,32.0,Active,,,,,,,,,,,30.0,,,,,
5625,Cam Phillips,WR,,,26.0,Inactive,,,,,,,,,,,30.0,,,,,
5774,Cam Serigne,TE,,,27.0,Active,,,,,,,,,,,30.0,,,,,
5432,Cam Sims,WR,,,28.0,Active,,,,,,,,,,,30.0,,,,,
7218,Cam Sutton,TE,,,25.0,Active,,,,,,,,,,,30.0,,,,,
2938,Cam Worthy,WR,,,32.0,Active,,,,,,,,,,,30.0,,,,,
13726,Camden Brown,WR,DAL,,,Active,,,,,,,,,,,30.0,,,,,
2477,Cameron Artis-Payne,RB,,,31.0,Inactive,,,,,,,,,,,30.0,,,,,
5289,Cameron Batson,WR,,,27.0,Active,,,,,,,,,,,30.0,,,,,
2214,Cameron Brate,TE,,,31.0,Active,,,,,,,,,,,30.0,,,,,
2898,Cameron Clear,TE,,,32.0,Active,,,,,,,,,,,30.0,,,,,
13962,Cameron Dorner,WR,NE,,,Active,,,,,,,,,,,30.0,,,,,
10210,Cameron Latu,TE,PHI,,26.0,Active,,,,,,,,,,,30.0,,,,,
1650,Cameron Marshall,RB,,,26.0,Inactive,,,,,,,,,,,30.0,,,,,
2699,Cameron Meredith,WR,,,29.0,Inactive,,,,,,,,,,,30.0,,,,,
4749,Cameron Posey,WR,,,28.0,Active,,,,,,,,,,,30.0,,,,,
13744,Cameron Ross,WR,DEN,,24.0,Active,,,,,,,,,,,30.0,,,,,
7435,Cameron Scarlett,RB,,,25.0,Active,,,,,,,,,,,30.0,,,,,
10211,Camerun Peoples,RB,,,23.0,Active,,,,,,,,,,,30.0,,,,,
11213,Camren McDonald,TE,,,24.0,Active,,,,,,,,,,,30.0,,,,,
3555,Canaan Severin,WR,,,28.0,Active,,,,,,,,,,,30.0,,,,,
3210,Cardale Jones,QB,,,29.0,Inactive,,,,,,,,,,,30.0,,,,,
7926,Carl Tucker,TE,,,24.0,Active,,,,,,,,,,,30.0,,,,,
4108,Carlos Henderson,WR,,,27.0,Active,,,,,,,,,,,30.0,,,,,
2257,Carlos Hyde,RB,,,31.0,Active,,,,,,,,,,,30.0,,,,,
4522,Carlton Agudosi,WR,,,27.0,Inactive,,,,,,,,,,,30.0,,,,,
534,Carlton Mitchell,WR,,,29.0,Inactive,,,,,,,,,,,30.0,,,,,
13580,Carsen Ryan,TE,CLE,,22.0,Active,,,,,,,,,,,30.0,,,,,
6365,Carson Meier,TE,,,26.0,Active,,,,,,,,,,,30.0,,,,,
91,Carson Palmer,QB,,,40.0,Injured Reserve,,,,,,,,,,,50.0,,,,,
11582,Carson Steele,RB,PHI,,23.0,Active,,,,,,,,,,,30.0,,,,,
8158,Carson Strong,QB,,,23.0,Active,,,,,,,,,,,30.0,,,,,
13407,Carson Towt,TE,IND,,25.0,Active,,,,,,,,,,,30.0,,,,,
7624,Carson Williams,TE,,,,Inactive,,,,,,,,,,,30.0,,,,,
11851,Carter Bradley,QB,JAX,,26.0,Active,,,,,,,,,,,30.0,,,,,
13122,Carter Runyon,TE,LV,,25.0,Active,,,,,,,,,,,30.0,,,,,
7735,Cary Angeline,TE,,,24.0,Active,,,,,,,,,,,30.0,,,,,
7376,Case Cookus,QB,,,27.0,Active,,,,,,,,,,,30.0,,,,,
11848,Casey Bauman,QB,,,24.0,Active,,,,,,,,,,,30.0,,,,,
2637,Casey Pierce,TE,,,27.0,Inactive,,,,,,,,,,,30.0,,,,,
13595,Cash Jones,RB,ATL,,24.0,Active,,,,,,,,,,,30.0,,,,,
13826,Caullin Lacy,WR,NYJ,,24.0,Active,,,,,,,,,,,30.0,,,,,
3447,Cayleb Jones,WR,,,28.0,Active,,,,,,,,,,,30.0,,,,,
866,Cecil Shorts,WR,,,32.0,Inactive,,,,,,,,,,,30.0,,,,,
6738,Cedric Benson,RB,,,37.0,Inactive,,,,,,,,,,,30.0,,,,,
3780,Cedric O'Neal,RB,,,27.0,Active,,,,,,,,,,,30.0,,,,,
659,Cedric Peerman,RB,,,33.0,Inactive,,,,,,,,,,,30.0,,,,,
11081,Cephus Johnson,WR,,,24.0,Active,,,,,,,,,,,30.0,,,,,
4362,Cethan Carter,TE,,,27.0,Inactive,,,,,,,,,,,30.0,,,,,
5570,Chad Beebe,WR,,,28.0,Active,,,,,,,,,,,30.0,,,,,
4175,Chad Hansen,WR,,,27.0,Active,,,,,,,,,,,30.0,,,,,
89,Chad Henne,QB,,,37.0,Active,,,,,,,,,,,30.0,,,,,
5237,Chad Kanoff,QB,,,27.0,Inactive,,,,,,,,,,,30.0,,,,,
4051,Chad Kelly,QB,,,27.0,Active,,,,,,,,,,,30.0,,,,,
4128,Chad Williams,WR,,,27.0,Active,,,,,,,,,,,30.0,,,,,
13280,Chamon Metayer,TE,CAR,,,Active,,,,,,,,,,,30.0,,,,,
12908,Chandler Brayboy,WR,JAX,,24.0,Active,,,,,,,,,,,30.0,,,,,
1109,Chandler Harnish,QB,,,29.0,Inactive,,,,,,,,,,,30.0,,,,,
13592,Chandler Morris,QB,,,25.0,Active,,,,,,,,,,,30.0,,,,,
2687,Chandler Worthy,WR,,,27.0,Inactive,,,,,,,,,,,30.0,,,,,
8624,Changa Hodge,WR,,,24.0,Active,,,,,,,,,,,30.0,,,,,
2024,Charcandrick West,RB,,,30.0,Injured Reserve,,,,,,,,,,,50.0,,,,,
801,Charles Clay,TE,,,32.0,Active,,,,,,,,,,,30.0,,,,,
6643,Charles Holland,WR,,,,Active,,,,,,,,,,,30.0,,,,,
1530,Charles Johnson,WR,,,31.0,Injured Reserve,,,,,,,,,,,50.0,,,,,
6591,Charles Jones,TE,,,25.0,Inactive,,,,,,,,,,,30.0,,,,,
11102,Charles McClelland,RB,,,24.0,Active,,,,,,,,,,,30.0,,,,,
6487,Charles Scarff,TE,,,25.0,Inactive,,,,,,,,,,,30.0,,,,,
2223,Charles Sims,RB,,,29.0,Injured Reserve,,,,,,,,,,,50.0,,,,,
8198,Charleston Rambo,WR,,,24.0,Inactive,,,,,,,,,,,30.0,,,,,
6932,Charlie Taumoepeau,TE,,,23.0,Active,,,,,,,,,,,30.0,,,,,
698,Charlie Whitehurst,QB,,,38.0,Inactive,,,,,,,,,,,30.0,,,,,
3396,Charone Peake,WR,,,29.0,Inactive,,,,,,,,,,,30.0,,,,,
8182,Chase Allen,TE,,,26.0,Active,,,,,,,,,,,30.0,,,,,
6886,Chase Claypool,WR,,,26.0,Inactive,,,,,,,,,,,30.0,,,,,
352,Chase Coffman,TE,,,33.0,Inactive,,,,,,,,,,,30.0,,,,,
11554,Chase Cota,WR,,,24.0,Active,,,,,,,,,,,30.0,,,,,
13839,Chase Curtis,TE,NYJ,,,Active,,,,,,,,,,,30.0,,,,,
490,Chase Daniel,QB,,,36.0,Active,,,,,,,,,,,30.0,,,,,
2272,Chase Dixon,TE,,,26.0,Inactive,,,,,,,,,,,30.0,,,,,
5000,Chase Edmonds,RB,,,29.0,Active,,,,,,,,,,,30.0,,,,,
1739,Chase Ford,TE,,,30.0,Inactive,,,,,,,,,,,30.0,,,,,
8431,Chase Garbers,QB,,,24.0,Active,,,,,,,,,,,30.0,,,,,
7481,Chase Harrell,TE,,,25.0,Active,,,,,,,,,,,30.0,,,,,
5263,Chase Litton,QB,,,26.0,Active,,,,,,,,,,,30.0,,,,,
3940,Chase Price,RB,,,25.0,Inactive,,,,,,,,,,,30.0,,,,,
2145,Chase Rettig,QB,,,25.0,Inactive,,,,,,,,,,,30.0,,,,,
1704,Chase Reynolds,RB,,,32.0,Inactive,,,,,,,,,,,30.0,,,,,
3582,Chester Rogers,WR,,,28.0,Active,,,,,,,,,,,30.0,,,,,
12046,Chevan Cordeiro,QB,,,,Active,,,,,,,,,,,30.0,,,,,
6982,Cheyenne O'Grady,TE,,,25.0,Active,,,,,,,,,,,30.0,,,,,
12100,Chris Autman-Bell,WR,,,25.0,Active,,,,,,,,,,,30.0,,,,,
4874,Chris Bazile,TE,,,30.0,Active,,,,,,,,,,,30.0,,,,,
7521,Chris Blair,WR,ATL,,28.0,Active,,,,,,,,,,,30.0,,,,,
2058,Chris Boyd,WR,,,25.0,Inactive,,,,,,,,,,,30.0,,,,,
4004,Chris Briggs,TE,,,29.0,Inactive,,,,,,,,,,,30.0,,,,,
3486,Chris Brown,WR,,,28.0,Active,,,,,,,,,,,30.0,,,,,
4273,Chris Carson,RB,,,27.0,Active,,,,,,,,,,,30.0,,,,,
11366,Chris Coleman,WR,,,24.0,Active,,,,,,,,,,,30.0,,,,,
2381,Chris Conley,WR,,,32.0,Active,,,,,,,,,,,30.0,,,,,
7794,Chris Evans,RB,,,27.0,Active,,,,,,,,,,,30.0,,,,,
7092,Chris Finke,WR,,,26.0,Active,,,,,,,,,,,30.0,,,,,
1201,Chris Givens,WR,,,30.0,Inactive,,,,,,,,,,,30.0,,,,,
1347,Chris Gragg,TE,,,30.0,Inactive,,,,,,,,,,,30.0,,,,,
2721,Chris Harper,WR,,,26.0,Inactive,,,,,,,,,,,30.0,,,,,
13674,Chris Hilton,WR,WAS,,23.0,Active,,,,,,,,,,,30.0,,,,,
1329,Chris Hogan,WR,,,34.0,Injured Reserve,,,,,,,,,,,50.0,,,,,
3802,Chris Hubert,WR,,,28.0,Inactive,,,,,,,,,,,30.0,,,,,
717,Chris Ivory,RB,,,33.0,Inactive,,,,,,,,,,,30.0,,,,,
272,Chris Johnson,RB,,,34.0,Inactive,,,,,,,,,,,30.0,,,,,
3609,Chris King,WR,,,31.0,Active,,,,,,,,,,,30.0,,,,,
5661,Chris Lacy,WR,,,27.0,Active,,,,,,,,,,,30.0,,,,,
2292,Chris Matthews,WR,,,30.0,Injured Reserve,,,,,,,,,,,50.0,,,,,
3269,Chris Moore,WR,BAL,,33.0,Active,,,,,,,,,,,30.0,,,,,
454,Chris Ogbonnaya,RB,,,31.0,Inactive,,,,,,,,,,,30.0,,,,,
7509,Chris Owusu,WR,,,30.0,Inactive,,,,,,,,,,,30.0,,,,,
1609,Chris Pantale,TE,,,31.0,Inactive,,,,,,,,,,,30.0,,,,,
8634,Chris Pierce,TE,,,25.0,Active,,,,,,,,,,,30.0,,,,,
1033,Chris Polk,RB,,,30.0,Inactive,,,,,,,,,,,30.0,,,,,
7175,Chris Rowland,WR,,,24.0,Active,,,,,,,,,,,30.0,,,,,
11249,Chris Smith,RB,,,23.0,Active,,,,,,,,,,,30.0,,,,,
6778,Chris Streveler,QB,,,28.0,Inactive,,,,,,,,,,,30.0,,,,,
1502,Chris Thompson,RB,,,31.0,Active,,,,,,,,,,,30.0,,,,,
13043,Chris Tyree,WR,,,24.0,Active,,,,,,,,,,,30.0,,,,,
5587,Chris Warren,RB,,,25.0,Active,,,,,,,,,,,30.0,,,,,
5241,Christian Blake,WR,,,26.0,Active,,,,,,,,,,,30.0,,,,,
3168,Christian Hackenberg,QB,,,26.0,Injured Reserve,,,,,,,,,,,50.0,,,,,
941,Christian Ponder,QB,,,32.0,Inactive,,,,,,,,,,,30.0,,,,,
3556,Christian Powell,RB,,,31.0,Active,,,,,,,,,,,30.0,,,,,
5468,Christian Scotland-Williamson,TE,,,28.0,Active,,,,,,,,,,,30.0,,,,,
11155,Christian Sims,TE,,,22.0,Active,,,,,,,,,,,30.0,,,,,
11231,Christian Trahan,TE,,,24.0,Active,,,,,,,,,,,30.0,,,,,
6196,Christian Wade,RB,,,30.0,Inactive,,,,,,,,,,,30.0,,,,,
1596,Christine Michael,RB,,,31.0,Inactive,,,,,,,,,,,30.0,,,,,
2682,Christion Jones,WR,,,25.0,Inactive,,,,,,,,,,,30.0,,,,,
5462,Christopher Ezeala,RB,,,26.0,Active,,,,,,,,,,,30.0,,,,,
1691,Chuck Jacobs,WR,,,28.0,Inactive,,,,,,,,,,,30.0,,,,,
1682,Cierre Wood,RB,,,29.0,Inactive,,,,,,,,,,,30.0,,,,,
1451,C.J. Anderson,RB,,,30.0,Active,,,,,,,,,,,30.0,,,,,
4127,C.J. Beathard,QB,,,32.0,Active,,,,,,,,,,,30.0,,,,,
4344,C.J. Board,WR,,,29.0,Active,,,,,,,,,,,30.0,,,,,
13334,C.J. Charleston,WR,,,,Active,,,,,,,,,,,30.0,,,,,
6501,C.J. Conrad,TE,,,25.0,Active,,,,,,,,,,,30.0,,,,,
5734,C.J. Duncan,WR,,,26.0,Active,,,,,,,,,,,30.0,,,,,
1951,C.J. Fiedorowicz,TE,,,28.0,Inactive,,,,,,,,,,,30.0,,,,,
4798,C.J. Germany,WR,,,,Active,,,,,,,,,,,30.0,,,,,
9759,C.J. Johnson,WR,,,22.0,Active,,,,,,,,,,,30.0,,,,,
7549,CJ Marable,RB,,,26.0,Active,,,,,,,,,,,30.0,,,,,
3204,C.J. Prosise,RB,,,27.0,Active,,,,,,,,,,,30.0,,,,,
8068,C.J. Saunders,WR,,,27.0,Active,,,,,,,,,,,30.0,,,,,
507,C.J. Spiller,RB,,,33.0,Inactive,,,,,,,,,,,30.0,,,,,
8187,CJ Verdell,RB,,,23.0,Active,,,,,,,,,,,30.0,,,,,
13554,CJ Williams,WR,JAX,,22.0,Active,,,,,,,,,,,30.0,,,,,
6359,C.J. Worton,WR,,,25.0,Active,,,,,,,,,,,30.0,,,,,
2947,Clay Burton,TE,,,32.0,Active,,,,,,,,,,,30.0,,,,,
584,Clay Harbor,TE,,,33.0,Inactive,,,,,,,,,,,30.0,,,,,
3924,Clayton Echard,TE,,,25.0,Inactive,,,,,,,,,,,30.0,,,,,
6147,Clayton Thorson,QB,NYG,,26.0,Active,,,,,,,,,,,30.0,,,,,
10217,Clayton Tune,QB,,,27.0,Active,,,,,,,,,,,30.0,,,,,
5733,Clayton Wilson,TE,,,27.0,Active,,,,,,,,,,,30.0,,,,,
2373,Clive Walford,TE,,,30.0,Active,,,,,,,,,,,30.0,,,,,
6820,Clyde Edwards-Helaire,RB,,,26.0,Active,,,,,,,,,,,30.0,,,,,
804,Clyde Gates,WR,,,31.0,Inactive,,,,,,,,,,,30.0,,,,,
1390,Cobi Hamilton,WR,,,31.0,Inactive,,,,,,,,,,,30.0,,,,,
1107,Coby Fleener,TE,,,31.0,Inactive,,,,,,,,,,,30.0,,,,,
5269,Codey McElroy,TE,,,29.0,Active,,,,,,,,,,,30.0,,,,,
11523,Cody Chrest,WR,,,25.0,Active,,,,,,,,,,,30.0,,,,,
3355,Cody Core,WR,,,28.0,Active,,,,,,,,,,,30.0,,,,,
2576,Cody Fajardo,QB,,,32.0,Active,,,,,,,,,,,30.0,,,,,
13834,Cody Hardy,TE,NO,,,Active,,,,,,,,,,,30.0,,,,,
4420,Cody Hollister,WR,,,29.0,Active,,,,,,,,,,,30.0,,,,,
3205,Cody Kessler,QB,,,28.0,Active,,,,,,,,,,,30.0,,,,,
2004,Cody Latimer,WR,,,29.0,Inactive,,,,,,,,,,,30.0,,,,,
11644,Cody Schrader,RB,DEN,,26.0,Active,,,,,,,,,,,30.0,,,,,
6171,Cody Thompson,WR,,,29.0,Active,,,,,,,,,,,30.0,,,,,
7039,Cody White,WR,SEA,,27.0,Active,,,,,,,,,,,30.0,,,,,
4738,Colby Pearson,WR,,,26.0,Active,,,,,,,,,,,30.0,,,,,
12268,Colby Suits,QB,,,,Active,,,,,,,,,,,30.0,,,,,
12264,Cole Beck,WR,,,29.0,Active,,,,,,,,,,,30.0,,,,,
12210,Cole Burgess,WR,,,26.0,Questionable,,,,,,,,,,,65.0,,,,,
8840,Cole Fotheringham,TE,,,27.0,Active,,,,,,,,,,,30.0,,,,,
6460,Cole Herdman,TE,,,26.0,Active,,,,,,,,,,,30.0,,,,,
4460,Cole Hikutini,TE,,,27.0,Inactive,,,,,,,,,,,30.0,,,,,
5231,Cole Hunt,TE,,,26.0,Active,,,,,,,,,,,30.0,,,,,
8224,Cole Kelley,QB,,,25.0,Active,,,,,,,,,,,30.0,,,,,
6954,Cole McDonald,QB,,,23.0,Inactive,,,,,,,,,,,30.0,,,,,
2582,Cole Stoudt,QB,,,33.0,Active,,,,,,,,,,,30.0,,,,,
3715,Cole Wick,TE,,,28.0,Inactive,,,,,,,,,,,30.0,,,,,
13844,Coleman Bennett,RB,CHI,,,Active,,,,,,,,,,,30.0,,,,,
12829,Coleman Owen,WR,IND,,25.0,Active,,,,,,,,,,,30.0,,,,,
12551,Colin Granger,TE,,,,Active,,,,,,,,,,,30.0,,,,,
4327,Colin Jeter,TE,,,26.0,Inactive,,,,,,,,,,,30.0,,,,,
980,Colin Kaepernick,QB,,,34.0,Inactive,,,,,,,,,,,30.0,,,,,
1894,Colin Lockett,WR,,,26.0,Inactive,,,,,,,,,,,30.0,,,,,
4647,Colin Thompson,TE,,,29.0,Active,,,,,,,,,,,30.0,,,,,
7983,Collin Hill,QB,,,24.0,Inactive,,,,,,,,,,,30.0,,,,,
6857,Collin Johnson,WR,,,27.0,Active,,,,,,,,,,,30.0,,,,,
13119,Collin Schlee,QB,,,24.0,Active,,,,,,,,,,,30.0,,,,,
11942,Colson Yankoff,TE,WAS,,26.0,Active,,,,,,,,,,,30.0,,,,,
533,Colt McCoy,QB,,,36.0,Active,,,,,,,,,,,30.0,,,,,
11046,Colton Dowell,WR,SF,,27.0,Active,,,,,,,,,,,30.0,,,,,
12776,Connor Bazelak,QB,TB,,25.0,Active,,,,,,,,,,,30.0,,,,,
3171,Connor Cook,QB,,,27.0,Inactive,,,,,,,,,,,30.0,,,,,
7503,Connor Davis,TE,,,27.0,Active,,,,,,,,,,,30.0,,,,,
2732,Connor Hamlett,TE,,,29.0,Inactive,,,,,,,,,,,30.0,,,,,
14069,Connor Hulstein,TE,NYJ,,,Active,,,,,,,,,,,30.0,,,,,
5808,Connor Jessop,QB,,,,Active,,,,,,,,,,,30.0,,,,,
2923,Connor Neighbors,RB,,,33.0,Active,,,,,,,,,,,30.0,,,,,
1910,Connor Shaw,QB,,,30.0,Injured Reserve,,,,,,,,,,,50.0,,,,,
7464,Connor Slomka,RB,,,24.0,Active,,,,,,,,,,,30.0,,,,,
7954,Connor Wedington,WR,,,23.0,Active,,,,,,,,,,,30.0,,,,,
1715,Cooper Helfet,TE,,,31.0,Inactive,,,,,,,,,,,30.0,,,,,
2684,Corbin Louks,WR,,,35.0,Active,,,,,,,,,,,30.0,,,,,
1535,Cordarrelle Patterson,RB,,,34.0,Active,,,,,,,,,,,30.0,,,,,
2185,Corey Brown,WR,,,28.0,Injured Reserve,,,,,,,,,,,50.0,,,,,
4651,Corey Clement,RB,,,29.0,Active,,,,,,,,,,,30.0,,,,,
3177,Corey Coleman,WR,,,28.0,Active,,,,,,,,,,,30.0,,,,,
12090,Corey Crooms,WR,,,23.0,Active,,,,,,,,,,,30.0,,,,,
4036,Corey Davis,WR,,,28.0,Active,,,,,,,,,,,30.0,,,,,
1514,Corey Fuller,WR,,,30.0,Injured Reserve,,,,,,,,,,,50.0,,,,,
2729,Corey Grant,RB,,,30.0,Inactive,,,,,,,,,,,30.0,,,,,
12491,Corey Kiner,RB,ARI,,24.0,Active,,,,,,,,,,,30.0,,,,,
2933,Corey Knox,RB,,,36.0,Active,,,,,,,,,,,30.0,,,,,
13898,Corey Rucker,WR,LV,,24.0,IR,,,,,,,,,,,85.0,,,,,
8438,Corey Sutton,WR,,,25.0,Injured Reserve,,,,,,,,,,,50.0,,,,,
8092,Corey Taylor,RB,,,24.0,Active,,,,,,,,,,,30.0,,,,,
2252,Corey Washington,WR,,,30.0,Inactive,,,,,,,,,,,30.0,,,,,
5155,Corey Willis,WR,,,26.0,Active,,,,,,,,,,,30.0,,,,,
11815,Cornelius Johnson,WR,BAL,,25.0,Active,,,,,,,,,,,30.0,,,,,
7541,Cornell Powell,WR,,,28.0,Active,,,,,,,,,,,30.0,,,,,
13849,Cortez Braham,WR,BAL,,26.0,Active,,,,,,,,,,,30.0,,,,,
6605,Cortrelle Simpson,WR,,,25.0,Inactive,,,,,,,,,,,30.0,,,,,
1296,Cory Harkey,TE,,,30.0,Inactive,,,,,,,,,,,30.0,,,,,
12772,Courtney Jackson,WR,TEN,,25.0,Active,,,,,,,,,,,30.0,,,,,
195,Courtney Roby,WR,,,34.0,Inactive,,,,,,,,,,,30.0,,,,,
6659,Craig Reynolds,RB,,,29.0,Questionable,,,,,,,,,,,65.0,,,,,
8079,Craig Stevens,TE,,,36.0,Inactive,,,,,,,,,,,30.0,,,,,
1868,Crockett Gillmore,TE,,,28.0,Inactive,,,,,,,,,,,30.0,,,,,
6293,Cullen Gillaspia,RB,,,27.0,Inactive,,,,,,,,,,,30.0,,,,,
8192,Curtis Hodges,TE,,,25.0,Active,,,,,,,,,,,30.0,,,,,
4050,Cyril Grayson,WR,,,28.0,Active,,,,,,,,,,,30.0,,,,,
1130,Cyrus Gray,RB,,,28.0,Inactive,,,,,,,,,,,30.0,,,,,
8699,Cyrus Holder,WR,,,,Active,,,,,,,,,,,30.0,,,,,
13331,Dae'Quan Wright,TE,PHI,,22.0,Active,,,,,,,,,,,30.0,,,,,
4998,DaeSean Hamilton,WR,,,27.0,Active,,,,,,,,,,,30.0,,,,,
11367,Daewood Davis,WR,,,25.0,Inactive,,,,,,,,,,,30.0,,,,,
8213,Dai'Jean Dixon,WR,,,24.0,Active,,,,,,,,,,,30.0,,,,,
11857,Daijun Edwards,RB,,,23.0,Active,,,,,,,,,,,30.0,,,,,
4544,Daikiel Shorts,WR,,,27.0,Active,,,,,,,,,,,30.0,,,,,
12333,Dakereon Joyner,WR,,,24.0,Active,,,,,,,,,,,30.0,,,,,
12291,Dakota Caton,WR,,,,Active,,,,,,,,,,,30.0,,,,,
12888,Dalen Cambre,WR,NYG,,25.0,Active,,,,,,,,,,,30.0,,,,,
13202,Dalevon Campbell,WR,LAC,,24.0,Active,,,,,,,,,,,30.0,,,,,
5,Dallas Clark,TE,,,38.0,Inactive,,,,,,,,,,,30.0,,,,,
11438,Dallas Daniels,WR,,,,Active,,,,,,,,,,,30.0,,,,,
4322,Dalton Crossan,RB,,,27.0,Inactive,,,,,,,,,,,30.0,,,,,
7082,Dalton Keene,TE,,,26.0,Active,,,,,,,,,,,30.0,,,,,
7320,Dalton Schoen,WR,,,25.0,Active,,,,,,,,,,,30.0,,,,,
5167,Dalton Sturm,QB,,,26.0,Active,,,,,,,,,,,30.0,,,,,
4029,Dalvin Cook,RB,,,29.0,Active,,,,,,,,,,,30.0,,,,,
5619,Dalyn Dawkins,RB,,,27.0,Active,,,,,,,,,,,30.0,,,,,
6334,Damarea Crockett,RB,,,25.0,Active,,,,,,,,,,,30.0,,,,,
5166,Da'Mari Scott,WR,,,26.0,Inactive,,,,,,,,,,,30.0,,,,,
1030,Damaris Johnson,WR,,,30.0,Inactive,,,,,,,,,,,30.0,,,,,
6017,DaMarkus Lodge,WR,,,24.0,Active,,,,,,,,,,,30.0,,,,,
2672,Damarr Aultman,WR,,,33.0,Active,,,,,,,,,,,30.0,,,,,
1983,Damian Copeland,WR,,,27.0,Inactive,,,,,,,,,,,30.0,,,,,
541,Damian Williams,WR,,,29.0,Inactive,,,,,,,,,,,30.0,,,,,
13440,Damien Alford,WR,,,25.0,Questionable,,,,,,,,,,,65.0,,,,,
11262,Damien Caffrey,TE,,,,Active,,,,,,,,,,,30.0,,,,,
1833,Damien Williams,RB,,,31.0,Inactive,,,,,,,,,,,30.0,,,,,
2673,Damiere Byrd,WR,,,31.0,Active,,,,,,,,,,,30.0,,,,,
6370,Damion Jeanpiere,WR,,,25.0,Active,,,,,,,,,,,30.0,,,,,
5080,Damion Ratley,WR,,,26.0,Active,,,,,,,,,,,30.0,,,,,
6549,Damion Willis,WR,,,24.0,Active,,,,,,,,,,,30.0,,,,,
13949,Damon Bankston,RB,NYG,,23.0,Active,,,,,,,,,,,30.0,,,,,
5258,Damon Gibson,WR,,,,Inactive,,,,,,,,,,,30.0,,,,,
7573,Damon Hazelton,WR,,,25.0,Active,,,,,,,,,,,30.0,,,,,
6195,Damon Sheehy-Guiseppi,WR,,,26.0,Active,,,,,,,,,,,30.0,,,,,
2937,Damond Powell,WR,,,32.0,Active,,,,,,,,,,,30.0,,,,,
4401,Damore'ea Stringfellow,WR,,,27.0,Active,,,,,,,,,,,30.0,,,,,
5125,Damoun Patterson,WR,,,27.0,Active,,,,,,,,,,,30.0,,,,,
4741,Dan Arnold,TE,,,28.0,Active,,,,,,,,,,,30.0,,,,,
7357,Dan Chisena,WR,CAR,,29.0,IR,,,,,,,,,,,85.0,,,,,
1307,Dan Herron,RB,,,31.0,Inactive,,,,,,,,,,,30.0,,,,,
3020,Dan Light,TE,,,31.0,Active,,,,,,,,,,,30.0,,,,,
374,Dan Orlovsky,QB,,,37.0,Inactive,,,,,,,,,,,30.0,,,,,
13321,Dan Villari,TE,LAR,,24.0,Active,,,,,,,,,,,30.0,,,,,
4767,Dane Evans,QB,,,28.0,Active,,,,,,,,,,,30.0,,,,,
13336,Dane Key,WR,DEN,,23.0,Active,,,,,,,,,,,30.0,,,,,
11184,Daniel Arias,WR,,,25.0,Active,,,,,,,,,,,30.0,,,,,
3385,Daniel Braverman,WR,,,28.0,Inactive,,,,,,,,,,,30.0,,,,,
2751,Daniel Brown,TE,,,29.0,Inactive,,,,,,,,,,,30.0,,,,,
8090,Daniel Crawford,TE,,,24.0,Active,,,,,,,,,,,30.0,,,,,
277,Daniel Fells,TE,,,36.0,Inactive,,,,,,,,,,,30.0,,,,,
12311,Daniel George,WR,,,,Active,,,,,,,,,,,30.0,,,,,
6089,Daniel Helm,TE,,,28.0,Active,,,,,,,,,,,30.0,,,,,
13053,Daniel Jackson,WR,,,23.0,Active,,,,,,,,,,,30.0,,,,,
3392,Daniel Lasco,RB,,,29.0,Inactive,,,,,,,,,,,30.0,,,,,
2817,Daniel Rodriguez,WR,,,37.0,Active,,,,,,,,,,,30.0,,,,,
13861,Daniel Sobkowicz,WR,HOU,,23.0,Active,,,,,,,,,,,30.0,,,,,
806,Daniel Thomas,RB,,,30.0,Inactive,,,,,,,,,,,30.0,,,,,
4829,Daniel Williams,WR,,,26.0,Active,,,,,,,,,,,30.0,,,,,
491,Danny Amendola,WR,,,36.0,Active,,,,,,,,,,,30.0,,,,,
3454,Danny Anthrop,WR,,,31.0,Active,,,,,,,,,,,30.0,,,,,
8602,Danny Davis,WR,,,24.0,Active,,,,,,,,,,,30.0,,,,,
5120,Danny Etling,QB,,,29.0,Active,,,,,,,,,,,30.0,,,,,
8176,Danny Gray,WR,PHI,,27.0,Active,,,,,,,,,,,30.0,,,,,
735,Danny Woodhead,RB,,,35.0,Inactive,,,,,,,,,,,30.0,,,,,
11654,Dante Miller,RB,NYG,,27.0,Active,,,,,,,,,,,30.0,,,,,
86,Dante Rosario,TE,,,33.0,Inactive,,,,,,,,,,,30.0,,,,,
13113,Dante Wright,WR,,,,Inactive,,,,,,,,,,,30.0,,,,,
12892,Da'Quan Felton,WR,NYJ,,25.0,Questionable,,,,,,,,,,,65.0,,,,,
7623,Darece Roberson,WR,,,23.0,Active,,,,,,,,,,,30.0,,,,,
1673,Da'Rick Rogers,WR,,,26.0,Inactive,,,,,,,,,,,30.0,,,,,
6762,Darion Clark,TE,,,27.0,Inactive,,,,,,,,,,,30.0,,,,,
3497,Darion Griswold,TE,,,29.0,Active,,,,,,,,,,,30.0,,,,,
7038,Darius Anderson,RB,,,25.0,Inactive,,,,,,,,,,,30.0,,,,,
7316,Darius Bradwell,RB,,,25.0,Active,,,,,,,,,,,30.0,,,,,
7614,Darius Clark,RB,,,25.0,Active,,,,,,,,,,,30.0,,,,,
2925,Darius Davis,WR,,,,Active,,,,,,,,,,,30.0,,,,,
11283,Darius Hagans,RB,,,24.0,Active,,,,,,,,,,,30.0,,,,,
3371,Darius Jackson,RB,,,28.0,Active,,,,,,,,,,,30.0,,,,,
2602,Darius Jennings,WR,,,29.0,Active,,,,,,,,,,,30.0,,,,,
13063,Darius Lassiter,WR,,,25.0,Active,,,,,,,,,,,30.0,,,,,
3768,Darius Powe,WR,,,27.0,Inactive,,,,,,,,,,,30.0,,,,,
5799,Darius Prince,WR,,,31.0,Active,,,,,,,,,,,30.0,,,,,
4791,Darius Victor,RB,,,27.0,Active,,,,,,,,,,,30.0,,,,,
3945,Darius White,WR,,,,Inactive,,,,,,,,,,,30.0,,,,,
6259,Darnell Holland,RB,,,25.0,Active,,,,,,,,,,,30.0,,,,,
2532,Da'Ron Brown,WR,,,30.0,Active,,,,,,,,,,,30.0,,,,,
5549,Darrel Williams,RB,,,28.0,Active,,,,,,,,,,,30.0,,,,,
4323,Darrell Daniels,TE,,,28.0,Active,,,,,,,,,,,30.0,,,,,
5916,Darrell Henderson,RB,,,26.0,Active,,,,,,,,,,,30.0,,,,,
7056,Darrell Stewart,WR,,,25.0,Inactive,,,,,,,,,,,30.0,,,,,
5665,Darren Andrews,WR,,,,Inactive,,,,,,,,,,,30.0,,,,,
5798,Darren Carrington,WR,,,27.0,NA,,,,,,,,,,,50.0,,,,,
1592,Darren Fells,TE,TB,,35.0,Active,,,,,,,,,,,30.0,,,,,
326,Darren McFadden,RB,,,33.0,Inactive,,,,,,,,,,,30.0,,,,,
246,Darren Sproles,RB,,,38.0,Injured Reserve,,,,,,,,,,,50.0,,,,,
4676,Darreus Rogers,WR,,,28.0,Active,,,,,,,,,,,30.0,,,,,
6448,Darrin Hall,RB,,,25.0,Active,,,,,,,,,,,30.0,,,,,
3804,Darrin Peterson,WR,,,24.0,Inactive,,,,,,,,,,,30.0,,,,,
2193,Darrin Reaves,RB,,,28.0,Inactive,,,,,,,,,,,30.0,,,,,
394,Darrius Heyward-Bey,WR,,,34.0,Inactive,,,,,,,,,,,30.0,,,,,
6519,Darrius Shepherd,WR,,,27.0,Active,,,,,,,,,,,30.0,,,,,
4835,Darrius Sims,RB,,,27.0,Active,,,,,,,,,,,30.0,,,,,
7064,Darrynton Evans,RB,,,27.0,Inactive,,,,,,,,,,,30.0,,,,,
5722,Darvin Kidsy,WR,,,26.0,Active,,,,,,,,,,,30.0,,,,,
6178,Darwin Thompson,RB,,,26.0,Active,,,,,,,,,,,30.0,,,,,
1265,Daryl Richardson,RB,,,30.0,Inactive,,,,,,,,,,,30.0,,,,,
4917,Daryl Virgies,RB,,,29.0,Active,,,,,,,,,,,30.0,,,,,
5102,Daurice Fountain,WR,,,28.0,Active,,,,,,,,,,,30.0,,,,,
2573,DaVaris Daniels,WR,,,32.0,Active,,,,,,,,,,,30.0,,,,,
882,David Ausberry,TE,,,29.0,Inactive,,,,,,,,,,,30.0,,,,,
8118,David Bell,WR,,,24.0,Active,,,,,,,,,,,30.0,,,,,
6450,David Blough,QB,,,28.0,Active,,,,,,,,,,,30.0,,,,,
2441,David Cobb,RB,,,27.0,Inactive,,,,,,,,,,,30.0,,,,,
11505,David Durden,WR,,,25.0,Active,,,,,,,,,,,30.0,,,,,
2106,David Fales,QB,,,31.0,Active,,,,,,,,,,,30.0,,,,,
1794,David Fluellen,RB,,,29.0,Active,,,,,,,,,,,30.0,,,,,
41,David Garrard,QB,,,39.0,Inactive,,,,,,,,,,,30.0,,,,,
3799,David Glidden,WR,,,26.0,Inactive,,,,,,,,,,,30.0,,,,,
3472,David Grinnage,TE,,,27.0,Inactive,,,,,,,,,,,30.0,,,,,
2391,David Johnson,RB,,,31.0,Active,,,,,,,,,,,30.0,,,,,
12357,David Martin-Robinson,TE,TEN,,26.0,Active,,,,,,,,,,,30.0,,,,,
3344,David Morgan,TE,,,28.0,Inactive,,,,,,,,,,,30.0,,,,,
506,David Nelson,WR,,,31.0,Inactive,,,,,,,,,,,30.0,,,,,
4775,David Olson,QB,,,,Inactive,,,,,,,,,,,30.0,,,,,
1091,David Paulson,TE,,,28.0,Inactive,,,,,,,,,,,30.0,,,,,
2787,David Porter,WR,,,32.0,Active,,,,,,,,,,,30.0,,,,,
3554,David Reeves,TE,,,32.0,Active,,,,,,,,,,,30.0,,,,,
3672,David Richards,WR,,,25.0,Inactive,,,,,,,,,,,30.0,,,,,
6154,David Sills,WR,TB,,30.0,Active,,,,,,,,,,,30.0,,,,,
12421,David Wallis,WR,,,23.0,Active,,,,,,,,,,,30.0,,,,,
3916,David Watford,WR,,,28.0,Active,,,,,,,,,,,30.0,,,,,
5235,David Wells,TE,,,29.0,Active,,,,,,,,,,,30.0,,,,,
12224,David White,WR,,,25.0,Active,,,,,,,,,,,30.0,,,,,
5115,David Williams,RB,,,27.0,Inactive,,,,,,,,,,,30.0,,,,,
6380,Davion Davis,WR,,,27.0,Active,,,,,,,,,,,30.0,,,,,
8560,Davis Cheek,QB,,,23.0,Active,,,,,,,,,,,30.0,,,,,
6469,Davis Koppenhaver,TE,,,25.0,Active,,,,,,,,,,,30.0,,,,,
4061,Davis Webb,QB,,,28.0,Active,,,,,,,,,,,30.0,,,,,
13339,Davon Booth,RB,CLE,,24.0,Active,,,,,,,,,,,30.0,,,,,
5176,Davon Grayson,WR,,,26.0,Active,,,,,,,,,,,30.0,,,,,
7751,Dax Milne,WR,,,25.0,Active,,,,,,,,,,,30.0,,,,,
6016,Dax Raymond,TE,PIT,,27.0,Active,,,,,,,,,,,30.0,,,,,
8928,Daylen Baldwin,WR,,,24.0,Active,,,,,,,,,,,30.0,,,,,
11964,Dayton Wade,WR,BAL,,25.0,Active,,,,,,,,,,,30.0,,,,,
7586,Dazz Newsome,WR,,,24.0,Active,,,,,,,,,,,30.0,,,,,
13438,DeaMonte Trayanum,RB,NYJ,,24.0,Active,,,,,,,,,,,30.0,,,,,
13315,Dean Connors,RB,LAR,,22.0,Active,,,,,,,,,,,30.0,,,,,
14020,Dean Patterson,WR,TB,,,Active,,,,,,,,,,,30.0,,,,,
2750,DeAndre Carter,WR,,,32.0,Questionable,,,,,,,,,,,65.0,,,,,
5256,DeAndre Goolsby,TE,,,25.0,Inactive,,,,,,,,,,,30.0,,,,,
3542,DeAndre Reaves,WR,,,32.0,Active,,,,,,,,,,,30.0,,,,,
2436,DeAndre Smelter,WR,,,30.0,Inactive,,,,,,,,,,,30.0,,,,,
6540,DeAndre Thompkins,WR,GB,,26.0,Inactive,,,,,,,,,,,30.0,,,,,
8243,DeAndre Torrey,RB,,,24.0,Active,,,,,,,,,,,30.0,,,,,
3300,DeAndre Washington,RB,,,28.0,Inactive,,,,,,,,,,,30.0,,,,,
2801,DeAndrew White,WR,,,30.0,Inactive,,,,,,,,,,,30.0,,,,,
12244,DeAngelo Hardy,WR,,,,Active,,,,,,,,,,,30.0,,,,,
4239,De'Angelo Henderson,RB,,,29.0,Inactive,,,,,,,,,,,30.0,,,,,
306,DeAngelo Williams,RB,,,37.0,Inactive,,,,,,,,,,,30.0,,,,,
4200,DeAngelo Yancey,WR,,,27.0,Active,,,,,,,,,,,30.0,,,,,
4610,Deante' Gray,WR,,,27.0,Active,,,,,,,,,,,30.0,,,,,
2023,De'Anthony Thomas,WR,,,29.0,Inactive,,,,,,,,,,,30.0,,,,,
4777,De'Chavon Hayes,RB,,,29.0,Active,,,,,,,,,,,30.0,,,,,
4146,Dede Westbrook,WR,,,29.0,Active,,,,,,,,,,,30.0,,,,,
7893,Dedrick Mills,RB,,,25.0,Active,,,,,,,,,,,30.0,,,,,
7612,Dee Eskridge,WR,,,28.0,Active,,,,,,,,,,,30.0,,,,,
13080,Deion Hankins,RB,,,25.0,Active,,,,,,,,,,,30.0,,,,,
5464,De'Lance Turner,RB,,,26.0,Active,,,,,,,,,,,30.0,,,,,
284,Delanie Walker,TE,,,37.0,Active,,,,,,,,,,,30.0,,,,,
904,DeMarco Murray,RB,,,32.0,Inactive,,,,,,,,,,,30.0,,,,,
3384,Demarcus Ayers,WR,,,27.0,Inactive,,,,,,,,,,,30.0,,,,,
4774,De'Mard Llorens,RB,,,27.0,Active,,,,,,,,,,,30.0,,,,,
5143,Demario Richard,RB,,,25.0,Active,,,,,,,,,,,30.0,,,,,
560,Demaryius Thomas,WR,,,34.0,Active,,,,,,,,,,,30.0,,,,,
12976,DeMeer Blankumsee,WR,,,,Active,,,,,,,,,,,30.0,,,,,
7609,Demetric Felton,RB,,,27.0,Active,,,,,,,,,,,30.0,,,,,
8439,Demetris Robertson,WR,,,25.0,Active,,,,,,,,,,,30.0,,,,,
1619,Demetrius Harris,TE,,,30.0,Active,,,,,,,,,,,30.0,,,,,
2918,Demetrius Wilson,WR,,,33.0,Active,,,,,,,,,,,30.0,,,,,
7279,DeMichael Harris,WR,,,24.0,Active,,,,,,,,,,,30.0,,,,,
8099,DeMichael Harris-DUP,WR,,,23.0,Active,,,,,,,,,,,30.0,,,,,
2293,Demitrius Bronson,RB,,,27.0,Inactive,,,,,,,,,,,30.0,,,,,
8721,De'Montre Tuggle,RB,,,23.0,Active,,,,,,,,,,,30.0,,,,,
5295,De'Mornay Pierson-El,WR,,,26.0,Active,,,,,,,,,,,30.0,,,,,
1449,Denard Robinson,RB,,,29.0,Inactive,,,,,,,,,,,30.0,,,,,
887,Denarius Moore,WR,,,31.0,Inactive,,,,,,,,,,,30.0,,,,,
665,Dennis Dixon,QB,,,32.0,Inactive,,,,,,,,,,,30.0,,,,,
3727,Dennis Parks,WR,,,30.0,Active,,,,,,,,,,,30.0,,,,,
527,Dennis Pitta,TE,,,36.0,Inactive,,,,,,,,,,,30.0,,,,,
6849,Denzel Mims,WR,DAL,,28.0,Active,,,,,,,,,,,30.0,,,,,
456,Deon Butler,TE,,,31.0,Inactive,,,,,,,,,,,30.0,,,,,
5101,Deon Cain,WR,,,29.0,Active,,,,,,,,,,,30.0,,,,,
7551,Deon Jackson,RB,,,26.0,Active,,,,,,,,,,,30.0,,,,,
2805,Deon Long,WR,,,27.0,Inactive,,,,,,,,,,,30.0,,,,,
5277,Deon Yelder,TE,,,27.0,Active,,,,,,,,,,,30.0,,,,,
6234,Deonte Harty,WR,,,27.0,Questionable,,,,,,,,,,,65.0,,,,,
1061,Deonte Thompson,WR,,,32.0,Inactive,,,,,,,,,,,30.0,,,,,
5703,Deontez Alexander,WR,,,26.0,Active,,,,,,,,,,,30.0,,,,,
4814,De'Quan Hampton,WR,,,27.0,Active,,,,,,,,,,,30.0,,,,,
691,Derek Anderson,QB,,,38.0,Injured Reserve,,,,,,,,,,,50.0,,,,,
1718,Derek Carrier,TE,,,31.0,Active,,,,,,,,,,,30.0,,,,,
764,Derek Hagan,WR,,,32.0,Inactive,,,,,,,,,,,30.0,,,,,
3684,Derek Keaton,WR,,,24.0,Inactive,,,,,,,,,,,30.0,,,,,
8570,Derek Wright,WR,,,25.0,Active,,,,,,,,,,,30.0,,,,,
1939,Derel Walker,WR,,,30.0,Active,,,,,,,,,,,30.0,,,,,
8199,D'Eriq King,QB,,,25.0,Active,,,,,,,,,,,30.0,,,,,
6694,D'Ernest Johnson,RB,,,29.0,Active,,,,,,,,,,,30.0,,,,,
8245,Derrick Deese,TE,,,24.0,Active,,,,,,,,,,,30.0,,,,,
7100,Derrick Dillon,WR,,,26.0,Active,,,,,,,,,,,30.0,,,,,
6753,Derrick Gore,RB,,,29.0,Active,,,,,,,,,,,30.0,,,,,
1842,Derrick Johnson,WR,,,33.0,Active,,,,,,,,,,,30.0,,,,,
5539,Derrick Willies,WR,,,27.0,Inactive,,,,,,,,,,,30.0,,,,,
4949,Derrius Guice,RB,,,24.0,Active,,,,,,,,,,,30.0,,,,,
2940,Des Lawrence,WR,,,27.0,Active,,,,,,,,,,,30.0,,,,,
147,DeSean Jackson,WR,,,36.0,Active,,,,,,,,,,,30.0,,,,,
4940,DeSean Smith,TE,,,27.0,Active,,,,,,,,,,,30.0,,,,,
12121,Deshaun Fenwick,RB,,,25.0,Active,,,,,,,,,,,30.0,,,,,
13888,DeShawn Hanika,TE,,,,Active,,,,,,,,,,,30.0,,,,,
2931,Deshon Foxx,WR,,,29.0,Active,,,,,,,,,,,30.0,,,,,
8102,DeShon Williams,TE,,,,Active,,,,,,,,,,,30.0,,,,,
4026,DeShone Kizer,QB,,,27.0,Active,,,,,,,,,,,30.0,,,,,
2632,Desmond Martin,RB,,,32.0,Active,,,,,,,,,,,30.0,,,,,
13327,Desmond Reid,RB,,,21.0,Questionable,,,,,,,,,,,65.0,,,,,
8159,Desmond Ridder,QB,,,26.0,Active,,,,,,,,,,,30.0,,,,,
5266,Detrez Newsome,RB,,,27.0,Inactive,,,,,,,,,,,30.0,,,,,
5243,Detrich Clark,WR,,,27.0,Active,,,,,,,,,,,30.0,,,,,
9505,Deuce Vaughn,RB,,,24.0,Active,,,,,,,,,,,30.0,,,,,
2577,Devante Davis,WR,,,32.0,Active,,,,,,,,,,,30.0,,,,,
4244,Devante Mays,RB,,,27.0,Inactive,,,,,,,,,,,30.0,,,,,
2319,DeVante Parker,WR,,,31.0,Active,,,,,,,,,,,30.0,,,,,
8253,Deven Thompkins,WR,LV,,26.0,Active,,,,,,,,,,,30.0,,,,,
4398,De'Veon Smith,RB,,,27.0,Inactive,,,,,,,,,,,30.0,,,,,
1104,DeVier Posey,WR,,,31.0,Inactive,,,,,,,,,,,30.0,,,,,
6956,Devin Asiasi,TE,,,26.0,Active,,,,,,,,,,,30.0,,,,,
12019,Devin Carter,WR,,,22.0,Active,,,,,,,,,,,30.0,,,,,
3393,Devin Fuller,WR,,,27.0,Active,,,,,,,,,,,30.0,,,,,
2346,Devin Funchess,TE,,,28.0,Active,,,,,,,,,,,30.0,,,,,
3021,Devin Gardner,WR,,,33.0,Active,,,,,,,,,,,30.0,,,,,
5244,Devin Gray,WR,,,27.0,Active,,,,,,,,,,,30.0,,,,,
279,Devin Hester,WR,,,37.0,Inactive,,,,,,,,,,,30.0,,,,,
11556,Devin Leary,QB,,,25.0,Active,,,,,,,,,,,30.0,,,,,
3380,Devin Lucien,WR,,,28.0,Active,,,,,,,,,,,30.0,,,,,
2922,Devin Mahina,TE,,,36.0,Active,,,,,,,,,,,30.0,,,,,
7396,Devin Phelps,WR,,,25.0,Active,,,,,,,,,,,30.0,,,,,
5292,Devin Ross,WR,,,28.0,Active,,,,,,,,,,,30.0,,,,,
2342,Devin Smith,WR,,,29.0,Active,,,,,,,,,,,30.0,,,,,
2074,Devin Street,WR,,,29.0,Injured Reserve,,,,,,,,,,,50.0,,,,,
6068,Devine Ozigbo,RB,,,27.0,Active,,,,,,,,,,,30.0,,,,,
4519,Devine Redding,RB,,,25.0,Active,,,,,,,,,,,30.0,,,,,
6595,Devlin Hodges,QB,,,25.0,Active,,,,,,,,,,,30.0,,,,,
8411,Devon Allen,WR,,,29.0,Active,,,,,,,,,,,30.0,,,,,
3500,Devon Cajuste,WR,,,28.0,Active,,,,,,,,,,,30.0,,,,,
12443,Devon Garrison,TE,,,,Active,,,,,,,,,,,30.0,,,,,
3412,Devon Johnson,RB,,,28.0,Active,,,,,,,,,,,30.0,,,,,
8186,Devon Williams,WR,,,,Active,,,,,,,,,,,30.0,,,,,
1133,Devon Wylie,WR,,,29.0,Inactive,,,,,,,,,,,30.0,,,,,
2168,Devonta Freeman,RB,,,30.0,Active,,,,,,,,,,,30.0,,,,,
3209,Devontae Booker,RB,,,29.0,Active,,,,,,,,,,,30.0,,,,,
6539,Devontae Jackson,RB,,,25.0,Active,,,,,,,,,,,30.0,,,,,
5608,Devonte Boyd,WR,,,27.0,Active,,,,,,,,,,,30.0,,,,,
8108,DeVonte Dedmon,WR,,,26.0,Active,,,,,,,,,,,30.0,,,,,
13632,Devonte Ross,WR,LAC,,23.0,Active,,,,,,,,,,,30.0,,,,,
8019,Devontres Dukes,WR,,,24.0,Active,,,,,,,,,,,30.0,,,,,
11913,Devron Harper,WR,,,24.0,Active,,,,,,,,,,,30.0,,,,,
7236,Devwah Whaley,RB,,,24.0,Active,,,,,,,,,,,30.0,,,,,
9512,DeWayne McBride,RB,,,23.0,Active,,,,,,,,,,,30.0,,,,,
564,Dexter McCluster,RB,,,32.0,Inactive,,,,,,,,,,,30.0,,,,,
6153,Dexter Williams,RB,,,25.0,Active,,,,,,,,,,,30.0,,,,,
574,Dez Bryant,WR,,,33.0,Inactive,,,,,,,,,,,30.0,,,,,
7729,Dez Fitzpatrick,WR,,,27.0,Questionable,,,,,,,,,,,65.0,,,,,
3599,Dez Stewart,WR,,,28.0,Inactive,,,,,,,,,,,30.0,,,,,
2533,Dezmin Lewis,WR,,,27.0,Inactive,,,,,,,,,,,30.0,,,,,
6985,Dezmon Patmon,WR,,,25.0,Active,,,,,,,,,,,30.0,,,,,
2946,Diandre Campbell,WR,,,27.0,Inactive,,,,,,,,,,,30.0,,,,,
11580,Dillon Johnson,RB,,,23.0,Active,,,,,,,,,,,30.0,,,,,
6047,Dillon Mitchell,WR,,,24.0,Inactive,,,,,,,,,,,30.0,,,,,
7996,Dillon Stoner,WR,,,25.0,Inactive,,,,,,,,,,,30.0,,,,,
12281,Dimitri Stanley,WR,,,25.0,Active,,,,,,,,,,,30.0,,,,,
788,Dion Lewis,RB,,,31.0,Injured Reserve,,,,,,,,,,,50.0,,,,,
1357,Dion Sims,TE,,,30.0,Injured Reserve,,,,,,,,,,,50.0,,,,,
5937,Diontae Johnson,WR,FA,,29.0,Active,,,156.0,16.0,,,,,443.0,,30.0,,,,,
5828,Diontae Spencer,WR,,,31.0,Inactive,,,,,,,,,,,30.0,,,,,
4951,DJ Chark,WR,,,28.0,Active,,,,,,,,,,,30.0,,,,,
3488,D.J. Foster,RB,,,28.0,Inactive,,,,,,,,,,,30.0,,,,,
6453,D.J. Montgomery,WR,,,29.0,Active,,,,,,,,,,,30.0,,,,,
13355,DJ Rogers,TE,DAL,,24.0,Active,,,,,,,,,,,30.0,,,,,
12973,DJ Thomas-Jones,TE,,,23.0,Active,,,,,,,,,,,30.0,,,,,
7989,DJ Turner,WR,HOU,,29.0,IR,,,,,,,,,,,85.0,,,,,
12773,DJ Uiagalelei,QB,LAC,,25.0,Active,,,,,,,,,,,30.0,,,,,
935,DJ Williams,TE,,,29.0,Inactive,,,,,,,,,,,30.0,,,,,
3914,Dobson Collins,WR,,,31.0,Inactive,,,,,,,,,,,30.0,,,,,
13264,Dohnte Meyers,WR,CIN,,26.0,Active,,,,,,,,,,,30.0,,,,,
3505,Dom Williams,WR,,,29.0,Active,,,,,,,,,,,30.0,,,,,
65,Domenik Hixon,WR,,,32.0,Inactive,,,,,,,,,,,30.0,,,,,
12732,Dominic Lovett,WR,DET,,23.0,Active,,,,,,,,,,,30.0,,,,,
13725,Dominic Richardson,RB,DAL,,25.0,Active,,,,,,,,,,,30.0,,,,,
6993,Dominick Wood-Anderson,TE,,,23.0,Active,,,,,,,,,,,30.0,,,,,
2820,Dominique Brown,RB,,,33.0,Active,,,,,,,,,,,30.0,,,,,
7502,Dominique Dafney,TE,,,28.0,Active,,,,,,,,,,,30.0,,,,,
1237,Dominique Davis,QB,,,29.0,Inactive,,,,,,,,,,,30.0,,,,,
1246,Dominique Jones,TE,,,34.0,Inactive,,,,,,,,,,,30.0,,,,,
2165,Dominique Williams,RB,,,29.0,Inactive,,,,,,,,,,,30.0,,,,,
3722,Don Jackson,RB,,,28.0,Inactive,,,,,,,,,,,30.0,,,,,
377,Donald Brown,RB,,,33.0,Inactive,,,,,,,,,,,30.0,,,,,
6074,Donald Parham,TE,,,28.0,Active,,,,,,,,,,,30.0,,,,,
2570,Donatella Luckett,WR,,,34.0,Active,,,,,,,,,,,30.0,,,,,
13409,Donaven McCulley,WR,MIA,,23.0,Active,,,,,,,,,,,30.0,,,,,
4178,Donnel Pumphrey,RB,,,27.0,Inactive,,,,,,,,,,,30.0,,,,,
104,Donnie Avery,WR,,,33.0,Inactive,,,,,,,,,,,30.0,,,,,
5288,Donnie Ernsberger,TE,TEN,,25.0,Questionable,,,,,,,,,,,65.0,,,,,
6824,Donovan Peoples-Jones,WR,,,26.0,Active,,,,,,,,,,,30.0,,,,,
13852,Dontae McMillan,RB,BAL,,24.0,Active,,,,,,,,,,,30.0,,,,,
6592,Dontae Strickland,RB,,,24.0,Active,,,,,,,,,,,30.0,,,,,
8166,Dontario Drummond,WR,,,26.0,Active,,,,,,,,,,,30.0,,,,,
11382,Dontay Demus,WR,,,23.0,Active,,,,,,,,,,,30.0,,,,,
2158,Donte Foster,WR,,,27.0,Inactive,,,,,,,,,,,30.0,,,,,
1971,Donte Moncrief,WR,,,28.0,Active,,,,,,,,,,,30.0,,,,,
8052,Donte Sylencieux,WR,,,,Inactive,,,,,,,,,,,30.0,,,,,
2824,Donteea Dye,WR,,,27.0,Inactive,,,,,,,,,,,30.0,,,,,
5242,Dontez Byrd,WR,,,26.0,Active,,,,,,,,,,,30.0,,,,,
4595,Dontez Ford,WR,,,27.0,Active,,,,,,,,,,,30.0,,,,,
4941,Dontre Wilson,WR,,,,Active,,,,,,,,,,,30.0,,,,,
5536,Dontrell Hilliard,RB,,,28.0,Inactive,,,,,,,,,,,30.0,,,,,
2291,Dontrelle Inman,WR,,,32.0,Active,,,,,,,,,,,30.0,,,,,
2345,Dorial Green-Beckham,WR,,,27.0,Inactive,,,,,,,,,,,30.0,,,,,
6449,Dorian Baker,WR,,,25.0,Active,,,,,,,,,,,30.0,,,,,
13064,Dorian Singer,WR,,,23.0,Active,,,,,,,,,,,30.0,,,,,
10862,Dorian Thompson-Robinson,QB,,,25.0,Active,,,,,,,,,,,30.0,,,,,
542,Dorin Dickerson,TE,,,29.0,Inactive,,,,,,,,,,,30.0,,,,,
5359,Dorren Miller,WR,,,27.0,Active,,,,,,,,,,,30.0,,,,,
988,Doug Baldwin,WR,,,33.0,Injured Reserve,,,,,,,,,,,50.0,,,,,
1195,Doug Martin,RB,,,32.0,Inactive,,,,,,,,,,,30.0,,,,,
2615,Doug McNeil,WR,,,30.0,Inactive,,,,,,,,,,,30.0,,,,,
13210,Drake Dabney,TE,GB,,24.0,Active,,,,,,,,,,,30.0,,,,,
12133,Drake Stoops,WR,,,26.0,Active,,,,,,,,,,,30.0,,,,,
8760,Dre Miller,TE,,,25.0,Active,,,,,,,,,,,30.0,,,,,
2652,Dreamius Smith,RB,,,28.0,Inactive,,,,,,,,,,,30.0,,,,,
6362,Dredrick Snelson,WR,,,23.0,Inactive,,,,,,,,,,,30.0,,,,,
2587,Dres Anderson,WR,,,29.0,Active,,,,,,,,,,,30.0,,,,,
11169,Dresser Winn,QB,,,26.0,Active,,,,,,,,,,,30.0,,,,,
6371,Drew Anderson,QB,,,26.0,Active,,,,,,,,,,,30.0,,,,,
6374,Drew Belcher,TE,,,25.0,Active,,,,,,,,,,,30.0,,,,,
14068,Drew Biber,TE,GB,,,Active,,,,,,,,,,,30.0,,,,,
289,Drew Brees,QB,,,42.0,Injured Reserve,,,,,,,,,,,50.0,,,,,
8543,Drew Estrada,WR,,,25.0,Active,,,,,,,,,,,30.0,,,,,
4396,Drew Morgan,WR,,,27.0,Active,,,,,,,,,,,30.0,,,,,
8915,Drew Plitt,QB,,,26.0,Active,,,,,,,,,,,30.0,,,,,
181,Drew Stanton,QB,,,37.0,Active,,,,,,,,,,,30.0,,,,,
1914,Dri Archer,RB,,,29.0,Inactive,,,,,,,,,,,30.0,,,,,
13326,DT Sheffield,WR,NYJ,,25.0,Active,,,,,,,,,,,30.0,,,,,
4909,Duce Staley,RB,,,,Inactive,,,,,,,,,,,30.0,,,,,
11204,Duece Watts,WR,,,24.0,Active,,,,,,,,,,,30.0,,,,,
863,DuJuan Harris,RB,,,32.0,Inactive,,,,,,,,,,,30.0,,,,,
2382,Duke Johnson,RB,,,29.0,Active,,,,,,,,,,,30.0,,,,,
3846,Duke Williams,WR,,,28.0,Active,,,,,,,,,,,30.0,,,,,
5282,Duplicate Player,WR,CHI,,,Inactive,,,,,,,,,,,30.0,,,,,
2564,Duron Carter,WR,,,26.0,Inactive,,,,,,,,,,,30.0,,,,,
3630,Durron Neal,WR,,,31.0,Active,,,,,,,,,,,30.0,,,,,
8212,Dustin Crum,QB,,,24.0,Active,,,,,,,,,,,30.0,,,,,
315,Dustin Keller,TE,,,32.0,Inactive,,,,,,,,,,,30.0,,,,,
2075,Dustin Vaughan,QB,,,30.0,Inactive,,,,,,,,,,,30.0,,,,,
8184,D'Vonte Price,RB,,,23.0,Inactive,,,,,,,,,,,30.0,,,,,
1105,Dwayne Allen,TE,,,31.0,Inactive,,,,,,,,,,,30.0,,,,,
286,Dwayne Bowe,WR,,,35.0,Inactive,,,,,,,,,,,30.0,,,,,
902,Dwayne Harris,WR,,,34.0,Inactive,,,,,,,,,,,30.0,,,,,
5845,Dwayne Haskins,QB,PIT,,24.0,Active,,,,,,,,,,,30.0,,,,,
5103,Dylan Cantrell,TE,,,27.0,Active,,,,,,,,,,,30.0,,,,,
13284,Dylan Devezin,RB,,,,Active,,,,,,,,,,,30.0,,,,,
11474,Dylan Drummond,WR,ATL,,26.0,Active,,,,,,,,,,,30.0,,,,,
12107,Dylan Leonard,TE,,,24.0,Active,,,,,,,,,,,30.0,,,,,
12283,Dylan McDuffie,RB,,,24.0,Active,,,,,,,,,,,30.0,,,,,
8751,Dylan Parham,TE,,,24.0,Active,,,,,,,,,,,30.0,,,,,
7905,Dylan Soehner,TE,,,25.0,Active,,,,,,,,,,,30.0,,,,,
7272,Dylan Stapleton,TE,,,23.0,Inactive,,,,,,,,,,,30.0,,,,,
2586,Dylan Thompson,QB,,,28.0,Inactive,,,,,,,,,,,30.0,,,,,
13143,Dymere Miller,WR,,,,Active,,,,,,,,,,,30.0,,,,,
415,Earl Bennett,WR,,,30.0,Inactive,,,,,,,,,,,30.0,,,,,
7334,Earnest Edwards,WR,,,23.0,Inactive,,,,,,,,,,,30.0,,,,,
2926,Earnest Pettway,TE,,,,Inactive,,,,,,,,,,,30.0,,,,,
7337,Easop Winston,WR,,,28.0,Active,,,,,,,,,,,30.0,,,,,
12354,Easton Dean,TE,,,20.0,Active,,,,,,,,,,,30.0,,,,,
6185,Easton Stick,QB,IND,,30.0,Active,,,,,,,,,,,30.0,,,,,
701,Ed Dickson,TE,,,34.0,Inactive,,,,,,,,,,,30.0,,,,,
3701,Ed Eagan,WR,,,28.0,Inactive,,,,,,,,,,,30.0,,,,,
11529,Ed Lee,WR,,,24.0,Active,,,,,,,,,,,30.0,,,,,
2876,Ed Williams,WR,,,27.0,Inactive,,,,,,,,,,,30.0,,,,,
1527,Eddie Lacy,RB,,,30.0,Inactive,,,,,,,,,,,30.0,,,,,
297,Eddie Royal,WR,,,34.0,Inactive,,,,,,,,,,,30.0,,,,,
1324,Edwin Baker,RB,,,26.0,Inactive,,,,,,,,,,,30.0,,,,,
2559,E.J. Bibbs,TE,,,29.0,Injured Reserve,,,,,,,,,,,50.0,,,,,
13931,E.J. Horton,WR,IND,,,Active,,,,,,,,,,,30.0,,,,,
11304,E.J. Jenkins,TE,PHI,,27.0,Active,,,,,,,,,,,30.0,,,,,
1349,E.J. Manuel,QB,,,30.0,Inactive,,,,,,,,,,,30.0,,,,,
8193,E.J. Perry,QB,,,26.0,Active,,,,,,,,,,,30.0,,,,,
13778,EJ Smith,RB,KC,,24.0,Active,,,,,,,,,,,30.0,,,,,
13989,E.J. Warner,QB,,,,Active,,,,,,,,,,,30.0,,,,,
13805,E.J. Williams,WR,LV,,24.0,Active,,,,,,,,,,,30.0,,,,,
5744,Eldridge Massington,WR,NO,,24.0,Active,,,,,,,,,,,30.0,,,,,
13423,Eli Heidenreich,RB,PIT,9.0,23.0,Active,,,104.0,14.0,,,,,342.0,,30.0,,,,,
4665,Eli Jenkins,QB,,,27.0,Active,,,,,,,,,,,30.0,,,,,
188,Eli Manning,QB,,,39.0,Active,,,,,,,,,,,30.0,,,,,
12909,Eli Pancol,WR,IND,,26.0,Active,,,,,,,,,,,30.0,,,,,
2980,Eli Rogers,WR,,,29.0,Inactive,,,,,,,,,,,30.0,,,,,
7935,Eli Stove,WR,,,,Inactive,,,,,,,,,,,30.0,,,,,
13100,Eli Wilson,TE,,,,Active,,,,,,,,,,,30.0,,,,,
7065,Eli Wolf,TE,,,24.0,Inactive,,,,,,,,,,,30.0,,,,,
12066,Elijah Collins,RB,,,24.0,Active,,,,,,,,,,,30.0,,,,,
11139,Elijah Cooks,WR,CAR,,27.0,Active,,,,,,,,,,,30.0,,,,,
11114,Elijah Dotson,RB,,,26.0,Active,,,,,,,,,,,30.0,,,,,
5919,Elijah Holyfield,RB,,,25.0,Active,,,,,,,,,,,30.0,,,,,
4265,Elijah Hood,RB,,,26.0,Inactive,,,,,,,,,,,30.0,,,,,
5548,Elijah Marks,WR,,,26.0,Active,,,,,,,,,,,30.0,,,,,
4263,Elijah McGuire,RB,KC,,27.0,Active,,,,,,,,,,,30.0,,,,,
13909,Elijah Tau-Tolliver,RB,BAL,,23.0,Active,,,,,,,,,,,30.0,,,,,
12818,Elijah Young,RB,,,24.0,Active,,,,,,,,,,,30.0,,,,,
3803,Elijhaa Penny,RB,,,28.0,Active,,,,,,,,,,,30.0,,,,,
12810,Elijhah Badger,WR,,,24.0,Active,,,,,,,,,,,30.0,,,,,
6393,Elkanah Dillon,TE,,,,Inactive,,,,,,,,,,,30.0,,,,,
11483,Ellis Merriweather,RB,,,26.0,Active,,,,,,,,,,,30.0,,,,,
6462,Ellis Richardson,TE,,,26.0,Active,,,,,,,,,,,30.0,,,,,
11998,Emani Bailey,RB,,,23.0,Active,,,,,,,,,,,30.0,,,,,
4518,Emanuel Byrd,TE,,,27.0,Inactive,,,,,,,,,,,30.0,,,,,
5924,Emanuel Hall,WR,,,24.0,Inactive,,,,,,,,,,,30.0,,,,,
8238,Emeka Emezie,WR,,,23.0,Inactive,,,,,,,,,,,30.0,,,,,
1316,Emil Igwenagu,RB,,,29.0,Inactive,,,,,,,,,,,30.0,,,,,
6107,Emmanuel Butler,WR,,,25.0,Inactive,,,,,,,,,,,30.0,,,,,
13313,Emmanuel Henderson,WR,SEA,,23.0,Active,,,,,,,,,,,30.0,,,,,
538,Emmanuel Sanders,WR,,,35.0,Active,,,,,,,,,,,30.0,,,,,
1605,Emory Blake,WR,,,26.0,Inactive,,,,,,,,,,,30.0,,,,,
13772,Eni Falayi,TE,,,,Active,,,,,,,,,,,30.0,,,,,
6951,Eno Benjamin,RB,,,25.0,Active,,,,,,,,,,,30.0,,,,,
558,Eric Decker,WR,,,33.0,Inactive,,,,,,,,,,,30.0,,,,,
6443,Eric Dungey,QB,,,25.0,Active,,,,,,,,,,,30.0,,,,,
2118,Eric Ebron,TE,PIT,,28.0,Inactive,,,,,,,,,,,30.0,,,,,
2932,Eric Frohnapfel,TE,,,32.0,Active,,,,,,,,,,,30.0,,,,,
13354,Eric McAlister,WR,,,,Questionable,,,,,,,,,,,65.0,,,,,
13316,Eric Rivers,WR,TB,,23.0,Active,,,,,,,,,,,30.0,,,,,
1701,Eric Rogers,WR,,,30.0,Active,,,,,,,,,,,30.0,,,,,
2755,Eric Tomlinson,TE,,,32.0,Active,,,,,,,,,,,30.0,,,,,
3908,Eric Wallace,TE,,,33.0,Active,,,,,,,,,,,30.0,,,,,
130,Eric Weems,WR,,,35.0,Inactive,,,,,,,,,,,30.0,,,,,
8575,Erik Krommenhoek,TE,,,,Active,,,,,,,,,,,30.0,,,,,
1975,Erik Swoope,TE,,,29.0,Inactive,,,,,,,,,,,30.0,,,,,
2957,Ernst Brun,TE,,,34.0,Active,,,,,,,,,,,30.0,,,,,
5407,Ervin Philips,RB,,,26.0,Active,,,,,,,,,,,30.0,,,,,
13661,Ethan Conner,TE,JAX,,,Active,,,,,,,,,,,30.0,,,,,
8831,Ethan Fernea,WR,,,26.0,Active,,,,,,,,,,,30.0,,,,,
12965,Ethan Garbers,QB,,,23.0,Active,,,,,,,,,,,30.0,,,,,
5196,Ethan Wolf,TE,,,26.0,Active,,,,,,,,,,,30.0,,,,,
4605,Evan Baylis,TE,,,28.0,Active,,,,,,,,,,,30.0,,,,,
5530,Evan Berry,WR,,,26.0,Active,,,,,,,,,,,30.0,,,,,
9220,Evan Hull,RB,ARI,,25.0,Active,,,,,,,,,,,30.0,,,,,
1152,Evan Rodriguez,TE,,,29.0,Inactive,,,,,,,,,,,30.0,,,,,
920,Evan Royster,RB,,,29.0,Inactive,,,,,,,,,,,30.0,,,,,
2488,Evan Spencer,WR,,,27.0,Inactive,,,,,,,,,,,30.0,,,,,
13630,Evan Svoboda,TE,LAC,,23.0,Active,,,,,,,,,,,30.0,,,,,
3164,Ezekiel Elliott,RB,,,29.0,Active,,,,,,,,,,,30.0,,,,,
2703,Ezell Ruffin,WR,,,32.0,Active,,,,,,,,,,,30.0,,,,,
7483,Farrod Green,TE,,,24.0,Active,,,,,,,,,,,30.0,,,,,
8798,Felix Harper,QB,,,,Active,,,,,,,,,,,30.0,,,,,
291,Felix Jones,RB,,,30.0,Inactive,,,,,,,,,,,30.0,,,,,
5941,Felton Davis,WR,,,24.0,Active,,,,,,,,,,,30.0,,,,,
2282,Fitzgerald Toussaint,RB,,,30.0,Inactive,,,,,,,,,,,30.0,,,,,
6697,Floyd Allen,WR,,,25.0,Active,,,,,,,,,,,30.0,,,,,
1709,Fozzy Whittaker,RB,,,31.0,Inactive,,,,,,,,,,,30.0,,,,,
4879,Francis Owusu,WR,,,25.0,NA,,,,,,,,,,,50.0,,,,,
5814,Frank Stephens,WR,,,30.0,NA,,,,,,,,,,,50.0,,,,,
1614,Frankie Hammond,WR,,,30.0,Inactive,,,,,,,,,,,30.0,,,,,
4930,Franko House,TE,CHI,,23.0,Active,,,,,,,,,,,30.0,,,,,
3923,Franky Okafor,WR,,,25.0,Inactive,,,,,,,,,,,30.0,,,,,
4752,Fred Brown,WR,,,28.0,Active,,,,,,,,,,,30.0,,,,,
98,Fred Davis,TE,,,31.0,Inactive,,,,,,,,,,,30.0,,,,,
228,Fred Jackson,RB,,,39.0,Inactive,,,,,,,,,,,30.0,,,,,
4360,Fred Ross,WR,,,26.0,Inactive,,,,,,,,,,,30.0,,,,,
6701,Fred Trevillion,WR,,,27.0,Inactive,,,,,,,,,,,30.0,,,,,
2284,Fred Williams,WR,,,29.0,Inactive,,,,,,,,,,,30.0,,,,,
4825,Freddie Brown,WR,,,34.0,NA,,,,,,,,,,,50.0,,,,,
2171,Freddie Martino,WR,,,30.0,Inactive,,,,,,,,,,,30.0,,,,,
7135,Freddie Swain,WR,,,26.0,Inactive,,,,,,,,,,,30.0,,,,,
6943,Gabe Davis,WR,,,26.0,Questionable,,,,,,,,,,,65.0,,,,,
2714,Gabe Holmes,TE,,,30.0,Inactive,,,,,,,,,,,30.0,,,,,
3759,Gabe Hughes,TE,,,24.0,Inactive,,,,,,,,,,,30.0,,,,,
4508,Gabe Marks,WR,,,27.0,Active,,,,,,,,,,,30.0,,,,,
13939,Gabriel Benyard,WR,,,,Active,,,,,,,,,,,30.0,,,,,
3045,Gannon Sinclair,TE,,,28.0,Active,,,,,,,,,,,30.0,,,,,
11528,Garett Maag,WR,,,23.0,Active,,,,,,,,,,,30.0,,,,,
1223,Garrett Celek,TE,,,33.0,Injured Reserve,,,,,,,,,,,50.0,,,,,
5756,Garrett Dickerson,TE,,,26.0,Active,,,,,,,,,,,30.0,,,,,
2229,Garrett Gilbert,QB,,,32.0,Active,,,,,,,,,,,30.0,,,,,
543,Garrett Graham,TE,,,34.0,Inactive,,,,,,,,,,,30.0,,,,,
2380,Garrett Grayson,QB,,,29.0,Inactive,,,,,,,,,,,30.0,,,,,
12792,Garrett Greene,QB,TB,,24.0,Active,,,,,,,,,,,30.0,,,,,
3894,Garrett Griffin,TE,,,29.0,Active,,,,,,,,,,,30.0,,,,,
7990,Garrett Groshek,RB,,,24.0,Active,,,,,,,,,,,30.0,,,,,
5750,Garrett Hudson,TE,,,26.0,Active,,,,,,,,,,,30.0,,,,,
5637,Garrett Johnson,WR,,,26.0,Active,,,,,,,,,,,30.0,,,,,
4922,Garrett Scantling,WR,ATL,,,Active,,,,,,,,,,,30.0,,,,,
8621,Garrett Walston,TE,,,24.0,Active,,,,,,,,,,,30.0,,,,,
176,Gary Barnidge,TE,,,34.0,Inactive,,,,,,,,,,,30.0,,,,,
6045,Gary Jennings,WR,,,26.0,Active,,,,,,,,,,,30.0,,,,,
12700,Gavin Bartholomew,TE,MIN,,23.0,Questionable,,,,,,,,,,,65.0,,,,,
1485,Gavin Escobar,TE,,,30.0,Inactive,,,,,,,,,,,30.0,,,,,
12149,Gavin Hardison,QB,,,24.0,Active,,,,,,,,,,,30.0,,,,,
11478,Gavin Holmes,WR,,,24.0,Active,,,,,,,,,,,30.0,,,,,
2913,Gavin Lutman,WR,,,33.0,Active,,,,,,,,,,,30.0,,,,,
12981,Gee Scott,TE,,,25.0,Questionable,,,,,,,,,,,65.0,,,,,
4489,Gehrig Dieter,WR,,,29.0,Active,,,,,,,,,,,30.0,,,,,
2545,Geoff Swaim,TE,,,31.0,Active,,,,,,,,,,,30.0,,,,,
12093,Geordon Porter,WR,,,,Active,,,,,,,,,,,30.0,,,,,
2026,George Atkinson,RB,,,29.0,Inactive,,,,,,,,,,,30.0,,,,,
7387,George Campbell,WR,,,25.0,Inactive,,,,,,,,,,,30.0,,,,,
2890,George Farmer,WR,,,28.0,Inactive,,,,,,,,,,,30.0,,,,,
1681,George Winn,RB,,,29.0,Inactive,,,,,,,,,,,30.0,,,,,
12435,Geor'Quarius Spivey,TE,,,25.0,Active,,,,,,,,,,,30.0,,,,,
2555,Gerald Christian,TE,,,30.0,Inactive,,,,,,,,,,,30.0,,,,,
4089,Gerald Everett,TE,,,30.0,Active,,,,,,,,,,,30.0,,,,,
5791,Gerald Holmes,RB,,,27.0,Active,,,,,,,,,,,30.0,,,,,
1274,Gerell Robinson,TE,,,28.0,Inactive,,,,,,,,,,,30.0,,,,,
2487,Geremy Davis,WR,,,30.0,Active,,,,,,,,,,,30.0,,,,,
4827,Germone Hopper,WR,,,28.0,Active,,,,,,,,,,,30.0,,,,,
3503,Geronimo Allison,WR,,,28.0,Active,,,,,,,,,,,30.0,,,,,
7539,Gerrid Doaks,RB,,,25.0,Active,,,,,,,,,,,30.0,,,,,
8247,Gerrit Prince,TE,,,26.0,Active,,,,,,,,,,,30.0,,,,,
13153,Giles Jackson,WR,,,24.0,Active,,,,,,,,,,,30.0,,,,,
4710,Gio Pascascio,WR,,,27.0,Active,,,,,,,,,,,30.0,,,,,
1386,Giovani Bernard,RB,,,31.0,Active,,,,,,,,,,,30.0,,,,,
1,GJ Kinne,QB,,,28.0,Inactive,,,,,,,,,,,30.0,,,,,
4914,Glen Coffee,RB,SF,,30.0,Active,,,,,,,,,,,30.0,,,,,
2297,Glenn Winston,RB,,,31.0,Inactive,,,,,,,,,,,30.0,,,,,
5220,Godwin Igwebuike,RB,,,29.0,Active,,,,,,,,,,,30.0,,,,,
642,Golden Tate,WR,,,33.0,Active,,,,,,,,,,,30.0,,,,,
8095,Graham Adomitis,TE,,,25.0,Active,,,,,,,,,,,30.0,,,,,
6769,Graham Harrell,QB,,,34.0,Inactive,,,,,,,,,,,30.0,,,,,
12705,Graham Mertz,QB,HOU,,25.0,Active,,,,,,,,,,,30.0,,,,,
11024,Grant DuBose,WR,,,24.0,Questionable,,,,,,,,,,,65.0,,,,,
8638,Grayson Gunter,TE,,,25.0,Active,,,,,,,,,,,30.0,,,,,
8226,Greg Bell,RB,,,25.0,Active,,,,,,,,,,,30.0,,,,,
264,Greg Jennings,WR,,,36.0,Inactive,,,,,,,,,,,30.0,,,,,
133,Greg Jones,RB,,,36.0,Inactive,,,,,,,,,,,30.0,,,,,
835,Greg Little,WR,,,31.0,Inactive,,,,,,,,,,,30.0,,,,,
58,Greg Olsen,TE,,,36.0,Injured Reserve,,,,,,,,,,,50.0,,,,,
1763,Greg Orton,WR,,,30.0,Inactive,,,,,,,,,,,30.0,,,,,
968,Greg Salas,WR,,,32.0,Injured Reserve,,,,,,,,,,,50.0,,,,,
1231,Greg Scruggs,TE,,,30.0,Inactive,,,,,,,,,,,30.0,,,,,
6744,Greg Ward,WR,,,29.0,Active,,,,,,,,,,,30.0,,,,,
13603,Gregory Desrosiers,RB,LAC,,,Active,,,,,,,,,,,30.0,,,,,
1247,Griff Whalen,WR,,,30.0,Injured Reserve,,,,,,,,,,,50.0,,,,,
11224,Griffin Hebert,TE,,,25.0,Active,,,,,,,,,,,30.0,,,,,
13251,Gunnar Oakes,TE,,,26.0,Active,,,,,,,,,,,30.0,,,,,
12003,Gunnar Watson,QB,,,25.0,Active,,,,,,,,,,,30.0,,,,,
5248,Gus Edwards,RB,,,29.0,Active,,,,,,,,,,,30.0,,,,,
2785,Gus Johnson,RB,,,28.0,Active,,,,,,,,,,,30.0,,,,,
13017,Hajj-Malik Williams,QB,,,26.0,Active,,,,,,,,,,,30.0,,,,,
474,Hakeem Nicks,WR,,,32.0,Inactive,,,,,,,,,,,30.0,,,,,
3612,Hakeem Valles,TE,,,29.0,Inactive,,,,,,,,,,,30.0,,,,,
12757,Hal Presley,WR,,,24.0,Active,,,,,,,,,,,30.0,,,,,
6439,Hale Hentges,TE,,,25.0,Injured Reserve,,,,,,,,,,,50.0,,,,,
12413,Hamze El-Zayat,WR,,,25.0,Active,,,,,,,,,,,30.0,,,,,
13776,Hank Beatty,WR,TEN,,,Active,,,,,,,,,,,30.0,,,,,
2770,Harold Spears,TE,,,32.0,Active,,,,,,,,,,,30.0,,,,,
13670,Harrison Wallace,WR,ARI,,23.0,Active,,,,,,,,,,,30.0,,,,,
247,Harry Douglas,WR,,,36.0,Inactive,,,,,,,,,,,30.0,,,,,
3920,Harvey Binford,WR,,,30.0,Inactive,,,,,,,,,,,30.0,,,,,
7108,Hasise Dubois,WR,,,,NA,,,,,,,,,,,50.0,,,,,
11270,Hassan Hall,RB,,,24.0,Active,,,,,,,,,,,30.0,,,,,
8123,Hassan Haskins,RB,,,26.0,Active,,,,,,,,,,,30.0,,,,,
11607,Hayden Hatten,WR,,,24.0,Active,,,,,,,,,,,30.0,,,,,
4973,Hayden Hurst,TE,,,31.0,Active,,,,,,,,,,,30.0,,,,,
13712,Hayden Large,TE,CHI,,24.0,Active,,,,,,,,,,,30.0,,,,,
12389,Hayden Rucci,TE,SF,,25.0,Active,,,,,,,,,,,30.0,,,,,
13415,Haynes King,QB,CAR,,25.0,Active,,,,,,,,,,,30.0,,,,,
310,Heath Miller,TE,,,37.0,Inactive,,,,,,,,,,,30.0,,,,,
14047,Heinrich Haarberg,TE,,,23.0,Active,,,,,,,,,,,30.0,,,,,
3485,Henry Krieger-Coble,TE,,,29.0,Inactive,,,,,,,,,,,30.0,,,,,
8694,Henry Litwin,WR,,,,Active,,,,,,,,,,,30.0,,,,,
6789,Henry Ruggs,WR,,,22.0,Active,,,,,,,,,,,30.0,,,,,
3729,Herb Waters,WR,,,29.0,Inactive,,,,,,,,,,,30.0,,,,,
13283,Hollywood Smothers,RB,,,,Active,,,,,,,,,,,30.0,,,,,
11216,Holton Ahlers,QB,,,23.0,Active,,,,,,,,,,,30.0,,,,,
6846,Hunter Bryant,TE,,,23.0,Active,,,,,,,,,,,30.0,,,,,
13217,Hunter Dekkers,QB,NO,,25.0,Active,,,,,,,,,,,30.0,,,,,
7938,Hunter Kampmoyer,TE,,,26.0,Active,,,,,,,,,,,30.0,,,,,
5955,Hunter Renfrow,WR,,,30.0,Active,,,,,,,,,,,30.0,,,,,
3517,Hunter Sharp,WR,,,27.0,Inactive,,,,,,,,,,,30.0,,,,,
7522,Hunter Thedford,TE,,,26.0,Active,,,,,,,,,,,30.0,,,,,
7589,Ian Book,QB,,,26.0,Active,,,,,,,,,,,30.0,,,,,
6308,Ian Bunting,TE,,,27.0,Active,,,,,,,,,,,30.0,,,,,
12036,Ian Wheeler,RB,BUF,,24.0,Active,,,,,,,,,,,30.0,,,,,
13228,Ife Adeyi,WR,,,25.0,Active,,,,,,,,,,,30.0,,,,,
1332,Ifeanyi Momah,WR,,,32.0,Inactive,,,,,,,,,,,30.0,,,,,
2916,Ify Umodu,WR,,,32.0,Active,,,,,,,,,,,30.0,,,,,
7559,Ihmir Smith-Marsette,WR,ARI,,26.0,Active,,,,,,,,,,,30.0,,,,,
8861,Irv Charles,WR,SEA,,29.0,Active,,,,,,,,,,,30.0,,,,,
6126,Irv Smith,TE,,,27.0,Questionable,,,,,,,,,,,65.0,,,,,
2871,Isaac Fruechte,WR,,,30.0,Inactive,,,,,,,,,,,30.0,,,,,
5957,Isaac Nauta,TE,GB,,24.0,Inactive,,,,,,,,,,,30.0,,,,,
12126,Isaac Rex,TE,,,26.0,Active,,,,,,,,,,,30.0,,,,,
4451,Isaac Whitney,WR,ARI,,27.0,Inactive,,,,,,,,,,,30.0,,,,,
6626,Isaac Zico,WR,,,25.0,Active,,,,,,,,,,,30.0,,,,,
11431,Isaiah Bowser,RB,,,23.0,Active,,,,,,,,,,,30.0,,,,,
2002,Isaiah Burse,WR,,,30.0,Inactive,,,,,,,,,,,30.0,,,,,
7085,Isaiah Coulter,WR,,,24.0,Active,,,,,,,,,,,30.0,,,,,
1901,Isaiah Crowell,RB,,,29.0,Questionable,,,,,,,,,,,65.0,,,,,
4252,Isaiah Ford,WR,,,27.0,Inactive,,,,,,,,,,,30.0,,,,,
13773,Isaiah Jacobs,RB,,,,Active,,,,,,,,,,,30.0,,,,,
4197,Isaiah McKenzie,WR,,,29.0,Active,,,,,,,,,,,30.0,,,,,
7899,Isaiah McKoy,WR,,,,Active,,,,,,,,,,,30.0,,,,,
1206,Isaiah Pead,RB,,,30.0,Inactive,,,,,,,,,,,30.0,,,,,
6618,Isaiah Searight,TE,,,24.0,Active,,,,,,,,,,,30.0,,,,,
11982,Isaiah Washington,WR,,,23.0,Active,,,,,,,,,,,30.0,,,,,
8229,Isaiah Weston,WR,,,25.0,Injured Reserve,,,,,,,,,,,50.0,,,,,
11232,Isaiah Winstead,WR,,,25.0,Active,,,,,,,,,,,30.0,,,,,
11941,Isaiah Wooden,WR,,,26.0,Active,,,,,,,,,,,30.0,,,,,
7407,Isaiah Wright,WR,,,24.0,Active,,,,,,,,,,,30.0,,,,,
7458,Isaiah Zuber,WR,,,26.0,Inactive,,,,,,,,,,,30.0,,,,,
6209,Ishmael Hyman,WR,,,27.0,Inactive,,,,,,,,,,,30.0,,,,,
4289,Ishmael Zamora,WR,,,26.0,Active,,,,,,,,,,,30.0,,,,,
2879,Isiah Ferguson,WR,,,34.0,Active,,,,,,,,,,,30.0,,,,,
2904,Issac Blakeney,WR,,,25.0,Inactive,,,,,,,,,,,30.0,,,,,
4630,I'Tavius Mathers,RB,,,28.0,Active,,,,,,,,,,,30.0,,,,,
5004,Ito Smith,RB,DAL,,26.0,Active,,,,,,,,,,,30.0,,,,,
11524,Izaiah Gathings,TE,,,23.0,Active,,,,,,,,,,,30.0,,,,,
13770,J. Michael Sturdivant,WR,GB,,23.0,Active,,,,,,,,,,,30.0,,,,,
1772,J Talley,WR,,,28.0,Inactive,,,,,,,,,,,30.0,,,,,
12170,Jaaron Hayek,WR,,,23.0,Active,,,,,,,,,,,30.0,,,,,
12356,Jabari Small,RB,DET,,25.0,Active,,,,,,,,,,,30.0,,,,,
13047,Jacardia Wright,RB,SEA,,25.0,Active,,,,,,,,,,,30.0,,,,,
1849,Jace Amaro,TE,,,29.0,Inactive,,,,,,,,,,,30.0,,,,,
3710,Jace Billingsley,WR,,,28.0,Inactive,,,,,,,,,,,30.0,,,,,
1867,Jace Davis,WR,,,26.0,Inactive,,,,,,,,,,,30.0,,,,,
6139,Jace Sternberger,TE,,,27.0,Active,,,,,,,,,,,30.0,,,,,
8201,Jack Coan,QB,,,24.0,Active,,,,,,,,,,,30.0,,,,,
1706,Jack Doyle,TE,IND,,31.0,Active,,,,,,,,,,,30.0,,,,,
5392,Jack Heneghan,QB,,,25.0,Active,,,,,,,,,,,30.0,,,,,
12009,Jack Plummer,QB,,,25.0,Active,,,,,,,,,,,30.0,,,,,
8420,Jack Sorenson,WR,,,25.0,Active,,,,,,,,,,,30.0,,,,,
13602,Jack Strand,QB,ATL,,22.0,Active,,,,,,,,,,,30.0,,,,,
2950,Jack Tabb,TE,,,25.0,Inactive,,,,,,,,,,,30.0,,,,,
13846,Jack Velling,TE,ATL,,,Active,,,,,,,,,,,30.0,,,,,
12045,Jack Westover,TE,NE,,27.0,Active,,,,,,,,,,,30.0,,,,,
6728,Jackson Harris,TE,,,24.0,Active,,,,,,,,,,,30.0,,,,,
12938,Jackson Meeks,WR,DET,,23.0,Active,,,,,,,,,,,30.0,,,,,
7015,Jacob Breeland,TE,,,25.0,Active,,,,,,,,,,,30.0,,,,,
13802,Jacob Clark,QB,LV,,25.0,Active,,,,,,,,,,,30.0,,,,,
9503,Jacob Copeland,WR,,,25.0,Active,,,,,,,,,,,30.0,,,,,
13904,Jacob De Jesus,WR,KC,,,Active,,,,,,,,,,,30.0,,,,,
6317,Jacob Dolegala,QB,,,25.0,Active,,,,,,,,,,,30.0,,,,,
6823,Jacob Eason,QB,,,26.0,Active,,,,,,,,,,,30.0,,,,,
7703,Jacob Harris,WR,,,28.0,Active,,,,,,,,,,,30.0,,,,,
4421,Jacob Hollister,TE,,,30.0,Active,,,,,,,,,,,30.0,,,,,
3978,Jacob Huesman,QB,,,28.0,Active,,,,,,,,,,,30.0,,,,,
11900,Jacob Kibodi,RB,,,26.0,Active,,,,,,,,,,,30.0,,,,,
2124,Jacob Maxwell,TE,,,26.0,Inactive,,,,,,,,,,,30.0,,,,,
12278,Jacob Sirmon,QB,,,,Active,,,,,,,,,,,30.0,,,,,
32,Jacob Tamme,TE,,,35.0,Inactive,,,,,,,,,,,30.0,,,,,
12118,Jacob Warren,TE,,,24.0,Active,,,,,,,,,,,30.0,,,,,
567,Jacoby Ford,WR,,,30.0,Inactive,,,,,,,,,,,30.0,,,,,
13120,Jacoby Jones,WR,WAS,,25.0,Active,,,,,,,,,,,30.0,,,,,
12967,Jacolby George,WR,,,22.0,Active,,,,,,,,,,,30.0,,,,,
12532,Ja'Corey Brooks,WR,,,24.0,Questionable,,,,,,,,,,,65.0,,,,,
6108,Jacques Patrick,RB,,,27.0,Active,,,,,,,,,,,30.0,,,,,
949,Jacquizz Rodgers,RB,,,31.0,Inactive,,,,,,,,,,,30.0,,,,,
11521,Jadakis Bonds,WR,,,23.0,Active,,,,,,,,,,,30.0,,,,,
13760,Jaden Bradley,WR,WAS,,,Active,,,,,,,,,,,30.0,,,,,
13906,Jaden Nixon,RB,GB,,,Active,,,,,,,,,,,30.0,,,,,
12013,Jaden Shirden,RB,,,22.0,Active,,,,,,,,,,,30.0,,,,,
13246,Jaden Smith,WR,DAL,,24.0,Active,,,,,,,,,,,30.0,,,,,
9498,Jadon Haselwood,WR,,,22.0,Active,,,,,,,,,,,30.0,,,,,
12398,Jadon Janke,WR,,,25.0,Active,,,,,,,,,,,30.0,,,,,
5754,Jaeden Graham,TE,,,27.0,Inactive,,,,,,,,,,,30.0,,,,,
11867,Jaelen Gill,WR,,,25.0,Active,,,,,,,,,,,30.0,,,,,
2375,Jaelen Strong,WR,,,26.0,Inactive,,,,,,,,,,,30.0,,,,,
5140,Jaelon Acklin,WR,,,26.0,Active,,,,,,,,,,,30.0,,,,,
7713,Jaelon Darden,WR,,,26.0,Active,,,,,,,,,,,30.0,,,,,
4576,Jahad Thomas,RB,,,26.0,Inactive,,,,,,,,,,,30.0,,,,,
13041,Jahmal Banks,WR,,,24.0,Active,,,,,,,,,,,30.0,,,,,
592,Jahvid Best,RB,,,29.0,Inactive,,,,,,,,,,,30.0,,,,,
2581,Jahwan Edwards,RB,,,32.0,Active,,,,,,,,,,,30.0,,,,,
8234,Jaivon Heiligh,WR,,,23.0,Active,,,,,,,,,,,30.0,,,,,
7073,Jake Bentley,QB,,,,NA,,,,,,,,,,,50.0,,,,,
7460,Jake Burt,TE,,,25.0,Active,,,,,,,,,,,30.0,,,,,
4151,Jake Butt,TE,,,26.0,Injured Reserve,,,,,,,,,,,50.0,,,,,
3410,Jake Coker,QB,,,32.0,Active,,,,,,,,,,,30.0,,,,,
6822,Jake Fromm,QB,,,26.0,Active,,,,,,,,,,,30.0,,,,,
7771,Jake Funk,RB,,,26.0,Active,,,,,,,,,,,30.0,,,,,
10215,Jake Haener,QB,,,27.0,Active,,,,,,,,,,,30.0,,,,,
8061,Jake Hausmann,TE,,,25.0,Active,,,,,,,,,,,30.0,,,,,
2620,Jake Heaps,QB,,,30.0,Active,,,,,,,,,,,30.0,,,,,
8690,Jake Herslow,WR,,,,Active,,,,,,,,,,,30.0,,,,,
2821,Jake Kumerow,WR,,,31.0,Inactive,,,,,,,,,,,30.0,,,,,
3864,Jake Lampman,WR,,,28.0,Inactive,,,,,,,,,,,30.0,,,,,
7084,Jake Luton,QB,,,28.0,Active,,,,,,,,,,,30.0,,,,,
3514,Jake McGee,TE,,,30.0,Active,,,,,,,,,,,30.0,,,,,
2038,Jake Murphy,TE,,,27.0,Inactive,,,,,,,,,,,30.0,,,,,
6260,Jake Powell,TE,,,25.0,Active,,,,,,,,,,,30.0,,,,,
13685,Jake Retzlaff,QB,,,23.0,Active,,,,,,,,,,,30.0,,,,,
5246,Jake Roh,TE,,,27.0,Active,,,,,,,,,,,30.0,,,,,
3347,Jake Rudock,QB,,,28.0,Injured Reserve,,,,,,,,,,,50.0,,,,,
1749,Jake Stoneburner,TE,,,31.0,Inactive,,,,,,,,,,,30.0,,,,,
2569,Jake Waters,QB,,,32.0,Active,,,,,,,,,,,30.0,,,,,
5211,Jake Wieneke,WR,,,27.0,Active,,,,,,,,,,,30.0,,,,,
3342,Jakeem Grant,WR,,,32.0,Active,,,,,,,,,,,30.0,,,,,
12935,Jakobie Keeney-James,WR,PIT,,25.0,Active,,,,,,,,,,,30.0,,,,,
6596,Jalan McClendon,QB,,,,Active,,,,,,,,,,,30.0,,,,,
5005,Jaleel Scott,WR,,,26.0,Inactive,,,,,,,,,,,30.0,,,,,
7789,Jalen Camp,WR,,,26.0,Active,,,,,,,,,,,30.0,,,,,
6685,Jalen Greene,WR,,,25.0,Active,,,,,,,,,,,30.0,,,,,
6421,Jalen Guyton,WR,,,27.0,Active,,,,,,,,,,,30.0,,,,,
5911,Jalen Hurd,WR,,,27.0,Active,,,,,,,,,,,30.0,,,,,
12218,Jalen Jackson,RB,,,24.0,Active,,,,,,,,,,,30.0,,,,,
7173,Jalen McCleskey,WR,,,24.0,Active,,,,,,,,,,,30.0,,,,,
11506,Jalen Moreno-Cropper,WR,NO,,25.0,Active,,,,,,,,,,,30.0,,,,,
7262,Jalen Morton,QB,IND,,24.0,Active,,,,,,,,,,,30.0,,,,,
13290,Jalen Moss,WR,,,,Active,,,,,,,,,,,30.0,,,,,
479,Jalen Parmele,RB,,,31.0,Inactive,,,,,,,,,,,30.0,,,,,
3868,Jalen Richard,RB,LV,,28.0,Active,,,,,,,,,,,30.0,,,,,
11158,Jalen Sample,WR,,,24.0,Active,,,,,,,,,,,30.0,,,,,
1862,Jalen Saunders,WR,,,25.0,Inactive,,,,,,,,,,,30.0,,,,,
3859,Jalen Simmons,RB,,,29.0,Active,,,,,,,,,,,30.0,,,,,
5383,Jalen Tolliver,WR,,,26.0,Inactive,,,,,,,,,,,30.0,,,,,
8416,Jalen Virgil,WR,,,28.0,Questionable,,,,,,,,,,,65.0,,,,,
13859,Jalen Walthall,WR,NYJ,,23.0,IR,,,,,,,,,,,85.0,,,,,
10230,Jalen Wayne,WR,,,25.0,Active,,,,,,,,,,,30.0,,,,,
4934,Jalen Williams,WR,,,27.0,Inactive,,,,,,,,,,,30.0,,,,,
8115,Jalen Wydermyer,TE,,,22.0,Active,,,,,,,,,,,30.0,,,,,
12866,Jalin Conyers,TE,,,24.0,Active,,,,,,,,,,,30.0,,,,,
3492,Jalin Marshall,WR,,,26.0,Inactive,,,,,,,,,,,30.0,,,,,
5961,Jalin Moore,RB,,,26.0,Inactive,,,,,,,,,,,30.0,,,,,
12129,Jalon Calhoun,WR,,,24.0,Active,,,,,,,,,,,30.0,,,,,
13425,Jalon Daniels,QB,TB,,23.0,Active,,,,,,,,,,,30.0,,,,,
323,Jamaal Charles,RB,,,35.0,Injured Reserve,,,,,,,,,,,50.0,,,,,
3540,Jamaal Jones,WR,,,28.0,Active,,,,,,,,,,,30.0,,,,,
12925,Jamaal Pritchett,WR,NYJ,,23.0,Active,,,,,,,,,,,30.0,,,,,
4149,Jamaal Williams,RB,,,29.0,Active,,,,,,,,,,,30.0,,,,,
4198,Jamal Agnew,WR,,,30.0,Questionable,,,,,,,,,,,65.0,,,,,
6097,Jamal Custis,WR,,,24.0,Inactive,,,,,,,,,,,30.0,,,,,
13946,Jamal Haynes,RB,CIN,,23.0,Active,,,,,,,,,,,30.0,,,,,
8741,Jamal Pettigrew,TE,,,24.0,Active,,,,,,,,,,,30.0,,,,,
3548,Jamal Robinson,WR,,,28.0,Active,,,,,,,,,,,30.0,,,,,
7244,Ja'Marcus Bradley,WR,,,26.0,Inactive,,,,,,,,,,,30.0,,,,,
4821,Jamari Staples,WR,,,27.0,Active,,,,,,,,,,,30.0,,,,,
11633,Jamari Thrash,WR,CLE,,25.0,Active,,,,,,,,,,,30.0,,,,,
6713,Jamarius Way,WR,,,25.0,Active,,,,,,,,,,,30.0,,,,,
3078,Jamel Johnson,WR,,,30.0,Active,,,,,,,,,,,30.0,,,,,
11374,James Blackman,QB,,,24.0,Active,,,,,,,,,,,30.0,,,,,
5785,James Butler,RB,,,26.0,Active,,,,,,,,,,,30.0,,,,,
2119,James Franklin,QB,,,34.0,Active,,,,,,,,,,,30.0,,,,,
7336,James Gilbert,RB,,,26.0,Active,,,,,,,,,,,30.0,,,,,
1147,James Hanna,TE,,,31.0,Inactive,,,,,,,,,,,30.0,,,,,
253,James Jones,WR,,,36.0,Inactive,,,,,,,,,,,30.0,,,,,
5322,James Looney,TE,,,26.0,Active,,,,,,,,,,,30.0,,,,,
7081,James Morgan,QB,,,26.0,Active,,,,,,,,,,,30.0,,,,,
2476,James O'Shaughnessy,TE,,,31.0,Active,,,,,,,,,,,30.0,,,,,
6957,James Proche,WR,,,29.0,Active,,,,,,,,,,,30.0,,,,,
4320,James Quick,WR,,,27.0,Active,,,,,,,,,,,30.0,,,,,
6955,James Robinson,RB,,,26.0,Active,,,,,,,,,,,30.0,,,,,
762,James Starks,RB,,,34.0,Inactive,,,,,,,,,,,30.0,,,,,
4533,James Summers,RB,,,27.0,Active,,,,,,,,,,,30.0,,,,,
1848,James White,RB,,,30.0,Active,,,,,,,,,,,30.0,,,,,
2283,James Wilder,RB,,,26.0,Inactive,,,,,,,,,,,30.0,,,,,
6169,James Williams,RB,,,25.0,Active,,,,,,,,,,,30.0,,,,,
1898,James Wright,WR,,,30.0,Inactive,,,,,,,,,,,30.0,,,,,
13879,Jameson Geers,TE,ARI,,23.0,Active,,,,,,,,,,,30.0,,,,,
1760,Jamie Childers,TE,,,29.0,Inactive,,,,,,,,,,,30.0,,,,,
7555,Jamie Newman,QB,,,24.0,Inactive,,,,,,,,,,,30.0,,,,,
6524,Jamire Jordan,WR,,,,Active,,,,,,,,,,,30.0,,,,,
12753,Jamoi Mayes,WR,,,23.0,Active,,,,,,,,,,,30.0,,,,,
13696,Ja'Mori Maclin,WR,BUF,,24.0,Active,,,,,,,,,,,30.0,,,,,
5567,Janarion Grant,WR,,,28.0,Inactive,,,,,,,,,,,30.0,,,,,
11940,JaQuae Jackson,WR,LAC,,26.0,Active,,,,,,,,,,,30.0,,,,,
5809,Ja'Quan Gardner,RB,,,,Active,,,,,,,,,,,30.0,,,,,
7863,JaQuan Hardy,RB,,,24.0,Active,,,,,,,,,,,30.0,,,,,
8232,Jaquarii Roberson,WR,,,24.0,Active,,,,,,,,,,,30.0,,,,,
2132,Jared Abbrederis,WR,,,29.0,Inactive,,,,,,,,,,,30.0,,,,,
8663,Jared Bernhardt,WR,,,25.0,Active,,,,,,,,,,,30.0,,,,,
367,Jared Cook,TE,,,35.0,Active,,,,,,,,,,,30.0,,,,,
3462,Jared Dangerfield,WR,,,32.0,Active,,,,,,,,,,,30.0,,,,,
5775,Jared Murphy,WR,,,27.0,Active,,,,,,,,,,,30.0,,,,,
6834,Jared Pinkney,TE,,,26.0,Inactive,,,,,,,,,,,30.0,,,,,
7317,Jared Rice,TE,,,25.0,Active,,,,,,,,,,,30.0,,,,,
8878,Jared Scott,TE,,,23.0,Active,,,,,,,,,,,30.0,,,,,
8418,Jared Smart,WR,,,,Active,,,,,,,,,,,30.0,,,,,
11056,Jared Wayne,WR,HOU,,25.0,Active,,,,,,,,,,,30.0,,,,,
9231,Jaren Hall,QB,,,27.0,Active,,,,,,,,,,,30.0,,,,,
13422,Jaren Kanak,TE,TEN,,22.0,Active,,,,,,,,,,,30.0,,,,,
7537,Jaret Patterson,RB,LAC,7.0,26.0,Active,,,127.0,16.0,,,,,442.0,,30.0,,,,,
1215,Jarius Wright,WR,,,32.0,Active,,,,,,,,,,,30.0,,,,,
1684,Jaron Brown,WR,,,32.0,Active,,,,,,,,,,,30.0,,,,,
2636,Jarred Haggins,WR,,,33.0,Active,,,,,,,,,,,30.0,,,,,
1173,Jarrett Boykin,WR,,,28.0,Inactive,,,,,,,,,,,30.0,,,,,
8442,Jarrett Guarantano,QB,,,25.0,Active,,,,,,,,,,,30.0,,,,,
2979,Jarrod West,WR,,,26.0,Inactive,,,,,,,,,,,30.0,,,,,
2786,Jarryd Hayne,RB,,,32.0,Inactive,,,,,,,,,,,30.0,,,,,
12150,Jarveon Howard,RB,,,25.0,Inactive,,,,,,,,,,,30.0,,,,,
4372,Jarveon Williams,RB,,,27.0,Inactive,,,,,,,,,,,30.0,,,,,
5278,Jarvion Franklin,RB,,,26.0,Active,,,,,,,,,,,30.0,,,,,
1825,Jarvis Landry,WR,,,30.0,Inactive,,,,,,,,,,,30.0,,,,,
3892,Jarvis Turner,WR,,,24.0,Inactive,,,,,,,,,,,30.0,,,,,
11590,Jase McClellan,RB,,,23.0,Active,,,,,,,,,,,30.0,,,,,
13179,Ja'seem Reed,WR,CAR,,23.0,Active,,,,,,,,,,,30.0,,,,,
8194,Jashaun Corbin,RB,,,25.0,Active,,,,,,,,,,,30.0,,,,,
71,Jason Avant,WR,,,37.0,Inactive,,,,,,,,,,,30.0,,,,,
12190,Jason Bean,QB,,,26.0,Active,,,,,,,,,,,30.0,,,,,
11311,Jason Brownlee,WR,KC,,27.0,Active,,,,,,,,,,,30.0,,,,,
673,Jason Campbell,QB,,,36.0,Inactive,,,,,,,,,,,30.0,,,,,
4536,Jason Croom,TE,,,28.0,Active,,,,,,,,,,,30.0,,,,,
7107,Jason Huntley,RB,,,25.0,Active,,,,,,,,,,,30.0,,,,,
6247,Jason Moore,WR,,,28.0,Active,,,,,,,,,,,30.0,,,,,
5217,Jason Reese,TE,,,26.0,Active,,,,,,,,,,,30.0,,,,,
215,Jason Snelling,RB,,,33.0,Inactive,,,,,,,,,,,30.0,,,,,
3774,Jason Vander Laan,TE,,,29.0,Inactive,,,,,,,,,,,30.0,,,,,
23,Jason Witten,TE,,,39.0,Injured Reserve,,,,,,,,,,,50.0,,,,,
2939,Javess Blue,WR,,,32.0,Active,,,,,,,,,,,30.0,,,,,
7563,Javian Hawkins,RB,,,22.0,Active,,,,,,,,,,,30.0,,,,,
11645,Javon Baker,WR,,,23.0,Active,,,,,,,,,,,30.0,,,,,
6966,Javon Leake,RB,,,23.0,Active,,,,,,,,,,,30.0,,,,,
7890,Javon McKinley,WR,,,24.0,Inactive,,,,,,,,,,,30.0,,,,,
5111,Javon Wims,WR,,,28.0,Active,,,,,,,,,,,30.0,,,,,
8632,JaVonta Payton,WR,,,24.0,Active,,,,,,,,,,,30.0,,,,,
2049,Javontee Herndon,WR,,,29.0,Inactive,,,,,,,,,,,30.0,,,,,
2430,Javorius Allen,RB,,,30.0,Active,,,,,,,,,,,30.0,,,,,
5175,Jawill Davis,WR,,,26.0,Inactive,,,,,,,,,,,30.0,,,,,
2767,Jawon Chisholm,RB,,,33.0,Active,,,,,,,,,,,30.0,,,,,
2654,Jaxon Shipley,WR,,,26.0,Inactive,,,,,,,,,,,30.0,,,,,
2452,Jay Ajayi,RB,,,28.0,Injured Reserve,,,,,,,,,,,50.0,,,,,
416,Jay Cutler,QB,,,37.0,Inactive,,,,,,,,,,,30.0,,,,,
3520,Jay Lee,WR,,,31.0,Active,,,,,,,,,,,30.0,,,,,
3852,Jaydon Mickens,WR,,,30.0,Active,,,,,,,,,,,30.0,,,,,
11874,Jaylen Johnson,WR,,,25.0,Active,,,,,,,,,,,30.0,,,,,
5107,Jaylen Samuels,RB,,,25.0,Active,,,,,,,,,,,30.0,,,,,
6155,Jaylen Smith,WR,,,25.0,Active,,,,,,,,,,,30.0,,,,,
7191,Jaylon Moore,WR,,,27.0,Inactive,,,,,,,,,,,30.0,,,,,
5997,Jazz Ferguson,WR,,,25.0,Active,,,,,,,,,,,30.0,,,,,
3664,J.D. McKissic,RB,,,29.0,Inactive,,,,,,,,,,,30.0,,,,,
2565,Jean Sifrin,TE,,,38.0,Active,,,,,,,,,,,30.0,,,,,
5275,Jeff Badet,WR,,,27.0,Active,,,,,,,,,,,30.0,,,,,
13392,Jeff Caldwell,WR,KC,,23.0,Active,,,,,,,,,,,30.0,,,,,
7319,Jeff Cotton,WR,,,26.0,Inactive,,,,,,,,,,,30.0,,,,,
521,Jeff Cumberland,TE,,,33.0,Inactive,,,,,,,,,,,30.0,,,,,
3362,Jeff Driskel,QB,,,32.0,Active,,,,,,,,,,,30.0,,,,,
11850,Jeff Foreman,WR,,,25.0,Active,,,,,,,,,,,30.0,,,,,
2397,Jeff Heuerman,TE,,,29.0,Active,,,,,,,,,,,30.0,,,,,
2140,Jeff Janis,WR,,,29.0,Inactive,,,,,,,,,,,30.0,,,,,
87,Jeff King,TE,,,34.0,Inactive,,,,,,,,,,,30.0,,,,,
2571,Jeff Luc,TE,,,26.0,Inactive,,,,,,,,,,,30.0,,,,,
853,Jeff Maehl,WR,,,28.0,Inactive,,,,,,,,,,,30.0,,,,,
6557,Jeff Smith,WR,,,27.0,Active,,,,,,,,,,,30.0,,,,,
7076,Jeff Thomas,WR,,,24.0,Inactive,,,,,,,,,,,30.0,,,,,
1644,Jeff Tuel,QB,,,26.0,Inactive,,,,,,,,,,,30.0,,,,,
14067,Jeff Weimer,WR,KC,,,Active,,,,,,,,,,,30.0,,,,,
5284,Jeff Wilson,RB,,,30.0,Active,,,,,,,,,,,30.0,,,,,
4169,Jehu Chesson,WR,,,28.0,Inactive,,,,,,,,,,,30.0,,,,,
12245,Jelani Baker,WR,,,24.0,Active,,,,,,,,,,,30.0,,,,,
12144,Je'Quan Burton,WR,,,24.0,Active,,,,,,,,,,,30.0,,,,,
8410,Jequez Ezzard,WR,,,,Active,,,,,,,,,,,30.0,,,,,
13608,Jerand Bradley,WR,LAC,,23.0,Active,,,,,,,,,,,30.0,,,,,
3340,Jerell Adams,TE,,,29.0,Active,,,,,,,,,,,30.0,,,,,
5356,Jeremiah Briscoe,QB,,,32.0,Active,,,,,,,,,,,30.0,,,,,
14061,Jeremiah Franklin,TE,,,,Active,,,,,,,,,,,30.0,,,,,
8203,Jeremiah Hall,TE,,,,Active,,,,,,,,,,,30.0,,,,,
7874,Jeremiah Haydel,WR,,,22.0,Active,,,,,,,,,,,30.0,,,,,
13124,Jeremiah Webb,WR,NE,,25.0,IR,,,,,,,,,,,85.0,,,,,
1865,Jeremy Butler,WR,,,29.0,Inactive,,,,,,,,,,,30.0,,,,,
6246,Jeremy Cox,RB,,,25.0,Inactive,,,,,,,,,,,30.0,,,,,
1892,Jeremy Hill,RB,,,29.0,Inactive,,,,,,,,,,,30.0,,,,,
1432,Jeremy Kelley,WR,,,29.0,Inactive,,,,,,,,,,,30.0,,,,,
817,Jeremy Kerley,WR,,,33.0,Inactive,,,,,,,,,,,30.0,,,,,
2411,Jeremy Langford,RB,,,30.0,Inactive,,,,,,,,,,,30.0,,,,,
411,Jeremy Maclin,WR,,,32.0,Inactive,,,,,,,,,,,30.0,,,,,
12352,Jeremy Moussa,QB,,,,Active,,,,,,,,,,,30.0,,,,,
1306,Jeremy Ross,WR,,,32.0,Inactive,,,,,,,,,,,30.0,,,,,
4221,Jeremy Sprinkle,TE,,,28.0,Inactive,,,,,,,,,,,30.0,,,,,
1293,Jeremy Stewart,RB,,,28.0,Inactive,,,,,,,,,,,30.0,,,,,
2920,Jeret Smith,WR,,,32.0,Active,,,,,,,,,,,30.0,,,,,
2161,Jerick McKinnon,RB,,,32.0,Active,,,,,,,,,,,30.0,,,,,
530,Jermaine Gresham,TE,,,33.0,Inactive,,,,,,,,,,,30.0,,,,,
11897,Jermaine Jackson,WR,,,24.0,Active,,,,,,,,,,,30.0,,,,,
1290,Jermaine Kearse,WR,,,31.0,Injured Reserve,,,,,,,,,,,50.0,,,,,
13129,Jermaine Terry,TE,,,,Questionable,,,,,,,,,,,65.0,,,,,
7394,Jermiah Braswell,WR,,,24.0,Active,,,,,,,,,,,30.0,,,,,
4853,Jerod Evans,QB,,,27.0,Active,,,,,,,,,,,30.0,,,,,
2304,Jerome Cunningham,TE,,,30.0,Active,,,,,,,,,,,30.0,,,,,
11522,Jerome Kapp,WR,,,24.0,Active,,,,,,,,,,,30.0,,,,,
4328,Jerome Lane,WR,,,26.0,Active,,,,,,,,,,,30.0,,,,,
321,Jerome Simpson,WR,,,34.0,Inactive,,,,,,,,,,,30.0,,,,,
2177,Jerome Smith,RB,,,26.0,Inactive,,,,,,,,,,,30.0,,,,,
6375,Jerome Washington,TE,,,27.0,Active,,,,,,,,,,,30.0,,,,,
2202,Je'Ron Hamm,TE,,,29.0,Inactive,,,,,,,,,,,30.0,,,,,
8236,Jerreth Sterns,WR,,,23.0,Active,,,,,,,,,,,30.0,,,,,
155,Jerricho Cotchery,WR,,,38.0,Inactive,,,,,,,,,,,30.0,,,,,
8120,Jerrion Ealy,RB,,,23.0,Active,,,,,,,,,,,30.0,,,,,
3106,Jerrod Johnson,QB,,,30.0,Inactive,,,,,,,,,,,30.0,,,,,
2557,Jerry Lovelocke,QB,,,32.0,Active,,,,,,,,,,,30.0,,,,,
6075,Jesper Horsted,TE,,,27.0,Active,,,,,,,,,,,30.0,,,,,
2463,Jesse James,TE,,,29.0,Active,,,,,,,,,,,30.0,,,,,
11452,Jesse Matthews,WR,,,26.0,Active,,,,,,,,,,,30.0,,,,,
5261,Jester Weah,WR,,,26.0,Active,,,,,,,,,,,30.0,,,,,
4864,Jevoni Robinson,TE,,,29.0,Inactive,,,,,,,,,,,30.0,,,,,
4786,Jhajuan Seales,WR,,,28.0,Active,,,,,,,,,,,30.0,,,,,
7582,Jhamon Ausbon,WR,,,22.0,Active,,,,,,,,,,,30.0,,,,,
11808,Jha'Quan Jackson,WR,HOU,,26.0,Active,,,,,,,,,,,30.0,,,,,
3463,Jhurell Pressley,RB,,,29.0,Inactive,,,,,,,,,,,30.0,,,,,
8039,Jibri Blount,TE,,,25.0,Active,,,,,,,,,,,30.0,,,,,
626,Jim Dray,TE,,,33.0,Inactive,,,,,,,,,,,30.0,,,,,
2722,Jimmay Mundine,TE,,,26.0,Inactive,,,,,,,,,,,30.0,,,,,
2771,Jimmie Hunt,WR,,,34.0,Active,,,,,,,,,,,30.0,,,,,
12834,Jimmy Bell,TE,,,25.0,Active,,,,,,,,,,,30.0,,,,,
611,Jimmy Clausen,QB,,,32.0,Inactive,,,,,,,,,,,30.0,,,,,
616,Jimmy Graham,TE,,,37.0,Active,,,,,,,,,,,30.0,,,,,
13173,Jimmy Holiday,WR,KC,,24.0,Active,,,,,,,,,,,30.0,,,,,
13967,Jimmy Kibble,WR,NE,,,IR,,,,,,,,,,,85.0,,,,,
5254,Jimmy Williams,WR,,,26.0,Active,,,,,,,,,,,30.0,,,,,
5863,J.J. Arcega-Whiteside,WR,,,26.0,Active,,,,,,,,,,,30.0,,,,,
12975,JJ Galbreath,TE,PIT,,25.0,Active,,,,,,,,,,,30.0,,,,,
8884,JJ Howland,TE,,,25.0,Active,,,,,,,,,,,30.0,,,,,
5267,JJ Jones,WR,,,27.0,Inactive,,,,,,,,,,,30.0,,,,,
7339,J.J. Koski,WR,,,26.0,Active,,,,,,,,,,,30.0,,,,,
12231,JJ Laap,WR,,,23.0,Active,,,,,,,,,,,30.0,,,,,
2462,J.J. Nelson,WR,,,30.0,Active,,,,,,,,,,,30.0,,,,,
6973,J.J. Taylor,RB,,,27.0,Active,,,,,,,,,,,30.0,,,,,
12095,Jjay Mcafee,TE,,,,Active,,,,,,,,,,,30.0,,,,,
7156,J'Mar Smith,QB,,,25.0,Active,,,,,,,,,,,30.0,,,,,
5006,J'Mon Moore,WR,,,26.0,Questionable,,,,,,,,,,,65.0,,,,,
12777,Joaquin Davis,WR,PIT,,23.0,Active,,,,,,,,,,,30.0,,,,,
1236,Joe Banyard,RB,,,31.0,Inactive,,,,,,,,,,,30.0,,,,,
3717,Joe Callahan,QB,,,28.0,Inactive,,,,,,,,,,,30.0,,,,,
2942,Joe Don Duncan,RB,,,27.0,Inactive,,,,,,,,,,,30.0,,,,,
13350,Joe Fagnano,QB,BAL,,25.0,Active,,,,,,,,,,,30.0,,,,,
6677,Joe Forson,WR,KC,,24.0,NA,,,,,,,,,,,50.0,,,,,
3866,Joe Hansley,WR,,,24.0,Inactive,,,,,,,,,,,30.0,,,,,
6686,Joe Horn,WR,,,27.0,Active,,,,,,,,,,,30.0,,,,,
3863,Joe Licata,QB,,,25.0,Inactive,,,,,,,,,,,30.0,,,,,
523,Joe McKnight,RB,,,30.0,Inactive,,,,,,,,,,,30.0,,,,,
958,Joe Morgan,WR,,,32.0,Inactive,,,,,,,,,,,30.0,,,,,
6913,Joe Reed,WR,,,25.0,Active,,,,,,,,,,,30.0,,,,,
3686,Joe Sommers,TE,,,25.0,Inactive,,,,,,,,,,,30.0,,,,,
6727,Joe Walker,WR,,,26.0,Active,,,,,,,,,,,30.0,,,,,
606,Joe Webb,QB,,,35.0,Active,,,,,,,,,,,30.0,,,,,
4042,Joe Williams,RB,,,28.0,Active,,,,,,,,,,,30.0,,,,,
4548,Joel Bouagnon,RB,,,26.0,Active,,,,,,,,,,,30.0,,,,,
52,Joel Dreessen,TE,,,35.0,Inactive,,,,,,,,,,,30.0,,,,,
11197,Joel Honigford,TE,,,25.0,Active,,,,,,,,,,,30.0,,,,,
3456,Joel Stave,QB,,,29.0,Injured Reserve,,,,,,,,,,,50.0,,,,,
13428,Joey Aguilar,QB,JAX,,25.0,Active,,,,,,,,,,,30.0,,,,,
2530,Joey Iosefa,RB,,,29.0,Inactive,,,,,,,,,,,30.0,,,,,
2238,John Brown,WR,,,32.0,Active,,,,,,,,,,,30.0,,,,,
143,John Carlson,TE,,,33.0,Inactive,,,,,,,,,,,30.0,,,,,
2702,John Chiles,WR,,,29.0,Inactive,,,,,,,,,,,30.0,,,,,
12905,John Copenhaver,TE,,,,Active,,,,,,,,,,,30.0,,,,,
2562,John Crockett,RB,,,28.0,Inactive,,,,,,,,,,,30.0,,,,,
5550,John David Moore,RB,,,26.0,Active,,,,,,,,,,,30.0,,,,,
5425,John Diarse,WR,,,27.0,Active,,,,,,,,,,,30.0,,,,,
8500,John FitzPatrick,TE,,,25.0,Questionable,,,,,,,,,,,65.0,,,,,
5705,John Franklin,WR,,,27.0,Inactive,,,,,,,,,,,30.0,,,,,
11223,John Hall,WR,,,25.0,Active,,,,,,,,,,,30.0,,,,,
2578,John Harris,WR,,,,Active,,,,,,,,,,,30.0,,,,,
7086,John Hightower,WR,,,27.0,Active,,,,,,,,,,,30.0,,,,,
7455,John Hurst,WR,,,25.0,Inactive,,,,,,,,,,,30.0,,,,,
12410,John Jackson,WR,,,25.0,Active,,,,,,,,,,,30.0,,,,,
12383,John Jiles,WR,,,25.0,Questionable,,,,,,,,,,,65.0,,,,,
5076,John Kelly,RB,,,28.0,Active,,,,,,,,,,,30.0,,,,,
8568,John Lovett,RB,,,23.0,Active,,,,,,,,,,,30.0,,,,,
12277,John Matocha,QB,,,,Active,,,,,,,,,,,30.0,,,,,
8685,John Mitchell,TE,,,24.0,Active,,,,,,,,,,,30.0,,,,,
12197,John Paddock,QB,,,24.0,Active,,,,,,,,,,,30.0,,,,,
2928,John Peters,TE,,,26.0,Inactive,,,,,,,,,,,30.0,,,,,
406,John Phillips,TE,,,34.0,Inactive,,,,,,,,,,,30.0,,,,,
11859,John Rhys Plumlee,QB,,,25.0,Active,,,,,,,,,,,30.0,,,,,
4504,John Robinson-Woodgett,RB,,,28.0,Active,,,,,,,,,,,30.0,,,,,
11467,John Samuel Shenker,TE,,,26.0,Active,,,,,,,,,,,30.0,,,,,
11511,John Stephens,TE,,,26.0,Inactive,,,,,,,,,,,30.0,,,,,
6168,John Ursua,WR,,,28.0,Inactive,,,,,,,,,,,30.0,,,,,
5806,John Wolford,QB,,,30.0,Active,,,,,,,,,,,30.0,,,,,
6392,Johnathan Lloyd,WR,,,26.0,Active,,,,,,,,,,,30.0,,,,,
7414,Johnathon Johnson,WR,,,25.0,Active,,,,,,,,,,,30.0,,,,,
6019,Johnnie Dixon,WR,,,27.0,Active,,,,,,,,,,,30.0,,,,,
308,JohnnieLee Higgins,WR,,,34.0,Inactive,,,,,,,,,,,30.0,,,,,
3476,Johnny Holton,WR,,,31.0,Active,,,,,,,,,,,30.0,,,,,
8185,Johnny Johnson,WR,,,26.0,Inactive,,,,,,,,,,,30.0,,,,,
11282,Johnny King,WR,,,23.0,Active,,,,,,,,,,,30.0,,,,,
11380,Johnny Lumpkin,TE,,,27.0,Active,,,,,,,,,,,30.0,,,,,
1907,Johnny Manziel,QB,,,27.0,Inactive,,,,,,,,,,,30.0,,,,,
14029,Johnny Pascuzzi,TE,LAC,,,Active,,,,,,,,,,,30.0,,,,,
736,Joique Bell,RB,,,34.0,Inactive,,,,,,,,,,,30.0,,,,,
4330,JoJo Natson,WR,,,27.0,Active,,,,,,,,,,,30.0,,,,,
7370,JoJo Ward,WR,,,24.0,Active,,,,,,,,,,,30.0,,,,,
6446,Jon Hilliman,RB,,,26.0,Active,,,,,,,,,,,30.0,,,,,
404,Jon Kitna,QB,,,47.0,Inactive,,,,,,,,,,,30.0,,,,,
5384,Jonah Trinnaman,WR,,,25.0,Inactive,,,,,,,,,,,30.0,,,,,
1698,Jonas Gray,RB,,,30.0,Inactive,,,,,,,,,,,30.0,,,,,
7613,Jonathan Adams,WR,,,23.0,Active,,,,,,,,,,,30.0,,,,,
13920,Jonathan Brady,WR,,,22.0,Active,,,,,,,,,,,30.0,,,,,
6320,Jonathan Duhart,WR,,,25.0,Active,,,,,,,,,,,30.0,,,,,
1275,Jonathan Grimes,RB,,,30.0,Inactive,,,,,,,,,,,30.0,,,,,
1906,Jonathan Krause,WR,,,28.0,Inactive,,,,,,,,,,,30.0,,,,,
218,Jonathan Stewart,RB,,,34.0,Injured Reserve,,,,,,,,,,,50.0,,,,,
3312,Jonathan Williams,RB,,,30.0,Active,,,,,,,,,,,30.0,,,,,
2934,Jonathon Rumph,WR,,,33.0,Active,,,,,,,,,,,30.0,,,,,
8628,Jontre Kirklin,WR,,,25.0,Active,,,,,,,,,,,30.0,,,,,
6420,Jon'Vea Johnson,WR,,,26.0,Active,,,,,,,,,,,30.0,,,,,
12891,Jordan Bly,WR,,,,Active,,,,,,,,,,,30.0,,,,,
11089,Jordan Byrd,WR,,,23.0,Active,,,,,,,,,,,30.0,,,,,
833,Jordan Cameron,TE,,,32.0,Inactive,,,,,,,,,,,30.0,,,,,
5168,Jordan Chunn,RB,,,27.0,Inactive,,,,,,,,,,,30.0,,,,,
6318,Jordan Ellis,RB,,,25.0,Active,,,,,,,,,,,30.0,,,,,
5253,Jordan Franks,TE,,,27.0,Inactive,,,,,,,,,,,30.0,,,,,
6779,Jordan Harris,WR,,,34.0,Active,,,,,,,,,,,30.0,,,,,
3306,Jordan Howard,RB,,,28.0,Active,,,,,,,,,,,30.0,,,,,
13325,Jordan Hudson,WR,DAL,,22.0,Active,,,,,,,,,,,30.0,,,,,
4537,Jordan Johnson,RB,,,27.0,Active,,,,,,,,,,,30.0,,,,,
5070,Jordan Lasley,WR,,,25.0,Inactive,,,,,,,,,,,30.0,,,,,
4153,Jordan Leggett,TE,,,26.0,Inactive,,,,,,,,,,,30.0,,,,,
3063,Jordan Leslie,WR,,,30.0,Inactive,,,,,,,,,,,30.0,,,,,
1800,Jordan Matthews,TE,,,32.0,Active,,,,,,,,,,,30.0,,,,,
11493,Jordan Murray,TE,,,25.0,Inactive,,,,,,,,,,,30.0,,,,,
769,Jordan Norwood,WR,,,33.0,Inactive,,,,,,,,,,,30.0,,,,,
14018,Jordan Nubin,RB,,,,Active,,,,,,,,,,,30.0,,,,,
50,Jordan Palmer,QB,,,33.0,Inactive,,,,,,,,,,,30.0,,,,,
3310,Jordan Payton,WR,,,28.0,Inactive,,,,,,,,,,,30.0,,,,,
12549,Jordan Petaia,TE,,,25.0,Active,,,,,,,,,,,30.0,,,,,
1500,Jordan Reed,TE,,,31.0,Injured Reserve,,,,,,,,,,,50.0,,,,,
6167,Jordan Scarlett,RB,MIA,,26.0,Inactive,,,,,,,,,,,30.0,,,,,
5590,Jordan Smallwood,WR,,,26.0,Active,,,,,,,,,,,30.0,,,,,
6730,Jordan Ta'amu,QB,,,25.0,Active,,,,,,,,,,,30.0,,,,,
2685,Jordan Taylor,WR,,,29.0,Inactive,,,,,,,,,,,30.0,,,,,
11975,Jordan Terrell,RB,,,24.0,Active,,,,,,,,,,,30.0,,,,,
5117,Jordan Thomas,TE,,,28.0,Active,,,,,,,,,,,30.0,,,,,
2129,Jordan Thompson,TE,,,28.0,Inactive,,,,,,,,,,,30.0,,,,,
895,Jordan Todman,RB,,,30.0,Inactive,,,,,,,,,,,30.0,,,,,
11567,Jordan Travis,QB,,,24.0,Active,,,,,,,,,,,30.0,,,,,
5293,Jordan Veasy,WR,,,27.0,Active,,,,,,,,,,,30.0,,,,,
13010,Jordan Waters,RB,LAR,,25.0,Active,,,,,,,,,,,30.0,,,,,
4787,Jordan Westerkamp,WR,,,27.0,Active,,,,,,,,,,,30.0,,,,,
5100,Jordan Wilkins,RB,,,29.0,Active,,,,,,,,,,,30.0,,,,,
3621,Jordan Williams-Lambert,WR,,,27.0,Active,,,,,,,,,,,30.0,,,,,
13930,Jordon Vaughn,RB,,,,Active,,,,,,,,,,,30.0,,,,,
175,Jordy Nelson,WR,,,36.0,Injured Reserve,,,,,,,,,,,50.0,,,,,
11504,Jose Barbon,WR,,,23.0,Active,,,,,,,,,,,30.0,,,,,
1628,Joseph Fauria,TE,,,30.0,Inactive,,,,,,,,,,,30.0,,,,,
13743,Joseph Manjack,WR,DEN,,23.0,Active,,,,,,,,,,,30.0,,,,,
11276,Joseph Ngata,WR,,,24.0,Active,,,,,,,,,,,30.0,,,,,
6661,Joseph Parker,WR,,,25.0,Active,,,,,,,,,,,30.0,,,,,
1487,Joseph Randle,RB,,,28.0,Inactive,,,,,,,,,,,30.0,,,,,
12222,Joseph Scates,WR,,,24.0,Active,,,,,,,,,,,30.0,,,,,
5136,Josh Adams,RB,,,25.0,Active,,,,,,,,,,,30.0,,,,,
8931,Josh Ali,WR,,,25.0,Active,,,,,,,,,,,30.0,,,,,
8559,Josh Babicz,TE,,,23.0,Active,,,,,,,,,,,30.0,,,,,
1312,Josh Bellamy,WR,,,32.0,Active,,,,,,,,,,,30.0,,,,,
8769,Josh Bist,TE,,,,Active,,,,,,,,,,,30.0,,,,,
1362,Josh Boyce,WR,,,30.0,Inactive,,,,,,,,,,,30.0,,,,,
6710,Josh Caldwell,RB,,,25.0,Active,,,,,,,,,,,30.0,,,,,
166,Josh Cribbs,WR,,,38.0,Injured Reserve,,,,,,,,,,,50.0,,,,,
5760,Josh Crockett,WR,,,26.0,Active,,,,,,,,,,,30.0,,,,,
3178,Josh Doctson,WR,,,29.0,Active,,,,,,,,,,,30.0,,,,,
3453,Josh Ferguson,RB,,,28.0,Active,,,,,,,,,,,30.0,,,,,
448,Josh Freeman,QB,,,32.0,Inactive,,,,,,,,,,,30.0,,,,,
1244,Josh Gordon,WR,,,31.0,Active,,,,,,,,,,,30.0,,,,,
7287,Josh Hammond,WR,,,25.0,Active,,,,,,,,,,,30.0,,,,,
2713,Josh Harper,WR,,,33.0,Active,,,,,,,,,,,30.0,,,,,
2303,Josh Harris,RB,,,26.0,Inactive,,,,,,,,,,,30.0,,,,,
1777,Josh Hill,TE,,,31.0,Injured Reserve,,,,,,,,,,,50.0,,,,,
1798,Josh Huff,WR,,,28.0,Inactive,,,,,,,,,,,30.0,,,,,
8008,Josh Imatorbhebhe,WR,,,23.0,Active,,,,,,,,,,,30.0,,,,,
13312,Josh Kattus,TE,CIN,,,PUP,,,,,,,,,,,85.0,,,,,
12848,Josh Kelly,WR,HOU,,25.0,Active,,,,,,,,,,,30.0,,,,,
1505,Josh Lenz,WR,,,28.0,Inactive,,,,,,,,,,,30.0,,,,,
7157,Josh Love,QB,,,25.0,Active,,,,,,,,,,,30.0,,,,,
4301,Josh Magee,WR,,,30.0,Inactive,,,,,,,,,,,30.0,,,,,
4160,Josh Malone,WR,,,26.0,Active,,,,,,,,,,,30.0,,,,,
208,Josh McCown,QB,,,42.0,Active,,,,,,,,,,,30.0,,,,,
222,Josh Morgan,WR,,,32.0,Inactive,,,,,,,,,,,30.0,,,,,
7452,Josh Pearson,WR,,,24.0,Active,,,,,,,,,,,30.0,,,,,
13768,Josh Pitsenburger,RB,,,,Active,,,,,,,,,,,30.0,,,,,
2905,Josh Reese,WR,,,34.0,Active,,,,,,,,,,,30.0,,,,,
2506,Josh Robinson,RB,,,28.0,Inactive,,,,,,,,,,,30.0,,,,,
4863,Josh Rosen,QB,,,25.0,Active,,,,,,,,,,,30.0,,,,,
4797,Josh Rounds,RB,,,28.0,Active,,,,,,,,,,,30.0,,,,,
5762,Josh Smith,WR,,,27.0,Inactive,,,,,,,,,,,30.0,,,,,
1938,Josh Stewart,WR,,,24.0,Inactive,,,,,,,,,,,30.0,,,,,
11329,Josh Vann,WR,,,23.0,Active,,,,,,,,,,,30.0,,,,,
3440,Josh Woodrum,QB,,,29.0,Active,,,,,,,,,,,30.0,,,,,
4179,Joshua Dobbs,QB,,,31.0,Active,,,,,,,,,,,30.0,,,,,
7045,Joshua Kelley,RB,,,27.0,Active,,,,,,,,,,,30.0,,,,,
12300,Joshua Lingenfelter,TE,,,,Active,,,,,,,,,,,30.0,,,,,
3668,Joshua Perkins,TE,NYJ,,28.0,Active,,,,,,,,,,,30.0,,,,,
13923,Joshua Pitsenberger,RB,HOU,,,Active,,,,,,,,,,,30.0,,,,,
12883,Joshua Simon,TE,ATL,,25.0,Active,,,,,,,,,,,30.0,,,,,
2912,Joshua Stangby,WR,,,28.0,Inactive,,,,,,,,,,,30.0,,,,,
7050,Josiah Deguara,TE,SF,,29.0,Active,,,,,,,,,,,30.0,,,,,
4409,Josiah Price,TE,,,28.0,Active,,,,,,,,,,,30.0,,,,,
6091,Jovon Durante,WR,,,,Inactive,,,,,,,,,,,30.0,,,,,
5228,J.T. Barrett,QB,,,26.0,Active,,,,,,,,,,,30.0,,,,,
5291,J.t. Luper,WR,,,,Inactive,,,,,,,,,,,30.0,,,,,
344,Julian Edelman,WR,,,35.0,Injured Reserve,,,,,,,,,,,50.0,,,,,
13108,Julian Fleming,WR,,,25.0,Active,,,,,,,,,,,30.0,,,,,
12151,Julian Hicks,WR,,,26.0,Active,,,,,,,,,,,30.0,,,,,
2865,Julian Howsare,RB,,,29.0,Inactive,,,,,,,,,,,30.0,,,,,
5804,Julian Williams,WR,,,,Active,,,,,,,,,,,30.0,,,,,
947,Julio Jones,WR,,,35.0,Active,,,,,,,,,,,30.0,,,,,
14001,Julius Davis,RB,,,,Active,,,,,,,,,,,30.0,,,,,
874,Julius Thomas,TE,,,32.0,Inactive,,,,,,,,,,,30.0,,,,,
12743,Junior Bergen,WR,SF,,23.0,Active,,,,,,,,,,,30.0,,,,,
1330,Junior Hemingway,WR,,,29.0,Inactive,,,,,,,,,,,30.0,,,,,
13351,Junior Vandeross,WR,,,,Active,,,,,,,,,,,30.0,,,,,
1137,Juron Criner,WR,,,27.0,Inactive,,,,,,,,,,,30.0,,,,,
1436,Justice Cunningham,TE,,,29.0,Inactive,,,,,,,,,,,30.0,,,,,
4831,Justice Liggins,WR,,,27.0,Active,,,,,,,,,,,30.0,,,,,
7299,Justice Shelton-Mosley,WR,,,24.0,Inactive,,,,,,,,,,,30.0,,,,,
3951,Justin Berger,WR,,,26.0,Inactive,,,,,,,,,,,30.0,,,,,
1114,Justin Blackmon,WR,,,32.0,Inactive,,,,,,,,,,,30.0,,,,,
1409,Justin Brown,WR,,,26.0,Inactive,,,,,,,,,,,30.0,,,,,
5398,Justin Crawford,RB,,,26.0,Active,,,,,,,,,,,30.0,,,,,
4635,Justin Davis,RB,,,26.0,Inactive,,,,,,,,,,,30.0,,,,,
458,Justin Forsett,RB,,,34.0,Inactive,,,,,,,,,,,30.0,,,,,
8441,Justin Hall,WR,,,25.0,Active,,,,,,,,,,,30.0,,,,,
2412,Justin Hardy,WR,,,30.0,Active,,,,,,,,,,,30.0,,,,,
1418,Justin Hunter,WR,,,30.0,Inactive,,,,,,,,,,,30.0,,,,,
5131,Justin Jackson,RB,,,26.0,Active,,,,,,,,,,,30.0,,,,,
6493,Justin Johnson,TE,,,25.0,Active,,,,,,,,,,,30.0,,,,,
13152,Justin Lockhart,WR,,,,Active,,,,,,,,,,,30.0,,,,,
11191,Justin Marshall,WR,,,24.0,Active,,,,,,,,,,,30.0,,,,,
2144,Justin Perillo,TE,,,29.0,Inactive,,,,,,,,,,,30.0,,,,,
8778,Justin Rigg,TE,,,25.0,Active,,,,,,,,,,,30.0,,,,,
9489,Justin Shorter,WR,LV,,26.0,IR,,,,,,,,,,,85.0,,,,,
2886,Justin Sinz,TE,,,33.0,Active,,,,,,,,,,,30.0,,,,,
5800,Justin Stockton,RB,,,26.0,Active,,,,,,,,,,,30.0,,,,,
12188,Justin Strong,RB,,,,Active,,,,,,,,,,,30.0,,,,,
6384,Justin Sumpter,WR,,,25.0,Active,,,,,,,,,,,30.0,,,,,
4723,Justin Thomas,WR,,,34.0,Active,,,,,,,,,,,30.0,,,,,
2930,Justin Tukes,TE,,,33.0,Active,,,,,,,,,,,30.0,,,,,
8140,Justyn Ross,WR,,,25.0,Active,,,,,,,,,,,30.0,,,,,
7174,Juwan Green,WR,,,25.0,Active,,,,,,,,,,,30.0,,,,,
2011,Juwan Thompson,RB,,,28.0,Inactive,,,,,,,,,,,30.0,,,,,
6223,Juwann Winfree,WR,,,28.0,Inactive,,,,,,,,,,,30.0,,,,,
14021,Kadarius Calloway,RB,TB,,,Active,,,,,,,,,,,30.0,,,,,
7606,Kadarius Toney,WR,,,25.0,Active,,,,,,,,,,,30.0,,,,,
11419,Kade Warner,WR,,,24.0,Active,,,,,,,,,,,30.0,,,,,
2104,Ka'Deem Carey,RB,,,27.0,Injured Reserve,,,,,,,,,,,50.0,,,,,
8755,Kaden Davis,WR,CHI,,27.0,Active,,,,,,,,,,,30.0,,,,,
12721,Kaden Prather,WR,GB,,23.0,Active,,,,,,,,,,,30.0,,,,,
6146,Kaden Smith,TE,,,26.0,Inactive,,,,,,,,,,,30.0,,,,,
1792,Kadron Boone,WR,,,27.0,Inactive,,,,,,,,,,,30.0,,,,,
2485,Kaelin Clay,WR,,,30.0,Inactive,,,,,,,,,,,30.0,,,,,
6164,Kahale Warring,TE,,,25.0,Active,,,,,,,,,,,30.0,,,,,
6358,Kahlil Lewis,WR,,,24.0,Active,,,,,,,,,,,30.0,,,,,
3030,Kai De La Cruz,WR,,,,Inactive,,,,,,,,,,,30.0,,,,,
7616,Kai Locksley,WR,,,25.0,Active,,,,,,,,,,,30.0,,,,,
13681,Kaidon Salter,QB,,,,Active,,,,,,,,,,,30.0,,,,,
2153,Kain Colter,WR,,,27.0,Inactive,,,,,,,,,,,30.0,,,,,
12434,Kairee Robinson,RB,,,,Active,,,,,,,,,,,30.0,,,,,
7096,Kaleb Barker,QB,,,23.0,NA,,,,,,,,,,,50.0,,,,,
8088,Kalif Jackson,TE,MIA,,,Active,,,,,,,,,,,30.0,,,,,
4385,Kalif Phillips,RB,,,27.0,Active,,,,,,,,,,,30.0,,,,,
6832,Kalija Lipscomb,WR,,,24.0,Active,,,,,,,,,,,30.0,,,,,
8248,Kalil Pimpleton,WR,,,24.0,Active,,,,,,,,,,,30.0,,,,,
794,Kamar Aiken,WR,,,32.0,Inactive,,,,,,,,,,,30.0,,,,,
8888,Kameron Brown,WR,,,26.0,Active,,,,,,,,,,,30.0,,,,,
5273,Kamryn Pettway,RB,,,26.0,Active,,,,,,,,,,,30.0,,,,,
6399,Kano Dillon,TE,,,,Active,,,,,,,,,,,30.0,,,,,
2001,Kapri Bibbs,RB,,,29.0,Inactive,,,,,,,,,,,30.0,,,,,
5976,Karan Higdon,RB,,,25.0,Inactive,,,,,,,,,,,30.0,,,,,
5283,Ka'Raun White,WR,,,28.0,Active,,,,,,,,,,,30.0,,,,,
4364,Karel Hamilton,WR,,,26.0,Active,,,,,,,,,,,30.0,,,,,
2458,Karlos Williams,RB,,,27.0,Inactive,,,,,,,,,,,30.0,,,,,
2611,Kasen Williams,WR,,,27.0,Inactive,,,,,,,,,,,30.0,,,,,
2733,Kasey Closs,WR,,,32.0,Active,,,,,,,,,,,30.0,,,,,
1758,Kashif Moore,WR,,,29.0,Inactive,,,,,,,,,,,30.0,,,,,
670,Kassim Osgood,WR,,,37.0,Inactive,,,,,,,,,,,30.0,,,,,
7752,Kawaan Baker,WR,,,27.0,Active,,,,,,,,,,,30.0,,,,,
5747,Kayaune Ross,WR,,,27.0,Active,,,,,,,,,,,30.0,,,,,
8863,Kaylon Geiger,WR,,,25.0,Active,,,,,,,,,,,30.0,,,,,
12296,Kaylon Horton,WR,,,,Active,,,,,,,,,,,30.0,,,,,
12963,Kayron Lynch-Adams,RB,,,,Active,,,,,,,,,,,30.0,,,,,
4456,K.D. Cannon,WR,,,26.0,Active,,,,,,,,,,,30.0,,,,,
8221,Keaontay Ingram,RB,,,26.0,Active,,,,,,,,,,,30.0,,,,,
11099,Kearis Jackson,WR,,,25.0,Active,,,,,,,,,,,30.0,,,,,
1755,Keavon Milton,TE,,,31.0,Inactive,,,,,,,,,,,30.0,,,,,
11648,Kedon Slovis,QB,ARI,,25.0,Active,,,,,,,,,,,30.0,,,,,
4622,Keelan Cole,WR,,,31.0,Active,,,,,,,,,,,30.0,,,,,
13973,Keelan Marion,WR,ATL,,26.0,Active,,,,,,,,,,,30.0,,,,,
3338,Keenan Reynolds,WR,,,28.0,Inactive,,,,,,,,,,,30.0,,,,,
6389,Keenen Brown,TE,,,26.0,Active,,,,,,,,,,,30.0,,,,,
4641,Keeon Johnson,WR,,,27.0,Active,,,,,,,,,,,30.0,,,,,
5962,KeeSean Johnson,WR,,,26.0,Active,,,,,,,,,,,30.0,,,,,
4823,Keevan Lucas,WR,,,26.0,Active,,,,,,,,,,,30.0,,,,,
8706,Kehinde Oginni,TE,,,25.0,Active,,,,,,,,,,,30.0,,,,,
11190,Keilahn Harris,WR,,,23.0,Inactive,,,,,,,,,,,30.0,,,,,
11773,Keilan Robinson,RB,,,26.0,Questionable,,,,,,,,,,,65.0,,,,,
5624,Keith Ford,RB,,,27.0,Inactive,,,,,,,,,,,30.0,,,,,
5134,Keith Kirkwood,WR,,,31.0,Active,,,,,,,,,,,30.0,,,,,
3397,Keith Marshall,RB,,,27.0,Active,,,,,,,,,,,30.0,,,,,
2478,Keith Mumphery,WR,,,28.0,Inactive,,,,,,,,,,,30.0,,,,,
4545,Keith Towbridge,TE,,,26.0,Active,,,,,,,,,,,30.0,,,,,
1883,Keith Wenning,QB,,,29.0,Inactive,,,,,,,,,,,30.0,,,,,
13291,Kejon Owens,RB,,,,Questionable,,,,,,,,,,,65.0,,,,,
5007,Keke Coutee,WR,,,26.0,Active,,,,,,,,,,,30.0,,,,,
8825,Kekoa Crawford,WR,,,25.0,Active,,,,,,,,,,,30.0,,,,,
198,Kellen Clemens,QB,,,37.0,Inactive,,,,,,,,,,,30.0,,,,,
328,Kellen Davis,TE,,,34.0,Inactive,,,,,,,,,,,30.0,,,,,
7581,Kellen Mond,QB,,,24.0,Active,,,,,,,,,,,30.0,,,,,
1158,Kellen Moore,QB,,,32.0,Inactive,,,,,,,,,,,30.0,,,,,
449,Kellen Winslow,TE,,,35.0,Inactive,,,,,,,,,,,30.0,,,,,
12755,Kelly Akharaiyi,WR,,,25.0,Active,,,,,,,,,,,30.0,,,,,
7110,Kelly Bryant,QB,,,23.0,NA,,,,,,,,,,,50.0,,,,,
3877,Kelsey Young,RB,,,25.0,Inactive,,,,,,,,,,,30.0,,,,,
2182,Kelvin Benjamin,WR,,,30.0,Inactive,,,,,,,,,,,30.0,,,,,
5884,Kelvin Harmon,WR,,,28.0,Active,,,,,,,,,,,30.0,,,,,
6438,Kelvin McKnight,WR,,,24.0,Active,,,,,,,,,,,30.0,,,,,
3366,Kelvin Taylor,RB,,,28.0,Inactive,,,,,,,,,,,30.0,,,,,
13781,Ken Seals,QB,,,,Active,,,,,,,,,,,30.0,,,,,
1655,Kenbrell Thompkins,WR,,,32.0,Inactive,,,,,,,,,,,30.0,,,,,
3917,Kendal Thompson,WR,,,29.0,Inactive,,,,,,,,,,,30.0,,,,,
6081,Kendall Blanton,TE,,,27.0,Active,,,,,,,,,,,30.0,,,,,
1671,Kendall Gaskins,RB,,,29.0,Inactive,,,,,,,,,,,30.0,,,,,
7210,Kendall Hinton,WR,,,26.0,Active,,,,,,,,,,,30.0,,,,,
978,Kendall Hunter,RB,,,32.0,Inactive,,,,,,,,,,,30.0,,,,,
1097,Kendall Wright,WR,,,32.0,Inactive,,,,,,,,,,,30.0,,,,,
8783,Kendric Pryor,WR,CIN,,28.0,Active,,,,,,,,,,,30.0,,,,,
3052,Kendrick Ings,WR,,,35.0,Active,,,,,,,,,,,30.0,,,,,
13412,Kendrick Law,WR,DET,,23.0,IR,,,,,,,,,,,85.0,,,,,
7035,Kendrick Rogers,WR,,,24.0,Active,,,,,,,,,,,30.0,,,,,
8057,Kenji Bahar,QB,,,,Active,,,,,,,,,,,30.0,,,,,
1546,Kenjon Barner,RB,,,33.0,Inactive,,,,,,,,,,,30.0,,,,,
2514,Kennard Backman,TE,,,27.0,Inactive,,,,,,,,,,,30.0,,,,,
8152,Kennedy Brooks,RB,,,24.0,Active,,,,,,,,,,,30.0,,,,,
3208,Kenneth Dixon,RB,,,27.0,Active,,,,,,,,,,,30.0,,,,,
3532,Kenneth Farrow,RB,,,28.0,Inactive,,,,,,,,,,,30.0,,,,,
2730,Kenneth Harper,RB,,,32.0,Active,,,,,,,,,,,30.0,,,,,
2465,Kenny Bell,WR,,,29.0,Inactive,,,,,,,,,,,30.0,,,,,
366,Kenny Britt,WR,,,31.0,Inactive,,,,,,,,,,,30.0,,,,,
2836,Kenny Cook,WR,,,29.0,Active,,,,,,,,,,,30.0,,,,,
13957,Kenny Fletcher,TE,TB,,,Active,,,,,,,,,,,30.0,,,,,
4131,Kenny Golladay,WR,,,29.0,Active,,,,,,,,,,,30.0,,,,,
2534,Kenny Hilliard,RB,,,30.0,Inactive,,,,,,,,,,,30.0,,,,,
3398,Kenny Lawler,WR,,,27.0,Active,,,,,,,,,,,30.0,,,,,
1555,Kenny Stills,WR,,,30.0,Active,,,,,,,,,,,30.0,,,,,
7597,Kenny Yeboah,TE,ARI,,27.0,Active,,,,,,,,,,,30.0,,,,,
5357,Kent Shelby,WR,,,,Active,,,,,,,,,,,30.0,,,,,
4861,Kent Taylor,TE,,,28.0,Active,,,,,,,,,,,30.0,,,,,
13436,Kentrel Bullock,RB,CIN,,24.0,Active,,,,,,,,,,,30.0,,,,,
3242,Kenyan Drake,RB,,,29.0,Active,,,,,,,,,,,30.0,,,,,
2783,Kenzel Doe,WR,,,32.0,Active,,,,,,,,,,,30.0,,,,,
4445,Keon Hatcher,WR,,,27.0,Active,,,,,,,,,,,30.0,,,,,
8892,Keric Wheatfall,WR,,,23.0,Active,,,,,,,,,,,30.0,,,,,
4785,Kermit Whitfield,WR,,,28.0,Active,,,,,,,,,,,30.0,,,,,
6175,Kerrith Whyte,RB,GB,,25.0,Active,,,,,,,,,,,30.0,,,,,
5068,Kerryon Johnson,RB,,,24.0,Active,,,,,,,,,,,30.0,,,,,
1441,Kerwynn Williams,RB,,,29.0,Inactive,,,,,,,,,,,30.0,,,,,
2927,Keshawn Hill,RB,,,31.0,Active,,,,,,,,,,,30.0,,,,,
1102,Keshawn Martin,WR,,,30.0,Inactive,,,,,,,,,,,30.0,,,,,
6885,Ke'Shawn Vaughn,RB,,,28.0,Active,,,,,,,,,,,30.0,,,,,
8858,Keshunn Abram,WR,,,23.0,Active,,,,,,,,,,,30.0,,,,,
13193,Ketron Jackson,WR,,,,Active,,,,,,,,,,,30.0,,,,,
1007,Kevin Brock,TE,,,31.0,Inactive,,,,,,,,,,,30.0,,,,,
945,Kevin Cone,WR,,,29.0,Inactive,,,,,,,,,,,30.0,,,,,
7243,Kevin Davidson,QB,,,24.0,Inactive,,,,,,,,,,,30.0,,,,,
1524,Kevin Dorsey,WR,,,27.0,Inactive,,,,,,,,,,,30.0,,,,,
12215,Kevin Foelsch,TE,,,24.0,Active,,,,,,,,,,,30.0,,,,,
8174,Kevin Harris,RB,,,24.0,Active,,,,,,,,,,,30.0,,,,,
3318,Kevin Hogan,QB,,,30.0,Active,,,,,,,,,,,30.0,,,,,
8876,Kevin Kassis,WR,,,25.0,Active,,,,,,,,,,,30.0,,,,,
278,Kevin Kolb,QB,,,33.0,Inactive,,,,,,,,,,,30.0,,,,,
8424,Kevin Marks,RB,,,24.0,Active,,,,,,,,,,,30.0,,,,,
2748,Kevin Monangai,RB,,,25.0,Inactive,,,,,,,,,,,30.0,,,,,
2276,Kevin Norwood,WR,,,30.0,Injured Reserve,,,,,,,,,,,50.0,,,,,
5833,Kevin O'Connell,QB,,,34.0,Inactive,,,,,,,,,,,30.0,,,,,
405,Kevin Ogletree,WR,,,30.0,Inactive,,,,,,,,,,,30.0,,,,,
5171,Kevin Rader,TE,,,29.0,Inactive,,,,,,,,,,,30.0,,,,,
8697,Kevin Shaa,WR,,,25.0,Active,,,,,,,,,,,30.0,,,,,
2295,Kevin Smith,WR,,,28.0,Inactive,,,,,,,,,,,30.0,,,,,
4699,Kevin Snead,WR,,,30.0,Active,,,,,,,,,,,30.0,,,,,
72,Kevin Walter,WR,,,36.0,Inactive,,,,,,,,,,,30.0,,,,,
2312,Kevin White,WR,,,30.0,Active,,,,,,,,,,,30.0,,,,,
4708,KeVonn Mabon,WR,,,28.0,Active,,,,,,,,,,,30.0,,,,,
13831,Kevorian Barnes,RB,,,,Active,,,,,,,,,,,30.0,,,,,
3475,Keyarris Garrett,WR,,,29.0,Active,,,,,,,,,,,30.0,,,,,
13194,Key'Shawn Smith,WR,,,,Active,,,,,,,,,,,30.0,,,,,
11344,Keytaon Thompson,WR,,,24.0,Active,,,,,,,,,,,30.0,,,,,
5773,KhaDarel Hodge,WR,SF,,31.0,Active,,,,,,,,,,,30.0,,,,,
11176,Khalan Laborn,RB,,,24.0,Active,,,,,,,,,,,30.0,,,,,
4283,Khalfani Muhammad,RB,,,27.0,Active,,,,,,,,,,,30.0,,,,,
4697,Khalid Abdullah,RB,,,26.0,Active,,,,,,,,,,,30.0,,,,,
13432,Khalil Dinkins,TE,,,,Questionable,,,,,,,,,,,65.0,,,,,
7580,Khalil McClain,WR,,,22.0,Active,,,,,,,,,,,30.0,,,,,
7401,Khalil Tate,WR,,,23.0,Inactive,,,,,,,,,,,30.0,,,,,
2686,Khari Lee,TE,,,29.0,Inactive,,,,,,,,,,,30.0,,,,,
1720,Khiry Robinson,RB,,,30.0,Inactive,,,,,,,,,,,30.0,,,,,
3861,Kieren Duncan,WR,,,24.0,Inactive,,,,,,,,,,,30.0,,,,,
13175,Kinkead Dent,QB,,,25.0,Inactive,,,,,,,,,,,30.0,,,,,
13166,Kisean Johnson,WR,,,,Active,,,,,,,,,,,30.0,,,,,
3596,Kivon Cartwright,TE,,,29.0,Active,,,,,,,,,,,30.0,,,,,
3834,K.J. Brent,WR,,,28.0,Inactive,,,,,,,,,,,30.0,,,,,
8087,K.J. Costello,QB,,,25.0,Active,,,,,,,,,,,30.0,,,,,
6805,KJ Hamler,WR,,,26.0,Active,,,,,,,,,,,30.0,,,,,
6866,KJ Hill,WR,LAC,,24.0,Active,,,,,,,,,,,30.0,,,,,
3515,K.J. Maye,WR,,,27.0,Active,,,,,,,,,,,30.0,,,,,
1463,Knile Davis,RB,,,28.0,Inactive,,,,,,,,,,,30.0,,,,,
387,Knowshon Moreno,RB,,,30.0,Inactive,,,,,,,,,,,30.0,,,,,
12488,Kobe Hudson,WR,,,,Active,,,,,,,,,,,30.0,,,,,
12026,Kobe Lewis,RB,,,24.0,Active,,,,,,,,,,,30.0,,,,,
5801,Kobe McCrary,RB,,,27.0,Active,,,,,,,,,,,30.0,,,,,
13708,Kobe Prentice,WR,NE,,22.0,Active,,,,,,,,,,,30.0,,,,,
11359,Kody Case,WR,,,24.0,Active,,,,,,,,,,,30.0,,,,,
13981,Kolbe Katsis,WR,DEN,,24.0,Active,,,,,,,,,,,30.0,,,,,
3348,Kolby Listenbee,WR,,,27.0,Inactive,,,,,,,,,,,30.0,,,,,
13085,Kole Taylor,TE,,,,Active,,,,,,,,,,,30.0,,,,,
13749,Kole Wilson,WR,CLE,,22.0,Active,,,,,,,,,,,30.0,,,,,
984,Konrad Reuland,TE,,,33.0,Inactive,,,,,,,,,,,30.0,,,,,
5210,Korey Robertson,WR,,,26.0,Active,,,,,,,,,,,30.0,,,,,
990,Kris Durham,WR,,,29.0,Inactive,,,,,,,,,,,30.0,,,,,
11447,Kris Leach,TE,,,,Active,,,,,,,,,,,30.0,,,,,
4526,Krishawn Hogan,WR,,,26.0,Active,,,,,,,,,,,30.0,,,,,
7438,Kristian Wilkerson,WR,,,29.0,Active,,,,,,,,,,,30.0,,,,,
5142,Kurt Benkert,QB,,,27.0,Active,,,,,,,,,,,30.0,,,,,
7,Kurt Warner,QB,,,47.0,Inactive,,,,,,,,,,,30.0,,,,,
12477,Kurtis Rourke,QB,SF,,25.0,Active,,,,,,,,,,,30.0,,,,,
12954,Kye Robichaux,RB,DET,,23.0,Questionable,,,,,,,,,,,65.0,,,,,
3481,Kyle Carter,TE,,,29.0,Inactive,,,,,,,,,,,30.0,,,,,
13830,Kyle Dixon,WR,NE,,25.0,Active,,,,,,,,,,,30.0,,,,,
4996,Kyle Lauletta,QB,,,26.0,Active,,,,,,,,,,,30.0,,,,,
5236,Kyle Lewis,WR,,,26.0,Active,,,,,,,,,,,30.0,,,,,
7378,Kyle Markway,TE,,,25.0,Active,,,,,,,,,,,30.0,,,,,
12494,Kyle McCord,QB,GB,,23.0,Active,,,,,,,,,,,30.0,,,,,
1299,Kyle Miller,TE,,,32.0,Inactive,,,,,,,,,,,30.0,,,,,
388,Kyle Orton,QB,,,34.0,Inactive,,,,,,,,,,,30.0,,,,,
8171,Kyle Philips,WR,,,26.0,Active,,,,,,,,,,,30.0,,,,,
2848,Kyle Prater,WR,,,26.0,Inactive,,,,,,,,,,,30.0,,,,,
943,Kyle Rudolph,TE,,,33.0,Active,,,,,,,,,,,30.0,,,,,
11901,Kyle Sheets,WR,,,24.0,Active,,,,,,,,,,,30.0,,,,,
6269,Kyle Shurmur,QB,,,25.0,Active,,,,,,,,,,,30.0,,,,,
4588,Kyle Sloter,QB,,,28.0,Active,,,,,,,,,,,30.0,,,,,
7605,Kyle Trask,QB,,,27.0,Active,,,,,,,,,,,30.0,,,,,
7572,Kylin Hill,RB,,,24.0,Active,,,,,,,,,,,30.0,,,,,
14056,Kyre Duplessis,WR,,,,Active,,,,,,,,,,,30.0,,,,,
13208,Kyrese Rowan,WR,,,25.0,Active,,,,,,,,,,,30.0,,,,,
8595,Kyric McGowan,WR,,,24.0,Active,,,,,,,,,,,30.0,,,,,
13599,Kyron Drones,QB,GB,,23.0,Active,,,,,,,,,,,30.0,,,,,
14031,Kyron Hudson,WR,CHI,,24.0,Active,,,,,,,,,,,30.0,,,,,
2101,Lache Seastrunk,RB,,,27.0,Inactive,,,,,,,,,,,30.0,,,,,
11543,Lachlan Pitts,TE,,,,Active,,,,,,,,,,,30.0,,,,,
1943,Lacoltan Bester,WR,,,,Active,,,,,,,,,,,30.0,,,,,
654,LaDainian Tomlinson,RB,,,39.0,Inactive,,,,,,,,,,,30.0,,,,,
12306,La'Damian Webb,RB,,,,Active,,,,,,,,,,,30.0,,,,,
1139,Ladarius Green,TE,,,30.0,Inactive,,,,,,,,,,,30.0,,,,,
13292,Lake McRee,TE,PIT,,,Active,,,,,,,,,,,30.0,,,,,
4895,Lamar Atkins,WR,,,27.0,Active,,,,,,,,,,,30.0,,,,,
5239,Lamar Jordan,QB,,,27.0,Active,,,,,,,,,,,30.0,,,,,
1048,Lamar Miller,RB,,,30.0,Active,,,,,,,,,,,30.0,,,,,
6908,La'Mical Perine,RB,,,26.0,Active,,,,,,,,,,,30.0,,,,,
1225,LaMichael James,RB,,,30.0,Inactive,,,,,,,,,,,30.0,,,,,
11540,La'Michael Pettway,TE,,,27.0,Active,,,,,,,,,,,30.0,,,,,
1284,Lance Dunbar,RB,,,30.0,Inactive,,,,,,,,,,,30.0,,,,,
964,Lance Kendricks,TE,,,33.0,Active,,,,,,,,,,,30.0,,,,,
4750,Lance Lenoir,WR,,,28.0,Active,,,,,,,,,,,30.0,,,,,
1786,Lance Lewis,WR,,,28.0,Inactive,,,,,,,,,,,30.0,,,,,
13357,Lance Mason,TE,SEA,,,Active,,,,,,,,,,,30.0,,,,,
8745,Lance McCutcheon,WR,TEN,,27.0,Active,,,,,,,,,,,30.0,,,,,
270,Lance Moore,WR,,,37.0,Inactive,,,,,,,,,,,30.0,,,,,
7915,Landen Akers,WR,,,25.0,Active,,,,,,,,,,,30.0,,,,,
8705,Landon Lenoir,WR,,,24.0,Active,,,,,,,,,,,30.0,,,,,
12820,Landon Parker,WR,,,26.0,Active,,,,,,,,,,,30.0,,,,,
8026,Landon Rice,TE,,,24.0,Inactive,,,,,,,,,,,30.0,,,,,
1411,Landry Jones,QB,,,32.0,Inactive,,,,,,,,,,,30.0,,,,,
5427,LaQuvionte Gonzalez,WR,,,28.0,Active,,,,,,,,,,,30.0,,,,,
1217,Laron Byrd,WR,,,32.0,Inactive,,,,,,,,,,,30.0,,,,,
4680,Larry Clark,WR,,,28.0,Active,,,,,,,,,,,30.0,,,,,
1759,Larry Donnell,TE,,,31.0,Inactive,,,,,,,,,,,30.0,,,,,
223,Larry Fitzgerald,WR,,,38.0,Inactive,,,,,,,,,,,30.0,,,,,
2769,Larry Pinkard,WR,,,29.0,Inactive,,,,,,,,,,,30.0,,,,,
5618,Larry Rose,RB,,,26.0,NA,,,,,,,,,,,50.0,,,,,
7574,Larry Rountree,RB,,,24.0,Active,,,,,,,,,,,30.0,,,,,
1476,Latavius Murray,RB,,,34.0,Active,,,,,,,,,,,30.0,,,,,
12360,Latreal Jones,WR,,,26.0,Active,,,,,,,,,,,30.0,,,,,
3032,Lavance Taylor,RB,,,,Inactive,,,,,,,,,,,30.0,,,,,
151,Lavelle Hawkins,WR,,,31.0,Inactive,,,,,,,,,,,30.0,,,,,
6814,Laviska Shenault,WR,,,26.0,Active,,,,,,,,,,,30.0,,,,,
5259,Lavon Coleman,RB,,,27.0,Inactive,,,,,,,,,,,30.0,,,,,
13242,Lawrance Toafili,RB,,,24.0,Active,,,,,,,,,,,30.0,,,,,
7106,Lawrence Cager,TE,WAS,,28.0,Active,,,,,,,,,,,30.0,,,,,
12001,Lawrence Keys,WR,,,26.0,Questionable,,,,,,,,,,,65.0,,,,,
3644,Lawrence Thomas,RB,,,28.0,Inactive,,,,,,,,,,,30.0,,,,,
13261,Layne Pryor,TE,HOU,,23.0,Active,,,,,,,,,,,30.0,,,,,
2076,L'Damian Washington,WR,,,31.0,Inactive,,,,,,,,,,,30.0,,,,,
8217,Leddie Brown,RB,,,22.0,Active,,,,,,,,,,,30.0,,,,,
812,Lee Smith,TE,ATL,,34.0,Active,,,,,,,,,,,30.0,,,,,
2945,Lee Ward,RB,,,33.0,Active,,,,,,,,,,,30.0,,,,,
730,LeGarrette Blount,RB,,,35.0,Injured Reserve,,,,,,,,,,,50.0,,,,,
13975,Le'Meke Brockington,WR,ATL,,24.0,Active,,,,,,,,,,,30.0,,,,,
4636,Lenard Tillery,RB,,,28.0,Active,,,,,,,,,,,30.0,,,,,
11863,Leon Johnson,WR,,,23.0,Active,,,,,,,,,,,30.0,,,,,
697,Leon Washington,RB,,,35.0,Inactive,,,,,,,,,,,30.0,,,,,
3969,Leonard Fournette,RB,,,28.0,Active,,,,,,,,,,,30.0,,,,,
914,Leonard Hankerson,WR,,,31.0,Inactive,,,,,,,,,,,30.0,,,,,
3253,Leonte Carroo,WR,,,27.0,Inactive,,,,,,,,,,,30.0,,,,,
121,LeRon McClain,RB,,,32.0,Inactive,,,,,,,,,,,30.0,,,,,
8660,Leroy Watson,TE,,,27.0,Active,,,,,,,,,,,30.0,,,,,
676,LeSean McCoy,RB,,,33.0,Injured Reserve,,,,,,,,,,,50.0,,,,,
4418,LeShun Daniels,RB,,,26.0,Inactive,,,,,,,,,,,30.0,,,,,
6959,LeVante Bellamy,RB,,,25.0,Active,,,,,,,,,,,30.0,,,,,
1408,Le'Veon Bell,RB,TB,,29.0,Active,,,,,,,,,,,30.0,,,,,
4338,Levern Jacobs,WR,,,29.0,Inactive,,,,,,,,,,,30.0,,,,,
8429,Levi Lewis,QB,,,24.0,Active,,,,,,,,,,,30.0,,,,,
2700,Levi Norwood,WR,,,26.0,Inactive,,,,,,,,,,,30.0,,,,,
13889,Levi Wentz,WR,PIT,,,Active,,,,,,,,,,,30.0,,,,,
1642,Levine Toilolo,TE,NYG,,30.0,Inactive,,,,,,,,,,,30.0,,,,,
4784,Levonte Whitfield,WR,,,,NA,,,,,,,,,,,50.0,,,,,
9510,Lew Nichols,RB,PIT,,24.0,Active,,,,,,,,,,,30.0,,,,,
340,Lex Hilliard,RB,,,33.0,Inactive,,,,,,,,,,,30.0,,,,,
14063,Liam Clifford,WR,IND,,,Active,,,,,,,,,,,30.0,,,,,
13352,Lincoln Pare,RB,,,25.0,Questionable,,,,,,,,,,,65.0,,,,,
12237,Lincoln Sefcik,TE,,,25.0,Active,,,,,,,,,,,30.0,,,,,
12077,Lincoln Victor,WR,,,,Active,,,,,,,,,,,30.0,,,,,
6161,L.J. Scott,RB,,,25.0,Active,,,,,,,,,,,30.0,,,,,
2206,Logan Kilgore,QB,,,,Active,,,,,,,,,,,30.0,,,,,
587,Logan Paulsen,TE,,,34.0,Active,,,,,,,,,,,30.0,,,,,
2996,Logan Stokes,TE,,,32.0,Active,,,,,,,,,,,30.0,,,,,
2251,Logan Thomas,TE,,,33.0,Active,,,,,,,,,,,30.0,,,,,
12226,Lorenzo Lingard,RB,,,25.0,Active,,,,,,,,,,,30.0,,,,,
1880,Lorenzo Taliaferro,RB,,,28.0,Inactive,,,,,,,,,,,30.0,,,,,
14055,Louis Hansen,TE,,,,Active,,,,,,,,,,,30.0,,,,,
396,Louis Murphy,WR,,,33.0,Inactive,,,,,,,,,,,30.0,,,,,
11652,Louis Rees-Zammit,RB,,,24.0,Active,,,,,,,,,,,30.0,,,,,
3025,LT Smith,WR,,,,Inactive,,,,,,,,,,,30.0,,,,,
11520,Lucky Jackson,WR,DET,,29.0,Active,,,,,,,,,,,30.0,,,,,
2789,Lucky Whitehead,WR,,,28.0,Injured Reserve,,,,,,,,,,,50.0,,,,,
5709,Luis Perez,QB,,,30.0,Active,,,,,,,,,,,30.0,,,,,
8650,Lujuan Winningham,WR,,,,Active,,,,,,,,,,,30.0,,,,,
13314,Luke Altmyer,QB,DET,,23.0,Active,,,,,,,,,,,30.0,,,,,
11862,Luke Benson,TE,,,23.0,Active,,,,,,,,,,,30.0,,,,,
13205,Luke Deal,TE,,,,Questionable,,,,,,,,,,,65.0,,,,,
5108,Luke Falk,QB,,,27.0,Active,,,,,,,,,,,30.0,,,,,
13189,Luke Floriea,WR,CLE,,24.0,Active,,,,,,,,,,,30.0,,,,,
12803,Luke Grimm,WR,LAC,,24.0,Active,,,,,,,,,,,30.0,,,,,
12725,Luke Lachey,TE,,,25.0,Questionable,,,,,,,,,,,65.0,,,,,
2914,Luke Lundy,RB,,,36.0,Active,,,,,,,,,,,30.0,,,,,
248,Luke McCown,QB,,,40.0,Injured Reserve,,,,,,,,,,,50.0,,,,,
1603,Luke Willson,TE,,,31.0,Injured Reserve,,,,,,,,,,,50.0,,,,,
13617,Luke Wysong,WR,,,23.0,Active,,,,,,,,,,,30.0,,,,,
6909,Lynn Bowden,WR,,,26.0,Active,,,,,,,,,,,30.0,,,,,
1771,M Harris,WR,,,28.0,Inactive,,,,,,,,,,,30.0,,,,,
12809,Mac Dalena,WR,BUF,,24.0,Active,,,,,,,,,,,30.0,,,,,
11247,Mac Hippenhammer,WR,,,24.0,Active,,,,,,,,,,,30.0,,,,,
2634,Mack Brown,RB,,,30.0,Inactive,,,,,,,,,,,30.0,,,,,
8209,Makai Polk,WR,,,23.0,Active,,,,,,,,,,,30.0,,,,,
11526,Malachi Carter,WR,,,23.0,Active,,,,,,,,,,,30.0,,,,,
4243,Malachi Dupre,WR,,,26.0,Inactive,,,,,,,,,,,30.0,,,,,
5777,Malachi Jones,WR,,,27.0,Active,,,,,,,,,,,30.0,,,,,
2588,Malcolm Brown,RB,,,29.0,Active,,,,,,,,,,,30.0,,,,,
12187,Malcolm Epps,TE,,,25.0,Active,,,,,,,,,,,30.0,,,,,
4392,Malcolm Lewis,WR,,,28.0,Active,,,,,,,,,,,30.0,,,,,
3273,Malcolm Mitchell,WR,,,28.0,Inactive,,,,,,,,,,,30.0,,,,,
7109,Malcolm Perry,WR,,,25.0,Active,,,,,,,,,,,30.0,,,,,
316,Malcom Floyd,WR,,,39.0,Inactive,,,,,,,,,,,30.0,,,,,
14058,Malick Meiga,WR,CAR,,25.0,Active,,,,,,,,,,,30.0,,,,,
5169,Malik Earl,WR,,,25.0,Active,,,,,,,,,,,30.0,,,,,
11192,Malik Flowers,WR,,,24.0,Active,,,,,,,,,,,30.0,,,,,
6552,Malik Henry,WR,,,24.0,Active,,,,,,,,,,,30.0,,,,,
11080,Malik Knowles,WR,,,25.0,Active,,,,,,,,,,,30.0,,,,,
13825,Malik McClain,WR,NYJ,,,Active,,,,,,,,,,,30.0,,,,,
13702,Malik Rutherford,WR,,,,Active,,,,,,,,,,,30.0,,,,,
5781,Malik Turner,WR,SF,,30.0,Active,,,,,,,,,,,30.0,,,,,
8770,Malik Williams,WR,,,24.0,Active,,,,,,,,,,,30.0,,,,,
7400,Manasseh Bailey,WR,,,24.0,Active,,,,,,,,,,,30.0,,,,,
2604,Manasseh Garner,WR,,,29.0,Inactive,,,,,,,,,,,30.0,,,,,
3905,Mandel Dixon,TE,,,25.0,Inactive,,,,,,,,,,,30.0,,,,,
6343,Manny Wilkins,QB,,,26.0,Active,,,,,,,,,,,30.0,,,,,
14039,Mante Morrow,WR,LAC,,,Active,,,,,,,,,,,30.0,,,,,
539,Marc Mariani,WR,,,33.0,Inactive,,,,,,,,,,,30.0,,,,,
1985,Marcel Jensen,TE,,,30.0,Inactive,,,,,,,,,,,30.0,,,,,
6700,Marcelias Sutton,RB,,,,Active,,,,,,,,,,,30.0,,,,,
4942,Marcell Ateman,WR,,,29.0,Active,,,,,,,,,,,30.0,,,,,
5207,Marchie Murdock,WR,,,27.0,Active,,,,,,,,,,,30.0,,,,,
5233,Marcus Baugh,TE,,,27.0,Active,,,,,,,,,,,30.0,,,,,
13667,Marcus Burke,WR,,,,Active,,,,,,,,,,,30.0,,,,,
11222,Marcus Cooper,RB,,,,Active,,,,,,,,,,,30.0,,,,,
999,Marcus Easley,WR,,,32.0,Inactive,,,,,,,,,,,30.0,,,,,
6288,Marcus Green,WR,,,25.0,Active,,,,,,,,,,,30.0,,,,,
3445,Marcus Johnson,WR,,,28.0,Active,,,,,,,,,,,30.0,,,,,
4491,Marcus Kemp,WR,,,28.0,Active,,,,,,,,,,,30.0,,,,,
3584,Marcus Leak,WR,,,29.0,Active,,,,,,,,,,,30.0,,,,,
2191,Marcus Lucas,WR,,,29.0,Active,,,,,,,,,,,30.0,,,,,
13154,Marcus Major,RB,,,25.0,Active,,,,,,,,,,,30.0,,,,,
6548,Marcus Marshall,RB,,,24.0,Inactive,,,,,,,,,,,30.0,,,,,
5558,Marcus Martin,RB,,,26.0,Active,,,,,,,,,,,30.0,,,,,
2529,Marcus Murphy,RB,,,30.0,Inactive,,,,,,,,,,,30.0,,,,,
5786,Marcus Peterson,WR,,,29.0,Active,,,,,,,,,,,30.0,,,,,
12235,Marcus Riley,WR,,,25.0,Active,,,,,,,,,,,30.0,,,,,
11946,Marcus Rosemy-Jacksaint,WR,,,23.0,Active,,,,,,,,,,,30.0,,,,,
13619,Marcus Sanders,WR,MIN,,22.0,Active,,,,,,,,,,,30.0,,,,,
8589,Marcus Santos-Silva,TE,,,25.0,Active,,,,,,,,,,,30.0,,,,,
6712,Marcus Simms,WR,,,26.0,Inactive,,,,,,,,,,,30.0,,,,,
1050,Marcus Thigpen,WR,,,34.0,Inactive,,,,,,,,,,,30.0,,,,,
3817,Marcus Tucker,WR,,,29.0,Inactive,,,,,,,,,,,30.0,,,,,
12546,Marcus Yarns,RB,,,24.0,Active,,,,,,,,,,,30.0,,,,,
2537,Mario Alford,WR,,,28.0,Inactive,,,,,,,,,,,30.0,,,,,
2800,Mario Hull,WR,,,32.0,Active,,,,,,,,,,,30.0,,,,,
68,Mario Manningham,WR,,,31.0,Inactive,,,,,,,,,,,30.0,,,,,
13001,Mario Williams,WR,LAR,,23.0,Active,,,,,,,,,,,30.0,,,,,
2048,Marion Grice,RB,,,25.0,Inactive,,,,,,,,,,,30.0,,,,,
5776,Mark Chapman,WR,,,,Active,,,,,,,,,,,30.0,,,,,
13271,Mark Fletcher,RB,,,,Active,,,,,,,,,,,30.0,,,,,
13816,Mark Gronowski,QB,MIA,,24.0,Active,,,,,,,,,,,30.0,,,,,
956,Mark Ingram,RB,,,33.0,Inactive,,,,,,,,,,,30.0,,,,,
350,Mark Sanchez,QB,,,35.0,Injured Reserve,,,,,,,,,,,50.0,,,,,
5463,Mark Thompson,RB,,,27.0,Active,,,,,,,,,,,30.0,,,,,
8101,Mark Vital,TE,,,25.0,Active,,,,,,,,,,,30.0,,,,,
4997,Mark Walton,RB,,,24.0,Active,,,,,,,,,,,30.0,,,,,
2943,Mark Weisman,RB,,,33.0,Active,,,,,,,,,,,30.0,,,,,
3568,Marken Michel,WR,,,29.0,Active,,,,,,,,,,,30.0,,,,,
12341,Markese Stepp,RB,,,24.0,Active,,,,,,,,,,,30.0,,,,,
1413,Markus Wheaton,WR,,,30.0,Inactive,,,,,,,,,,,30.0,,,,,
1675,Marlon Brown,WR,,,29.0,Injured Reserve,,,,,,,,,,,50.0,,,,,
511,Marlon Moore,WR,,,33.0,Inactive,,,,,,,,,,,30.0,,,,,
7545,Marlon Williams,WR,,,,Inactive,,,,,,,,,,,30.0,,,,,
1987,Marqise Lee,WR,,,30.0,Inactive,,,,,,,,,,,30.0,,,,,
1636,MarQueis Gray,TE,,,30.0,Inactive,,,,,,,,,,,30.0,,,,,
201,Marques Colston,WR,,,37.0,Inactive,,,,,,,,,,,30.0,,,,,
1512,Marquess Wilson,WR,,,28.0,Inactive,,,,,,,,,,,30.0,,,,,
6989,Marquez Callaway,WR,,,27.0,Active,,,,,,,,,,,30.0,,,,,
2846,Marquez Clark,WR,,,33.0,Active,,,,,,,,,,,30.0,,,,,
3464,Marquez North,WR,,,26.0,Active,,,,,,,,,,,30.0,,,,,
7556,Marquez Stevenson,WR,,,25.0,Active,,,,,,,,,,,30.0,,,,,
3889,Marquis Bundy,WR,,,27.0,Inactive,,,,,,,,,,,30.0,,,,,
6742,Marquis Young,RB,,,26.0,Active,,,,,,,,,,,30.0,,,,,
5848,Marquise Brown,WR,PHI,,29.0,Active,,,,,,,,,,,30.0,,,,,
1346,Marquise Goodwin,WR,,,33.0,Active,,,,,,,,,,,30.0,,,,,
3524,Marquise Williams,QB,,,32.0,Active,,,,,,,,,,,30.0,,,,,
13032,Marshall Lang,TE,MIN,,24.0,Active,,,,,,,,,,,30.0,,,,,
3531,Marshaun Coprich,RB,,,30.0,Active,,,,,,,,,,,30.0,,,,,
745,Marshawn Lynch,RB,,,35.0,Injured Reserve,,,,,,,,,,,50.0,,,,,
1916,Martavis Bryant,WR,,,32.0,Active,,,,,,,,,,,30.0,,,,,
40,Martellus Bennett,TE,,,33.0,Inactive,,,,,,,,,,,30.0,,,,,
5138,Martez Carter,RB,,,28.0,Active,,,,,,,,,,,30.0,,,,,
7286,Marvelle Ross,WR,,,25.0,Inactive,,,,,,,,,,,30.0,,,,,
4813,Marvin Bracy,WR,,,28.0,Active,,,,,,,,,,,30.0,,,,,
3895,Marvin Hall,WR,,,29.0,Active,,,,,,,,,,,30.0,,,,,
1067,Marvin Jones,WR,,,33.0,Active,,,,,,,,,,,30.0,,,,,
12260,Mason Fairchild,TE,,,23.0,Active,,,,,,,,,,,30.0,,,,,
7102,Mason Fine,QB,,,23.0,NA,,,,,,,,,,,50.0,,,,,
12068,Mason Pline,TE,KC,,26.0,Active,,,,,,,,,,,30.0,,,,,
4229,Mason Schreck,TE,,,29.0,Active,,,,,,,,,,,30.0,,,,,
8149,Master Teague,RB,,,23.0,Active,,,,,,,,,,,30.0,,,,,
8233,Mataeo Durant,RB,,,23.0,Active,,,,,,,,,,,30.0,,,,,
7619,Mathew Sexton,WR,,,26.0,Active,,,,,,,,,,,30.0,,,,,
12288,Mathieu Severance,RB,,,,Active,,,,,,,,,,,30.0,,,,,
936,Matt Asiata,RB,,,33.0,Inactive,,,,,,,,,,,30.0,,,,,
1338,Matt Barkley,QB,,,33.0,Active,,,,,,,,,,,30.0,,,,,
1738,Matt Blanchard,QB,,,28.0,Inactive,,,,,,,,,,,30.0,,,,,
7992,Matt Bushman,TE,,,28.0,Active,,,,,,,,,,,30.0,,,,,
389,Matt Cassel,QB,,,39.0,Inactive,,,,,,,,,,,30.0,,,,,
6352,Matt Colburn,RB,,,27.0,Active,,,,,,,,,,,30.0,,,,,
7352,Matt Cole,WR,,,25.0,Active,,,,,,,,,,,30.0,,,,,
8164,Matt Corral,QB,,,25.0,Active,,,,,,,,,,,30.0,,,,,
5194,Matt Flanagan,TE,,,26.0,Inactive,,,,,,,,,,,30.0,,,,,
5699,Matt Fleming,WR,,,25.0,Active,,,,,,,,,,,30.0,,,,,
144,Matt Flynn,QB,,,35.0,Inactive,,,,,,,,,,,30.0,,,,,
103,Matt Forte,RB,,,34.0,Inactive,,,,,,,,,,,30.0,,,,,
36,Matt Hasselbeck,QB,,,44.0,Inactive,,,,,,,,,,,30.0,,,,,
1821,Matt Hazel,WR,,,28.0,Injured Reserve,,,,,,,,,,,50.0,,,,,
13324,Matt Hibner,TE,BAL,,24.0,Active,,,,,,,,,,,30.0,,,,,
2400,Matt Jones,RB,,,27.0,Inactive,,,,,,,,,,,30.0,,,,,
2944,Matt LaCosse,TE,NE,,29.0,Active,,,,,,,,,,,30.0,,,,,
10869,Matt Landers,WR,,,26.0,Active,,,,,,,,,,,30.0,,,,,
13806,Matt Lauter,TE,,,,Active,,,,,,,,,,,30.0,,,,,
3036,Matt Lengel,TE,,,31.0,Active,,,,,,,,,,,30.0,,,,,
5208,Matt Linehan,QB,,,,Inactive,,,,,,,,,,,30.0,,,,,
233,Matt Moore,QB,,,37.0,Inactive,,,,,,,,,,,30.0,,,,,
24,Matt Ryan,QB,,,37.0,Active,,,,,,,,,,,30.0,,,,,
178,Matt Schaub,QB,,,40.0,Injured Reserve,,,,,,,,,,,50.0,,,,,
8074,Matt Seybert,TE,,,24.0,Active,,,,,,,,,,,30.0,,,,,
1807,Matt Simms,QB,,,33.0,Inactive,,,,,,,,,,,30.0,,,,,
6233,Matt Sokol,TE,,,30.0,Active,,,,,,,,,,,30.0,,,,,
250,Matt Spaeth,TE,,,36.0,Inactive,,,,,,,,,,,30.0,,,,,
3648,Matt Weiser,TE,,,29.0,Active,,,,,,,,,,,30.0,,,,,
13597,Matthew Caldwell,QB,LAR,,23.0,Active,,,,,,,,,,,30.0,,,,,
4232,Matthew Dayes,RB,,,27.0,Inactive,,,,,,,,,,,30.0,,,,,
6468,Matthew Eaton,WR,,,26.0,Active,,,,,,,,,,,30.0,,,,,
1747,Matthew McGloin,QB,,,30.0,Inactive,,,,,,,,,,,30.0,,,,,
469,Matthew Mulligan,TE,,,35.0,Inactive,,,,,,,,,,,30.0,,,,,
312,Matthew Slater,WR,,,38.0,Active,,,,,,,,,,,30.0,,,,,
1336,Matthew Tucker,RB,,,27.0,Inactive,,,,,,,,,,,30.0,,,,,
7234,Maurice Ffrench,WR,,,24.0,Active,,,,,,,,,,,30.0,,,,,
3650,Maurice Harris,WR,,,29.0,Inactive,,,,,,,,,,,30.0,,,,,
293,Maurice Jones-Drew,RB,,,32.0,Inactive,,,,,,,,,,,30.0,,,,,
8218,Max Borghi,RB,,,22.0,Active,,,,,,,,,,,30.0,,,,,
12775,Max Brosmer,QB,MIN,,25.0,Active,,,,,,,,,,,30.0,,,,,
3840,Max McCaffrey,WR,,,27.0,Inactive,,,,,,,,,,,30.0,,,,,
13698,Max Tomczak,WR,BUF,,,Active,,,,,,,,,,,30.0,,,,,
3551,Max Wittek,QB,,,31.0,Active,,,,,,,,,,,30.0,,,,,
13162,Maximilian Mang,TE,,,25.0,Active,,,,,,,,,,,30.0,,,,,
2360,Maxx Williams,TE,,,28.0,Active,,,,,,,,,,,30.0,,,,,
12070,McCallan Castles,TE,GB,,26.0,Active,,,,,,,,,,,30.0,,,,,
975,McLeod Bethel-Thompson,QB,,,30.0,Inactive,,,,,,,,,,,30.0,,,,,
5917,Mecole Hardman,WR,BUF,,28.0,Active,,,,,,,,,,,30.0,,,,,
3418,Mekale McKay,WR,,,28.0,Active,,,,,,,,,,,30.0,,,,,
13835,Mekhi Mews,WR,,,,Active,,,,,,,,,,,30.0,,,,,
8085,Mekhi Sargent,RB,,,25.0,Active,,,,,,,,,,,30.0,,,,,
2320,Melvin Gordon,RB,,,30.0,Active,,,,,,,,,,,30.0,,,,,
12154,Messiah Swinson,TE,GB,,26.0,Active,,,,,,,,,,,30.0,,,,,
13125,Micah Bernard,RB,,,24.0,Active,,,,,,,,,,,30.0,,,,,
7618,Micah Simon,WR,CAR,,,Active,,,,,,,,,,,30.0,,,,,
6663,Micah Wright,WR,,,,Active,,,,,,,,,,,30.0,,,,,
2969,Michael Bennett,WR,,,26.0,Inactive,,,,,,,,,,,30.0,,,,,
13890,Michael Briscoe,WR,MIN,,,Active,,,,,,,,,,,30.0,,,,,
1866,Michael Campanaro,WR,,,29.0,Injured Reserve,,,,,,,,,,,50.0,,,,,
4376,Michael Clark,WR,,,26.0,Inactive,,,,,,,,,,,30.0,,,,,
6590,Michael Colubiale,TE,,,26.0,Inactive,,,,,,,,,,,30.0,,,,,
3649,Michael Cooper,TE,,,25.0,Inactive,,,,,,,,,,,30.0,,,,,
1491,Michael Cox,RB,,,28.0,Inactive,,,,,,,,,,,30.0,,,,,
455,Michael Crabtree,WR,,,34.0,Active,,,,,,,,,,,30.0,,,,,
7457,Michael Dereus,WR,,,24.0,Active,,,,,,,,,,,30.0,,,,,
2597,Michael Dyer,RB,,,34.0,Active,,,,,,,,,,,30.0,,,,,
1256,Michael Egnew,TE,,,27.0,Inactive,,,,,,,,,,,30.0,,,,,
11126,Michael Ezeike,TE,,,23.0,Active,,,,,,,,,,,30.0,,,,,
1219,Michael Floyd,WR,,,32.0,Inactive,,,,,,,,,,,30.0,,,,,
1503,Michael Ford,RB,,,27.0,Inactive,,,,,,,,,,,30.0,,,,,
5038,Michael Gallup,WR,,,29.0,Active,,,,,,,,,,,30.0,,,,,
12284,Michael Herzog,RB,,,,Active,,,,,,,,,,,30.0,,,,,
12408,Michael Hiers,QB,,,25.0,Active,,,,,,,,,,,30.0,,,,,
1624,Michael Hill,RB,,,28.0,Inactive,,,,,,,,,,,30.0,,,,,
622,Michael Hoomanawanui,TE,,,32.0,Inactive,,,,,,,,,,,30.0,,,,,
8094,Michael Jacobson,TE,,,28.0,Active,,,,,,,,,,,30.0,,,,,
2754,Michael Johnson,WR,,,33.0,Active,,,,,,,,,,,30.0,,,,,
3588,Michael Miller,TE,,,33.0,Active,,,,,,,,,,,30.0,,,,,
1313,Michael Preston,WR,,,28.0,Inactive,,,,,,,,,,,30.0,,,,,
4599,Michael Rector,WR,,,28.0,Active,,,,,,,,,,,30.0,,,,,
4164,Michael Roberts,TE,,,27.0,Inactive,,,,,,,,,,,30.0,,,,,
723,Michael Robinson,RB,,,34.0,Inactive,,,,,,,,,,,30.0,,,,,
3199,Michael Thomas,WR,,,31.0,Active,,,,,,,,,,,30.0,,,,,
461,Michael Vick,QB,,,40.0,Inactive,,,,,,,,,,,30.0,,,,,
6363,Michael Walker,WR,,,25.0,Active,,,,,,,,,,,30.0,,,,,
6992,Michael Warren,RB,DET,,23.0,Inactive,,,,,,,,,,,30.0,,,,,
11943,Michael Wiley,RB,,,24.0,Questionable,,,,,,,,,,,65.0,,,,,
1520,Michael Williams,TE,,,30.0,Inactive,,,,,,,,,,,30.0,,,,,
8202,Michael Woods,WR,DEN,,26.0,Questionable,,,,,,,,,,,65.0,,,,,
13645,Michael Wortham,WR,JAX,,,Active,,,,,,,,,,,30.0,,,,,
8828,Michael Young,WR,,,23.0,Active,,,,,,,,,,,30.0,,,,,
504,Micheal Spurlock,WR,,,34.0,Inactive,,,,,,,,,,,30.0,,,,,
737,Mickey Shuler,TE,,,33.0,Inactive,,,,,,,,,,,30.0,,,,,
6737,Micky Crum,TE,,,26.0,Active,,,,,,,,,,,30.0,,,,,
5294,Mikah Holder,WR,,,25.0,Active,,,,,,,,,,,30.0,,,,,
3495,Mike Bercovici,QB,,,28.0,Active,,,,,,,,,,,30.0,,,,,
5209,Mike Boone,RB,,,30.0,Active,,,,,,,,,,,30.0,,,,,
1321,Mike Brown,WR,,,28.0,Inactive,,,,,,,,,,,30.0,,,,,
2431,Mike Davis,RB,,,29.0,Active,,,,,,,,,,,30.0,,,,,
11932,Mike DiLiello,QB,,,,Active,,,,,,,,,,,30.0,,,,,
4807,Mike Estes,TE,,,,Active,,,,,,,,,,,30.0,,,,,
1353,Mike Gillislee,RB,,,31.0,Inactive,,,,,,,,,,,30.0,,,,,
1559,Mike Glennon,QB,,,33.0,Active,,,,,,,,,,,30.0,,,,,
8421,Mike Harley,WR,,,26.0,Active,,,,,,,,,,,30.0,,,,,
3026,Mike Hartline,QB,,,,Inactive,,,,,,,,,,,30.0,,,,,
1560,Mike James,RB,,,29.0,Inactive,,,,,,,,,,,30.0,,,,,
586,Mike Kafka,QB,,,31.0,Inactive,,,,,,,,,,,30.0,,,,,
2867,Mike McFarland,TE,,,27.0,Inactive,,,,,,,,,,,30.0,,,,,
12246,Mike Rigerman,TE,,,23.0,Active,,,,,,,,,,,30.0,,,,,
3652,Mike Thomas,WR,,,28.0,Active,,,,,,,,,,,30.0,,,,,
365,Mike Wallace,WR,,,35.0,Inactive,,,,,,,,,,,30.0,,,,,
6159,Mike Weber,RB,,,24.0,Inactive,,,,,,,,,,,30.0,,,,,
4068,Mike Williams,WR,,,30.0,DNR,,,,,,,,,,,50.0,,,,,
7172,Mikey Daniel,RB,,,25.0,Active,,,,,,,,,,,30.0,,,,,
6490,Mik'Quan Deane,TE,,,,Active,,,,,,,,,,,30.0,,,,,
122,Miles Austin,WR,,,36.0,Inactive,,,,,,,,,,,30.0,,,,,
14044,Miles Davis,RB,CAR,,26.0,Active,,,,,,,,,,,30.0,,,,,
3858,Miles Shuler,WR,,,24.0,Inactive,,,,,,,,,,,30.0,,,,,
13310,Miller Moss,QB,CHI,,24.0,Active,,,,,,,,,,,30.0,,,,,
2941,Milton Williams,WR,,,30.0,Active,,,,,,,,,,,30.0,,,,,
11536,Milton Wright,WR,,,22.0,Active,,,,,,,,,,,30.0,,,,,
4839,Mitch Leidner,QB,,,27.0,Active,,,,,,,,,,,30.0,,,,,
3516,Mitch Mathews,WR,,,30.0,Active,,,,,,,,,,,30.0,,,,,
13227,Mitch Van Vooren,WR,NE,,,Active,,,,,,,,,,,30.0,,,,,
2772,Mitchell Henry,TE,,,27.0,Inactive,,,,,,,,,,,30.0,,,,,
4727,Mitchell Paige,WR,,,28.0,Active,,,,,,,,,,,30.0,,,,,
6894,Mitchell Wilcox,TE,,,28.0,Active,,,,,,,,,,,30.0,,,,,
3880,M.J. McFarland,TE,,,29.0,Active,,,,,,,,,,,30.0,,,,,
10651,Mohamed Ibrahim,RB,,,25.0,Active,,,,,,,,,,,30.0,,,,,
1071,Mohamed Sanu,WR,,,33.0,Active,,,,,,,,,,,30.0,,,,,
12852,Monaray Baldwin,WR,,,23.0,Active,,,,,,,,,,,30.0,,,,,
13222,Montana Lemonious-Craig,WR,,,23.0,Questionable,,,,,,,,,,,65.0,,,,,
3922,Montario Hunter,WR,,,26.0,Inactive,,,,,,,,,,,30.0,,,,,
4377,Montay Crockett,WR,,,28.0,Inactive,,,,,,,,,,,30.0,,,,,
1454,Montee Ball,RB,,,27.0,Inactive,,,,,,,,,,,30.0,,,,,
13199,Montorie Foster,WR,SEA,,25.0,Active,,,,,,,,,,,30.0,,,,,
8475,Montrell Washington,WR,HOU,,27.0,Active,,,,,,,,,,,30.0,,,,,
4367,Monty Madaris,WR,,,28.0,Active,,,,,,,,,,,30.0,,,,,
13026,Moochie Dixon,WR,,,,Active,,,,,,,,,,,30.0,,,,,
12966,Moose Muhammad,WR,,,24.0,Active,,,,,,,,,,,30.0,,,,,
6586,Moral Stephens,TE,,,,Active,,,,,,,,,,,30.0,,,,,
3336,Moritz Bohringer,TE,,,28.0,Active,,,,,,,,,,,30.0,,,,,
3622,Mose Frazier,WR,,,28.0,Inactive,,,,,,,,,,,30.0,,,,,
1477,Mychal Rivera,TE,,,30.0,Inactive,,,,,,,,,,,30.0,,,,,
5980,Myles Gaskin,RB,,,28.0,Active,,,,,,,,,,,30.0,,,,,
13964,Myles Montgomery,RB,NE,,,Active,,,,,,,,,,,30.0,,,,,
3050,Myles White,WR,NYJ,,27.0,Active,,,,,,,,,,,30.0,,,,,
7578,Myron Mitchell,WR,,,24.0,Active,,,,,,,,,,,30.0,,,,,
7359,Nakia Griffin-Stewart,TE,,,25.0,Active,,,,,,,,,,,30.0,,,,,
7475,Napoleon Maxwell,RB,,,25.0,Inactive,,,,,,,,,,,30.0,,,,,
6535,Nate Becker,TE,,,26.0,Inactive,,,,,,,,,,,30.0,,,,,
4803,Nate Iese,TE,,,27.0,Active,,,,,,,,,,,30.0,,,,,
12893,Nate McCollum,WR,,,,Active,,,,,,,,,,,30.0,,,,,
8058,Nate McCrary,RB,,,25.0,Active,,,,,,,,,,,30.0,,,,,
12859,Nate Noel,RB,,,23.0,Active,,,,,,,,,,,30.0,,,,,
6892,Nate Stanley,QB,,,24.0,Active,,,,,,,,,,,30.0,,,,,
3343,Nate Sudfeld,QB,,,31.0,Active,,,,,,,,,,,30.0,,,,,
370,Nate Washington,WR,,,37.0,Inactive,,,,,,,,,,,30.0,,,,,
7245,Nate Wieting,TE,,,24.0,Inactive,,,,,,,,,,,30.0,,,,,
7466,Nathan Cottrell,RB,,,26.0,Active,,,,,,,,,,,30.0,,,,,
1276,Nathan Palmer,WR,,,29.0,Inactive,,,,,,,,,,,30.0,,,,,
4183,Nathan Peterman,QB,,,32.0,Active,,,,,,,,,,,30.0,,,,,
8938,Nathan Rourke,QB,,,26.0,Active,,,,,,,,,,,30.0,,,,,
12007,Nathaniel Peat,RB,,,24.0,Active,,,,,,,,,,,30.0,,,,,
13250,Nay'Quan Wright,RB,,,,Active,,,,,,,,,,,30.0,,,,,
8890,Naz Bohannon,TE,,,,Active,,,,,,,,,,,30.0,,,,,
2519,Neal Sterling,TE,,,29.0,Inactive,,,,,,,,,,,30.0,,,,,
8436,Neil Pau'u,WR,,,27.0,Active,,,,,,,,,,,30.0,,,,,
2325,Nelson Agholor,WR,,,31.0,Active,,,,,,,,,,,30.0,,,,,
3484,Nelson Spruce,WR,,,29.0,Inactive,,,,,,,,,,,30.0,,,,,
2203,Nic Jacobs,TE,,,28.0,Inactive,,,,,,,,,,,30.0,,,,,
5265,Nic Shimonek,QB,,,27.0,Active,,,,,,,,,,,30.0,,,,,
7308,Nick Bowers,TE,,,28.0,Active,,,,,,,,,,,30.0,,,,,
6021,Nick Brossette,RB,,,25.0,Active,,,,,,,,,,,30.0,,,,,
13963,Nick DeGennaro,WR,NE,,,Active,,,,,,,,,,,30.0,,,,,
5670,Nick DeLuca,TE,,,26.0,Inactive,,,,,,,,,,,30.0,,,,,
6227,Nick Easley,WR,,,24.0,Active,,,,,,,,,,,30.0,,,,,
7859,Nick Eubanks,TE,,,26.0,Active,,,,,,,,,,,30.0,,,,,
6606,Nick Fitzgerald,QB,,,25.0,Active,,,,,,,,,,,30.0,,,,,
1029,Nick Foles,QB,,,34.0,Active,,,,,,,,,,,30.0,,,,,
8038,Nick Guggemos,TE,,,27.0,Active,,,,,,,,,,,30.0,,,,,
2788,Nick Harwell,WR,,,26.0,Inactive,,,,,,,,,,,30.0,,,,,
5710,Nick Holley,WR,,,27.0,Active,,,,,,,,,,,30.0,,,,,
13151,Nick Kallerup,TE,SEA,,25.0,Active,,,,,,,,,,,30.0,,,,,
1473,Nick Kasa,TE,,,26.0,Inactive,,,,,,,,,,,30.0,,,,,
5465,Nick Keizer,TE,,,26.0,Injured Reserve,,,,,,,,,,,50.0,,,,,
8523,Nick Muse,TE,DET,,27.0,Active,,,,,,,,,,,30.0,,,,,
2495,Nick O'Leary,TE,,,29.0,Active,,,,,,,,,,,30.0,,,,,
7941,Nick Ralston,RB,,,25.0,Active,,,,,,,,,,,30.0,,,,,
4926,Nick Schuessler,QB,PIT,,,Active,,,,,,,,,,,30.0,,,,,
5745,Nick Stevens,QB,,,24.0,Inactive,,,,,,,,,,,30.0,,,,,
7465,Nick Tiano,QB,,,25.0,Active,,,,,,,,,,,30.0,,,,,
1189,Nick Toon,WR,,,31.0,Inactive,,,,,,,,,,,30.0,,,,,
3921,Nick Truesdell,TE,,,31.0,Active,,,,,,,,,,,30.0,,,,,
1604,Nick Williams,WR,DEN,,32.0,Active,,,,,,,,,,,30.0,,,,,
6637,Nico Evans,RB,,,25.0,Active,,,,,,,,,,,30.0,,,,,
2790,Nigel King,WR,,,32.0,Active,,,,,,,,,,,30.0,,,,,
8107,Nikola Kalinic,TE,CHI,,29.0,Active,,,,,,,,,,,30.0,,,,,
918,Niles Paul,TE,,,32.0,Injured Reserve,,,,,,,,,,,50.0,,,,,
5878,N'Keal Harry,TE,,,26.0,Active,,,,,,,,,,,30.0,,,,,
12061,Noah Cain,RB,,,24.0,Active,,,,,,,,,,,30.0,,,,,
11225,Noah Gindorff,TE,,,24.0,Active,,,,,,,,,,,30.0,,,,,
13677,Noah Short,WR,,,,Active,,,,,,,,,,,30.0,,,,,
13318,Noah Thomas,WR,CIN,,22.0,Active,,,,,,,,,,,30.0,,,,,
4600,Noel Thomas,WR,,,27.0,Active,,,,,,,,,,,30.0,,,,,
8817,Nolan Givan,TE,,,,Active,,,,,,,,,,,30.0,,,,,
11388,Nolan Henderson,QB,,,24.0,Active,,,,,,,,,,,30.0,,,,,
6387,Nsimba Webster,WR,,,29.0,Active,,,,,,,,,,,30.0,,,,,
5347,Nyheim Miller-Hines,RB,,,29.0,Active,,,,,,,,,,,30.0,,,,,
5950,Nyqwan Murray,WR,,,24.0,Active,,,,,,,,,,,30.0,,,,,
13850,Octavian Smith,WR,BAL,,23.0,Active,,,,,,,,,,,30.0,,,,,
12033,OJ Hiliare,WR,,,23.0,Active,,,,,,,,,,,30.0,,,,,
4055,O.J. Howard,TE,,,28.0,Active,,,,,,,,,,,30.0,,,,,
11136,Oliver Martin,WR,,,24.0,Active,,,,,,,,,,,30.0,,,,,
7080,Omar Bayless,WR,,,25.0,Active,,,,,,,,,,,30.0,,,,,
13905,Omari Evans,WR,KC,,22.0,Active,,,,,,,,,,,30.0,,,,,
13941,Omari Kelly,WR,CHI,,,Active,,,,,,,,,,,30.0,,,,,
13304,O'Mega Blake,WR,,,,Active,,,,,,,,,,,30.0,,,,,
12453,Ontaria Wilson,WR,,,25.0,Active,,,,,,,,,,,30.0,,,,,
1819,Orleans Darkwa,RB,,,28.0,Inactive,,,,,,,,,,,30.0,,,,,
1065,Orson Charles,TE,,,30.0,Inactive,,,,,,,,,,,30.0,,,,,
12800,Oscar Cardenas,TE,,,24.0,Active,,,,,,,,,,,30.0,,,,,
7860,Osirus Mitchell,WR,,,23.0,Active,,,,,,,,,,,30.0,,,,,
8077,Otis Anderson,RB,,,23.0,Active,,,,,,,,,,,30.0,,,,,
64,Owen Daniels,TE,,,37.0,Inactive,,,,,,,,,,,30.0,,,,,
11384,Owen Wright,RB,,,27.0,Active,,,,,,,,,,,30.0,,,,,
6364,Papi White,WR,,,25.0,Active,,,,,,,,,,,30.0,,,,,
6662,Parker Hesse,TE,,,29.0,Active,,,,,,,,,,,30.0,,,,,
7397,Parker Houston,TE,,,24.0,Active,,,,,,,,,,,30.0,,,,,
5880,Parris Campbell,WR,,,28.0,NA,,,,,,,,,,,50.0,,,,,
13014,Pat Conroy,TE,,,,Active,,,,,,,,,,,30.0,,,,,
802,Pat Devlin,QB,,,32.0,Inactive,,,,,,,,,,,30.0,,,,,
7425,Patrick Carr,RB,,,26.0,Active,,,,,,,,,,,30.0,,,,,
13913,Patrick Gurd,TE,LV,,,Active,,,,,,,,,,,30.0,,,,,
12901,Patrick Herbert,TE,JAX,,25.0,Active,,,,,,,,,,,30.0,,,,,
6311,Patrick Laird,RB,,,28.0,Active,,,,,,,,,,,30.0,,,,,
11245,Patrick Murtagh,TE,,,25.0,Active,,,,,,,,,,,30.0,,,,,
6963,Patrick Taylor,RB,SF,,28.0,Active,,,,,,,,,,,30.0,,,,,
2674,Paul Browning,WR,,,32.0,Active,,,,,,,,,,,30.0,,,,,
5588,Paul Butler,TE,,,28.0,Inactive,,,,,,,,,,,30.0,,,,,
3897,Paul Lang,TE,,,26.0,Inactive,,,,,,,,,,,30.0,,,,,
2835,Paul Lasike,RB,,,31.0,Inactive,,,,,,,,,,,30.0,,,,,
3470,Paul McRoberts,WR,,,29.0,Inactive,,,,,,,,,,,30.0,,,,,
3211,Paul Perkins,RB,,,27.0,Active,,,,,,,,,,,30.0,,,,,
7499,Paul Quessenberry,TE,,,30.0,Active,,,,,,,,,,,30.0,,,,,
2279,Paul Richardson,WR,,,29.0,Active,,,,,,,,,,,30.0,,,,,
3783,Paul Turner,WR,,,28.0,Inactive,,,,,,,,,,,30.0,,,,,
3170,Paxton Lynch,QB,,,27.0,Inactive,,,,,,,,,,,30.0,,,,,
12762,Payton Thorne,QB,,,24.0,Active,,,,,,,,,,,30.0,,,,,
12239,Peewee Jarrett,QB,,,,Active,,,,,,,,,,,30.0,,,,,
5902,Penny Hart,WR,,,27.0,Inactive,,,,,,,,,,,30.0,,,,,
429,Percy Harvin,WR,,,32.0,Inactive,,,,,,,,,,,30.0,,,,,
7079,Pete Guerriero,RB,,,23.0,Active,,,,,,,,,,,30.0,,,,,
12373,Peter LeBlanc,WR,,,23.0,Active,,,,,,,,,,,30.0,,,,,
5403,Peter Pujals,QB,,,26.0,Active,,,,,,,,,,,30.0,,,,,
3594,Peyton Barber,RB,,,27.0,Active,,,,,,,,,,,30.0,,,,,
8197,Peyton Hendershot,TE,,,25.0,Active,,,,,,,,,,,30.0,,,,,
660,Peyton Hillis,RB,,,35.0,NA,,,,,,,,,,,50.0,,,,,
294,Peyton Manning,QB,,,44.0,Inactive,,,,,,,,,,,30.0,,,,,
4443,Pharaoh Brown,TE,,,31.0,Active,,,,,,,,,,,30.0,,,,,
5280,Pharoah McKever,TE,,,27.0,Inactive,,,,,,,,,,,30.0,,,,,
3278,Pharoh Cooper,WR,,,28.0,Active,,,,,,,,,,,30.0,,,,,
4725,Phazahn Odom,TE,,,27.0,Active,,,,,,,,,,,30.0,,,,,
13258,Phil Lutz,WR,,,,Active,,,,,,,,,,,30.0,,,,,
331,Philip Rivers,QB,,,44.0,Active,,,,,,,,,,,30.0,,,,,
12254,Phillip Brooks,WR,,,25.0,Active,,,,,,,,,,,30.0,,,,,
2334,Phillip Dorsett,WR,LV,,33.0,Active,,,,,,,,,,,30.0,,,,,
5170,Phillip Lindsay,RB,,,28.0,Active,,,,,,,,,,,30.0,,,,,
2651,Phillip Sims,QB,,,32.0,Active,,,,,,,,,,,30.0,,,,,
1787,Phillip Supernaw,TE,,,30.0,Inactive,,,,,,,,,,,30.0,,,,,
906,Phillip Tanner,RB,,,29.0,Inactive,,,,,,,,,,,30.0,,,,,
269,Pierre Garcon,WR,,,35.0,Inactive,,,,,,,,,,,30.0,,,,,
34,Pierre Thomas,RB,,,35.0,Inactive,,,,,,,,,,,30.0,,,,,
4805,Pig Howard,WR,,,28.0,Active,,,,,,,,,,,30.0,,,,,
4335,P.J. Walker,QB,,,29.0,Active,,,,,,,,,,,30.0,,,,,
8432,Player Invalid,TE,,,,Inactive,,,,,,,,,,,30.0,,,,,
11130,Pokey Wilson,WR,,,26.0,Active,,,,,,,,,,,30.0,,,,,
7560,Pooka Williams,RB,,,23.0,Active,,,,,,,,,,,30.0,,,,,
12370,Praise Olatoke,WR,,,24.0,Active,,,,,,,,,,,30.0,,,,,
13344,Preston Fox,WR,,,,Active,,,,,,,,,,,30.0,,,,,
620,Preston Parker,WR,,,33.0,Inactive,,,,,,,,,,,30.0,,,,,
6148,Preston Williams,WR,,,26.0,Active,,,,,,,,,,,30.0,,,,,
11508,Princeton Fant,TE,DAL,,27.0,Out,,,,,,,,,,,85.0,,,,,
7985,Pro Wells,TE,,,,Active,,,,,,,,,,,30.0,,,,,
12267,Qadir Ismail,WR,CHI,,26.0,Active,,,,,,,,,,,30.0,,,,,
6002,Qadree Ollison,RB,,,27.0,Active,,,,,,,,,,,30.0,,,,,
5279,Quadree Henderson,WR,,,25.0,Inactive,,,,,,,,,,,30.0,,,,,
13117,Qualan Jones,RB,,,,Inactive,,,,,,,,,,,30.0,,,,,
13088,Quali Conley,RB,,,23.0,Active,,,,,,,,,,,30.0,,,,,
2887,Quan Bray,WR,,,27.0,Inactive,,,,,,,,,,,30.0,,,,,
6879,Quartney Davis,WR,,,24.0,Active,,,,,,,,,,,30.0,,,,,
3646,Quayvon Hicks,RB,,,27.0,Active,,,,,,,,,,,30.0,,,,,
13870,Quentin Moore,TE,WAS,,,Active,,,,,,,,,,,30.0,,,,,
12907,Quentin Skinner,WR,BUF,,24.0,Active,,,,,,,,,,,30.0,,,,,
3770,Quenton Bundrage,WR,,,33.0,Active,,,,,,,,,,,30.0,,,,,
6927,Quez Watkins,WR,PHI,,28.0,Active,,,,,,,,,,,30.0,,,,,
4342,Quincy Adeboyejo,WR,,,26.0,Inactive,,,,,,,,,,,30.0,,,,,
1854,Quincy Enunwa,WR,,,29.0,Active,,,,,,,,,,,30.0,,,,,
4910,Quincy McDuffie,WR,,,31.0,Active,,,,,,,,,,,30.0,,,,,
12884,Quincy Skinner,WR,NYJ,,23.0,Active,,,,,,,,,,,30.0,,,,,
3711,Quinshad Davis,WR,,,24.0,Inactive,,,,,,,,,,,30.0,,,,,
6895,Quintez Cephus,WR,,,27.0,Active,,,,,,,,,,,30.0,,,,,
5165,Quinton Flowers,QB,,,27.0,Inactive,,,,,,,,,,,30.0,,,,,
1589,Quinton Patton,WR,,,30.0,Injured Reserve,,,,,,,,,,,50.0,,,,,
1801,Quron Pratt,WR,,,26.0,Inactive,,,,,,,,,,,30.0,,,,,
7793,Racey McMath,WR,,,25.0,Active,,,,,,,,,,,30.0,,,,,
2749,Raheem Mostert,RB,LV,13.0,33.0,Questionable,,,110.0,15.0,,,,,386.0,,65.0,,,,,
13323,Rahsul Faison,RB,,,,Active,,,,,,,,,,,30.0,,,,,
2142,Rajion Neal,RB,,,29.0,Active,,,,,,,,,,,30.0,,,,,
7532,Rakeem Boyd,RB,,,,Inactive,,,,,,,,,,,30.0,,,,,
8732,Raleigh Webb,WR,,,26.0,Active,,,,,,,,,,,30.0,,,,,
5192,Ralph Webb,RB,,,27.0,Inactive,,,,,,,,,,,30.0,,,,,
11885,Ramel Keyton,WR,,,24.0,Active,,,,,,,,,,,30.0,,,,,
12402,Ramon Jefferson,RB,,,25.0,Active,,,,,,,,,,,30.0,,,,,
928,Randall Cobb,WR,,,33.0,Active,,,,,,,,,,,30.0,,,,,
2499,Randall Telfer,TE,,,29.0,Inactive,,,,,,,,,,,30.0,,,,,
2823,Rannell Hall,WR,,,27.0,Inactive,,,,,,,,,,,30.0,,,,,
6361,Raphael Leonard,WR,,,24.0,Active,,,,,,,,,,,30.0,,,,,
2442,Rashad Greene,WR,,,29.0,Inactive,,,,,,,,,,,30.0,,,,,
380,Rashad Jennings,RB,,,35.0,Inactive,,,,,,,,,,,30.0,,,,,
2095,Rashad Lawrence,WR,,,28.0,Inactive,,,,,,,,,,,30.0,,,,,
7395,Rashad Medaris,WR,,,25.0,Active,,,,,,,,,,,30.0,,,,,
14037,Rashad Rochelle,WR,SEA,,23.0,Active,,,,,,,,,,,30.0,,,,,
1724,Rashad Ross,WR,,,30.0,Inactive,,,,,,,,,,,30.0,,,,,
4828,Rashard Davis,WR,,,26.0,Active,,,,,,,,,,,30.0,,,,,
3328,Rashard Higgins,WR,,,28.0,Active,,,,,,,,,,,30.0,,,,,
145,Rashard Mendenhall,RB,,,30.0,Inactive,,,,,,,,,,,30.0,,,,,
2268,Rashaun Allen,TE,,,30.0,Injured Reserve,,,,,,,,,,,50.0,,,,,
8571,Ra'Shaun Henry,WR,,,25.0,Inactive,,,,,,,,,,,30.0,,,,,
3911,Rashaun Simonise,WR,,,23.0,Inactive,,,,,,,,,,,30.0,,,,,
3457,Rashawn Scott,WR,,,29.0,Inactive,,,,,,,,,,,30.0,,,,,
2753,Rasheed Bailey,WR,,,28.0,Active,,,,,,,,,,,30.0,,,,,
2936,Rasheed Williams,RB,,,,Active,,,,,,,,,,,30.0,,,,,
12760,Rashod Owens,WR,,,24.0,Active,,,,,,,,,,,30.0,,,,,
6691,Ray Gene smith,RB,,,,Inactive,,,,,,,,,,,30.0,,,,,
2870,Ray Hamilton,TE,,,32.0,Active,,,,,,,,,,,30.0,,,,,
5252,Ray Lawry,RB,,,25.0,Active,,,,,,,,,,,30.0,,,,,
5096,Ray-Ray McCloud,WR,,,29.0,Active,,,,,,,,,,,30.0,,,,,
16,Ray Rice,RB,,,31.0,Inactive,,,,,,,,,,,30.0,,,,,
13783,Raylen Sharpe,WR,IND,,,Active,,,,,,,,,,,30.0,,,,,
6988,Raymond Calais,RB,,,24.0,Active,,,,,,,,,,,30.0,,,,,
13136,Redd Douglas,WR,,,,Active,,,,,,,,,,,30.0,,,,,
3893,Reece Horn,WR,,,28.0,Active,,,,,,,,,,,30.0,,,,,
6763,Reggie Begelton,WR,,,28.0,Active,,,,,,,,,,,30.0,,,,,
2638,Reggie Bell,WR,,,26.0,Inactive,,,,,,,,,,,30.0,,,,,
5162,Reggie Bonnafon,RB,,,27.0,Active,,,,,,,,,,,30.0,,,,,
13160,Reggie Brown,TE,,,,Active,,,,,,,,,,,30.0,,,,,
179,Reggie Bush,RB,,,35.0,Inactive,,,,,,,,,,,30.0,,,,,
6978,Reggie Corbin,RB,,,,NA,,,,,,,,,,,50.0,,,,,
4778,Reggie Davis,WR,,,26.0,Inactive,,,,,,,,,,,30.0,,,,,
3655,Reggie Diggs,WR,,,28.0,Active,,,,,,,,,,,30.0,,,,,
1406,Reggie Dunn,WR,,,28.0,Inactive,,,,,,,,,,,30.0,,,,,
8175,Reggie Roberson,WR,,,24.0,Active,,,,,,,,,,,30.0,,,,,
194,Reggie Wayne,WR,,,39.0,Inactive,,,,,,,,,,,30.0,,,,,
6261,Reggie White,WR,,,25.0,Active,,,,,,,,,,,30.0,,,,,
7159,Reid Sinnett,QB,,,26.0,Active,,,,,,,,,,,30.0,,,,,
1387,Rex Burkhead,RB,,,32.0,Active,,,,,,,,,,,30.0,,,,,
679,Rex Grossman,QB,,,37.0,Inactive,,,,,,,,,,,30.0,,,,,
1211,Rhett Ellison,TE,,,33.0,Injured Reserve,,,,,,,,,,,50.0,,,,,
992,Ricardo Lockette,WR,,,34.0,Inactive,,,,,,,,,,,30.0,,,,,
3275,Ricardo Louis,WR,,,27.0,Inactive,,,,,,,,,,,30.0,,,,,
885,Richard Gordon,TE,,,33.0,Inactive,,,,,,,,,,,30.0,,,,,
3732,Richard Mullaney,WR,,,28.0,Active,,,,,,,,,,,30.0,,,,,
2146,Richard Rodgers,TE,,,31.0,Inactive,,,,,,,,,,,30.0,,,,,
1014,Richie Brockel,TE,,,34.0,Inactive,,,,,,,,,,,30.0,,,,,
5137,Richie James,WR,,,28.0,Active,,,,,,,,,,,30.0,,,,,
2935,Ricky Collins,WR,,,33.0,Active,,,,,,,,,,,30.0,,,,,
5428,Ricky Jeune,WR,,,28.0,Active,,,,,,,,,,,30.0,,,,,
8239,Ricky Person,RB,,,24.0,Active,,,,,,,,,,,30.0,,,,,
2600,Ricky Seale,RB,,,33.0,Active,,,,,,,,,,,30.0,,,,,
4531,Ricky Seals-Jones,TE,,,28.0,Inactive,,,,,,,,,,,30.0,,,,,
881,Ricky Stanzi,QB,,,30.0,Inactive,,,,,,,,,,,30.0,,,,,
7901,Rico Bussey,WR,,,24.0,Active,,,,,,,,,,,30.0,,,,,
5197,Rico Gafford,WR,,,26.0,Active,,,,,,,,,,,30.0,,,,,
3372,Rico Gathers,TE,,,28.0,Inactive,,,,,,,,,,,30.0,,,,,
1618,Rico Richardson,WR,,,29.0,Inactive,,,,,,,,,,,30.0,,,,,
582,Riley Cooper,WR,,,33.0,Inactive,,,,,,,,,,,30.0,,,,,
5270,Riley Ferguson,QB,,,31.0,Active,,,,,,,,,,,30.0,,,,,
7988,Riley Lees,WR,,,,Active,,,,,,,,,,,30.0,,,,,
4614,Riley McCarron,WR,,,28.0,Inactive,,,,,,,,,,,30.0,,,,,
7158,Riley Neal,QB,,,25.0,Active,,,,,,,,,,,30.0,,,,,
5873,Riley Ridley,WR,,,25.0,Active,,,,,,,,,,,30.0,,,,,
12250,Riley Sharp,TE,,,27.0,Active,,,,,,,,,,,30.0,,,,,
1046,Rishard Matthews,WR,,,32.0,Injured Reserve,,,,,,,,,,,50.0,,,,,
12851,Rivaldo Fairweather,TE,ARI,,24.0,Active,,,,,,,,,,,30.0,,,,,
4854,River Cracraft,WR,WAS,,31.0,Active,,,,,,,,,,,30.0,,,,,
2609,RJ Archer,QB,,,30.0,Inactive,,,,,,,,,,,30.0,,,,,
2723,RJ Harris,WR,,,26.0,Inactive,,,,,,,,,,,30.0,,,,,
13430,RJ Maryland,TE,,,22.0,Questionable,,,,,,,,,,,65.0,,,,,
12276,RJ Mobley,WR,,,,Active,,,,,,,,,,,30.0,,,,,
4411,R.J. Shelton,WR,,,27.0,Inactive,,,,,,,,,,,30.0,,,,,
1915,Rob Blanchflower,TE,,,27.0,Inactive,,,,,,,,,,,30.0,,,,,
515,Rob Gronkowski,TE,,,32.0,Active,,,,,,,,,,,30.0,,,,,
971,Rob Housler,TE,,,32.0,Inactive,,,,,,,,,,,30.0,,,,,
3657,Rob Kelley,RB,,,29.0,Inactive,,,,,,,,,,,30.0,,,,,
3423,Robbie Chosen,WR,,,32.0,Active,,,,,,,,,,,30.0,,,,,
12656,Robbie Ouzts,RB,SEA,,23.0,Questionable,,,,,,,,,,,65.0,,,,,
11060,Robert Burns,RB,,,26.0,Active,,,,,,,,,,,30.0,,,,,
4285,Robert Davis,WR,,,26.0,Active,,,,,,,,,,,30.0,,,,,
5250,Robert Foster,WR,,,28.0,Active,,,,,,,,,,,30.0,,,,,
1169,Robert Griffin,QB,,,31.0,Inactive,,,,,,,,,,,30.0,,,,,
13418,Robert Henry,RB,WAS,7.0,24.0,Active,,,128.0,16.0,,,,,450.0,,30.0,,,,,
2217,Robert Herron,WR,,,25.0,Inactive,,,,,,,,,,,30.0,,,,,
5700,Robert Martin,RB,,,26.0,Active,,,,,,,,,,,30.0,,,,,
230,Robert Meachem,WR,,,32.0,Inactive,,,,,,,,,,,30.0,,,,,
1232,Robert Turbin,RB,,,32.0,Active,,,,,,,,,,,30.0,,,,,
4790,Robert Wheelwright,WR,,,,Active,,,,,,,,,,,30.0,,,,,
1352,Robert Woods,WR,,,33.0,NA,,,,,,,,,,,50.0,,,,,
12972,Roc Taylor,WR,CAR,,23.0,Active,,,,,,,,,,,30.0,,,,,
5274,Roc Thomas,RB,,,26.0,Inactive,,,,,,,,,,,30.0,,,,,
12063,Rocky Lombardi,QB,,,26.0,Active,,,,,,,,,,,30.0,,,,,
1138,Rod Streater,WR,,,33.0,Inactive,,,,,,,,,,,30.0,,,,,
4,Roddy White,WR,,,38.0,Inactive,,,,,,,,,,,30.0,,,,,
13256,Roderick Daniels,WR,,,,Active,,,,,,,,,,,30.0,,,,,
4208,Rodney Adams,WR,,,27.0,Active,,,,,,,,,,,30.0,,,,,
5918,Rodney Anderson,RB,,,25.0,Inactive,,,,,,,,,,,30.0,,,,,
14008,Rodney Hammond,RB,DEN,,23.0,Active,,,,,,,,,,,30.0,,,,,
1631,Rodney Smith,WR,,,30.0,Inactive,,,,,,,,,,,30.0,,,,,
8757,Rodney Williams,TE,,,26.0,Active,,,,,,,,,,,30.0,,,,,
8747,Roger Carter,TE,,,23.0,Active,,,,,,,,,,,30.0,,,,,
3519,Roger Lewis,WR,,,28.0,Inactive,,,,,,,,,,,30.0,,,,,
13810,Rohan Jones,TE,LAR,,,Active,,,,,,,,,,,30.0,,,,,
7897,Roland Rivers,QB,,,,Inactive,,,,,,,,,,,30.0,,,,,
3883,Romar Morris,RB,,,29.0,Active,,,,,,,,,,,30.0,,,,,
6394,Romell Guerrier,WR,,,,Inactive,,,,,,,,,,,30.0,,,,,
13818,Romello Brinson,WR,,,24.0,Active,,,,,,,,,,,30.0,,,,,
6388,Romello Brooker,TE,,,26.0,Active,,,,,,,,,,,30.0,,,,,
11182,Ronald Awatt,RB,,,25.0,Active,,,,,,,,,,,30.0,,,,,
7601,Rondale Moore,WR,,,25.0,Active,,,,,,,,,,,30.0,,,,,
258,Ronnie Brown,RB,,,35.0,Inactive,,,,,,,,,,,30.0,,,,,
1123,Ronnie Hillman,RB,,,29.0,Inactive,,,,,,,,,,,30.0,,,,,
8195,Ronnie Rivers,RB,LAR,11.0,27.0,Active,,,123.0,16.0,,,,,427.0,,30.0,,,,,
3100,Ronnie Shields,TE,,,27.0,Inactive,,,,,,,,,,,30.0,,,,,
6240,Ron'quavion Tarver,WR,,,,Inactive,,,,,,,,,,,30.0,,,,,
2553,Rory Anderson,TE,,,29.0,Active,,,,,,,,,,,30.0,,,,,
12431,Rory Starkey,WR,,,,Active,,,,,,,,,,,30.0,,,,,
5285,Ross Dwelley,TE,,,30.0,Active,,,,,,,,,,,30.0,,,,,
2981,Ross Scheuerman,RB,,,32.0,Active,,,,,,,,,,,30.0,,,,,
3041,Ross Travis,TE,,,29.0,Active,,,,,,,,,,,30.0,,,,,
915,Roy Helu,RB,,,31.0,Inactive,,,,,,,,,,,30.0,,,,,
5046,Royce Freeman,RB,,,29.0,Active,,,,,,,,,,,30.0,,,,,
14064,Roydell Williams,RB,IND,,24.0,Active,,,,,,,,,,,30.0,,,,,
1164,Rueben Randle,WR,,,29.0,Injured Reserve,,,,,,,,,,,50.0,,,,,
13128,Rushawn Baker,RB,,,22.0,Active,,,,,,,,,,,30.0,,,,,
4923,Rushel Shell,RB,,,28.0,Active,,,,,,,,,,,30.0,,,,,
5110,Russell Gage,WR,,,29.0,Active,,,,,,,,,,,30.0,,,,,
3461,Russell Hansbrough,RB,,,28.0,Inactive,,,,,,,,,,,30.0,,,,,
1333,Russell Shepard,WR,,,31.0,Active,,,,,,,,,,,30.0,,,,,
7162,Ryan Becker,TE,,,24.0,Active,,,,,,,,,,,30.0,,,,,
1154,Ryan Broyles,WR,,,29.0,Inactive,,,,,,,,,,,30.0,,,,,
6036,Ryan Davis,WR,,,24.0,Active,,,,,,,,,,,30.0,,,,,
5885,Ryan Finley,QB,,,27.0,Inactive,,,,,,,,,,,30.0,,,,,
333,Ryan Fitzpatrick,QB,,,39.0,Active,,,,,,,,,,,30.0,,,,,
2093,Ryan Grant,WR,,,31.0,Active,,,,,,,,,,,30.0,,,,,
5352,Ryan Green,RB,,,24.0,Inactive,,,,,,,,,,,30.0,,,,,
1550,Ryan Griffin,QB,,,33.0,Active,,,,,,,,,,,30.0,,,,,
1891,Ryan Hewitt,TE,,,30.0,Inactive,,,,,,,,,,,30.0,,,,,
5094,Ryan Izzo,TE,,,26.0,Active,,,,,,,,,,,30.0,,,,,
11298,Ryan Jones,TE,,,24.0,Active,,,,,,,,,,,30.0,,,,,
1966,Ryan Lankford,WR,,,25.0,Inactive,,,,,,,,,,,30.0,,,,,
1221,Ryan Lindley,QB,,,31.0,Inactive,,,,,,,,,,,30.0,,,,,
3506,Ryan Malleck,TE,,,28.0,Inactive,,,,,,,,,,,30.0,,,,,
810,Ryan Mallett,QB,,,32.0,Inactive,,,,,,,,,,,30.0,,,,,
571,Ryan Mathews,RB,,,32.0,Inactive,,,,,,,,,,,30.0,,,,,
8891,Ryan McDaniel,WR,,,,Active,,,,,,,,,,,30.0,,,,,
11421,Ryan Miller,WR,NYG,,26.0,Active,,,,,,,,,,,30.0,,,,,
5163,Ryan Nall,RB,,,26.0,Inactive,,,,,,,,,,,30.0,,,,,
1495,Ryan Nassib,QB,,,30.0,Inactive,,,,,,,,,,,30.0,,,,,
3842,Ryan O'Malley,TE,,,28.0,Inactive,,,,,,,,,,,30.0,,,,,
1664,Ryan Otten,TE,,,27.0,Inactive,,,,,,,,,,,30.0,,,,,
5547,Ryan Smith,TE,,,25.0,Active,,,,,,,,,,,30.0,,,,,
1610,Ryan Spadola,WR,,,30.0,Inactive,,,,,,,,,,,30.0,,,,,
4162,Ryan Switzer,WR,,,27.0,Active,,,,,,,,,,,30.0,,,,,
1049,Ryan Tannehill,QB,,,35.0,Active,,,,,,,,,,,30.0,,,,,
934,Ryan Taylor,TE,,,29.0,Inactive,,,,,,,,,,,30.0,,,,,
832,Ryan Whalen,WR,,,29.0,Inactive,,,,,,,,,,,30.0,,,,,
974,Ryan Williams,RB,,,27.0,Inactive,,,,,,,,,,,30.0,,,,,
8103,Ryan Willis,QB,,,25.0,Active,,,,,,,,,,,30.0,,,,,
5718,Ryan Yurachek,TE,,,25.0,Active,,,,,,,,,,,30.0,,,,,
6007,Ryquell Armstead,RB,,,25.0,Active,,,,,,,,,,,30.0,,,,,
7379,Rysen John,TE,,,24.0,Active,,,,,,,,,,,30.0,,,,,
1322,Saalim Hakim,WR,,,30.0,Inactive,,,,,,,,,,,30.0,,,,,
5135,Saeed Blacknall,WR,,,25.0,Inactive,,,,,,,,,,,30.0,,,,,
7576,Sage Surratt,TE,,,26.0,Active,,,,,,,,,,,30.0,,,,,
13929,Sahmir Hagans,WR,IND,,,Active,,,,,,,,,,,30.0,,,,,
8089,Sal Cannella,TE,,,29.0,Active,,,,,,,,,,,30.0,,,,,
621,Sam Bradford,QB,,,33.0,Inactive,,,,,,,,,,,30.0,,,,,
13225,Sam Brown,WR,,,23.0,Active,,,,,,,,,,,30.0,,,,,
4730,Sam Cotton,TE,,,27.0,Active,,,,,,,,,,,30.0,,,,,
7583,Sam Ehlinger,QB,DEN,,27.0,Active,,,,,,,,,,,30.0,,,,,
11558,Sam Hartman,QB,WAS,,27.0,Active,,,,,,,,,,,30.0,,,,,
9496,Sam James,WR,,,23.0,Active,,,,,,,,,,,30.0,,,,,
12018,Sam Pinckney,WR,,,25.0,Active,,,,,,,,,,,30.0,,,,,
13158,Sam Pitz,TE,,,,Active,,,,,,,,,,,30.0,,,,,
11957,Sam Schnee,WR,,,24.0,Active,,,,,,,,,,,30.0,,,,,
13873,Sam Scott,RB,NYJ,,,Active,,,,,,,,,,,30.0,,,,,
12134,Sam Wiglusz,WR,,,25.0,Active,,,,,,,,,,,30.0,,,,,
2392,Sammie Coates,WR,,,28.0,Inactive,,,,,,,,,,,30.0,,,,,
7622,Sammis Reyes,TE,,,29.0,Active,,,,,,,,,,,30.0,,,,,
1817,Sammy Watkins,WR,,,29.0,Active,,,,,,,,,,,30.0,,,,,
8235,Samori Toure,WR,PHI,,28.0,Active,,,,,,,,,,,30.0,,,,,
12308,Samson Evans,RB,,,,Active,,,,,,,,,,,30.0,,,,,
8824,Samson Nacua,WR,,,,Active,,,,,,,,,,,30.0,,,,,
7412,Sandro Platzgummer,RB,,,25.0,Active,,,,,,,,,,,30.0,,,,,
69,Santana Moss,WR,,,38.0,Inactive,,,,,,,,,,,30.0,,,,,
651,Santonio Holmes,WR,,,33.0,Inactive,,,,,,,,,,,30.0,,,,,
11104,SaRodorick Thompson,RB,,,24.0,Active,,,,,,,,,,,30.0,,,,,
8700,Savon Scarver,WR,,,,Active,,,,,,,,,,,30.0,,,,,
13426,Sawyer Robertson,QB,,,,Active,,,,,,,,,,,30.0,,,,,
7848,Scooter Harrington,TE,,,24.0,Active,,,,,,,,,,,30.0,,,,,
768,Scott Chandler,TE,,,35.0,Inactive,,,,,,,,,,,30.0,,,,,
4309,Scott Orndoff,TE,,,28.0,Active,,,,,,,,,,,30.0,,,,,
2040,Scott Simonson,TE,,,29.0,Active,,,,,,,,,,,30.0,,,,,
896,Scott Tolzien,QB,,,33.0,Inactive,,,,,,,,,,,30.0,,,,,
7005,Scottie Phillips,RB,,,24.0,Active,,,,,,,,,,,30.0,,,,,
13867,Sean Brown,WR,,,,Active,,,,,,,,,,,30.0,,,,,
10983,Sean Clifford,QB,CIN,,28.0,Active,,,,,,,,,,,30.0,,,,,
4660,Sean Culkin,TE,,,28.0,Inactive,,,,,,,,,,,30.0,,,,,
2394,Sean Mannion,QB,,,31.0,Active,,,,,,,,,,,30.0,,,,,
1323,Sean McGrath,TE,,,32.0,Inactive,,,,,,,,,,,30.0,,,,,
6964,Sean McKeon,TE,IND,,28.0,Active,,,,,,,,,,,30.0,,,,,
6459,Sean Modster,WR,,,26.0,Active,,,,,,,,,,,30.0,,,,,
1544,Sean Renfree,QB,,,30.0,Inactive,,,,,,,,,,,30.0,,,,,
7368,Sean Riley,WR,,,24.0,Active,,,,,,,,,,,30.0,,,,,
5834,Sean Ryan,TE,,,40.0,Inactive,,,,,,,,,,,30.0,,,,,
2205,Seantavius Jones,WR,,,28.0,Inactive,,,,,,,,,,,30.0,,,,,
4475,Sefo Liufau,QB,,,27.0,Inactive,,,,,,,,,,,30.0,,,,,
662,Seneca Wallace,QB,,,37.0,Inactive,,,,,,,,,,,30.0,,,,,
2114,Senorise Perry,RB,,,30.0,Inactive,,,,,,,,,,,30.0,,,,,
5396,Sergio Bailey II,WR,,,29.0,NA,,,,,,,,,,,50.0,,,,,
7426,Seth Dawkins,WR,,,23.0,Inactive,,,,,,,,,,,30.0,,,,,
3296,Seth DeValve,TE,,,28.0,Inactive,,,,,,,,,,,30.0,,,,,
8539,Seth Green,TE,,,27.0,Active,,,,,,,,,,,30.0,,,,,
1967,Seth Lobato,QB,,,26.0,Inactive,,,,,,,,,,,30.0,,,,,
2039,Seth Roberts,WR,,,30.0,Inactive,,,,,,,,,,,30.0,,,,,
7534,Seth Williams,WR,,,25.0,Inactive,,,,,,,,,,,30.0,,,,,
570,Seyi Ajirotutu,WR,,,33.0,Inactive,,,,,,,,,,,30.0,,,,,
11172,Shae Wyatt,WR,,,24.0,Active,,,,,,,,,,,30.0,,,,,
4721,Shakeir Ryan,WR,,,26.0,Active,,,,,,,,,,,30.0,,,,,
2774,Shakim Phillips,WR,,,26.0,Inactive,,,,,,,,,,,30.0,,,,,
13624,Shaleak Knotts,WR,,,,Active,,,,,,,,,,,30.0,,,,,
2903,Shane Carden,QB,,,33.0,Active,,,,,,,,,,,30.0,,,,,
7161,Shane Leatherbury,WR,,,24.0,Active,,,,,,,,,,,30.0,,,,,
814,Shane Vereen,RB,,,31.0,Injured Reserve,,,,,,,,,,,50.0,,,,,
13255,Shane Watts,RB,,,,Active,,,,,,,,,,,30.0,,,,,
5663,Shane Wimann,RB,,,27.0,Inactive,,,,,,,,,,,30.0,,,,,
2603,Shane Wynn,WR,,,29.0,Inactive,,,,,,,,,,,30.0,,,,,
8041,Shane Zylstra,TE,BUF,,29.0,Active,,,,,,,,,,,30.0,,,,,
7104,Shannon Brooks,RB,,,,NA,,,,,,,,,,,50.0,,,,,
4613,Shaq Hill,WR,,,28.0,Active,,,,,,,,,,,30.0,,,,,
5638,Shaq Roland,WR,CHI,,,Active,,,,,,,,,,,30.0,,,,,
11105,Shaquan Davis,WR,,,24.0,Active,,,,,,,,,,,30.0,,,,,
1855,Shaquelle Evans,WR,,,30.0,Active,,,,,,,,,,,30.0,,,,,
8018,Shaun Beyer,TE,,,25.0,Active,,,,,,,,,,,30.0,,,,,
913,Shaun Draughn,RB,,,32.0,Inactive,,,,,,,,,,,30.0,,,,,
686,Shaun Hill,QB,,,40.0,Inactive,,,,,,,,,,,30.0,,,,,
5395,Shaun Wilson,RB,,,26.0,Active,,,,,,,,,,,30.0,,,,,
6357,Shawn Bane,WR,,,26.0,Active,,,,,,,,,,,30.0,,,,,
12217,Shawn Bowman,TE,,,25.0,Active,,,,,,,,,,,30.0,,,,,
6554,Shawn Poindexter,WR,,,26.0,Inactive,,,,,,,,,,,30.0,,,,,
5431,Shay Fields,WR,,,25.0,Active,,,,,,,,,,,30.0,,,,,
7063,Shea Patterson,QB,,,24.0,Active,,,,,,,,,,,30.0,,,,,
11257,Shedrick Jackson,WR,LV,,26.0,Active,,,,,,,,,,,30.0,,,,,
4214,Shelton Gibson,WR,,,27.0,Active,,,,,,,,,,,30.0,,,,,
8731,Shemar Bridges,WR,,,25.0,Active,,,,,,,,,,,30.0,,,,,
5752,Sherman Badie,RB,,,27.0,Active,,,,,,,,,,,30.0,,,,,
8242,Shermari Jones,RB,,,,Active,,,,,,,,,,,30.0,,,,,
7603,Shi Smith,WR,,,25.0,Active,,,,,,,,,,,30.0,,,,,
348,Shonn Greene,RB,,,32.0,Inactive,,,,,,,,,,,30.0,,,,,
13145,ShunDerrick Powell,RB,,,23.0,Active,,,,,,,,,,,30.0,,,,,
7309,Siaosi Mariner,WR,,,24.0,Active,,,,,,,,,,,30.0,,,,,
14,Sidney Rice,WR,,,31.0,Inactive,,,,,,,,,,,30.0,,,,,
12880,Silas Bolden,WR,,,24.0,Active,,,,,,,,,,,30.0,,,,,
2100,Silas Redd,RB,,,26.0,Inactive,,,,,,,,,,,30.0,,,,,
7812,Simi Fehoko,WR,ARI,,28.0,Active,,,,,,,,,,,30.0,,,,,
5164,Simmie Cobbs,WR,,,26.0,Inactive,,,,,,,,,,,30.0,,,,,
13604,Sincere Brown,WR,LAC,,,Active,,,,,,,,,,,30.0,,,,,
8220,Sincere McCormick,RB,SF,,25.0,Active,,,,,,,,,,,30.0,,,,,
3615,Sione Houma,RB,,,30.0,Active,,,,,,,,,,,30.0,,,,,
7393,Sirgeo Hoffman,RB,,,,NA,,,,,,,,,,,50.0,,,,,
1627,Skye Dawson,WR,,,34.0,Inactive,,,,,,,,,,,30.0,,,,,
8206,Skylar Thompson,QB,BAL,,29.0,Active,,,,,,,,,,,30.0,,,,,
4936,Skyler Howard,QB,SEA,,23.0,Active,,,,,,,,,,,30.0,,,,,
8191,Slade Bolden,WR,,,24.0,Active,,,,,,,,,,,30.0,,,,,
8179,Snoop Conner,RB,,,24.0,Active,,,,,,,,,,,30.0,,,,,
2221,Solomon Patton,WR,,,27.0,Inactive,,,,,,,,,,,30.0,,,,,
3640,Soma Vainuku,RB,,,29.0,Active,,,,,,,,,,,30.0,,,,,
13022,Sone Ntoh,RB,,,,Active,,,,,,,,,,,30.0,,,,,
4962,Sony Michel,RB,,,28.0,Active,,,,,,,,,,,30.0,,,,,
4938,Speedy Noil,WR,,,26.0,Active,,,,,,,,,,,30.0,,,,,
7867,Spencer Brown,RB,,,25.0,Active,,,,,,,,,,,30.0,,,,,
241,Spencer Larsen,RB,,,33.0,Inactive,,,,,,,,,,,30.0,,,,,
12165,Spencer Sanders,QB,,,25.0,Active,,,,,,,,,,,30.0,,,,,
6593,Spencer Schnell,WR,,,27.0,Inactive,,,,,,,,,,,30.0,,,,,
1601,Spencer Ware,RB,,,30.0,Inactive,,,,,,,,,,,30.0,,,,,
13943,Squirrel White,WR,,,,NA,,,,,,,,,,,50.0,,,,,
4254,Stacy Coley,WR,,,27.0,Inactive,,,,,,,,,,,30.0,,,,,
8419,Stanley Berryhill,WR,,,24.0,Active,,,,,,,,,,,30.0,,,,,
6069,Stanley Morgan,WR,,,28.0,Active,,,,,,,,,,,30.0,,,,,
4373,Stanley Williams,RB,,,26.0,Active,,,,,,,,,,,30.0,,,,,
1568,Stedman Bailey,WR,,,29.0,Inactive,,,,,,,,,,,30.0,,,,,
1579,Stepfan Taylor,RB,,,29.0,Inactive,,,,,,,,,,,30.0,,,,,
3496,Stephen Anderson,TE,,,31.0,Active,,,,,,,,,,,30.0,,,,,
5609,Stephen Baggett,TE,,,,Active,,,,,,,,,,,30.0,,,,,
6451,Stephen Carlson,TE,CHI,,29.0,Active,,,,,,,,,,,30.0,,,,,
12756,Stephen Gosnell,WR,BUF,,24.0,Active,,,,,,,,,,,30.0,,,,,
7462,Stephen Guidry,WR,,,24.0,Active,,,,,,,,,,,30.0,,,,,
1054,Stephen Hill,WR,,,27.0,Inactive,,,,,,,,,,,30.0,,,,,
1841,Stephen Houston,RB,,,30.0,Active,,,,,,,,,,,30.0,,,,,
6342,Stephen Louis,WR,,,26.0,Active,,,,,,,,,,,30.0,,,,,
1990,Stephen Morris,QB,,,28.0,Inactive,,,,,,,,,,,30.0,,,,,
6970,Stephen Sullivan,TE,,,28.0,Active,,,,,,,,,,,30.0,,,,,
8633,Stephon Robinson,WR,,,,Active,,,,,,,,,,,30.0,,,,,
811,Stevan Ridley,RB,,,32.0,Inactive,,,,,,,,,,,30.0,,,,,
5262,Steve Ishmael,WR,,,26.0,Inactive,,,,,,,,,,,30.0,,,,,
108,Steve Johnson,WR,,,34.0,Inactive,,,,,,,,,,,30.0,,,,,
716,Steve Maneri,TE,,,29.0,Inactive,,,,,,,,,,,30.0,,,,,
169,Steve Smith,WR,,,41.0,Inactive,,,,,,,,,,,30.0,,,,,
5391,Steven Dunbar,WR,,,26.0,Inactive,,,,,,,,,,,30.0,,,,,
57,Steven Jackson,RB,,,37.0,Inactive,,,,,,,,,,,30.0,,,,,
5132,Steven Mitchell,WR,,,27.0,Inactive,,,,,,,,,,,30.0,,,,,
7013,Steven Montez,QB,,,26.0,Active,,,,,,,,,,,30.0,,,,,
3504,Steven Scheu,TE,,,29.0,Active,,,,,,,,,,,30.0,,,,,
6402,Steven Sims,WR,,,28.0,Active,,,,,,,,,,,30.0,,,,,
11960,Steven Stilianos,TE,,,25.0,Active,,,,,,,,,,,30.0,,,,,
4535,Steven Wroblewski,TE,,,29.0,Active,,,,,,,,,,,30.0,,,,,
4747,Stevie Donatell,TE,,,27.0,Active,,,,,,,,,,,30.0,,,,,
7904,Stevie Scott,RB,,,23.0,Active,,,,,,,,,,,30.0,,,,,
12815,Stevo Klotz,TE,,,,Active,,,,,,,,,,,30.0,,,,,
13988,Stone Eby,TE,,,,Active,,,,,,,,,,,30.0,,,,,
1986,Storm Johnson,RB,,,29.0,Inactive,,,,,,,,,,,30.0,,,,,
11111,Sy Barnett,WR,,,25.0,Active,,,,,,,,,,,30.0,,,,,
2949,Synjyn Days,RB,,,34.0,Active,,,,,,,,,,,30.0,,,,,
11821,Tahj Washington,WR,MIA,,25.0,Active,,,,,,,,,,,30.0,,,,,
6106,Taiwan Deal,RB,,,,Inactive,,,,,,,,,,,30.0,,,,,
886,Taiwan Jones,RB,,,35.0,Active,,,,,,,,,,,30.0,,,,,
6705,Taj McGowan,RB,,,25.0,Active,,,,,,,,,,,30.0,,,,,
5224,Taj Williams,WR,,,,Active,,,,,,,,,,,30.0,,,,,
3297,Tajae Sharpe,WR,,,27.0,Inactive,,,,,,,,,,,30.0,,,,,
1850,Tajh Boyd,QB,,,26.0,Inactive,,,,,,,,,,,30.0,,,,,
12074,Talik Keaton,WR,,,,Active,,,,,,,,,,,30.0,,,,,
8573,Talolo Limi-Jones,WR,,,25.0,Active,,,,,,,,,,,30.0,,,,,
12028,TaMerik Williams,RB,,,,Active,,,,,,,,,,,30.0,,,,,
7604,Tamorrion Terry,WR,,,27.0,Inactive,,,,,,,,,,,30.0,,,,,
822,Tandon Doss,WR,,,27.0,Inactive,,,,,,,,,,,30.0,,,,,
13827,Tanner Arkin,TE,NE,,23.0,Active,,,,,,,,,,,30.0,,,,,
4551,Tanner Gentry,WR,,,28.0,Active,,,,,,,,,,,30.0,,,,,
12395,Tanner Knue,WR,,,26.0,Active,,,,,,,,,,,30.0,,,,,
5118,Tanner Lee,QB,,,26.0,Inactive,,,,,,,,,,,30.0,,,,,
3788,Tanner McEvoy,WR,,,28.0,Inactive,,,,,,,,,,,30.0,,,,,
11598,Tanner McLachlan,TE,SF,,27.0,IR,,,,,,,,,,,85.0,,,,,
11924,Tanner Mordecai,QB,,,25.0,Active,,,,,,,,,,,30.0,,,,,
11214,Tanner Morgan,QB,,,24.0,Active,,,,,,,,,,,30.0,,,,,
11415,Tanner Taula,TE,,,27.0,Active,,,,,,,,,,,30.0,,,,,
4349,Taquan Mizzell,RB,NYG,,28.0,Inactive,,,,,,,,,,,30.0,,,,,
8005,Tarik Black,WR,,,28.0,Active,,,,,,,,,,,30.0,,,,,
4157,Tarik Cohen,RB,,,29.0,Active,,,,,,,,,,,30.0,,,,,
154,Tarvaris Jackson,QB,,,37.0,Inactive,,,,,,,,,,,30.0,,,,,
6489,Taryn Christion,QB,,,,Active,,,,,,,,,,,30.0,,,,,
66,Tashard Choice,RB,,,32.0,Inactive,,,,,,,,,,,30.0,,,,,
12259,Taulia Tagovailoa,QB,,,24.0,Active,,,,,,,,,,,30.0,,,,,
1456,Tavarres King,WR,,,31.0,Inactive,,,,,,,,,,,30.0,,,,,
7103,Tavien Feaster,RB,ARI,,24.0,Active,,,,,,,,,,,30.0,,,,,
1567,Tavon Austin,WR,,,32.0,Active,,,,,,,,,,,30.0,,,,,
6755,Tavonn Salter,WR,,,25.0,NA,,,,,,,,,,,50.0,,,,,
8250,Tay Martin,WR,DET,,28.0,Active,,,,,,,,,,,30.0,,,,,
11418,Taye Barber,WR,,,23.0,Active,,,,,,,,,,,30.0,,,,,
6428,Taylor Cornelius,QB,,,,Inactive,,,,,,,,,,,30.0,,,,,
13190,Taylor Elgersma,QB,,,23.0,Active,,,,,,,,,,,30.0,,,,,
1903,Taylor Gabriel,WR,,,30.0,Injured Reserve,,,,,,,,,,,50.0,,,,,
11445,Taylor Grimes,WR,,,23.0,Active,,,,,,,,,,,30.0,,,,,
4563,Taylor McNamara,TE,,,27.0,Active,,,,,,,,,,,30.0,,,,,
13139,Taylor Morin,WR,,,,Active,,,,,,,,,,,30.0,,,,,
2921,Taylor Sloat,TE,,,,Active,,,,,,,,,,,30.0,,,,,
1073,Taylor Thompson,TE,,,27.0,Inactive,,,,,,,,,,,30.0,,,,,
8707,Tayon Fleet-Davis,RB,,,,Active,,,,,,,,,,,30.0,,,,,
8613,Taysir Mack,WR,,,24.0,Active,,,,,,,,,,,30.0,,,,,
11962,Tayvion Robinson,WR,,,24.0,Active,,,,,,,,,,,30.0,,,,,
4125,Taywan Taylor,WR,,,26.0,Active,,,,,,,,,,,30.0,,,,,
12039,TD Ayo-Durojaiye,RB,,,,Active,,,,,,,,,,,30.0,,,,,
2090,Ted Bolser,TE,,,26.0,Inactive,,,,,,,,,,,30.0,,,,,
695,Ted Ginn,WR,,,36.0,Injured Reserve,,,,,,,,,,,50.0,,,,,
11802,Tejhaun Palmer,WR,NE,,26.0,Active,,,,,,,,,,,30.0,,,,,
3333,Temarrick Hemingway,TE,WAS,,28.0,Active,,,,,,,,,,,30.0,,,,,
5255,Teo Redding,WR,,,27.0,Active,,,,,,,,,,,30.0,,,,,
13780,Terion Stewart,RB,KC,,24.0,Active,,,,,,,,,,,30.0,,,,,
11925,Terique Owens,WR,,,25.0,Active,,,,,,,,,,,30.0,,,,,
1912,Terrance West,RB,,,29.0,Inactive,,,,,,,,,,,30.0,,,,,
1490,Terrance Williams,WR,,,32.0,Inactive,,,,,,,,,,,30.0,,,,,
11115,Terrell Bynum,WR,,,26.0,Active,,,,,,,,,,,30.0,,,,,
12412,Terrell Jennings,RB,NE,11.0,25.0,Active,,,111.0,15.0,,,,,393.0,,30.0,,,,,
4408,Terrell Newby,RB,,,26.0,Active,,,,,,,,,,,30.0,,,,,
1652,Terrell Sinkfield,WR,,,31.0,Active,,,,,,,,,,,30.0,,,,,
2598,Terrell Watson,RB,,,28.0,Inactive,,,,,,,,,,,30.0,,,,,
1020,Terrelle Pryor,WR,,,32.0,Inactive,,,,,,,,,,,30.0,,,,,
2900,Terrence Franks,RB,,,32.0,Active,,,,,,,,,,,30.0,,,,,
2556,Terrence Magee,RB,,,27.0,Inactive,,,,,,,,,,,30.0,,,,,
14040,Terrill Davis,WR,MIN,,22.0,Active,,,,,,,,,,,30.0,,,,,
2621,Terron Ward,RB,,,28.0,Inactive,,,,,,,,,,,30.0,,,,,
5977,Terry Godwin,WR,,,25.0,Active,,,,,,,,,,,30.0,,,,,
5201,Terry Swanson,RB,,,25.0,Active,,,,,,,,,,,30.0,,,,,
3929,Terry Williams,RB,,,,Inactive,,,,,,,,,,,30.0,,,,,
6492,Terry Wright,WR,,,24.0,Active,,,,,,,,,,,30.0,,,,,
3583,Tevaun Smith,WR,,,28.0,Inactive,,,,,,,,,,,30.0,,,,,
2378,Tevin Coleman,RB,,,29.0,Active,,,,,,,,,,,30.0,,,,,
3730,Tevin Jones,WR,,,29.0,Active,,,,,,,,,,,30.0,,,,,
2052,Tevin Reese,WR,,,26.0,Inactive,,,,,,,,,,,30.0,,,,,
2845,Tevin Westbrook,TE,,,27.0,Inactive,,,,,,,,,,,30.0,,,,,
1022,Thaddeus Lewis,QB,,,32.0,Inactive,,,,,,,,,,,30.0,,,,,
6919,Thaddeus Moss,TE,,,24.0,Active,,,,,,,,,,,30.0,,,,,
11073,Thayer Thomas,WR,,,27.0,Active,,,,,,,,,,,30.0,,,,,
3386,Thomas Duarte,TE,,,26.0,Inactive,,,,,,,,,,,30.0,,,,,
12715,Thomas Fidone,TE,NYG,,23.0,Active,,,,,,,,,,,30.0,,,,,
13249,Thomas Gordon,TE,DET,,25.0,Active,,,,,,,,,,,30.0,,,,,
11351,Thomas Greaney,TE,,,24.0,Active,,,,,,,,,,,30.0,,,,,
8437,Thomas Hennigan,WR,,,24.0,Active,,,,,,,,,,,30.0,,,,,
6465,Thomas Ives,WR,CHI,,25.0,Inactive,,,,,,,,,,,30.0,,,,,
8924,Thomas Odukoya,TE,,,28.0,Questionable,,,,,,,,,,,65.0,,,,,
2585,Thomas Rawls,RB,,,28.0,Inactive,,,,,,,,,,,30.0,,,,,
4479,Thomas Sperbeck,WR,,,27.0,Active,,,,,,,,,,,30.0,,,,,
12113,Thomas Yassmin,TE,GB,,26.0,Active,,,,,,,,,,,30.0,,,,,
11266,Thyrick Pitts,WR,,,25.0,Inactive,,,,,,,,,,,30.0,,,,,
5257,Tim Boyle,QB,,,30.0,Active,,,,,,,,,,,30.0,,,,,
4623,Tim Cook,RB,,,27.0,Active,,,,,,,,,,,30.0,,,,,
11163,Tim DeMorat,QB,,,23.0,Active,,,,,,,,,,,30.0,,,,,
83,Tim Hightower,RB,,,34.0,Inactive,,,,,,,,,,,30.0,,,,,
2595,Tim Semisch,TE,,,30.0,Active,,,,,,,,,,,30.0,,,,,
559,Tim Tebow,TE,,,34.0,Inactive,,,,,,,,,,,30.0,,,,,
4355,Tim White,WR,,,27.0,Inactive,,,,,,,,,,,30.0,,,,,
5714,Tim Wilson,WR,,,27.0,Active,,,,,,,,,,,30.0,,,,,
2200,Timothy Flanders,RB,,,33.0,Active,,,,,,,,,,,30.0,,,,,
1635,Timothy Wright,TE,,,30.0,Inactive,,,,,,,,,,,30.0,,,,,
4596,Tion Green,RB,,,28.0,Inactive,,,,,,,,,,,30.0,,,,,
2580,Titus Davis,WR,,,29.0,Active,,,,,,,,,,,30.0,,,,,
9507,Titus Swen,RB,,,,Active,,,,,,,,,,,30.0,,,,,
9223,Tiyon Evans,RB,,,22.0,Active,,,,,,,,,,,30.0,,,,,
13750,TJ Harden,RB,,,22.0,Active,,,,,,,,,,,30.0,,,,,
2121,T.J. Jones,WR,,,29.0,Active,,,,,,,,,,,30.0,,,,,
6522,T.J. Linta,QB,,,,Active,,,,,,,,,,,30.0,,,,,
4186,T.J. Logan,RB,,,27.0,Active,,,,,,,,,,,30.0,,,,,
11312,T.J. Luther,WR,,,25.0,Active,,,,,,,,,,,30.0,,,,,
8407,T.J. Pledger,RB,,,22.0,Active,,,,,,,,,,,30.0,,,,,
6401,T.J. Rahming,WR,,,25.0,Active,,,,,,,,,,,30.0,,,,,
13191,TJ Sheffield,WR,,,,Active,,,,,,,,,,,30.0,,,,,
7960,T.J. Simmons,WR,,,,Active,,,,,,,,,,,30.0,,,,,
3918,TJ Thorpe,WR,,,25.0,Inactive,,,,,,,,,,,30.0,,,,,
7862,T.J. Vasher,WR,,,24.0,Active,,,,,,,,,,,30.0,,,,,
857,T.J. Yates,QB,,,33.0,Inactive,,,,,,,,,,,30.0,,,,,
2341,T.J. Yeldon,RB,,,28.0,Inactive,,,,,,,,,,,30.0,,,,,
13240,Toa Taua,RB,,,25.0,Active,,,,,,,,,,,30.0,,,,,
1665,Tobais Palmer,WR,,,28.0,Inactive,,,,,,,,,,,30.0,,,,,
604,Toby Gerhart,RB,,,33.0,Inactive,,,,,,,,,,,30.0,,,,,
2315,Todd Gurley,RB,,,27.0,Active,,,,,,,,,,,30.0,,,,,
167,Tom Brady,QB,,,45.0,Active,,,,,,,,,,,30.0,,,,,
7099,Tom Flacco,QB,,,25.0,NA,,,,,,,,,,,50.0,,,,,
6588,Tom Kennedy,WR,DET,,30.0,Active,,,,,,,,,,,30.0,,,,,
1957,Tom Savage,QB,,,31.0,Inactive,,,,,,,,,,,30.0,,,,,
4794,Tommy Armstrong Jr.,QB,,,,Inactive,,,,,,,,,,,30.0,,,,,
7439,Tommy Hudson,TE,,,27.0,Inactive,,,,,,,,,,,30.0,,,,,
,Tommy Myers,TE,FA,,,,,,48.0,15.0,,,,,379.0,,,,,,,
7149,Tommy Stevens,TE,NYG,,25.0,Active,,,,,,,,,,,30.0,,,,,
1060,Tommy Streeter,WR,,,28.0,Inactive,,,,,,,,,,,30.0,,,,,
6137,Tommy Sweeney,TE,,,29.0,Active,,,,,,,,,,,30.0,,,,,
14005,Tommy Thomas,WR,,,,Active,,,,,,,,,,,30.0,,,,,
3614,Tommylee Lewis,WR,,,29.0,Active,,,,,,,,,,,30.0,,,,,
6585,Tony Brooks-James,RB,,,27.0,Active,,,,,,,,,,,30.0,,,,,
7078,Tony Brown,WR,,,24.0,Active,,,,,,,,,,,30.0,,,,,
2875,Tony Creecy,RB,,,32.0,Active,,,,,,,,,,,30.0,,,,,
6984,Tony Jones,RB,,,27.0,Active,,,,,,,,,,,30.0,,,,,
565,Tony Moeaki,TE,,,33.0,Inactive,,,,,,,,,,,30.0,,,,,
7972,Tony Poljan,TE,,,25.0,Active,,,,,,,,,,,30.0,,,,,
142,Tony Romo,QB,,,40.0,Inactive,,,,,,,,,,,30.0,,,,,
688,Tony Scheffler,TE,,,34.0,Inactive,,,,,,,,,,,30.0,,,,,
4497,Tony Stevens,WR,,,26.0,Active,,,,,,,,,,,30.0,,,,,
1978,Tony Washington,WR,,,29.0,Inactive,,,,,,,,,,,30.0,,,,,
11538,Toriano Clinton,RB,,,,Active,,,,,,,,,,,30.0,,,,,
2041,Torrence Allen,WR,,,27.0,Inactive,,,,,,,,,,,30.0,,,,,
826,Torrey Smith,WR,,,32.0,Injured Reserve,,,,,,,,,,,50.0,,,,,
7097,Tra Barnett,RB,,,23.0,NA,,,,,,,,,,,50.0,,,,,
3688,Tra Carson,RB,,,29.0,Active,,,,,,,,,,,30.0,,,,,
5974,Trace McSorley,QB,,,29.0,Active,,,,,,,,,,,30.0,,,,,
12849,Traeshon Holden,WR,DAL,,24.0,Active,,,,,,,,,,,30.0,,,,,
1185,Travaris Cadet,RB,,,32.0,Inactive,,,,,,,,,,,30.0,,,,,
8252,Travell Harris,WR,,,,Active,,,,,,,,,,,30.0,,,,,
4520,Travin Dural,WR,,,28.0,Active,,,,,,,,,,,30.0,,,,,
1077,Travis Benjamin,WR,,,32.0,Active,,,,,,,,,,,30.0,,,,,
10865,Travis Dye,RB,,,24.0,Active,,,,,,,,,,,30.0,,,,,
6059,Travis Fulgham,WR,,,27.0,Active,,,,,,,,,,,30.0,,,,,
2837,Travis Harvey,WR,,,27.0,Inactive,,,,,,,,,,,30.0,,,,,
6012,Travis Homer,RB,PIT,,27.0,Active,,,,,,,,,,,30.0,,,,,
7454,Travis Jonsen,WR,,,25.0,Active,,,,,,,,,,,30.0,,,,,
8905,Travis Koontz,TE,,,,Active,,,,,,,,,,,30.0,,,,,
1953,Travis Labhart,WR,,,26.0,Inactive,,,,,,,,,,,30.0,,,,,
4644,Travis Rudolph,WR,,,26.0,Inactive,,,,,,,,,,,30.0,,,,,
8070,Travis Toivonen,WR,,,24.0,Active,,,,,,,,,,,30.0,,,,,
4031,Travis Wilson,TE,,,28.0,Active,,,,,,,,,,,30.0,,,,,
6236,Travon McMillian,RB,,,25.0,Active,,,,,,,,,,,30.0,,,,,
6506,Trayone Gray,RB,,,26.0,Active,,,,,,,,,,,30.0,,,,,
14038,Trayvon Rudolph,WR,MIN,,24.0,Active,,,,,,,,,,,30.0,,,,,
8553,Tre Ford,QB,,,24.0,Active,,,,,,,,,,,30.0,,,,,
8027,Tre Harbison,RB,,,23.0,Active,,,,,,,,,,,30.0,,,,,
3564,Tre Madden,RB,,,28.0,Inactive,,,,,,,,,,,30.0,,,,,
2231,Tre Mason,RB,,,27.0,Inactive,,,,,,,,,,,30.0,,,,,
2544,Tre McBride,WR,,,27.0,Inactive,,,,,,,,,,,30.0,,,,,
7554,Tre' McKitty,TE,,,26.0,Active,,,,,,,,,,,30.0,,,,,
12392,Tre Mosley,WR,,,23.0,Active,,,,,,,,,,,30.0,,,,,
7546,Tre Nixon,WR,,,26.0,Active,,,,,,,,,,,30.0,,,,,
8169,Tre Turner,WR,,,,Active,,,,,,,,,,,30.0,,,,,
7978,Tre Walker,WR,,,,Inactive,,,,,,,,,,,30.0,,,,,
13116,Tre Watson,TE,KC,,23.0,Active,,,,,,,,,,,30.0,,,,,
13673,Trent Battle,RB,,,,Active,,,,,,,,,,,30.0,,,,,
739,Trent Edwards,QB,,,33.0,Inactive,,,,,,,,,,,30.0,,,,,
13996,Trent Howland,RB,,,,Active,,,,,,,,,,,30.0,,,,,
12191,Trent Pennix,TE,,,25.0,Active,,,,,,,,,,,30.0,,,,,
1082,Trent Richardson,RB,,,29.0,Inactive,,,,,,,,,,,30.0,,,,,
5154,Trent Sherfield,WR,BUF,,30.0,Active,,,,,,,,,,,30.0,,,,,
2752,Trent Steelman,WR,,,35.0,Active,,,,,,,,,,,30.0,,,,,
5123,Trenton Cannon,RB,,,28.0,Inactive,,,,,,,,,,,30.0,,,,,
6598,Trenton Irwin,WR,SF,,30.0,Active,,,,,,,,,,,30.0,,,,,
5026,Tre'Quan Smith,WR,,,28.0,Inactive,,,,,,,,,,,30.0,,,,,
11456,Tre'Shaun Harrison,WR,,,24.0,Inactive,,,,,,,,,,,30.0,,,,,
8189,Trestan Ebner,RB,,,24.0,Active,,,,,,,,,,,30.0,,,,,
12355,Treveyon Pratt,WR,,,24.0,Active,,,,,,,,,,,30.0,,,,,
6248,Trevion Thompson,WR,,,26.0,Active,,,,,,,,,,,30.0,,,,,
8581,Trevon Bradford,WR,,,,Active,,,,,,,,,,,30.0,,,,,
8549,Trevon Clark,WR,,,23.0,Active,,,,,,,,,,,30.0,,,,,
7949,Trevon Grimes,WR,,,,Inactive,,,,,,,,,,,30.0,,,,,
6181,Trevon Wesco,TE,,,29.0,Active,,,,,,,,,,,30.0,,,,,
3213,Trevone Boykin,QB,,,28.0,Inactive,,,,,,,,,,,30.0,,,,,
7217,Trevontae Hights,WR,,,24.0,Active,,,,,,,,,,,30.0,,,,,
3319,Trevor Davis,WR,,,28.0,Active,,,,,,,,,,,30.0,,,,,
1045,Trevor Graham,WR,,,31.0,Inactive,,,,,,,,,,,30.0,,,,,
2838,Trevor Harman,WR,,,33.0,Active,,,,,,,,,,,30.0,,,,,
4528,Trevor Knight,QB,,,28.0,Active,,,,,,,,,,,30.0,,,,,
2549,Trevor Siemian,QB,,,34.0,Questionable,,,,,,,,,,,65.0,,,,,
6263,Trevor Wood,TE,,,25.0,Active,,,,,,,,,,,30.0,,,,,
1793,Trey Burton,TE,,,30.0,Inactive,,,,,,,,,,,30.0,,,,,
4696,Trey Edmunds,RB,,,27.0,Active,,,,,,,,,,,30.0,,,,,
4324,Trey Griffey,WR,,,27.0,Active,,,,,,,,,,,30.0,,,,,
2262,Trey Millard,RB,,,30.0,Active,,,,,,,,,,,30.0,,,,,
12166,Trey Potts,RB,,,,Active,,,,,,,,,,,30.0,,,,,
5139,Trey Quinn,WR,,,27.0,Active,,,,,,,,,,,30.0,,,,,
7993,Trey Ragas,RB,,,25.0,Active,,,,,,,,,,,30.0,,,,,
2236,Trey Watts,RB,,,29.0,Inactive,,,,,,,,,,,30.0,,,,,
2633,Trey Williams,RB,,,27.0,Injured Reserve,,,,,,,,,,,50.0,,,,,
12320,Treyton Pickering,TE,,,,Active,,,,,,,,,,,30.0,,,,,
12079,Treyton Welch,TE,NO,,25.0,Active,,,,,,,,,,,30.0,,,,,
13862,Treyvhon Saunders,WR,HOU,,,Active,,,,,,,,,,,30.0,,,,,
1003,Trindon Holliday,WR,,,31.0,Inactive,,,,,,,,,,,30.0,,,,,
6395,Trinity Benson,WR,,,26.0,Active,,,,,,,,,,,30.0,,,,,
7009,Trishton Jackson,WR,,,27.0,Inactive,,,,,,,,,,,30.0,,,,,
5092,Troy Fumagalli,TE,,,29.0,Active,,,,,,,,,,,30.0,,,,,
8820,Troy Hairston,RB,,,26.0,Active,,,,,,,,,,,30.0,,,,,
5245,Troy Mangen,TE,,,27.0,Active,,,,,,,,,,,30.0,,,,,
2245,Troy Niklas,TE,,,27.0,Injured Reserve,,,,,,,,,,,50.0,,,,,
5281,Troy Williams,QB,,,,Inactive,,,,,,,,,,,30.0,,,,,
3934,Troymaine Pope,RB,,,28.0,Active,,,,,,,,,,,30.0,,,,,
13003,Tru Edwards,WR,LAR,,25.0,Active,,,,,,,,,,,30.0,,,,,
8885,Tucker Fisk,TE,,,27.0,Active,,,,,,,,,,,30.0,,,,,
11886,Tulu Griffin,WR,,,24.0,Active,,,,,,,,,,,30.0,,,,,
8196,Ty Fryfogle,WR,,,24.0,Active,,,,,,,,,,,30.0,,,,,
1110,T.Y. Hilton,WR,,,33.0,Active,,,,,,,,,,,30.0,,,,,
11906,Ty James,WR,,,23.0,Active,,,,,,,,,,,30.0,,,,,
2399,Ty Montgomery,RB,,,30.0,Active,,,,,,,,,,,30.0,,,,,
13705,Ty Pezza,TE,BAL,,23.0,Active,,,,,,,,,,,30.0,,,,,
9491,Ty Scott,WR,,,25.0,Active,,,,,,,,,,,30.0,,,,,
11226,Tyjon Lindsey,WR,,,24.0,Active,,,,,,,,,,,30.0,,,,,
11357,Tyler Adams,WR,,,25.0,Active,,,,,,,,,,,30.0,,,,,
3225,Tyler Boyd,WR,,,30.0,Active,,,,,,,,,,,30.0,,,,,
1612,Tyler Bray,QB,,,30.0,Inactive,,,,,,,,,,,30.0,,,,,
7131,Tyler Davis,TE,,,28.0,Active,,,,,,,,,,,30.0,,,,,
1388,Tyler Eifert,TE,,,31.0,Inactive,,,,,,,,,,,30.0,,,,,
3280,Tyler Ervin,RB,,,28.0,Inactive,,,,,,,,,,,30.0,,,,,
4704,Tyler Ferguson,QB,,,28.0,Active,,,,,,,,,,,30.0,,,,,
2189,Tyler Gaffney,RB,,,30.0,Inactive,,,,,,,,,,,30.0,,,,,
12029,Tyler Harrell,WR,,,24.0,Active,,,,,,,,,,,30.0,,,,,
11123,Tyler Hoosman,RB,,,24.0,Active,,,,,,,,,,,30.0,,,,,
5276,Tyler Hoppes,TE,,,26.0,Active,,,,,,,,,,,30.0,,,,,
11148,Tyler Hudson,WR,,,22.0,Active,,,,,,,,,,,30.0,,,,,
12831,Tyler Kahmann,WR,,,25.0,Active,,,,,,,,,,,30.0,,,,,
2390,Tyler Kroft,TE,,,31.0,Active,,,,,,,,,,,30.0,,,,,
2374,Tyler Lockett,WR,LV,13.0,33.0,Active,,,159.0,16.0,,,,,451.0,,30.0,,,,,
7427,Tyler Mabry,TE,,,28.0,Questionable,,,,,,,,,,,65.0,,,,,
4463,Tyler McCloskey,RB,,,27.0,Active,,,,,,,,,,,30.0,,,,,
2919,Tyler McDonald,WR,,,26.0,Inactive,,,,,,,,,,,30.0,,,,,
14062,Tyler Moore,TE,NYG,,,Active,,,,,,,,,,,30.0,,,,,
2773,Tyler Murphy,WR,,,28.0,Inactive,,,,,,,,,,,30.0,,,,,
12850,Tyler Neville,TE,,,,Active,,,,,,,,,,,30.0,,,,,
4305,Tyler Renew,RB,,,27.0,Active,,,,,,,,,,,30.0,,,,,
2910,Tyler Rutenbeck,WR,,,33.0,Active,,,,,,,,,,,30.0,,,,,
7274,Tyler Simmons,WR,,,24.0,Active,,,,,,,,,,,30.0,,,,,
2881,Tyler Slavin,WR,,,26.0,Inactive,,,,,,,,,,,30.0,,,,,
8409,Tyler Snead,WR,,,22.0,Active,,,,,,,,,,,30.0,,,,,
492,Tyler Thigpen,RB,,,37.0,Inactive,,,,,,,,,,,30.0,,,,,
2566,Tyler Varga,RB,,,26.0,Inactive,,,,,,,,,,,30.0,,,,,
7548,Tyler Vaughns,WR,,,25.0,Active,,,,,,,,,,,30.0,,,,,
6049,Tyre Brady,WR,,,26.0,Active,,,,,,,,,,,30.0,,,,,
6238,Tyree Mayfield,TE,,,26.0,Active,,,,,,,,,,,30.0,,,,,
8749,Tyreik McAllister,RB,,,27.0,Active,,,,,,,,,,,30.0,,,,,
2583,Tyrell Williams,WR,,,29.0,Active,,,,,,,,,,,30.0,,,,,
13600,Tyren Montgomery,WR,TEN,,,Active,,,,,,,,,,,30.0,,,,,
7032,Tyrie Cleveland,WR,,,26.0,Active,,,,,,,,,,,30.0,,,,,
8211,Tyrion Davis-Price,RB,,,24.0,Active,,,,,,,,,,,30.0,,,,,
6063,Tyron Billy-Johnson,WR,,,28.0,Active,,,,,,,,,,,30.0,,,,,
13034,Tyrone Broden,WR,,,25.0,Questionable,,,,,,,,,,,65.0,,,,,
4678,Tyrone Swoopes,TE,,,27.0,Active,,,,,,,,,,,30.0,,,,,
8656,Tyshaun James,WR,,,23.0,Active,,,,,,,,,,,30.0,,,,,
7098,Ty'Son Williams,RB,,,26.0,Active,,,,,,,,,,,30.0,,,,,
12826,Ulysses Bentley,RB,IND,,25.0,Active,,,,,,,,,,,30.0,,,,,
1678,Uzoma Nwachukwu,WR,,,31.0,Active,,,,,,,,,,,30.0,,,,,
3660,Valdez Showers,WR,,,28.0,Active,,,,,,,,,,,30.0,,,,,
6203,Valentine Holmes,RB,,,26.0,Active,,,,,,,,,,,30.0,,,,,
1587,Vance McDonald,TE,,,31.0,Injured Reserve,,,,,,,,,,,50.0,,,,,
8223,Velus Jones,WR,SEA,,29.0,Active,,,,,,,,,,,30.0,,,,,
6628,Ventell Bryant,WR,,,25.0,Active,,,,,,,,,,,30.0,,,,,
200,Vernon Davis,TE,,,37.0,Injured Reserve,,,,,,,,,,,50.0,,,,,
2635,Vernon Johnson,WR,,,32.0,Active,,,,,,,,,,,30.0,,,,,
1106,Vick Ballard,RB,,,30.0,Inactive,,,,,,,,,,,30.0,,,,,
4453,Victor Bolden,WR,,,28.0,Active,,,,,,,,,,,30.0,,,,,
719,Victor Cruz,WR,,,33.0,Inactive,,,,,,,,,,,30.0,,,,,
2428,Vince Mayle,TE,,,29.0,Injured Reserve,,,,,,,,,,,50.0,,,,,
157,Vince Young,QB,,,35.0,Inactive,,,,,,,,,,,30.0,,,,,
891,Vincent Brown,WR,,,31.0,Inactive,,,,,,,,,,,30.0,,,,,
128,Vincent Jackson,WR,,,37.0,Inactive,,,,,,,,,,,30.0,,,,,
6723,Vincent Testaverde,QB,,,25.0,Active,,,,,,,,,,,30.0,,,,,
13343,Vinny Anthony,WR,ATL,,,Active,,,,,,,,,,,30.0,,,,,
868,Virgil Green,TE,,,33.0,Inactive,,,,,,,,,,,30.0,,,,,
55,Visanthe Shiancoe,TE,,,37.0,Inactive,,,,,,,,,,,30.0,,,,,
63,Vonta Leach,RB,,,35.0,Inactive,,,,,,,,,,,30.0,,,,,
5260,Vyncint Smith,WR,,,27.0,Active,,,,,,,,,,,30.0,,,,,
2247,Walter Powell,WR,,,28.0,Inactive,,,,,,,,,,,30.0,,,,,
7550,Warren Jackson,WR,,,23.0,Active,,,,,,,,,,,30.0,,,,,
12198,Wayne Ruby,WR,,,24.0,Active,,,,,,,,,,,30.0,,,,,
11537,Wayne Taulapapa,RB,,,25.0,Active,,,,,,,,,,,30.0,,,,,
3552,Wendall Williams,WR,,,31.0,Inactive,,,,,,,,,,,30.0,,,,,
3309,Wendell Smallwood,RB,WAS,,27.0,Active,,,,,,,,,,,30.0,,,,,
6115,Wes Hills,RB,,,26.0,Inactive,,,,,,,,,,,30.0,,,,,
4406,Wes Lunt,QB,,,28.0,Active,,,,,,,,,,,30.0,,,,,
2596,Wes Saxton,TE,,,27.0,Inactive,,,,,,,,,,,30.0,,,,,
177,Wes Welker,WR,,,39.0,Inactive,,,,,,,,,,,30.0,,,,,
13663,Wesley Grimes,WR,SF,,22.0,Active,,,,,,,,,,,30.0,,,,,
7558,Whop Philyor,WR,,,23.0,Active,,,,,,,,,,,30.0,,,,,
5010,Will Dissly,TE,FA,,29.0,Questionable,,,67.0,16.0,,,,,447.0,,65.0,,,,,
5903,Will Grier,QB,,,31.0,NA,,,,,,,,,,,50.0,,,,,
7367,Will Hastings,WR,,,25.0,Inactive,,,,,,,,,,,30.0,,,,,
1250,Will Johnson,TE,,,31.0,Inactive,,,,,,,,,,,30.0,,,,,
13662,Will Pauling,WR,SF,,23.0,Active,,,,,,,,,,,30.0,,,,,
3043,Will Tye,TE,,,28.0,Inactive,,,,,,,,,,,30.0,,,,,
3157,William Fuller,WR,,,27.0,Active,,,,,,,,,,,30.0,,,,,
4485,William Stanback,RB,,,27.0,Active,,,,,,,,,,,30.0,,,,,
12324,William Thompson,QB,,,,Active,,,,,,,,,,,30.0,,,,,
8881,Willie Johnson,WR,,,26.0,Active,,,,,,,,,,,30.0,,,,,
1911,Willie Snead,WR,,,31.0,Inactive,,,,,,,,,,,30.0,,,,,
300,Willis McGahee,RB,,,35.0,Inactive,,,,,,,,,,,30.0,,,,,
6237,Wilton Speight,QB,,,27.0,Active,,,,,,,,,,,30.0,,,,,
13238,Winston Wright,WR,,,,Active,,,,,,,,,,,30.0,,,,,
4490,Wyatt Houston,TE,CAR,,23.0,Active,,,,,,,,,,,30.0,,,,,
11306,Xavier Gipson,WR,NYG,,25.0,Active,,,,,,,,,,,30.0,,,,,
2082,Xavier Grimble,TE,,,29.0,Active,,,,,,,,,,,30.0,,,,,
11969,Xavier Johnson,WR,CIN,,27.0,Active,,,,,,,,,,,30.0,,,,,
7088,Xavier Jones,RB,,,24.0,Active,,,,,,,,,,,30.0,,,,,
13916,Xavier Loyd,WR,KC,,23.0,Active,,,,,,,,,,,30.0,,,,,
3150,Xavier Rush,WR,,,29.0,Active,,,,,,,,,,,30.0,,,,,
6372,Xavier Turner,RB,,,27.0,Active,,,,,,,,,,,30.0,,,,,
6322,Xavier Ubosi,WR,,,27.0,Inactive,,,,,,,,,,,30.0,,,,,
12363,Xavier Wade,WR,,,,Active,,,,,,,,,,,30.0,,,,,
12189,Xavier White,WR,,,25.0,Active,,,,,,,,,,,30.0,,,,,
10861,Xazavian Valladay,RB,,,27.0,Active,,,,,,,,,,,30.0,,,,,
3402,Zac Brooks,RB,,,32.0,Active,,,,,,,,,,,30.0,,,,,
1455,Zac Dysert,QB,,,31.0,Inactive,,,,,,,,,,,30.0,,,,,
1573,Zac Stacy,RB,,,29.0,Inactive,,,,,,,,,,,30.0,,,,,
4607,Zach Conque,QB,,,27.0,Active,,,,,,,,,,,30.0,,,,,
2962,Zach D'Orazio,WR,,,33.0,Active,,,,,,,,,,,30.0,,,,,
9222,Zach Evans,RB,,,24.0,Active,,,,,,,,,,,30.0,,,,,
6018,Zach Gentry,TE,,,27.0,Active,,,,,,,,,,,30.0,,,,,
11864,Zach Heins,TE,,,24.0,Active,,,,,,,,,,,30.0,,,,,
13110,Zach Horton,TE,DET,,23.0,Active,,,,,,,,,,,30.0,,,,,
2880,Zach Laskey,RB,,,29.0,Active,,,,,,,,,,,30.0,,,,,
12168,Zach Mathis,WR,,,24.0,Active,,,,,,,,,,,30.0,,,,,
1935,Zach Mettenberger,QB,,,29.0,Inactive,,,,,,,,,,,30.0,,,,,
171,Zach Miller,TE,,,31.0,Inactive,,,,,,,,,,,30.0,,,,,
5697,Zach Olstad,RB,,,28.0,Inactive,,,,,,,,,,,30.0,,,,,
4319,Zach Pascal,WR,,,30.0,Active,,,,,,,,,,,30.0,,,,,
1654,Zach Sudfeld,TE,,,29.0,Inactive,,,,,,,,,,,30.0,,,,,
4924,Zach Terrell,QB,BAL,,24.0,Active,,,,,,,,,,,30.0,,,,,
2560,Zach Zenner,RB,,,30.0,Active,,,,,,,,,,,30.0,,,,,
11995,Zack Annexstad,QB,,,24.0,Active,,,,,,,,,,,30.0,,,,,
6845,Zack Moss,RB,,,27.0,Questionable,,,,,,,,,,,65.0,,,,,
8799,Zaire Mitchell-Paden,TE,NO,,26.0,Active,,,,,,,,,,,30.0,,,,,
13161,Zakhari Franklin,WR,,,25.0,Active,,,,,,,,,,,30.0,,,,,
8139,Zamir White,RB,LV,13.0,26.0,Active,,,126.0,16.0,,,,,439.0,,30.0,,,,,
8428,Zander Horvath,RB,,,25.0,Active,,,,,,,,,,,30.0,,,,,
8173,ZaQuandre White,RB,,,24.0,Active,,,,,,,,,,,30.0,,,,,
4080,Zay Jones,WR,,,30.0,Active,,,,,,,,,,,30.0,,,,,
11189,Zay Malone,WR,,,23.0,Active,,,,,,,,,,,30.0,,,,,
7211,Zimari Manning,WR,,,26.0,Active,,,,,,,,,,,30.0,,,,,
11159,Zion Bowens,WR,,,24.0,Active,,,,,,,,,,,30.0,,,,,
8122,Zonovan Knight,RB,ARI,,25.0,Active,,,,,,,,,,,30.0,,,,,
1976,Zurlon Tipton,RB,,,30.0,Inactive,,,,,,,,,,,30.0,,,,,
