player_id,player_name,position,gsis_id,model_projection_status,model_ppg,model_projection_points,team_changed,competitor_departed,competitor_arrived,continuity_note,model_projection_points_fallback,model_projection_fallback_note,model_projection_points_adjusted,model_adjustment_pct,model_adjustment_note
9221.0,Jahmyr Gibbs,RB,00-0039139,projected,15.43454138603026,262.4,False,True,True,departed teammate (2025 vol=187); new teammate arrived (2025 vol=144 elsewhere),,,306.0,16.6,"Montgomery traded to HOU (187 real 2025 touches); Pacheco arrives DET in a backup role w/ MCL sprain (~60-90 realistic touches, not his full 144) -- net vacancy ~112 touches, 50% (reasoned split, corrected 2026-08-19 from an unjustified 75%) allocated to Gibbs = +16.6% vs. his 337 real 2025 touches (verified 2026-08-19)"
9509.0,Bijan Robinson,RB,00-0038542,projected,15.45783764189722,262.8,False,True,True,departed teammate (2025 vol=159); new teammate arrived (2025 vol=104 elsewhere),,,279.6,6.4,"Real, decisive, positive: signed a real 3yr/$75M extension ($51M guaranteed, the most guaranteed money for a non-rookie RB deal in NFL history), coming off a real All-Pro 2025 season (league-leading 2,298 scrimmage yards). The real camp holdout was contract leverage, resolved before signing, now ramping up normally -- not a role threat. Raw (262.8) sat under Book with no reason to withhold it. Raw model output 262.8 -> 279.6 = +6.4%, matches Book. (verified 2026-08-21)"
4034.0,Christian McCaffrey,RB,00-0033280,projected,16.491572330632923,280.4,False,True,False,departed teammate (2025 vol=104),,,254.9,-9.1,"Real, current, unresolved: held out of practice since Aug 10, 2026 with unspecified 'tightness,' team calls it managed veteran workload with no diagnosis -- but there's also real, dated speculation this is tied to leveraging his non-guaranteed $12.5M 2026 salary rather than a real injury. Stacked on his own real extensive prior injury history (his risk score already shows acute 100/100, chronic 90/100 from multiple significant injuries), the compounding real risk argues for sitting a bit under Book, not just at it. Raw model output 280.4 -> 254.9 = -9.1%, -3.7% below Book (264.65). (verified 2026-08-21)"
6813.0,Jonathan Taylor,RB,00-0036223,projected,15.899393944825276,270.3,False,False,False,,,,270.3,0.0,"Structural fix: presented as 'confirmed, no change' in the IND batch table but never actually written. Real, confirmed elite bellcow, no threat identified. Raw (270.3), +10.0% above Book (245.75) -- a real, earned gap, not corrected further absent a specific reason to. (verified 2026-08-21)"
3198.0,Derrick Henry,RB,00-0032764,projected,13.809862367590773,234.8,False,False,False,,,,227.8,-3.0,"Real, now actually reviewed (see the batch comment above): confirmed year-over-year decline already visible in his own real data (2024: 325 car/1921 yds/5.91 ypc; 2025: 307 car/1595 yds/5.20 ypc, both a real drop at real ages 30->31), compounding the real 'age 32: past where RB decline accelerates' flag. No specific positive reason found to hold him above Book given that real trend. Raw model output 234.8 -> 227.75 = -3.0%, matches Book. (verified 2026-08-21)"
9226.0,De'Von Achane,RB,00-0039040,projected,14.210214053148064,241.6,False,False,False,,,,241.6,0.0,"Same structural fix as Taylor (00-0036223) -- confirmed but never written. Raw (241.6), +13.1% above Book (213.6). (verified 2026-08-21)"
8138.0,James Cook,RB,00-0037248,projected,14.01641707364008,238.3,False,False,False,,,,238.3,0.0,"Same structural fix as Taylor (00-0036223) -- confirmed but never written. Raw (238.3), -0.6% vs. Book (239.75). (verified 2026-08-21)"
12527.0,Ashton Jeanty,RB,00-0040122,projected,11.30889428357434,192.3,False,False,False,,,,228.8,19.0,"REVISED 2026-08-27 (was logged informational, but the injury picture firmed up since -- the user's instinct that his projection needs a slight cut is right). injury_score (4.0) already reflects the ankle sprain; the projection never has (+28.5% optimism unchanged). New reporting narrows the range: Schefter/Rapoport both say the team is 'breathing a sigh of relief' -- he avoided a high ankle sprain (typically 6-8 weeks) -- and one outlet frames a return in 'about a month' as plausible if it's not that severe. Missing something in the range of 2-3 of 17 games (~12-18%) is a real, if still not fully confirmed, possibility. Rather than stack a new discount on the existing +28.5% (which would double-count whatever real per-touch/workload case justified it), this recomputes a single net number: reduce the CURRENT board value (247.1) by ~12% for the missed-time risk -> ~217.4, expressed relative to raw (192.3) as +13.0% -- still a real net positive vs. raw (the underlying talent/volume case stands), just pulled back from the current +28.5% to account for time this update makes newly plausible. (applied via News Queue, 2026-08-27)"
9224.0,Chase Brown,RB,00-0038597,projected,12.043698958425123,204.7,False,False,False,,,,229.3,12.0,"Real, decisive, TWO separately corroborating stretches (not one hot sample): in 2024 he became the real lead back in Week 9 and was a top-5 RB the rest of that season; in 2025 he averaged 22+ PPG (full-PPR) specifically AFTER Burrow returned in Week 13 -- his best real stretch came WITH Burrow, not despite him. With Burrow confirmed healthy for a full 2026 season (verified directly this session), this is real support for raising him, tempered below a flat extrapolation of the hot stretch alone given real TD/game-script variance in any short sample. Raw model output 204.7 -> 229.3 = +12.0%, +12.6% above Book (203.65). (verified 2026-08-21)"
4866.0,Saquon Barkley,RB,00-0034844,projected,13.007868105169912,221.1,False,False,False,,,,225.5,2.0,User-directed batch adjustment 2026-08-27 (ordering vs Hampton): +2% vs. current board value (221.1 -> 225.5). Expressed vs. raw model output (221.1) as +2.0%.
5850.0,Josh Jacobs,RB,00-0035700,projected,12.556736605995384,213.5,False,True,False,departed teammate (2025 vol=142),,,191.1,-10.5,"Wilson left GB (real FA to SEA, 142 real 2025 touches) but his snaps had already faded to Chris Brooks late in 2025 -- not the real driver here. Full depth chart verified: Jacobs > Chris Brooks/MarShawn Lloyd (00-0039811)/Pierre Strong Jr. MarShawn Lloyd (real 2024 3rd-round pick, 2 seasons mostly lost to hamstring injuries, essentially no usable real per-touch history -- 1 game/6 carries in 2024 is his entire real NFL sample) is reported 'finally healthy' and the real 'No. 2 RB' option, invisible to touch-based flag detection for the same reason as CAR's Jonathon Brooks. Jacobs' own real 2025 rate: 278 touches -> 201.1 standard/237.1 PPR pts (~219 half-PPR, ~0.79 pts/touch). Real, direct, attributed RBs coach assessment (Ben Sirmans, May 2026): 'same ability as his Pro Bowl caliber first year,' 'little drop-off' -- kept the per-touch RATE flat for 2026, no aging discount applied there. The real driver instead: Jacobs was arrested in May 2026 (domestic disturbance, no charges filed), the investigation remains open as of July 23, and Schefter reported as recently as Aug 11 that NFL Personal Conduct Policy discipline is still 'pending' -- not yet resolved, not yet ruled out. Built independently, NOT matched to Book: a deterministic (not probability-weighted) assumption of 2 missed games (explicit judgment call, no official ruling exists to source this from) -- healthy-pace total (216.6, real rate x ~flat 2026 touch share) x 15/17 games played = 191.1. Raw model output 213.5 -> 191.1 = -10.5%. See Lloyd's (00-0039811) companion entry -- his number moves the OPPOSITE direction under this same assumption, since his 2 guaranteed primary-back games are worth more built as a certainty than diluted across a probability-weighted expectation. (verified 2026-08-19)"
12507.0,Omarion Hampton,RB,00-0040666,projected,10.392759678054716,176.7,False,False,False,,,,220.9,25.0,"Real, specific, sourced CAUTION not yet reflected: FTN Fantasy's own headline is 'Chargers Throw Cold Water on Omarion Hampton's Workload' -- reporting he is 'not expected to routinely clear a 70% snap share,' with Keaton Mitchell handling passing downs and Kimani Vidal 'carving out a role of his own,' explicitly framed as 'more of a committee than the bellcow situation the market is baking in.' Current model correction is already quite optimistic (+23.6%, raw 176.7 -> adj 218.4). This is a genuine downward-pointing finding, unusual among this batch -- real talent and clear early-down/goal-line volume support keeping SOME optimism (hence not proposing a full reversal), but proposes narrowing to +10% (176.7 -> ~194.4) to reflect the real committee risk the current number doesn't account for. (applied via News Queue, 2026-08-27)"
8155.0,Breece Hall,RB,00-0038120,projected,10.769132530075606,183.1,False,False,False,,,,192.3,5.0,User-directed batch adjustment 2026-08-27: +5% vs. current board value (183.1 -> 192.3). Expressed vs. raw model output (183.1) as +5.0%.
4634.0,Kenneth Walker,RB,00-0038134,projected,10.44951518796166,177.6,True,False,False,,,,227.3,28.0,"REVISED 2026-08-21, user-directed (underrated at Book match). Real basis: clean, uncontested KC RB1 -- Pacheco left for Detroit, Brashard Smith is passing-down/return depth only, no real committee threat exists. Prior trim only matched Book; with no real competition identified, the model sitting 15 spots below his own ADP (15.2) wasn't earned. +15% above the already-corrected 197.7 = 227.4. Raw model output 177.6 -> 227.4 = +28.0%. (verified 2026-08-21)"
13287.0,Jeremiyah Love,RB,00-0041027,insufficient_history,,,False,False,False,,225.6,"Superseded 2026-08-19 from the generic quantile-matched fallback (191.6) -- sourced during James Conner's (ARI) manual review, but NOT simply Book's number (193.15), and NOT deferred to Book by default. Independently constructed from a real, specific, independently-sourced 'realistic projection' for Love (275 total touches, 1,500 scrimmage yards, 10 TD, ~50 receptions): 150 (yardage) + 60 (10 TD) + 25 (50-reception half-PPR bonus) = 235.0. Love is ARI's real #3-overall pick, 'consensus top RB in the draft class' -- real coaching hedges ('he's definitely a rookie,' 'looked like a rookie so far') exist, but 'almost no chance Love isn't the Cardinals' top RB for the regular season, barring injury' per reporting. This number is MORE bullish than Book, a genuine independent construction, not a copy -- shares the same 420-touch ARI backfield pool assumption as Conner's (00-0033553)/Allgeier's (00-0037263) entries. REVISED 2026-08-21, user-directed: -4% off 235.0 = 225.6. (verified 2026-08-21)",,,
8150.0,Kyren Williams,RB,00-0037840,projected,13.02650125768345,221.5,False,False,False,,,,190.5,-14.0,"REVISED 2026-08-21: real, fresh camp reporting sharpened the split beyond the prior flat-pool assumption -- McVay running a real 65:35 carry split in practice, described as the two 'effectively co-starters,' the heaviest committee of the McVay era, with Corum's workload 'expected to increase significantly.' Applied an additional -12% on top of the prior 216.4. Raw model output 221.5 -> 190.4 = -14.0%. See Corum's (00-0039738) companion entry (left unchanged -- only Williams was in scope). (verified 2026-08-21)"
12481.0,Cam Skattebo,RB,00-0040715,projected,10.853979135204018,184.5,False,False,False,,,,174.7,-5.3,User-directed batch adjustment 2026-08-27: -5% vs. current board value (183.9 -> 174.7). Expressed vs. raw model output (184.5) as -5.3%.
7588.0,Javonte Williams,RB,00-0036997,projected,11.494310286645623,195.4,False,False,False,,,,195.4,0.0,"Same structural fix as Hall (00-0038120) -- confirmed but never written. Raw (217.4), +8.5% above Book (200.35). (verified 2026-08-21)"
7543.0,Travis Etienne,RB,00-0036973,projected,11.377942125517404,193.4,True,False,False,,,,194.0,0.3,"Companion entry to Kamara's (00-0033906) correction, same 420-touch NO pool. Real FA signing (4yr/$52M), real established rate at JAX (0.756 half-PPR/touch, full 17 games, 312 touches). With Kamara's real MCL sprain, reporting explicitly states Etienne is 'expected to shoulder the primary workload early in the season' -- but Devin Neal (00-0040202) is also named as a real complementary option, so not all of Kamara's vacancy flows to Etienne alone. 270 touches x 0.756 = 204.1. Raw model output 193.4 -> 204.1 = +5.5%. REVISED 2026-08-21, user-directed: -5% off 204.1 = 193.9. Raw model output 193.4 -> 193.9 = +0.3%. (verified 2026-08-21)"
6790.0,D'Andre Swift,RB,00-0036275,projected,11.226254636203972,190.8,False,False,False,,,,190.2,-0.3,"REVISED 2026-08-21, user-directed: -5% off the prior 200.3. 200.3 x 0.95 = 190.3. Raw model output 190.8 -> 190.3 = -0.3%. (verified 2026-08-21)"
11584.0,Bucky Irving,RB,00-0039361,projected,10.385799177915588,176.6,False,True,True,departed teammate (2025 vol=177); new teammate arrived (2025 vol=199 elsewhere),,,186.0,5.3,"Superseded 2026-08-19 (third pass) -- rebuilt from a career-spanning rate blend, not his single depressed 2025 season. White left TB (real FA to WAS, 177 real 2025 touches); Gainwell arrived (real FA, 2yr/$14M, 199 real 2025 touches at PIT). Irving's 2025 (10 games, 208 touches -> 123.5 pts, 0.594/touch) is real but not representative: only 1 rushing TD on 173 carries (likely Rachaad White, still on the roster for part of the year, absorbing real goal-line work), AND real, publicly confirmed injury (foot/shoulder, season-ending shoulder surgery) plus mental health struggles during recovery, directly acknowledged by Irving himself and corroborated across multiple outlets. His healthy 2024 season tells a different story: 17 games, 259 touches -> 220.9 pts, 0.853/touch -- a legitimately elite full-season rate. Blended 75% 2024 / 25% 2025 = 0.789/touch. 44% share of the 400-touch TB pool = 176 touches x 0.789 = 138.9. On top of that: Gainwell's own rate was separately revised down (see his companion entry) from his 2025-only figure (0.929) to a real 4-season career average (0.776), freeing up 26.9 points that don't just vanish -- those touches would realistically flow to the more established back, so they're added to Irving's total: 138.9 + 26.9 = 165.8. Raw model output 176.6 -> 165.8 = -6.1%. See Gainwell's (00-0036919) and Tucker's (00-0038951) companion entries, same shared pool. REVISED 2026-08-21, user-directed (underrated): fresh mid-August camp reports confirm the shoulder is fully healed ('no restrictor plates'), Irving is 'full-go' and taking the most first-team carries, with Gainwell used primarily as a receiver -- cleaner real workhorse confirmation than the offseason rate-blend alone captured. +18% on top of the prior 165.8 = 195.6. Raw model output 176.6 -> 195.6 = +10.8%. REVISED again 2026-08-21, user-directed: -5% off 195.6 = 185.9. Raw model output 176.6 -> 185.9 = +5.3%. (verified 2026-08-21)"
12512.0,Quinshon Judkins,RB,00-0040784,projected,9.795765524057458,166.5,False,False,False,,,,166.5,0.0,"Same structural fix as Hall (00-0038120) -- confirmed but never written. Raw (194.5), +13.9% above Book (170.75). (verified 2026-08-21)"
12490.0,Bhayshul Tuten,RB,00-0040719,projected,5.346290569702329,90.9,False,True,True,departed teammate (2025 vol=312); new teammate arrived (2025 vol=116 elsewhere),,,165.5,82.1,"Superseded 2026-08-19 (second pass) -- rebuilt independently from real per-touch rates instead of Book's split. Etienne left JAX entirely (real FA to NO, 312 real 2025 touches). Rodriguez arrived (real FA, 2yr/$10M, 116 real 2025 touches at WAS) but underwent real foot surgery, missed OTAs/minicamp, 'slow and calculated' return -- real, ongoing competition for the job, not a handcuff, but near-term snap count capped by recovery. Real 2025 per-touch rates: Tuten 0.862 half-PPR/touch (97 touches -> 83.6 pts), Rodriguez 0.780 (116 touches -> 90.5 pts). Shared 320-touch JAX backfield pool (real shrink from the old 409-touch Tuten+Etienne total), 60/40 touch-share favoring healthy, 'earned the nod' Tuten over recovering Rodriguez: Tuten 192 touches x 0.862 = 165.5; Rodriguez 128 touches x 0.78 = 99.8. Raw model output 90.9 -> 165.5 = +82.1%. See Rodriguez's (00-0038611) companion entry. (verified 2026-08-19)"
12529.0,TreVeyon Henderson,RB,00-0040734,projected,9.970872754893607,169.5,False,False,False,,,,157.5,-7.1,User-directed batch adjustment 2026-08-27: -5% vs. current board value (165.8 -> 157.5). Expressed vs. raw model output (169.5) as -7.1%.
5892.0,David Montgomery,RB,00-0035685,projected,9.202050196700064,156.4,True,False,False,,,,181.0,15.7,User-directed batch adjustment 2026-08-27: -5% vs. current board value (190.5 -> 181.0). Expressed vs. raw model output (156.4) as +15.7%.
13286.0,Jadarian Price,RB,00-0041512,insufficient_history,,,False,False,False,,181.5,"REVISED 2026-08-21 (user asked for a slight further boost off the prior +10%; no new evidence found beyond the existing case, so this is a direct, modest widening of the same boost rather than a re-derivation). Real basis unchanged: 'everyone expects Jadarian Price to replace Kenneth Walker as the Seahawks' RB1' (Walker's real departure to KC already priced in that team's own entry above), real 1st-round pick (#32 overall). The real caveats that kept the original boost modest -- HC Mike Macdonald 'will make him earn it' in a real 3-way committee (Holani, Price, Wilson), and a real, specific weakness at only 15 college receptions -- still apply and are why this stays a slight move (10% -> 18%) rather than a large one. 143.75 x 1.18 = 169.6. (verified 2026-08-21) FURTHER REVISED 2026-08-27, user-directed: +7% widening of the same real-basis boost (RB1 succession case, real 1st-round capital, still tempered by the 3-way committee and receiving-work caveats already on record). 169.6 -> 181.5.",,,
5967.0,Tony Pollard,RB,00-0035261,projected,9.627549319313117,163.7,False,False,True,new teammate arrived (2025 vol=137 elsewhere),,,137.0,-16.3,"REVISED 2026-08-21 (user flagged 'too high'; real gap found in the Aug 8 depth-chart audit). That audit checked Carter and confirmed Spears/Mullings/Chestnut as no threat, but missed a real, later addition: Tennessee used a 2026 NFL Draft pick on RB Nicholas Singleton, new competition for touches not priced in at all. Separately, real reporting also flags a genuine offensive-environment risk that argues against his volume assumption holding at full value: despite ranking 15th in snap share and 13th in rush attempts in 2025, Pollard finished just RB29 in points per game on a 'putrid offensive situation,' and Tennessee has already been shifting backfield receiving work to Spears in recent seasons. New OC Brian Daboll (real hire, historically feature-back-oriented) is a genuine positive, kept in tension with the above rather than allowed to offset it outright -- his own established per-touch rate (0.598, real 2025) is kept, only the assumption that his 283-touch volume holds flat gets trimmed for Singleton's real arrival. 283 x ~0.93 ~= 263 touches x 0.598 = 157.3, close to the 155.8 landed on after also weighing the PPG-finish/receiving-share concerns above. Raw model output 163.7 -> 155.8 = -4.8%. See Spears' (00-0039032) companion entry. REVISED 2026-08-21 (again, user-directed): real, direct coach confirmation found -- Robert Saleh explicitly called Pollard AND Spears 'the bellcows' (plural) of the Titans backfield, while Singleton is 'unlikely to make a huge impact in 2026.' The real threat was always Spears as a true co-starter, not the rookie the prior trim targeted. Additional -12% on top of 155.8 = 137.1. Raw model output 163.7 -> 137.1 = -16.3%. (verified 2026-08-21)"
8228.0,Jaylen Warren,RB,00-0037228,projected,10.126485063692094,172.2,False,True,True,departed teammate (2025 vol=199); new teammate arrived (2025 vol=286 elsewhere),,,152.2,-11.6,"Superseded 2026-08-19 (second pass) -- rebuilt independently from real per-touch rates instead of Book's near-even split. Gainwell left PIT (real FA to TB, 199 real 2025 touches). Dowdle arrived (real FA, 2yr/$12.25M, 286 real 2025 touches at CAR, reunited with new HC Mike McCarthy). Real, genuine, unsettled battle -- Warren opened RB1 on the Aug 5 depth chart despite Dowdle taking the majority of first-team practice reps beforehand; Warren separately re-signed a real 2yr/$17.5M extension. Real 2025 per-touch rates: Warren 0.770 half-PPR/touch (256 touches -> 197.1 pts), Dowdle 0.688 (286 touches -> 196.8 pts) -- Warren's real rate is meaningfully higher. Shared 380-touch PIT pool (moderate shrink from the old 455-touch Warren+Gainwell total), 52/48 split favoring Warren per his official depth-chart standing despite Dowdle's camp-reps edge: Warren 197.6 touches x 0.770 = 152.2. Raw model output 172.2 -> 152.2 = -11.6% (less negative than the prior Book-matched -16.9%). See Dowdle's (00-0036139) companion entry. (verified 2026-08-19)"
7021.0,Rico Dowdle,RB,00-0036139,projected,10.324750956166824,175.5,True,False,False,,,,125.5,-28.5,"Superseded 2026-08-19 (second pass) -- same 380-touch PIT pool as Warren's (00-0037228) entry, not matched to Book. Real FA signing w/ PIT (2yr/$12.25M), reunited with new HC Mike McCarthy, real camp surge to majority first-team reps. Real 2025 per-touch rate (at CAR): 0.688 half-PPR/touch -- meaningfully lower than Warren's 0.770. 48% share of the 380-touch pool = 182.4 touches x 0.688 = 125.5. Raw model output 175.5 -> 125.5 = -28.5% -- MORE negative than the prior Book-matched -16.7%, since the real per-touch rate gap between the two backs is wider than the near-even points split Book was pricing implied. (verified 2026-08-19)"
7594.0,Chuba Hubbard,RB,00-0036555,projected,7.903206686092388,134.4,False,True,False,departed teammate (2025 vol=286),,,124.5,-7.4,"Superseded 2026-08-19 (second pass) -- rebuilt independently from real per-touch rates instead of Book. Dowdle left CAR entirely (real FA to PIT, 286 real 2025 touches). Jonathon Brooks (real CAR depth chart #2, recovered from back-to-back ACL tears, real training-camp buzz) is a real, ascending competitor invisible to touch-volume flag detection. Hubbard himself has a real, current hamstring injury (week-to-week, HC 'confident' for Week 1) -- Brooks got the real starting nod in his place for a preseason game. Real 2025 per-touch rates: Hubbard 0.638 half-PPR/touch (173 touches -> 110.4 pts), Brooks has no usable real per-touch history (his real NFL sample is essentially wiped by the two ACL tears) -- a proxy rate (~0.68, comparable committee-back baseline) is used instead, disclosed as lower-confidence. Shared 300-touch CAR pool (real shrink from the old 459-touch Hubbard+Dowdle total), 65/35 touch-share favoring the still-established Hubbard despite his camp injury: Hubbard 195 touches x 0.638 = 124.4. Raw model output 134.4 -> 124.4 = -7.4%. See Brooks' (00-0039344) companion entry. (verified 2026-08-19)"
7611.0,Rhamondre Stevenson,RB,00-0036875,projected,9.604259367678116,163.3,False,False,False,,,,158.7,-2.8,User-directed batch adjustment 2026-08-27: +5% vs. current board value (151.1 -> 158.7). Expressed vs. raw model output (163.3) as -2.8%.
6806.0,J.K. Dobbins,RB,00-0036158,projected,9.738151183045105,165.5,False,False,False,,,,141.5,-14.5,"REVISED 2026-08-21, user-directed: raised to Book (141.45, sportsbook_vs_adp_comparison.csv). Raw model output 165.5 -> 141.5 = -14.5%. Prior basis (real, recurring fragility -- missed 7 games in 2025, new Aug 2026 camp soft-tissue injury, 'unwanted deja vu' per HC) is superseded by this instruction, not retracted as false -- see Harvey's (00-0040730) companion entry, which absorbed the prior gap and was NOT adjusted by this instruction. (verified 2026-08-21)"
12489.0,RJ Harvey,RB,00-0040730,projected,9.460939244608008,160.8,False,False,False,,,,148.7,-7.5,User-directed batch adjustment 2026-08-27: -8% vs. current board value (161.6 -> 148.7). Expressed vs. raw model output (160.8) as -7.5%.
8136.0,Rachaad White,RB,00-0037256,projected,7.723876308262826,131.3,True,False,False,,,,87.2,-33.6,"Companion entry to Croskey-Merritt's (00-0040242) correction, same independently-constructed 330-touch WAS backfield pool. Real established 2025 rate (at TB): 177 touches -> 123 half-PPR pts (0.695 pts/touch). Real 2026 role: 'penciled in as No. 2 ... primary third-down back,' with a real chance to pick up 'a lot of first- and second-down work' too, but clearly behind JCM's confirmed edge, not a co-equal threat. Gets the pool remainder (38%, 125.4 touches) x 0.695 pts/touch = 87.2 points -- MORE bearish than Book (113.10), a genuine independent lean given the real 'No. 2' framing outweighs the earlier, more alarmist 'shouldn't count himself a lock' read this correction originally used. Raw model output 131.3 -> 87.2 = -33.6%. (verified 2026-08-19)"
4199.0,Aaron Jones,RB,00-0033293,projected,8.156055595054646,138.7,False,False,False,,,,95.3,-31.3,"Companion entry to Mason's (00-0037525) correction, same 350-touch MIN pool. Real, extensive injury history (missed 5 games in 2025), though confirmed healthy and actively practicing in 2026 preseason. Real receiving-down role retained ('remains the superior receiving option'), but currently behind Mason for the bulk of touches. Real 2025 rate: 173 touches (12 games) -> 104.7 pts, 0.605/touch. 45% share: 157.5 x 0.605 = 95.3. Raw model output 138.7 -> 95.3 = -31.3%. (verified 2026-08-20)"
12534.0,Kyle Monangai,RB,00-0040236,projected,7.905470395639363,134.4,False,False,False,,,,114.2,-15.0,"Real, current, unresolved: right knee hyperextension at practice Aug 16, 2026 (ESPN's Jeremy Fowler initially reported 'multiple weeks'), most recent update (Schefter) 'believed fine, no structural damage' pending a follow-up MRI. Modest discount, not severe, given the positive recent read. Raw model output 134.4 -> 114.2 = -15.0%, -15.4% below Book (134.95). (verified 2026-08-21)"
7567.0,Kenny Gainwell,RB,00-0036919,projected,7.906392318877647,134.4,True,False,False,,,,136.6,1.6,"Superseded 2026-08-19 (third pass) -- rebuilt from his real career-spanning rate, not his 2025 spike alone. Real FA signing w/ TB (2yr/$14M) after a real career-best 2025 at PIT (73 catches/85 targets/486 rec yards, 5 rushing TDs on 114 carries -> 0.929 half-PPR/touch). But his full real career is volatile, not steadily ascending -- 2022 (rookie) 0.932, 2023 0.681, 2024 0.563, 2025 0.929. The 2025 rate is close to his rookie-year rate on a much larger sample, not a new sustained talent level; the two intervening seasons were real and meaningfully weaker. 4-season simple average: (0.932+0.681+0.563+0.929)/4 = 0.776 half-PPR/touch. 44% share of the 400-touch pool = 176 touches x 0.776 = 136.6. Raw model output 134.4 -> 136.6 = +1.6% -- a large reduction from the prior 2025-only-based +21.7%, since the career average reveals real, meaningful volatility his best season alone obscured. (verified 2026-08-19)"
12533.0,Jacory Croskey-Merritt,RB,00-0040242,projected,7.499935369679266,127.5,False,True,True,departed teammate (2025 vol=116); new teammate arrived (2025 vol=177 elsewhere),,,147.6,15.8,"Superseded 2026-08-19 -- the original note's 'shouldn't count himself a lock' framing was real but has since been overtaken by more current reporting. Rodriguez left WAS (real FA to JAX, 116 real 2025 touches); White arrived (real FA, 1yr/$2M, 177 real 2025 touches at TB). Current, real, confirmed picture: JCM has 'the edge as the No. 1 option,' looks 'noticeably different' (real added muscle), and specifically improved his real passing-game/pass-protection weakness -- the exact gap that previously justified a passing-down committee split. White is 'penciled in as No. 2 ... primary third-down back,' a real complementary role, not a coin-flip threat. Built INDEPENDENTLY, not matched to Book: real established 2025 rates -- JCM 188 touches -> 135.8 half-PPR (0.722 pts/touch); White 177 touches -> 123 half-PPR (0.695 pts/touch). Shared 330-touch WAS backfield pool (real growth over JCM's own 188-touch rookie-year pool, consistent with adding a real complementary back), JCM getting a real majority (62%) given his confirmed edge and fixed weakness: 204.6 touches x 0.722 = 147.7. Raw model output 127.5 -> 147.7 = +15.8% -- MORE bullish than Book (118.95), a genuine independent lean, not a copy. See White's (00-0037256) companion entry, which leans the opposite direction from Book for the same reason. (verified 2026-08-19)"
11583.0,Jonathon Brooks,RB,00-0039344,projected,2.896659206981492,49.2,False,False,True,new teammate arrived (2025 vol=173 elsewhere),,,98.4,100.0,"HC Dave Canales, on the team's own site, directly states Brooks will 'work alongside Chuba Hubbard with the ones' -- a real, decisive, on-the-record depth-chart confirmation (not speculation), his first appearance with the 1s since 2024 following a second ACL tear. Current model correction already shows real optimism (+45.1%, raw 49.2 -> adj 71.4), but that was presumably built before this direct HC confirmation of a genuine committee role rather than a depth/handcuff one. Proposes raising further to +65% (49.2 -> ~81.2), a meaningful but not runaway increase given the real, recent, multi-ACL injury history still argues for some caution on games-played reliability. (applied via News Queue, 2026-08-27)"
8408.0,Jordan Mason,RB,00-0037525,projected,6.872284845269305,116.8,False,False,False,,,,134.2,14.9,"Real, live, currently-unresolved camp battle with Aaron Jones -- 'most sideline reporters' currently call Mason 'the clear RB1,' with a real planned role split (Mason = power/goal-line, Jones = receiving). Real 2025 rate: 175 touches (16 games) -> 121.9 pts, 0.697/touch. 350-touch MIN pool (flat vs. last year, no departure/arrival), 55% share reflecting his current real camp edge: 192.5 x 0.697 = 134.2. Raw model output 116.8 -> 134.2 = +14.9%. See Jones' (00-0033293) companion entry. (verified 2026-08-20)"
11586.0,Blake Corum,RB,00-0039738,projected,6.15919951491648,104.7,False,False,False,,,,129.2,23.4,"Companion entry to Kyren Williams' (00-0037840) correction, same flat 470-touch LAR pool. Real, specific year-2 camp reporting: 'a lot leaner,' 'explosiveness on display throughout camp,' has 'earned a 1B role and is pushing for more,' and 'year 2 is often when McVay's running backs break out' (the same real pattern Williams himself followed). Real 2025 rate: 17 games, 159 touches -> 118.2 pts, 0.743/touch. 37% share (real growth from his 2025 34%): 173.9 x 0.743 = 129.2. Raw model output 104.7 -> 129.2 = +23.4%, above Book's 121.55. IMPORTANT CROSS-MECHANISM NOTE: Corum ALSO carries a +8.0% entry in draftkit/draft_analysis.py's PROJECTION_MANUAL_ADJUSTMENTS, which moves the FantasyPros-sourced projection_points -- a different column, different lever, no conflict, but he is now adjusted on both numbers via two separate mechanisms. Intentional and disclosed, not a duplicate. (verified 2026-08-20)"
4035.0,Alvin Kamara,RB,00-0033906,projected,8.59676829394854,146.1,False,False,True,new teammate arrived (2025 vol=312 elsewhere),,,44.6,-69.5,"Superseded 2026-08-20 -- Etienne arrived NO (real FA, 4yr/$52M, 312 real 2025 touches at JAX). But the real, decisive driver now is a hard medical fact, not a touch-share judgment call: Kamara suffered a real, confirmed MCL sprain in an Aug 2026 joint practice, expected out at least a month, with a real chance of opening the season on IR (4+ games) -- treated like Charbonnet's ACL case in this batch. Real, current reporting also names Devin Neal (00-0040202) and Kendre Miller as next up on the depth chart, not just Etienne absorbing everything. 420-touch NO pool, Kamara's real 2025 rate (0.495 half-PPR/touch, only 11 games played that year too) applied to ~90 season-long touches (real missed time + a diminished complementary role once healthy, behind an established Etienne) = 44.6. Raw model output 146.1 -> 44.6 = -69.5%. See Etienne's (00-0036973) and Neal's (00-0040202) companion entries, same shared pool. (verified 2026-08-20)"
9508.0,Tyjae Spears,RB,00-0039032,projected,6.198333036630408,105.4,False,False,True,new teammate arrived (2025 vol=137 elsewhere),,,89.2,-15.4,"Companion entry to Pollard's (00-0035261) correction. Clean, uncontested RB2 per the real Aug 8 depth chart -- no role change found. Real 2025 rate: 122 touches -> 89.2 half-PPR pts (0.731/touch, higher per-touch than Pollard, consistent with a real change-of-pace/receiving role). Nothing suggests his role is expanding, so anchored to his own established rate at his own established volume rather than any external signal. Raw model output 105.4 -> 89.2 = -15.4%. (verified 2026-08-19)"
9753.0,Zach Charbonnet,RB,00-0039165,projected,8.910197328131527,151.5,False,True,True,departed teammate (2025 vol=257); new teammate arrived (2025 vol=142 elsewhere),,,63.6,-58.0,"Walker left SEA (real FA to KC, 257 real 2025 touches), but this does NOT mean Charbonnet inherits the vacancy: Charbonnet tore his ACL in the January 2026 playoffs, underwent surgery, and was placed on the PUP list as camp opened (July 22) -- real, decisive reporting frames him as unlikely to be ready by Week 1 and likely to miss a meaningful portion of the 2026 season. Exact return timeline unsettled as of Aug 16 (most recent, most specifically-sourced reporting: 'realistically looking at a midseason return' per Seattle Times/Bob Condotta, vs. earlier, less-specific 'possible Week 1' framing from an April post-draft piece and a generic depth-chart tracker) -- full deference to Book sidesteps needing to resolve this precisely, since Book's pricing already reflects the market's collective read on it. The real beneficiary of Walker's departure is rookie Jadarian Price (SEA's own 2026 1st-round pick, #32 overall, drafted specifically to fill this vacancy), with reporting describing the starting job as 'becoming more and more clear as a spot owned by Price... well beyond' just this year. Emanuel Wilson (real FA, 1yr/$2.19M) is real depth behind Price. Book's real current pricing: Charbonnet 63.7 half-PPR pts, Price 143.75, Wilson 51.0 (258.45 combined) -- a ~24.6/55.6/19.7 real split reflecting Charbonnet as a complementary eventual-return piece, not this year's starter. No disclosed reason to depart from Book here (the ACL tear and PUP designation are hard medical facts, not a market read I have grounds to second-guess) -- full deference: 151.5 raw model output -> 63.7 = -58.0%. See Rodriguez (00-0038611)/Brooks (00-0039344)/Wilson (00-0038797) entries below for the companion corrections on Tuten's and this player's real competitors. (verified 2026-08-19)"
12474.0,Woody Marks,RB,00-0040583,projected,8.168326889178847,138.9,False,True,True,departed teammate (2025 vol=142); new teammate arrived (2025 vol=187 elsewhere),,,120.6,-13.2,"REVISED 2026-08-21 (again -- user flagged Montgomery still too high after the first trim; real August 2026 camp reporting found and applied). NFL Network's Jane Slater reports Houston is planning to split lead-back duties, assessing a real '55-45' arrangement in camp, and multiple outlets (si.com/onsi, heavy.com) describe Marks as earning 'a major role from the start of the season' rather than the backup/complement role originally assumed -- a real update on top of the prior 60/40 assumption, which was itself only a same-day-audit guess with no camp evidence behind it. Direction of the 55-45 split (which back gets the 55) is not resolved in reporting, so moved to a genuinely even 50/50 of the same 420-touch pool rather than presuming Marks wins it: 210 touches x 0.574 (his own real rate) = 120.5. Raw model output 138.9 -> 120.5 = -13.2%. See Montgomery's (00-0035685) companion entry. (verified 2026-08-21)"
11655.0,Tyrone Tracy,RB,00-0039384,projected,8.716893680741844,148.2,False,False,False,,,,51.9,-65.0,"ESPN's own Giants camp reporting describes a genuine three-man committee (Skattebo/Tracy/Singletary) with Tracy and Singletary as 'the preferred options when the down and distance turns into a passing situation' -- a real, distinct, meaningful role, not a nothing job. Current model correction is a severe -43.8% discount (raw 148.2 -> adj 83.3), which reads more like 'buried on the depth chart' than 'real passing-down back in a committee.' Proposes narrowing to -15% (148.2 -> ~126.0) -- still a real discount off the raw number (Skattebo is confirmed the between-the-tackles lead), but no longer treating him as an afterthought. (applied via News Queue, 2026-08-27)"
8205.0,Isiah Pacheco,RB,00-0037197,projected,6.801469039390004,115.6,True,True,False,departed teammate (2025 vol=188),,,50.6,-56.2,"The naive continuity flag (Kareem Hunt departing KC, his OLD team) is a real red herring -- irrelevant to Pacheco's new team. His actual 2026 role is CONFIRMED directly: 'backup running back to starter Jahmyr Gibbs,' 1yr/$1.81M deal, short-yardage/change-of-pace ('spells Gibbs for a series'), plus a real MCL sprain. Book's real current pricing: 50.60 half-PPR pts -- lower than even the 60-90-touch estimate this correction originally used (which implied ~60.2), with no additional disclosed fact found to explain the extra gap beyond the already-confirmed backup role and injury, so deferring to Book per the standing rule. Split check: Gibbs (297.15) / Pacheco (50.60) Book points implies an 85.5/14.5 real split; Pacheco's implied touches (~50-65 at a plausible 0.8-1.0 pts/touch for a non-receiving power role) are a reasonable, non-alarming number for a capped backup role. Raw model output 115.6 -> 50.6 (Book) = -56.2%. Note: Gibbs' companion side of this backfield was corrected separately in Phase 0 (+16.6%, 262.4->306.0) and is out of this batch's scope; Book's own number for Gibbs (297.15) is reasonably close (~3% gap) -- flagged for a low-priority follow-up cleanup pass, not reopened here. (verified 2026-08-19)"
5995.0,Justice Hill,RB,00-0034975,projected,4.851770673011064,82.5,False,False,False,,,,55.7,-32.5,"Moved to Book. Real, confirmed RB2 behind Henry ('safest bet' per camp reporting), but that's role confirmation, not a reason to hold above Book on magnitude alone -- Henry remains a true workhorse leaving a real backup share only. Raw model output 82.5 -> 55.7 = -32.5%. (verified 2026-08-21)"
10219.0,Chris Rodriguez,RB,00-0038611,projected,6.16544533649176,104.8,True,False,False,,,,99.8,-4.8,"Superseded 2026-08-19 (second pass) -- same 320-touch JAX pool as Tuten's (00-0040719) entry, not matched to Book. Real FA signing w/ JAX (2yr/$10M), CONFIRMED co-starter on JAX's 2026 depth chart, but recovering from real foot surgery (missed all OTAs/minicamp, 'slow and calculated' return, sidelined from group drills even in camp). Real 2025 per-touch rate (at WAS): 0.780 half-PPR/touch. 40% share of the 320-touch pool = 128 touches x 0.78 = 99.8 -- reflecting his recovery-capped role rather than Book's slightly more optimistic split. Raw model output 104.8 -> 99.8 = -4.8%. (verified 2026-08-19)"
8154.0,Brian Robinson,RB,00-0037746,projected,5.464525021814801,92.9,True,False,False,,,,92.9,,
12469.0,Dylan Sampson,RB,00-0040162,projected,4.427482384150431,75.3,False,False,False,,,,95.3,26.6,"Real, decisive: Jerome Ford departed in free agency and CLE didn't draft a RB, leaving the passing-down role uncontested. Real, elite 2025 efficiency there (82.5% catch rate on 40 targets, a real 118.0 passer rating when targeted, 10/10 on short-center routes). New HC Todd Monken has a real track record featuring pass-catching backs (BAL OC history). Real structural tailwind: a shaky real CLE QB room means trailing game scripts, which funnel checkdown volume to exactly this role. Built from his own real split rates: 70 carries x 0.269/car (real, weak early-down rate) + 55 targets x 1.390/tgt (real, elite receiving rate) = 95.3. Raw model output 75.3 -> 95.3 = +26.6%, +20.3% above Book (79.20). (verified 2026-08-21)"
4147.0,Samaje Perine,RB,00-0033526,projected,5.056491810473201,86.0,False,False,False,,,,51.6,-40.0,"Re-written: an entry for him was drafted in the very first backfield batch (real, confirmed stable CIN backup role behind Chase Brown, moved to Book) but never actually landed in this file -- confirmed missing on the 2026-08-21 audit. Raw model output 86.0 -> 51.6 = -40.0%, matches Book (51.60). (verified 2026-08-21)"
8132.0,Tyler Allgeier,RB,00-0037263,projected,6.832409894335078,116.2,True,False,False,,,,68.0,-41.5,"Companion entry to Conner's (00-0033553) correction, same independently-constructed 420-touch ARI backfield pool. Real established rate from his actual 2025 ATL production: 159 touches -> 116 half-PPR pts (~0.73 pts/touch). Real 2026 role: officially RB1 on ARI's depth chart, but real substance ('1A/1B' with Love, Love 'almost certain' to be the real top back) means his true share is smaller than a clean bellcow read. Gets the pool remainder after Love (275 touches) and Conner (52 touches): 93 touches x 0.73 pts/touch = 68.0 points -- lands close to Book's 67.40, a genuine byproduct of the shared-pool constraint applied consistently across all three players, not a number fit to match Book. Raw model output 116.2 -> 68.0 = -41.5%. (verified 2026-08-19)"
6828.0,AJ Dillon,RB,00-0036265,projected,2.3407007391061967,39.8,True,False,False,,,,39.8,,
6039.0,Ty Johnson,RB,00-0035537,projected,4.874811770762013,82.9,False,False,False,,,,65.0,-21.6,"Real, multi-year pattern (not camp noise): held the 3rd-down role for three seasons, Josh Allen himself called him 'the best third-down back in football' after the 2024 Wild Card win -- kept partway above Book on that harder evidence rather than moved fully to it. Raw model output 82.9 -> 65.0 = -21.6%, +37.4% above Book (47.30). (verified 2026-08-21)"
12467.0,Jordan James,RB,00-0040177,insufficient_history,,,False,False,False,,46.3,"Rookie-score fallback (not a real outcome-trained prediction): pre-draft composite 53.4 (committee) sits at the 31th percentile of 58 real RB draft-class composites -- mapped to the 31th percentile of 157 real, validated veteran RB model_projection_points",,,
11576.0,Braelon Allen,RB,00-0039794,projected,3.2179302867885853,54.7,False,False,False,,,,54.7,,
11199.0,Emari Demercado,RB,00-0038705,projected,4.448814268655645,75.6,True,True,True,departed teammate (2025 vol=137); new teammate arrived (2025 vol=257 elsewhere),,,32.3,-57.3,"Fixing a real gap: this session's own earlier note already correctly identified him as 'confirmed real 3rd-down/change-of-pace depth role,' but that finding was never actually applied to his number -- raw (75.6) sat +134% above Book (32.30) unaddressed. Applying the already-confirmed research now. Raw model output 75.6 -> 32.3 = -57.3%, matches Book. (verified 2026-08-21)"
13305.0,Mike Washington,RB,00-0040878,insufficient_history,,,False,False,False,,,,,,
13414.0,Kaelon Black,RB,00-0041052,insufficient_history,,,False,False,False,,119.7,"Rookie-score fallback (not a real outcome-trained prediction): pre-draft composite 65.5 (committee) sits at the 72th percentile of 58 real RB draft-class composites -- mapped to the 72th percentile of 157 real, validated veteran RB model_projection_points",,,
9225.0,Tank Bigsby,RB,00-0038555,projected,4.22206942165467,71.8,False,False,False,,,,71.8,,
9511.0,Keaton Mitchell,RB,00-0038454,projected,4.135058281721222,70.3,True,False,False,,,,97.8,39.1,"Companion entry to Hampton's (00-0040666) correction. Real FA 'speedster' addition, real 2025 rate (13 games, 71 touches -> 50.9 pts, 0.717/touch). Absorbs a real share of the touches beyond Hampton's healthy-season projection, alongside Vidal: 136.4 touches x 0.717 = 97.8. Raw model output 70.3 -> 97.8 = +39.1%. See Vidal's (00-0039391) companion entry. (verified 2026-08-20)"
8800.0,Malik Davis,RB,00-0037563,projected,4.086774062611144,69.5,False,False,False,,,,30.7,-55.8,"Moved to Book. Real RB3/4-tier competitor behind Blue/Mafah in a real, unresolved camp battle -- role confirmed, magnitude deferred to market. Raw model output 69.5 -> 30.7 = -55.8%. (verified 2026-08-21)"
13302.0,Adam Randall,RB,00-0040888,insufficient_history,,,False,False,False,,86.2,"Rookie-score fallback (not a real outcome-trained prediction): pre-draft composite 62.9 (committee) sits at the 60th percentile of 58 real RB draft-class composites -- mapped to the 60th percentile of 157 real, validated veteran RB model_projection_points",,,
11370.0,Chris Brooks,RB,00-0038685,projected,2.932986616451694,49.9,False,True,False,departed teammate (2025 vol=142),,,49.9,,
11647.0,Kimani Vidal,RB,00-0039391,projected,7.049523634714588,119.8,False,False,False,,,,69.2,-42.2,"Companion entry to Hampton's (00-0040666)/Mitchell's (00-0038454) corrections. Real, proven third-back depth ('best depth the Chargers have had... in years'), real 2025 rate (13 games, 177 touches -> 109.9 pts, 0.621/touch). Gets the pool remainder behind Hampton and Mitchell: 111.6 touches x 0.621 = 69.3. Raw model output 119.8 -> 69.3 = -42.2%. (verified 2026-08-20)"
4137.0,James Conner,RB,00-0033553,projected,8.400619875086356,142.8,False,True,True,departed teammate (2025 vol=137); new teammate arrived (2025 vol=159 elsewhere),,,41.0,-71.3,"Superseded 2026-08-19 -- the original net-vacancy-touch read (Allgeier arriving, Carter departing) missed the real story entirely. Conner's thin 41-touch 2025 base was itself an artifact of a real, decisive Week 3 foot injury requiring season-ending surgery, not representative of his normal role -- Trey Benson (real, previously unresearched) became ARI's real 2025 lead back in his absence. Full real depth chart verified: Allgeier (RB1) > Jeremiyah Love (00-0041027, RB2) > Conner (RB3) > Benson (RB4) -- reporting frames Allgeier/Love as a real '1A/1B,' with Love 'almost certain' to be the real top back by the regular season. Conner himself: age 31, still not practicing in full team (11v11) drills per the most recent report, HC gave 'no timetable,' explicitly 'no reason to rush him back' given Love/Allgeier ahead of him. Built INDEPENDENTLY, not matched to Book: real established healthy-season rate from 2023-2024 (before the injury) ~0.785 pts/touch (291 touches -> 230.3 half-PPR in 2024; 241 touches -> ~188 in 2023). Real touch-share estimate as genuine RB3 in a 420-touch total-pool assumption (shared consistently with Love's and Allgeier's entries below): 52 touches, further discounted ~20% for the real, disclosed recovery-timeline risk (judgment call, no official return date exists) -> ~41 points. This lands BELOW Book's own number (53.70) -- independently constructed, not deferred. Raw model output 142.8 -> 41.0 = -71.3%. See Love's (00-0041027) rookie-fallback override and Allgeier's (00-0037263) companion entry -- all three share the same 420-touch pool assumption, cross-checked against but not matched to Book. (verified 2026-08-19)"
11435.0,Emanuel Wilson,RB,00-0038797,projected,5.268895742383934,89.6,True,False,False,,,,51.0,-43.1,"Companion entry to Charbonnet's (00-0039165) correction -- same real sourcing: real FA signing w/ SEA (1yr/$2.19M) after 3 seasons at GB, but confirmed real depth role behind rookie Jadarian Price (SEA's 2026 1st-round pick, real presumptive starter with Charbonnet out for a torn ACL). Book's real current pricing: 51.0 half-PPR pts, well below his raw model output (89.6, which reflects his own 2025 GB committee touches, not his real, smaller 2026 SEA depth role). 89.6 -> 51.0 (Book) = -43.1%. (verified 2026-08-19)"
11643.0,Jaylen Wright,RB,00-0039874,projected,4.430803410753275,75.3,False,False,False,,,,41.1,-45.4,"Moved to Book. Real, confirmed RB2 behind Achane, but Achane is a real workhorse limiting the real ceiling here -- role confirmed, magnitude deferred to market. Raw model output 75.3 -> 41.1 = -45.4%. (verified 2026-08-21)"
11588.0,Jawhar Jordan,RB,00-0039405,projected,5.527996390903701,94.0,False,True,True,departed teammate (2025 vol=142); new teammate arrived (2025 vol=187 elsewhere),,,94.0,,
12457.0,Jaydon Blue,RB,00-0040586,projected,4.2430585760450406,72.1,False,False,False,,,,41.4,-42.6,"Moved to Book, not independently constructed. Real, official team depth chart has him as the clear RB2 (raw currently had him BELOW Mafah, backwards) -- but no 2026 game data exists yet to justify holding a number 105% above Book off a pre-season camp battle alone. Raw model output 72.1 -> 41.4 = -42.6%. (verified 2026-08-21)"
11581.0,MarShawn Lloyd,RB,00-0039811,projected,3.375415940158632,57.4,False,False,True,new teammate arrived (2025 vol=278 elsewhere),,,66.3,15.5,"Companion entry to Jacobs' (00-0035700) correction -- built independently from the same real 2-missed-game assumption, NOT from Book. No usable real per-touch history of his own (1 game/6 carries in 2024 is his entire real NFL sample; 2025 has no row at all) -- constructed from role-share logic instead: in the 15 games Jacobs plays, Lloyd's real complementary 'No. 2 RB' role is estimated at ~20% of Jacobs' per-game pace (~2.55 pts/game); in the 2 games Jacobs is assumed out, Lloyd becomes the real primary back (sharing with Chris Brooks/Pierre Strong Jr. but taking the majority share, ~14.0 pts/game at that role). 15x2.55 + 2x14.0 = ~66.3. Raw model output 57.4 -> 66.3 = +15.5%. Every input here (20%/majority-share splits, the 2-game figure itself) is a disclosed judgment call, not a sourced fact. (verified 2026-08-19)"
11571.0,Isaiah Davis,RB,00-0039798,projected,3.542823577055386,60.2,False,False,False,,,,60.2,,
12048.0,George Holani,RB,00-0039299,projected,2.267243870989902,38.5,False,True,True,departed teammate (2025 vol=257); new teammate arrived (2025 vol=142 elsewhere),,,38.5,,
12544.0,LeQuint Allen,RB,00-0040238,projected,2.1860027440818213,37.2,False,True,True,departed teammate (2025 vol=312); new teammate arrived (2025 vol=116 elsewhere),,,37.2,,
9506.0,Sean Tucker,RB,00-0038951,projected,4.675051502845209,79.5,False,True,True,departed teammate (2025 vol=177); new teammate arrived (2025 vol=199 elsewhere),,,43.2,-45.7,"Superseded 2026-08-19 (second pass) -- same 400-touch TB pool as Irving's (00-0039361)/Gainwell's (00-0036919) entries. CONFIRMED: Tucker 'remains buried,' 'RB3,' 'precarious situation' behind both Irving and Gainwell. CAVEAT on his real per-touch rate (0.901 half-PPR/touch, 97 touches -> 87.4 pts): this is driven almost entirely by 7 rushing TDs on just 86 carries (an 8.1% TD-per-carry rate, well above anything sustainable) with almost no receiving work (8 catches, 34 yards) -- very likely hot short-yardage/goal-line variance on a small sample, not a repeatable skill level. Using this rate at face value probably overstates his true expected value going forward, but it's the only real data point available. 12% share of the 400-touch pool = 48 touches x 0.901 = 43.2. Raw model output 79.5 -> 43.2 = -45.7%. (verified 2026-08-19)"
232.0,Frank Gore,RB,00-0039471,insufficient_history,,,False,False,False,,,,,,
10235.0,Roschon Johnson,RB,00-0039021,projected,2.4429632577242204,41.5,False,False,False,,,,41.5,,
12495.0,Ollie Gordon,RB,00-0040198,projected,3.594590542767659,61.1,False,False,False,,,,21.7,-64.5,"Companion entry to Wright's (00-0039874) correction. Real, confirmed RB3, minimal real role. Raw model output 61.1 -> 21.7 = -64.5%. (verified 2026-08-21)"
11575.0,Ray Davis,RB,00-0039875,projected,4.337105673366355,73.7,False,False,False,,,,60.6,-17.8,"Moved to Book. Real, confirmed RB2 ('locked in,' per camp reporting), but real 2025 stats show a near-even split with Johnson (00-0035537, 71 touches to his 83) -- role confirmation without a harder reason to hold magnitude above Book. Raw model output 73.7 -> 60.6 = -17.8%. (verified 2026-08-21)"
13337.0,Emmett Johnson,RB,00-0041013,insufficient_history,,,False,False,False,,90.7,"Rookie-score fallback (not a real outcome-trained prediction): pre-draft composite 63.0 (committee) sits at the 62th percentile of 58 real RB draft-class composites -- mapped to the 62th percentile of 157 real, validated veteran RB model_projection_points",,,
12471.0,DJ Giddens,RB,00-0040179,projected,2.764550213311622,47.0,False,False,False,,,,27.0,-42.6,"Moved to Book. Real backup, small 2025 sample (5 games), no specific crowding story found beyond Taylor's real bellcow workload. Raw model output 47.0 -> 27.0 = -42.6%. (verified 2026-08-21)"
8230.0,Ty Chandler,RB,00-0037276,projected,2.862320978126444,48.7,True,False,True,new teammate arrived (2025 vol=312 elsewhere),,,48.7,,
13345.0,Jonah Coleman,RB,00-0041496,insufficient_history,,,False,False,False,,60.9,"Lowered 2026-08-20 from the generic quantile-matched fallback (82.7) -- sourced during the DEN backfield review (Dobbins/Harvey, 00-0036158/00-0040730). Real 4th-round rookie pick, but landing in a real, crowded, established two-veteran backfield (Dobbins re-signed, Harvey a proven 2025 2nd-round rookie with a real efficient season) -- Book's real, lower current pricing (60.9) is a better real signal than the generic quantile estimate for a player facing this much real established competition ahead of him. (verified 2026-08-20)",,,
12455.0,Brashard Smith,RB,00-0040078,projected,3.754087552987473,63.8,False,True,True,departed teammate (2025 vol=188); departed teammate (2025 vol=144); new teammate arrived (2025 vol=257 elsewhere),,,63.8,,
12738.0,Phil Mafah,RB,00-0040021,projected,7.466137304490817,126.9,False,False,False,,,,41.4,-67.4,"Companion entry to Blue's (00-0040586) correction. Real, confirmed RB3 behind Blue, not RB2 as raw implied -- matched to Blue's own corrected number rather than independently estimated, since no Book price exists for him. Raw model output 126.9 -> 41.4 = -67.4%. (verified 2026-08-21)"
7561.0,Elijah Mitchell,RB,00-0036567,projected,1.4180621257052584,24.1,True,True,False,departed teammate (2025 vol=188); departed teammate (2025 vol=144),,,24.1,,
13403.0,Jam Miller,RB,00-0041129,insufficient_history,,,False,False,False,,71.8,"Rookie-score fallback (not a real outcome-trained prediction): pre-draft composite 60.8 (committee) sits at the 50th percentile of 58 real RB draft-class composites -- mapped to the 50th percentile of 157 real, validated veteran RB model_projection_points",,,
4219.0,Jeremy McNichols,RB,00-0033955,projected,3.6803927628112376,62.6,False,True,True,departed teammate (2025 vol=116); new teammate arrived (2025 vol=177 elsewhere),,,62.6,,
6918.0,Salvon Ahmed,RB,00-0036020,projected,4.987630595050841,84.8,False,False,True,new teammate arrived (2025 vol=271 elsewhere); new teammate arrived (2025 vol=199 elsewhere),,,84.8,,
11569.0,Jarquez Hunter,RB,00-0040692,insufficient_history,,,False,False,False,,60.4,"Rookie-score fallback (not a real outcome-trained prediction): pre-draft composite 57.3 (committee) sits at the 43th percentile of 58 real RB draft-class composites -- mapped to the 43th percentile of 157 real, validated veteran RB model_projection_points",,,
9227.0,Israel Abanikanda,RB,00-0038389,projected,3.666749953383306,62.3,False,False,True,new teammate arrived (2025 vol=303 elsewhere),,,62.3,,
8129.0,Dameon Pierce,RB,00-0037258,projected,2.3785317659297105,40.4,True,True,False,departed teammate (2025 vol=188); departed teammate (2025 vol=144),,,40.4,,
13347.0,Demond Claiborne,RB,00-0041104,insufficient_history,,,False,False,False,,25.1,"Rookie-score fallback (not a real outcome-trained prediction): pre-draft composite 46.9 (committee) sits at the 9th percentile of 58 real RB draft-class composites -- mapped to the 9th percentile of 157 real, validated veteran RB model_projection_points",,,
12515.0,Donovan Edwards,RB,00-0040400,insufficient_history,,,False,False,False,,,,,,
11186.0,Carlos Washington,RB,00-0038930,insufficient_history,,,False,False,False,,,,,,
11577.0,Will Shipley,RB,00-0039746,projected,1.9552395910524576,33.2,False,False,False,,,,33.2,,
13424.0,Seth McGowan,RB,00-0041125,insufficient_history,,,False,False,False,,182.3,"Rookie-score fallback (not a real outcome-trained prediction): pre-draft composite 71.8 (bellcow) sits at the 90th percentile of 58 real RB draft-class composites -- mapped to the 90th percentile of 157 real, validated veteran RB model_projection_points",,,
13405.0,Kaytron Allen,RB,00-0041096,insufficient_history,,,False,False,False,,35.3,"Rookie-score fallback (not a real outcome-trained prediction): pre-draft composite 51.5 (committee) sits at the 22th percentile of 58 real RB draft-class composites -- mapped to the 22th percentile of 157 real, validated veteran RB model_projection_points",,,
12543.0,Tahj Brooks,RB,00-0040208,projected,1.881365259271019,32.0,False,False,False,,,,32.0,,
12476.0,Devin Neal,RB,00-0040202,projected,5.152027465891406,87.6,False,False,True,new teammate arrived (2025 vol=312 elsewhere),,,40.7,-53.5,"Companion entry to Kamara's (00-0033906)/Etienne's (00-0036973) corrections, same 420-touch NO pool. Real, current reporting names Neal as next up on the depth chart behind Etienne with Kamara out, expected to 'see [his] role expand considerably early in the season' -- but Neal has his own real hamstring injury (back at practice as of the report, not a season-long concern, but a real tempering factor on how much he can absorb immediately). Real 2025 rookie rate: 76 touches (9 games, also injury-limited) -> 51.5 pts, 0.678/touch. 60 touches x 0.678 = 40.7. Raw model output 87.6 -> 40.7 = -53.5%. (verified 2026-08-20)"
6130.0,Devin Singletary,RB,00-0035250,projected,5.995432232692843,101.9,False,False,False,,,,45.5,-55.3,"Companion entry to Skattebo's (00-0040715) correction, same 450-touch NYG pool. Real RB3 on the depth chart behind the Skattebo/Tracy co-starter pairing. Real 2025 rate: 17 games, 138 touches -> 99.8 pts, 0.723/touch. 14% share: 63 x 0.723 = 45.5. Raw model output 101.9 -> 45.5 = -55.3%. No Book pricing exists for him -- built entirely from his own real rate and depth-chart position. (verified 2026-08-20)"
13288.0,Nicholas Singleton,RB,00-0040886,insufficient_history,,,False,False,False,,21.9,"Rookie-score fallback (not a real outcome-trained prediction): pre-draft composite 45.4 (committee) sits at the 3th percentile of 58 real RB draft-class composites -- mapped to the 3th percentile of 157 real, validated veteran RB model_projection_points",,,
8143.0,Jerome Ford,RB,00-0037267,projected,4.049783594379782,68.8,True,False,True,new teammate arrived (2025 vol=177 elsewhere),,,68.8,,
8208.0,Tyler Badie,RB,00-0037085,projected,2.715337596018779,46.2,False,False,False,,,,46.2,,
11651.0,Isaac Guerendo,RB,00-0039363,projected,2.1186413887031583,36.0,False,True,False,departed teammate (2025 vol=104),,,36.0,,
12531.0,Trevor Etienne,RB,00-0040644,projected,1.6529079701376903,28.1,False,True,False,departed teammate (2025 vol=286),,,28.1,,
6323.0,Andrew Beck,RB,00-0034959,projected,1.774394440739377,30.2,False,False,True,new teammate arrived (2025 vol=291 elsewhere),,,30.2,,
9757.0,Kendre Miller,RB,00-0038551,projected,4.26486874403685,72.5,False,False,True,new teammate arrived (2025 vol=312 elsewhere),,,72.5,,
7204.0,Reggie Gilliam,RB,00-0036187,insufficient_history,,,False,False,False,,,,,,
12504.0,Kaleb Johnson,RB,00-0040142,projected,2.111472276733626,35.9,False,True,True,departed teammate (2025 vol=199); new teammate arrived (2025 vol=286 elsewhere),,,35.9,,
12171.0,British Brooks,RB,00-0039603,projected,1.8101947302632029,30.8,False,True,True,departed teammate (2025 vol=142); new teammate arrived (2025 vol=187 elsewhere),,,30.8,,
6931.0,DeeJay Dallas,RB,00-0036425,projected,1.5607163646403732,26.5,False,True,True,departed teammate (2025 vol=312); new teammate arrived (2025 vol=116 elsewhere),,,26.5,,
7720.0,Kene Nwangwu,RB,00-0036842,projected,1.7342697858203977,29.5,False,False,False,,,,29.5,,
,Bam Knight,RB,00-0037157,projected,5.979422923790971,101.7,False,True,True,departed teammate (2025 vol=137); new teammate arrived (2025 vol=159 elsewhere),,,101.7,,
11589.0,Trey Benson,RB,00-0039921,projected,5.590156589878123,95.0,False,True,True,departed teammate (2025 vol=137); new teammate arrived (2025 vol=159 elsewhere),,,95.0,,
11237.0,Jacob Saylors,RB,00-0038896,projected,1.4568990048260064,24.8,False,True,True,departed teammate (2025 vol=187); new teammate arrived (2025 vol=144 elsewhere),,,24.8,,
11299.0,Zavier Scott,RB,00-0038440,projected,3.003593171949622,51.1,False,False,False,,,,51.1,,
11570.0,Rasheen Ali,RB,00-0039796,projected,1.8438483461165145,31.3,False,False,False,,,,31.3,,
11574.0,Dylan Laube,RB,00-0039407,projected,0.916483095462162,15.6,False,False,False,,,,15.6,,
11963.0,Chris Collier,RB,00-0039244,projected,1.5710752117871063,26.7,False,False,True,new teammate arrived (2025 vol=339 elsewhere),,,26.7,,
12787.0,Josh Williams,RB,00-0040429,projected,1.4982181784033124,25.5,False,True,True,departed teammate (2025 vol=177); new teammate arrived (2025 vol=199 elsewhere),,,25.5,,
,Kenneth Gainwell,RB,00-0036919,projected,7.906392318877647,134.4,True,False,False,,,,136.6,1.6,"Superseded 2026-08-19 (third pass) -- rebuilt from his real career-spanning rate, not his 2025 spike alone. Real FA signing w/ TB (2yr/$14M) after a real career-best 2025 at PIT (73 catches/85 targets/486 rec yards, 5 rushing TDs on 114 carries -> 0.929 half-PPR/touch). But his full real career is volatile, not steadily ascending -- 2022 (rookie) 0.932, 2023 0.681, 2024 0.563, 2025 0.929. The 2025 rate is close to his rookie-year rate on a much larger sample, not a new sustained talent level; the two intervening seasons were real and meaningfully weaker. 4-season simple average: (0.932+0.681+0.563+0.929)/4 = 0.776 half-PPR/touch. 44% share of the 400-touch pool = 176 touches x 0.776 = 136.6. Raw model output 134.4 -> 136.6 = +1.6% -- a large reduction from the prior 2025-only-based +21.7%, since the career average reveals real, meaningful volatility his best season alone obscured. (verified 2026-08-19)"
7809.0,Avery Williams,RB,00-0036950,projected,1.245380960888029,21.2,True,False,False,,,,21.2,,
8153.0,Isaiah Spiller,RB,,no_crosswalk_match,,,False,False,False,,,,,,
7528.0,Najee Harris,RB,00-0036893,projected,4.607196729026326,78.3,True,False,False,,,,29.3,-62.6,"Companion entry to Skattebo's (00-0040715) correction, same 450-touch NYG pool. Real free-agent signing 2026-08-18 (one-year deal) -- BOTH upstream sources missed it (master_players.csv still had LAC, roster_2026.csv omits him entirely), fixed via CURRENT_TEAM_OVERRIDES so his team-context features use NYG, not LAC. Real context strongly tempers the signing: he is coming off a TORN ACHILLES (2025 LAC season ended after 3 games, 18 total touches), was signed explicitly as depth ('Giants Sign Najee Harris to Add Depth', 'a lot to prove' per ESPN), and sits RB4 behind Skattebo, Tracy (00-0039384), AND Singletary (00-0035250). His 2025 rate (0.561 on 18 touches) is too thin to use; a ~0.65 proxy is applied instead, disclosed as lower-confidence -- his real pre-injury pedigree (four straight 1,000-yard seasons) argues against going lower. 10% share: 45 x 0.65 = 29.3. Raw model output 78.3 -> 29.3 = -62.6%. No Book pricing exists for him at all. (verified 2026-08-20)"
4985.0,Rashaad Penny,RB,,no_crosswalk_match,,,False,False,False,,,,,,
8809.0,Aaron Shampklin,RB,,no_crosswalk_match,,,False,False,False,,,,,,
5987.0,Alexander Mattison,RB,,no_crosswalk_match,,,False,False,False,,,,,,
2359.0,Ameer Abdullah,RB,00-0032104,projected,3.312284085220374,56.3,True,False,True,new teammate arrived (2025 vol=116 elsewhere),,,56.3,,
12939.0,Anthony Tyus,RB,00-0040394,insufficient_history,,,False,False,False,,,,,,
6945.0,Antonio Gibson,RB,00-0036328,projected,4.378254819352578,74.4,True,False,False,,,,74.4,,
11579.0,Audric Estime,RB,,no_crosswalk_match,,,False,False,False,,,,,,
4663.0,Austin Ekeler,RB,00-0033699,projected,5.454907498134176,92.7,True,True,False,departed teammate (2025 vol=116),,,92.7,,
6156.0,Benny Snell,RB,,no_crosswalk_match,,,False,False,False,,,,,,
4187.0,Brian Hill,RB,,no_crosswalk_match,,,False,False,False,,,,,,
8246.0,Bryant Koback,RB,,no_crosswalk_match,,,False,False,False,,,,,,
13277.0,CJ Donaldson,RB,00-0041326,insufficient_history,,,False,False,False,,,,,,
4111.0,D'Onta Foreman,RB,,no_crosswalk_match,,,False,False,False,,,,,,
5890.0,Damien Harris,RB,,no_crosswalk_match,,,False,False,False,,,,,,
12462.0,Damien Martinez,RB,00-0040651,insufficient_history,,,False,False,False,,24.3,"Rookie-score fallback (not a real outcome-trained prediction): pre-draft composite 46.3 (committee) sits at the 7th percentile of 58 real RB draft-class composites -- mapped to the 7th percentile of 157 real, validated veteran RB model_projection_points",,,
4718.0,Dare Ogunbowale,RB,00-0033854,projected,1.886309902633041,32.1,True,True,False,departed teammate (2025 vol=142),,,32.1,,
10870.0,Deneric Prince,RB,,no_crosswalk_match,,,False,False,False,,,,,,
3391.0,Dwayne Washington,RB,,no_crosswalk_match,,,False,False,False,,,,,,
10223.0,Eric Gray,RB,00-0038396,projected,1.2857961301038587,21.9,False,False,False,,,,21.9,,
7529.0,Gary Brightwell,RB,00-0036569,projected,1.5646051074123026,26.6,False,False,False,,,,26.6,,
13348.0,J'Mari Taylor,RB,00-0041217,insufficient_history,,,False,False,False,,,,,,
12479.0,Ja'Quinden Jackson,RB,,no_crosswalk_match,,,False,False,False,,,,,,
6996.0,JaMycal Hasty,RB,,no_crosswalk_match,,,False,False,False,,,,,,
11439.0,Jaleel McLaughlin,RB,00-0038794,projected,4.244469989110727,72.2,False,False,False,,,,72.2,,
12953.0,Jalen White,RB,,no_crosswalk_match,,,False,False,False,,,,,,
13419.0,Jaydn Ott,RB,00-0040959,insufficient_history,,,False,False,False,,,,,,
7599.0,Jermar Jefferson,RB,,no_crosswalk_match,,,False,False,False,,,,,,
4018.0,Joe Mixon,RB,,no_crosswalk_match,,,False,False,False,,,,,,
7087.0,Jonathan Ward,RB,,no_crosswalk_match,,,False,False,False,,,,,,
11378.0,Jordan Mims,RB,00-0038678,projected,1.1581066124200623,19.7,True,False,False,,,,19.7,,
8254.0,Julius Chestnut,RB,00-0037594,projected,1.2965718285538164,22.0,False,False,True,new teammate arrived (2025 vol=137 elsewhere),,,22.0,,
12516.0,Kalel Mullings,RB,00-0040205,projected,1.088414780238808,18.5,False,False,True,new teammate arrived (2025 vol=137 elsewhere),,,18.5,,
4994.0,Kalen Ballage,RB,,no_crosswalk_match,,,False,False,False,,,,,,
4098.0,Kareem Hunt,RB,00-0033923,projected,8.010538890617443,136.2,True,True,False,departed teammate (2025 vol=144),,,136.2,,
11649.0,Kendall Milton,RB,00-0039266,projected,1.566921884594622,26.6,False,False,False,,,,26.6,,
10216.0,Kenny McIntosh,RB,00-0038636,projected,3.062683964714155,52.1,False,False,False,,,,52.1,,
7608.0,Khalil Herbert,RB,00-0036906,projected,2.8641999898178714,48.7,True,False,False,,,,48.7,,
12969.0,Lan Larison,RB,00-0040568,insufficient_history,,,False,False,False,,,,,,
13300.0,Le'Veon Moss,RB,00-0041161,insufficient_history,,,False,False,False,,,,,,
4152.0,Marlon Mack,RB,,no_crosswalk_match,,,False,False,False,,,,,,
4455.0,Matt Breida,RB,,no_crosswalk_match,,,False,False,False,,,,,,
7607.0,Michael Carter,RB,00-0036924,projected,5.967410820043756,101.4,True,False,False,,,,101.4,,
6151.0,Miles Sanders,RB,00-0035243,projected,4.821334904216861,82.0,True,False,False,,,,82.0,,
12868.0,Montrell Johnson,RB,,no_crosswalk_match,,,False,False,False,,,,,,
12897.0,Nathan Carter,RB,,no_crosswalk_match,,,False,False,False,,,,,,
4988.0,Nick Chubb,RB,00-0034791,projected,6.301815279927135,107.1,True,False,False,,,,107.1,,
13437.0,Noah Whittington,RB,00-0041312,insufficient_history,,,False,False,False,,,,,,
8116.0,Pierre Strong,RB,00-0038098,projected,3.3669191727308534,57.2,False,False,True,new teammate arrived (2025 vol=278 elsewhere),,,57.2,,
8255.0,Raheem Blackshear,RB,,no_crosswalk_match,,,False,False,False,,,,,,
12472.0,Raheim Sanders,RB,00-0040466,projected,3.843028128716522,65.3,False,False,False,,,,65.3,,
13416.0,Roman Hemby,RB,00-0040998,insufficient_history,,,False,False,False,,,,,,
5052.0,Ronald Jones,RB,,no_crosswalk_match,,,False,False,False,,,,,,
11729.0,Sione Vaki,RB,00-0039364,projected,1.508225392613323,25.6,False,True,True,departed teammate (2025 vol=187); new teammate arrived (2025 vol=144 elsewhere),,,25.6,,
1517.0,Theo Riddick,RB,,no_crosswalk_match,,,False,False,False,,,,,,
6144.0,Trayveon Williams,RB,00-0035291,projected,2.341053278072962,39.8,True,False,False,,,,39.8,,
12940.0,Tre Stewart,RB,,no_crosswalk_match,,,False,False,False,,,,,,
7593.0,Trey Sermon,RB,00-0036984,projected,1.7491686220755187,29.7,True,True,False,departed teammate (2025 vol=199),,,29.7,,
8207.0,Tyler Goodson,RB,00-0037120,projected,1.8713846514132289,31.8,True,False,True,new teammate arrived (2025 vol=104 elsewhere),,,31.8,,
4150.0,Wayne Gallman,RB,,no_crosswalk_match,,,False,False,False,,,,,,
11548.0,Aaron Dykes,RB,,no_crosswalk_match,,,False,False,False,,,,,,
3471.0,Aaron Green,RB,,no_crosswalk_match,,,False,False,False,,,,,,
7512.0,Aaron Smith,RB,,no_crosswalk_match,,,False,False,False,,,,,,
2698.0,Abou Toure,RB,,no_crosswalk_match,,,False,False,False,,,,,,
8190.0,Abram Smith,RB,,no_crosswalk_match,,,False,False,False,,,,,,
6187.0,Aca'Cedric Ware,RB,,no_crosswalk_match,,,False,False,False,,,,,,
6491.0,Adam Choice,RB,,no_crosswalk_match,,,False,False,False,,,,,,
7093.0,Adrian Killins,RB,,no_crosswalk_match,,,False,False,False,,,,,,
184.0,Adrian Peterson,RB,,no_crosswalk_match,,,False,False,False,,,,,,
78.0,Ahmad Bradshaw,RB,,no_crosswalk_match,,,False,False,False,,,,,,
12797.0,Ahmani Marshall,RB,00-0040260,insufficient_history,,,False,False,False,,,,,,
12080.0,Aidan Robbins,RB,,no_crosswalk_match,,,False,False,False,,,,,,
7074.0,A.J. Hines,RB,,no_crosswalk_match,,,False,False,False,,,,,,
6664.0,A.J. Ouellette,RB,,no_crosswalk_match,,,False,False,False,,,,,,
7918.0,A.J. Rose,RB,,no_crosswalk_match,,,False,False,False,,,,,,
2731.0,Akeem Hunt,RB,,no_crosswalk_match,,,False,False,False,,,,,,
4707.0,Akeem Judd,RB,,no_crosswalk_match,,,False,False,False,,,,,,
5195.0,Akrum Wadley,RB,,no_crosswalk_match,,,False,False,False,,,,,,
13779.0,Al-Jay Henderson,RB,,no_crosswalk_match,,,False,False,False,,,,,,
6031.0,Alex Barnes,RB,,no_crosswalk_match,,,False,False,False,,,,,,
3327.0,Alex Collins,RB,,no_crosswalk_match,,,False,False,False,,,,,,
11472.0,Alfonzo Graham,RB,,no_crosswalk_match,,,False,False,False,,,,,,
1944.0,Alfred Blue,RB,,no_crosswalk_match,,,False,False,False,,,,,,
1170.0,Alfred Morris,RB,,no_crosswalk_match,,,False,False,False,,,,,,
2766.0,Alonzo Harris,RB,,no_crosswalk_match,,,False,False,False,,,,,,
3811.0,Alstevis Squirewell,RB,,no_crosswalk_match,,,False,False,False,,,,,,
12928.0,Amar Johnson,RB,00-0040039,projected,1.619408900707327,27.5,False,False,False,,,,27.5,,
14041.0,Anderson Castle,RB,00-0041486,insufficient_history,,,False,False,False,,,,,,
1575.0,Andre Ellington,RB,,no_crosswalk_match,,,False,False,False,,,,,,
2088.0,Andre Williams,RB,,no_crosswalk_match,,,False,False,False,,,,,,
727.0,Anthony Dixon,RB,,no_crosswalk_match,,,False,False,False,,,,,,
12350.0,Anthony Grant,RB,,no_crosswalk_match,,,False,False,False,,,,,,
13328.0,Anthony Hankerson,RB,00-0041157,insufficient_history,,,False,False,False,,,,,,
7424.0,Anthony Jones,RB,,no_crosswalk_match,,,False,False,False,,,,,,
6878.0,Anthony McFarland,RB,,no_crosswalk_match,,,False,False,False,,,,,,
973.0,Anthony Sherman,RB,,no_crosswalk_match,,,False,False,False,,,,,,
609.0,Antone Smith,RB,,no_crosswalk_match,,,False,False,False,,,,,,
1928.0,Antonio Andrews,RB,,no_crosswalk_match,,,False,False,False,,,,,,
669.0,Arian Foster,RB,,no_crosswalk_match,,,False,False,False,,,,,,
7227.0,Artavis Pierce,RB,,no_crosswalk_match,,,False,False,False,,,,,,
11947.0,Austin Jones,RB,,no_crosswalk_match,,,False,False,False,,,,,,
6553.0,Austin Walter,RB,,no_crosswalk_match,,,False,False,False,,,,,,
2065.0,Ben Malena,RB,,no_crosswalk_match,,,False,False,False,,,,,,
1004.0,Ben Tate,RB,,no_crosswalk_match,,,False,False,False,,,,,,
5820.0,BenJarvus Green-Ellis,RB,,no_crosswalk_match,,,False,False,False,,,,,,
1564.0,Benny Cunningham,RB,,no_crosswalk_match,,,False,False,False,,,,,,
7048.0,Benny LeMay,RB,,no_crosswalk_match,,,False,False,False,,,,,,
1263.0,Bernard Pierce,RB,,no_crosswalk_match,,,False,False,False,,,,,,
818.0,Bilal Powell,RB,,no_crosswalk_match,,,False,False,False,,,,,,
1937.0,Bishop Sankey,RB,,no_crosswalk_match,,,False,False,False,,,,,,
8240.0,BJ Baylor,RB,,no_crosswalk_match,,,False,False,False,,,,,,
7951.0,B.J. Emmons,RB,,no_crosswalk_match,,,False,False,False,,,,,,
2712.0,Blake Renaud,RB,,no_crosswalk_match,,,False,False,False,,,,,,
11568.0,Blake Watson,RB,,no_crosswalk_match,,,False,False,False,,,,,,
5112.0,Bo Scarbrough,RB,,no_crosswalk_match,,,False,False,False,,,,,,
1059.0,Bobby Rainey,RB,,no_crosswalk_match,,,False,False,False,,,,,,
3027.0,Boobie Dixon,RB,,no_crosswalk_match,,,False,False,False,,,,,,
5122.0,Boston Scott,RB,,no_crosswalk_match,,,False,False,False,,,,,,
2050.0,Branden Oliver,RB,,no_crosswalk_match,,,False,False,False,,,,,,
1034.0,Brandon Bolden,RB,,no_crosswalk_match,,,False,False,False,,,,,,
3816.0,Brandon Brown-Dukes,RB,,no_crosswalk_match,,,False,False,False,,,,,,
3810.0,Brandon Burks,RB,,no_crosswalk_match,,,False,False,False,,,,,,
2948.0,Brandon Cottom,RB,,no_crosswalk_match,,,False,False,False,,,,,,
82.0,Brandon Jacobs,RB,,no_crosswalk_match,,,False,False,False,,,,,,
4806.0,Brandon Radcliff,RB,,no_crosswalk_match,,,False,False,False,,,,,,
3570.0,Brandon Ross,RB,,no_crosswalk_match,,,False,False,False,,,,,,
2594.0,Brandon Wegher,RB,,no_crosswalk_match,,,False,False,False,,,,,,
3573.0,Brandon Wilds,RB,,no_crosswalk_match,,,False,False,False,,,,,,
2768.0,Braylon Heard,RB,,no_crosswalk_match,,,False,False,False,,,,,,
7858.0,Brenden Knox,RB,,no_crosswalk_match,,,False,False,False,,,,,,
7001.0,Brian Herrien,RB,,no_crosswalk_match,,,False,False,False,,,,,,
355.0,Brian Leonard,RB,,no_crosswalk_match,,,False,False,False,,,,,,
8423.0,Brittain Brown,RB,00-0037329,projected,4.273707616484103,72.7,False,False,False,,,,72.7,,
2599.0,Bronson Hill,RB,,no_crosswalk_match,,,False,False,False,,,,,,
7190.0,Bronson Rechsteiner,RB,,no_crosswalk_match,,,False,False,False,,,,,,
6072.0,Bruce Anderson,RB,,no_crosswalk_match,,,False,False,False,,,,,,
1026.0,Bryce Brown,RB,,no_crosswalk_match,,,False,False,False,,,,,,
5889.0,Bryce Love,RB,,no_crosswalk_match,,,False,False,False,,,,,,
5271.0,Buddy Howell,RB,,no_crosswalk_match,,,False,False,False,,,,,,
3491.0,Byron Marshall,RB,,no_crosswalk_match,,,False,False,False,,,,,,
7741.0,Caleb Huntley,RB,,no_crosswalk_match,,,False,False,False,,,,,,
11229.0,Calvin Tyler,RB,,no_crosswalk_match,,,False,False,False,,,,,,
6938.0,Cam Akers,RB,00-0036414,projected,3.039550046904122,51.7,True,True,False,departed teammate (2025 vol=257),,,51.7,,
2477.0,Cameron Artis-Payne,RB,,no_crosswalk_match,,,False,False,False,,,,,,
1650.0,Cameron Marshall,RB,,no_crosswalk_match,,,False,False,False,,,,,,
7435.0,Cameron Scarlett,RB,,no_crosswalk_match,,,False,False,False,,,,,,
10211.0,Camerun Peoples,RB,,no_crosswalk_match,,,False,False,False,,,,,,
2257.0,Carlos Hyde,RB,,no_crosswalk_match,,,False,False,False,,,,,,
11582.0,Carson Steele,RB,00-0039325,projected,2.731644149939724,46.4,False,False,True,new teammate arrived (2025 vol=330 elsewhere),,,15.0,-67.7,"Real, structural fact (not camp noise): confirmed via four independent team-affiliated depth charts (RotoWire/Ourlads/ESPN/PhillyVoice) that he's now listed at FULLBACK, not a featured RB -- a real position-designation change, not a vibes-based camp read. Raw model output 46.4 -> 15.0 = -67.7%. (verified 2026-08-21)"
13595.0,Cash Jones,RB,00-0041191,insufficient_history,,,False,False,False,,,,,,
6738.0,Cedric Benson,RB,,no_crosswalk_match,,,False,False,False,,,,,,
3780.0,Cedric O'Neal,RB,,no_crosswalk_match,,,False,False,False,,,,,,
659.0,Cedric Peerman,RB,,no_crosswalk_match,,,False,False,False,,,,,,
2024.0,Charcandrick West,RB,,no_crosswalk_match,,,False,False,False,,,,,,
11102.0,Charles McClelland,RB,,no_crosswalk_match,,,False,False,False,,,,,,
2223.0,Charles Sims,RB,,no_crosswalk_match,,,False,False,False,,,,,,
5000.0,Chase Edmonds,RB,00-0034681,projected,1.4326917214869068,24.4,True,True,False,departed teammate (2025 vol=116),,,24.4,,
3940.0,Chase Price,RB,,no_crosswalk_match,,,False,False,False,,,,,,
1704.0,Chase Reynolds,RB,,no_crosswalk_match,,,False,False,False,,,,,,
4273.0,Chris Carson,RB,,no_crosswalk_match,,,False,False,False,,,,,,
7794.0,Chris Evans,RB,,no_crosswalk_match,,,False,False,False,,,,,,
717.0,Chris Ivory,RB,,no_crosswalk_match,,,False,False,False,,,,,,
272.0,Chris Johnson,RB,,no_crosswalk_match,,,False,False,False,,,,,,
454.0,Chris Ogbonnaya,RB,,no_crosswalk_match,,,False,False,False,,,,,,
1033.0,Chris Polk,RB,,no_crosswalk_match,,,False,False,False,,,,,,
11249.0,Chris Smith,RB,,no_crosswalk_match,,,False,False,False,,,,,,
1502.0,Chris Thompson,RB,,no_crosswalk_match,,,False,False,False,,,,,,
5587.0,Chris Warren,RB,,no_crosswalk_match,,,False,False,False,,,,,,
3556.0,Christian Powell,RB,,no_crosswalk_match,,,False,False,False,,,,,,
6196.0,Christian Wade,RB,,no_crosswalk_match,,,False,False,False,,,,,,
1596.0,Christine Michael,RB,,no_crosswalk_match,,,False,False,False,,,,,,
5462.0,Christopher Ezeala,RB,,no_crosswalk_match,,,False,False,False,,,,,,
1682.0,Cierre Wood,RB,,no_crosswalk_match,,,False,False,False,,,,,,
1451.0,C.J. Anderson,RB,,no_crosswalk_match,,,False,False,False,,,,,,
7549.0,CJ Marable,RB,,no_crosswalk_match,,,False,False,False,,,,,,
3204.0,C.J. Prosise,RB,,no_crosswalk_match,,,False,False,False,,,,,,
507.0,C.J. Spiller,RB,,no_crosswalk_match,,,False,False,False,,,,,,
8187.0,CJ Verdell,RB,,no_crosswalk_match,,,False,False,False,,,,,,
6820.0,Clyde Edwards-Helaire,RB,00-0036360,projected,2.739905963219208,46.6,True,True,False,departed teammate (2025 vol=188); departed teammate (2025 vol=144),,,46.6,,
11644.0,Cody Schrader,RB,00-0039703,projected,2.9032819292623246,49.4,False,False,True,new teammate arrived (2025 vol=167 elsewhere); new teammate arrived (2025 vol=204 elsewhere),,,49.4,,
13844.0,Coleman Bennett,RB,00-0041165,insufficient_history,,,False,False,False,,,,,,
2923.0,Connor Neighbors,RB,,no_crosswalk_match,,,False,False,False,,,,,,
7464.0,Connor Slomka,RB,,no_crosswalk_match,,,False,False,False,,,,,,
1535.0,Cordarrelle Patterson,RB,,no_crosswalk_match,,,False,False,False,,,,,,
4651.0,Corey Clement,RB,,no_crosswalk_match,,,False,False,False,,,,,,
2729.0,Corey Grant,RB,,no_crosswalk_match,,,False,False,False,,,,,,
12491.0,Corey Kiner,RB,00-0040556,projected,2.771544866680677,47.1,False,True,True,departed teammate (2025 vol=137); new teammate arrived (2025 vol=159 elsewhere),,,47.1,,
2933.0,Corey Knox,RB,,no_crosswalk_match,,,False,False,False,,,,,,
8092.0,Corey Taylor,RB,,no_crosswalk_match,,,False,False,False,,,,,,
6659.0,Craig Reynolds,RB,00-0035567,projected,1.740183135212216,29.6,True,True,False,departed teammate (2025 vol=187),,,29.6,,
6293.0,Cullen Gillaspia,RB,,no_crosswalk_match,,,False,False,False,,,,,,
1130.0,Cyrus Gray,RB,,no_crosswalk_match,,,False,False,False,,,,,,
11857.0,Daijun Edwards,RB,,no_crosswalk_match,,,False,False,False,,,,,,
4322.0,Dalton Crossan,RB,,no_crosswalk_match,,,False,False,False,,,,,,
4029.0,Dalvin Cook,RB,,no_crosswalk_match,,,False,False,False,,,,,,
5619.0,Dalyn Dawkins,RB,,no_crosswalk_match,,,False,False,False,,,,,,
6334.0,Damarea Crockett,RB,,no_crosswalk_match,,,False,False,False,,,,,,
1833.0,Damien Williams,RB,,no_crosswalk_match,,,False,False,False,,,,,,
13949.0,Damon Bankston,RB,00-0041139,insufficient_history,,,False,False,False,,,,,,
1307.0,Dan Herron,RB,,no_crosswalk_match,,,False,False,False,,,,,,
3392.0,Daniel Lasco,RB,,no_crosswalk_match,,,False,False,False,,,,,,
806.0,Daniel Thomas,RB,,no_crosswalk_match,,,False,False,False,,,,,,
735.0,Danny Woodhead,RB,,no_crosswalk_match,,,False,False,False,,,,,,
11654.0,Dante Miller,RB,00-0039230,projected,1.7899435037498566,30.4,False,False,True,new teammate arrived (2025 vol=138 elsewhere); new teammate arrived (2025 vol=224 elsewhere); new teammate arrived (2025 vol=133 elsewhere),,,30.4,,
7038.0,Darius Anderson,RB,,no_crosswalk_match,,,False,False,False,,,,,,
7316.0,Darius Bradwell,RB,,no_crosswalk_match,,,False,False,False,,,,,,
7614.0,Darius Clark,RB,,no_crosswalk_match,,,False,False,False,,,,,,
11283.0,Darius Hagans,RB,,no_crosswalk_match,,,False,False,False,,,,,,
3371.0,Darius Jackson,RB,,no_crosswalk_match,,,False,False,False,,,,,,
4791.0,Darius Victor,RB,,no_crosswalk_match,,,False,False,False,,,,,,
6259.0,Darnell Holland,RB,,no_crosswalk_match,,,False,False,False,,,,,,
5549.0,Darrel Williams,RB,,no_crosswalk_match,,,False,False,False,,,,,,
5916.0,Darrell Henderson,RB,,no_crosswalk_match,,,False,False,False,,,,,,
326.0,Darren McFadden,RB,,no_crosswalk_match,,,False,False,False,,,,,,
246.0,Darren Sproles,RB,,no_crosswalk_match,,,False,False,False,,,,,,
6448.0,Darrin Hall,RB,,no_crosswalk_match,,,False,False,False,,,,,,
2193.0,Darrin Reaves,RB,,no_crosswalk_match,,,False,False,False,,,,,,
4835.0,Darrius Sims,RB,,no_crosswalk_match,,,False,False,False,,,,,,
7064.0,Darrynton Evans,RB,,no_crosswalk_match,,,False,False,False,,,,,,
6178.0,Darwin Thompson,RB,,no_crosswalk_match,,,False,False,False,,,,,,
1265.0,Daryl Richardson,RB,,no_crosswalk_match,,,False,False,False,,,,,,
4917.0,Daryl Virgies,RB,,no_crosswalk_match,,,False,False,False,,,,,,
2441.0,David Cobb,RB,,no_crosswalk_match,,,False,False,False,,,,,,
1794.0,David Fluellen,RB,,no_crosswalk_match,,,False,False,False,,,,,,
2391.0,David Johnson,RB,,no_crosswalk_match,,,False,False,False,,,,,,
5115.0,David Williams,RB,,no_crosswalk_match,,,False,False,False,,,,,,
13339.0,Davon Booth,RB,00-0041277,insufficient_history,,,False,False,False,,,,,,
13438.0,DeaMonte Trayanum,RB,,no_crosswalk_match,,,False,False,False,,,,,,
13315.0,Dean Connors,RB,00-0041415,insufficient_history,,,False,False,False,,,,,,
8243.0,DeAndre Torrey,RB,,no_crosswalk_match,,,False,False,False,,,,,,
3300.0,DeAndre Washington,RB,,no_crosswalk_match,,,False,False,False,,,,,,
4239.0,De'Angelo Henderson,RB,,no_crosswalk_match,,,False,False,False,,,,,,
306.0,DeAngelo Williams,RB,,no_crosswalk_match,,,False,False,False,,,,,,
4777.0,De'Chavon Hayes,RB,,no_crosswalk_match,,,False,False,False,,,,,,
7893.0,Dedrick Mills,RB,,no_crosswalk_match,,,False,False,False,,,,,,
13080.0,Deion Hankins,RB,,no_crosswalk_match,,,False,False,False,,,,,,
5464.0,De'Lance Turner,RB,,no_crosswalk_match,,,False,False,False,,,,,,
904.0,DeMarco Murray,RB,,no_crosswalk_match,,,False,False,False,,,,,,
4774.0,De'Mard Llorens,RB,,no_crosswalk_match,,,False,False,False,,,,,,
5143.0,Demario Richard,RB,,no_crosswalk_match,,,False,False,False,,,,,,
7609.0,Demetric Felton,RB,,no_crosswalk_match,,,False,False,False,,,,,,
2293.0,Demitrius Bronson,RB,,no_crosswalk_match,,,False,False,False,,,,,,
8721.0,De'Montre Tuggle,RB,,no_crosswalk_match,,,False,False,False,,,,,,
1449.0,Denard Robinson,RB,,no_crosswalk_match,,,False,False,False,,,,,,
7551.0,Deon Jackson,RB,,no_crosswalk_match,,,False,False,False,,,,,,
6694.0,D'Ernest Johnson,RB,00-0035628,projected,1.992606807843984,33.9,True,False,False,,,,33.9,,
6753.0,Derrick Gore,RB,,no_crosswalk_match,,,False,False,False,,,,,,
4949.0,Derrius Guice,RB,,no_crosswalk_match,,,False,False,False,,,,,,
12121.0,Deshaun Fenwick,RB,,no_crosswalk_match,,,False,False,False,,,,,,
2632.0,Desmond Martin,RB,,no_crosswalk_match,,,False,False,False,,,,,,
13327.0,Desmond Reid,RB,00-0041273,insufficient_history,,,False,False,False,,,,,,
5266.0,Detrez Newsome,RB,,no_crosswalk_match,,,False,False,False,,,,,,
9505.0,Deuce Vaughn,RB,,no_crosswalk_match,,,False,False,False,,,,,,
4244.0,Devante Mays,RB,,no_crosswalk_match,,,False,False,False,,,,,,
4398.0,De'Veon Smith,RB,,no_crosswalk_match,,,False,False,False,,,,,,
6068.0,Devine Ozigbo,RB,,no_crosswalk_match,,,False,False,False,,,,,,
4519.0,Devine Redding,RB,,no_crosswalk_match,,,False,False,False,,,,,,
3412.0,Devon Johnson,RB,,no_crosswalk_match,,,False,False,False,,,,,,
2168.0,Devonta Freeman,RB,,no_crosswalk_match,,,False,False,False,,,,,,
3209.0,Devontae Booker,RB,,no_crosswalk_match,,,False,False,False,,,,,,
6539.0,Devontae Jackson,RB,,no_crosswalk_match,,,False,False,False,,,,,,
7236.0,Devwah Whaley,RB,,no_crosswalk_match,,,False,False,False,,,,,,
9512.0,DeWayne McBride,RB,,no_crosswalk_match,,,False,False,False,,,,,,
564.0,Dexter McCluster,RB,,no_crosswalk_match,,,False,False,False,,,,,,
6153.0,Dexter Williams,RB,,no_crosswalk_match,,,False,False,False,,,,,,
11580.0,Dillon Johnson,RB,,no_crosswalk_match,,,False,False,False,,,,,,
788.0,Dion Lewis,RB,,no_crosswalk_match,,,False,False,False,,,,,,
3488.0,D.J. Foster,RB,,no_crosswalk_match,,,False,False,False,,,,,,
13725.0,Dominic Richardson,RB,00-0040937,insufficient_history,,,False,False,False,,,,,,
2820.0,Dominique Brown,RB,,no_crosswalk_match,,,False,False,False,,,,,,
2165.0,Dominique Williams,RB,,no_crosswalk_match,,,False,False,False,,,,,,
3722.0,Don Jackson,RB,,no_crosswalk_match,,,False,False,False,,,,,,
377.0,Donald Brown,RB,,no_crosswalk_match,,,False,False,False,,,,,,
4178.0,Donnel Pumphrey,RB,,no_crosswalk_match,,,False,False,False,,,,,,
13852.0,Dontae McMillan,RB,00-0040984,insufficient_history,,,False,False,False,,,,,,
6592.0,Dontae Strickland,RB,,no_crosswalk_match,,,False,False,False,,,,,,
5536.0,Dontrell Hilliard,RB,,no_crosswalk_match,,,False,False,False,,,,,,
1195.0,Doug Martin,RB,,no_crosswalk_match,,,False,False,False,,,,,,
2652.0,Dreamius Smith,RB,,no_crosswalk_match,,,False,False,False,,,,,,
1914.0,Dri Archer,RB,,no_crosswalk_match,,,False,False,False,,,,,,
4909.0,Duce Staley,RB,,no_crosswalk_match,,,False,False,False,,,,,,
863.0,DuJuan Harris,RB,,no_crosswalk_match,,,False,False,False,,,,,,
2382.0,Duke Johnson,RB,,no_crosswalk_match,,,False,False,False,,,,,,
8184.0,D'Vonte Price,RB,,no_crosswalk_match,,,False,False,False,,,,,,
13284.0,Dylan Devezin,RB,,no_crosswalk_match,,,False,False,False,,,,,,
12283.0,Dylan McDuffie,RB,,no_crosswalk_match,,,False,False,False,,,,,,
1527.0,Eddie Lacy,RB,,no_crosswalk_match,,,False,False,False,,,,,,
1324.0,Edwin Baker,RB,,no_crosswalk_match,,,False,False,False,,,,,,
13778.0,EJ Smith,RB,00-0040964,insufficient_history,,,False,False,False,,,,,,
13423.0,Eli Heidenreich,RB,00-0041490,insufficient_history,,,False,False,False,,,,,,
12066.0,Elijah Collins,RB,,no_crosswalk_match,,,False,False,False,,,,,,
11114.0,Elijah Dotson,RB,,no_crosswalk_match,,,False,False,False,,,,,,
5919.0,Elijah Holyfield,RB,,no_crosswalk_match,,,False,False,False,,,,,,
4265.0,Elijah Hood,RB,,no_crosswalk_match,,,False,False,False,,,,,,
4263.0,Elijah McGuire,RB,,no_crosswalk_match,,,False,False,False,,,,,,
13909.0,Elijah Tau-Tolliver,RB,00-0040991,insufficient_history,,,False,False,False,,,,,,
12818.0,Elijah Young,RB,,no_crosswalk_match,,,False,False,False,,,,,,
3803.0,Elijhaa Penny,RB,,no_crosswalk_match,,,False,False,False,,,,,,
11483.0,Ellis Merriweather,RB,,no_crosswalk_match,,,False,False,False,,,,,,
11998.0,Emani Bailey,RB,,no_crosswalk_match,,,False,False,False,,,,,,
1316.0,Emil Igwenagu,RB,,no_crosswalk_match,,,False,False,False,,,,,,
6951.0,Eno Benjamin,RB,,no_crosswalk_match,,,False,False,False,,,,,,
5407.0,Ervin Philips,RB,,no_crosswalk_match,,,False,False,False,,,,,,
9220.0,Evan Hull,RB,00-0038397,projected,2.193582803552394,37.3,True,False,True,new teammate arrived (2025 vol=159 elsewhere),,,37.3,,
920.0,Evan Royster,RB,,no_crosswalk_match,,,False,False,False,,,,,,
3164.0,Ezekiel Elliott,RB,,no_crosswalk_match,,,False,False,False,,,,,,
291.0,Felix Jones,RB,,no_crosswalk_match,,,False,False,False,,,,,,
2282.0,Fitzgerald Toussaint,RB,,no_crosswalk_match,,,False,False,False,,,,,,
1709.0,Fozzy Whittaker,RB,,no_crosswalk_match,,,False,False,False,,,,,,
228.0,Fred Jackson,RB,,no_crosswalk_match,,,False,False,False,,,,,,
7990.0,Garrett Groshek,RB,,no_crosswalk_match,,,False,False,False,,,,,,
2026.0,George Atkinson,RB,,no_crosswalk_match,,,False,False,False,,,,,,
1681.0,George Winn,RB,,no_crosswalk_match,,,False,False,False,,,,,,
5791.0,Gerald Holmes,RB,,no_crosswalk_match,,,False,False,False,,,,,,
7539.0,Gerrid Doaks,RB,,no_crosswalk_match,,,False,False,False,,,,,,
1386.0,Giovani Bernard,RB,,no_crosswalk_match,,,False,False,False,,,,,,
4914.0,Glen Coffee,RB,,no_crosswalk_match,,,False,False,False,,,,,,
2297.0,Glenn Winston,RB,,no_crosswalk_match,,,False,False,False,,,,,,
5220.0,Godwin Igwebuike,RB,,no_crosswalk_match,,,False,False,False,,,,,,
8226.0,Greg Bell,RB,,no_crosswalk_match,,,False,False,False,,,,,,
133.0,Greg Jones,RB,,no_crosswalk_match,,,False,False,False,,,,,,
13603.0,Gregory Desrosiers,RB,00-0041376,insufficient_history,,,False,False,False,,,,,,
5248.0,Gus Edwards,RB,,no_crosswalk_match,,,False,False,False,,,,,,
2785.0,Gus Johnson,RB,,no_crosswalk_match,,,False,False,False,,,,,,
11270.0,Hassan Hall,RB,,no_crosswalk_match,,,False,False,False,,,,,,
8123.0,Hassan Haskins,RB,00-0037617,projected,2.1084972926874923,35.8,True,False,False,,,,35.8,,
13283.0,Hollywood Smothers,RB,,no_crosswalk_match,,,False,False,False,,,,,,
12036.0,Ian Wheeler,RB,,no_crosswalk_match,,,False,False,False,,,,,,
11431.0,Isaiah Bowser,RB,,no_crosswalk_match,,,False,False,False,,,,,,
1901.0,Isaiah Crowell,RB,,no_crosswalk_match,,,False,False,False,,,,,,
13773.0,Isaiah Jacobs,RB,,no_crosswalk_match,,,False,False,False,,,,,,
1206.0,Isaiah Pead,RB,,no_crosswalk_match,,,False,False,False,,,,,,
4630.0,I'Tavius Mathers,RB,,no_crosswalk_match,,,False,False,False,,,,,,
5004.0,Ito Smith,RB,,no_crosswalk_match,,,False,False,False,,,,,,
12356.0,Jabari Small,RB,00-0039652,insufficient_history,,,False,False,False,,,,,,
13047.0,Jacardia Wright,RB,00-0040067,projected,2.307468082256707,39.2,False,True,True,departed teammate (2025 vol=257); new teammate arrived (2025 vol=142 elsewhere),,,39.2,,
11900.0,Jacob Kibodi,RB,,no_crosswalk_match,,,False,False,False,,,,,,
6108.0,Jacques Patrick,RB,,no_crosswalk_match,,,False,False,False,,,,,,
949.0,Jacquizz Rodgers,RB,,no_crosswalk_match,,,False,False,False,,,,,,
13906.0,Jaden Nixon,RB,00-0040946,insufficient_history,,,False,False,False,,,,,,
12013.0,Jaden Shirden,RB,,no_crosswalk_match,,,False,False,False,,,,,,
4576.0,Jahad Thomas,RB,,no_crosswalk_match,,,False,False,False,,,,,,
592.0,Jahvid Best,RB,,no_crosswalk_match,,,False,False,False,,,,,,
2581.0,Jahwan Edwards,RB,,no_crosswalk_match,,,False,False,False,,,,,,
7771.0,Jake Funk,RB,,no_crosswalk_match,,,False,False,False,,,,,,
12218.0,Jalen Jackson,RB,,no_crosswalk_match,,,False,False,False,,,,,,
479.0,Jalen Parmele,RB,,no_crosswalk_match,,,False,False,False,,,,,,
3868.0,Jalen Richard,RB,,no_crosswalk_match,,,False,False,False,,,,,,
3859.0,Jalen Simmons,RB,,no_crosswalk_match,,,False,False,False,,,,,,
5961.0,Jalin Moore,RB,,no_crosswalk_match,,,False,False,False,,,,,,
323.0,Jamaal Charles,RB,,no_crosswalk_match,,,False,False,False,,,,,,
4149.0,Jamaal Williams,RB,,no_crosswalk_match,,,False,False,False,,,,,,
13946.0,Jamal Haynes,RB,00-0041244,insufficient_history,,,False,False,False,,,,,,
5785.0,James Butler,RB,,no_crosswalk_match,,,False,False,False,,,,,,
7336.0,James Gilbert,RB,,no_crosswalk_match,,,False,False,False,,,,,,
6955.0,James Robinson,RB,,no_crosswalk_match,,,False,False,False,,,,,,
762.0,James Starks,RB,,no_crosswalk_match,,,False,False,False,,,,,,
4533.0,James Summers,RB,,no_crosswalk_match,,,False,False,False,,,,,,
1848.0,James White,RB,,no_crosswalk_match,,,False,False,False,,,,,,
2283.0,James Wilder,RB,,no_crosswalk_match,,,False,False,False,,,,,,
6169.0,James Williams,RB,,no_crosswalk_match,,,False,False,False,,,,,,
5809.0,Ja'Quan Gardner,RB,,no_crosswalk_match,,,False,False,False,,,,,,
7863.0,JaQuan Hardy,RB,,no_crosswalk_match,,,False,False,False,,,,,,
7537.0,Jaret Patterson,RB,00-0036755,projected,3.9266534636116175,66.8,False,False,False,,,,66.8,,
2786.0,Jarryd Hayne,RB,,no_crosswalk_match,,,False,False,False,,,,,,
12150.0,Jarveon Howard,RB,,no_crosswalk_match,,,False,False,False,,,,,,
4372.0,Jarveon Williams,RB,,no_crosswalk_match,,,False,False,False,,,,,,
5278.0,Jarvion Franklin,RB,,no_crosswalk_match,,,False,False,False,,,,,,
11590.0,Jase McClellan,RB,,no_crosswalk_match,,,False,False,False,,,,,,
8194.0,Jashaun Corbin,RB,,no_crosswalk_match,,,False,False,False,,,,,,
7107.0,Jason Huntley,RB,,no_crosswalk_match,,,False,False,False,,,,,,
215.0,Jason Snelling,RB,,no_crosswalk_match,,,False,False,False,,,,,,
7563.0,Javian Hawkins,RB,,no_crosswalk_match,,,False,False,False,,,,,,
6966.0,Javon Leake,RB,,no_crosswalk_match,,,False,False,False,,,,,,
2430.0,Javorius Allen,RB,,no_crosswalk_match,,,False,False,False,,,,,,
2767.0,Jawon Chisholm,RB,,no_crosswalk_match,,,False,False,False,,,,,,
2452.0,Jay Ajayi,RB,,no_crosswalk_match,,,False,False,False,,,,,,
5107.0,Jaylen Samuels,RB,,no_crosswalk_match,,,False,False,False,,,,,,
3664.0,J.D. McKissic,RB,,no_crosswalk_match,,,False,False,False,,,,,,
5284.0,Jeff Wilson,RB,,no_crosswalk_match,,,False,False,False,,,,,,
6246.0,Jeremy Cox,RB,,no_crosswalk_match,,,False,False,False,,,,,,
1892.0,Jeremy Hill,RB,,no_crosswalk_match,,,False,False,False,,,,,,
2411.0,Jeremy Langford,RB,,no_crosswalk_match,,,False,False,False,,,,,,
1293.0,Jeremy Stewart,RB,,no_crosswalk_match,,,False,False,False,,,,,,
2161.0,Jerick McKinnon,RB,,no_crosswalk_match,,,False,False,False,,,,,,
2177.0,Jerome Smith,RB,,no_crosswalk_match,,,False,False,False,,,,,,
8120.0,Jerrion Ealy,RB,,no_crosswalk_match,,,False,False,False,,,,,,
3463.0,Jhurell Pressley,RB,,no_crosswalk_match,,,False,False,False,,,,,,
6973.0,J.J. Taylor,RB,,no_crosswalk_match,,,False,False,False,,,,,,
1236.0,Joe Banyard,RB,,no_crosswalk_match,,,False,False,False,,,,,,
2942.0,Joe Don Duncan,RB,,no_crosswalk_match,,,False,False,False,,,,,,
523.0,Joe McKnight,RB,,no_crosswalk_match,,,False,False,False,,,,,,
4042.0,Joe Williams,RB,,no_crosswalk_match,,,False,False,False,,,,,,
4548.0,Joel Bouagnon,RB,,no_crosswalk_match,,,False,False,False,,,,,,
2530.0,Joey Iosefa,RB,,no_crosswalk_match,,,False,False,False,,,,,,
2562.0,John Crockett,RB,,no_crosswalk_match,,,False,False,False,,,,,,
5550.0,John David Moore,RB,,no_crosswalk_match,,,False,False,False,,,,,,
5076.0,John Kelly,RB,,no_crosswalk_match,,,False,False,False,,,,,,
8568.0,John Lovett,RB,,no_crosswalk_match,,,False,False,False,,,,,,
4504.0,John Robinson-Woodgett,RB,,no_crosswalk_match,,,False,False,False,,,,,,
736.0,Joique Bell,RB,,no_crosswalk_match,,,False,False,False,,,,,,
6446.0,Jon Hilliman,RB,,no_crosswalk_match,,,False,False,False,,,,,,
1698.0,Jonas Gray,RB,,no_crosswalk_match,,,False,False,False,,,,,,
1275.0,Jonathan Grimes,RB,,no_crosswalk_match,,,False,False,False,,,,,,
218.0,Jonathan Stewart,RB,,no_crosswalk_match,,,False,False,False,,,,,,
3312.0,Jonathan Williams,RB,,no_crosswalk_match,,,False,False,False,,,,,,
5168.0,Jordan Chunn,RB,,no_crosswalk_match,,,False,False,False,,,,,,
6318.0,Jordan Ellis,RB,,no_crosswalk_match,,,False,False,False,,,,,,
3306.0,Jordan Howard,RB,,no_crosswalk_match,,,False,False,False,,,,,,
4537.0,Jordan Johnson,RB,,no_crosswalk_match,,,False,False,False,,,,,,
14018.0,Jordan Nubin,RB,,no_crosswalk_match,,,False,False,False,,,,,,
6167.0,Jordan Scarlett,RB,,no_crosswalk_match,,,False,False,False,,,,,,
11975.0,Jordan Terrell,RB,,no_crosswalk_match,,,False,False,False,,,,,,
895.0,Jordan Todman,RB,,no_crosswalk_match,,,False,False,False,,,,,,
13010.0,Jordan Waters,RB,00-0040601,insufficient_history,,,False,False,False,,,,,,
5100.0,Jordan Wilkins,RB,,no_crosswalk_match,,,False,False,False,,,,,,
13930.0,Jordon Vaughn,RB,,no_crosswalk_match,,,False,False,False,,,,,,
1487.0,Joseph Randle,RB,,no_crosswalk_match,,,False,False,False,,,,,,
5136.0,Josh Adams,RB,,no_crosswalk_match,,,False,False,False,,,,,,
6710.0,Josh Caldwell,RB,,no_crosswalk_match,,,False,False,False,,,,,,
3453.0,Josh Ferguson,RB,,no_crosswalk_match,,,False,False,False,,,,,,
2303.0,Josh Harris,RB,,no_crosswalk_match,,,False,False,False,,,,,,
13768.0,Josh Pitsenburger,RB,,no_crosswalk_match,,,False,False,False,,,,,,
2506.0,Josh Robinson,RB,,no_crosswalk_match,,,False,False,False,,,,,,
4797.0,Josh Rounds,RB,,no_crosswalk_match,,,False,False,False,,,,,,
7045.0,Joshua Kelley,RB,,no_crosswalk_match,,,False,False,False,,,,,,
13923.0,Joshua Pitsenberger,RB,,no_crosswalk_match,,,False,False,False,,,,,,
2865.0,Julian Howsare,RB,,no_crosswalk_match,,,False,False,False,,,,,,
14001.0,Julius Davis,RB,,no_crosswalk_match,,,False,False,False,,,,,,
5398.0,Justin Crawford,RB,,no_crosswalk_match,,,False,False,False,,,,,,
4635.0,Justin Davis,RB,,no_crosswalk_match,,,False,False,False,,,,,,
458.0,Justin Forsett,RB,,no_crosswalk_match,,,False,False,False,,,,,,
5131.0,Justin Jackson,RB,,no_crosswalk_match,,,False,False,False,,,,,,
5800.0,Justin Stockton,RB,,no_crosswalk_match,,,False,False,False,,,,,,
12188.0,Justin Strong,RB,,no_crosswalk_match,,,False,False,False,,,,,,
2011.0,Juwan Thompson,RB,,no_crosswalk_match,,,False,False,False,,,,,,
14021.0,Kadarius Calloway,RB,00-0041433,insufficient_history,,,False,False,False,,,,,,
2104.0,Ka'Deem Carey,RB,,no_crosswalk_match,,,False,False,False,,,,,,
12434.0,Kairee Robinson,RB,,no_crosswalk_match,,,False,False,False,,,,,,
4385.0,Kalif Phillips,RB,,no_crosswalk_match,,,False,False,False,,,,,,
5273.0,Kamryn Pettway,RB,,no_crosswalk_match,,,False,False,False,,,,,,
2001.0,Kapri Bibbs,RB,,no_crosswalk_match,,,False,False,False,,,,,,
5976.0,Karan Higdon,RB,,no_crosswalk_match,,,False,False,False,,,,,,
2458.0,Karlos Williams,RB,,no_crosswalk_match,,,False,False,False,,,,,,
12963.0,Kayron Lynch-Adams,RB,,no_crosswalk_match,,,False,False,False,,,,,,
8221.0,Keaontay Ingram,RB,,no_crosswalk_match,,,False,False,False,,,,,,
11773.0,Keilan Robinson,RB,,no_crosswalk_match,,,False,False,False,,,,,,
5624.0,Keith Ford,RB,,no_crosswalk_match,,,False,False,False,,,,,,
3397.0,Keith Marshall,RB,,no_crosswalk_match,,,False,False,False,,,,,,
13291.0,Kejon Owens,RB,00-0041350,insufficient_history,,,False,False,False,,,,,,
3877.0,Kelsey Young,RB,,no_crosswalk_match,,,False,False,False,,,,,,
3366.0,Kelvin Taylor,RB,,no_crosswalk_match,,,False,False,False,,,,,,
1671.0,Kendall Gaskins,RB,,no_crosswalk_match,,,False,False,False,,,,,,
978.0,Kendall Hunter,RB,,no_crosswalk_match,,,False,False,False,,,,,,
1546.0,Kenjon Barner,RB,,no_crosswalk_match,,,False,False,False,,,,,,
8152.0,Kennedy Brooks,RB,,no_crosswalk_match,,,False,False,False,,,,,,
3208.0,Kenneth Dixon,RB,,no_crosswalk_match,,,False,False,False,,,,,,
3532.0,Kenneth Farrow,RB,,no_crosswalk_match,,,False,False,False,,,,,,
2730.0,Kenneth Harper,RB,,no_crosswalk_match,,,False,False,False,,,,,,
2534.0,Kenny Hilliard,RB,,no_crosswalk_match,,,False,False,False,,,,,,
13436.0,Kentrel Bullock,RB,00-0041241,insufficient_history,,,False,False,False,,,,,,
3242.0,Kenyan Drake,RB,,no_crosswalk_match,,,False,False,False,,,,,,
6175.0,Kerrith Whyte,RB,,no_crosswalk_match,,,False,False,False,,,,,,
5068.0,Kerryon Johnson,RB,,no_crosswalk_match,,,False,False,False,,,,,,
1441.0,Kerwynn Williams,RB,,no_crosswalk_match,,,False,False,False,,,,,,
2927.0,Keshawn Hill,RB,,no_crosswalk_match,,,False,False,False,,,,,,
6885.0,Ke'Shawn Vaughn,RB,,no_crosswalk_match,,,False,False,False,,,,,,
8174.0,Kevin Harris,RB,,no_crosswalk_match,,,False,False,False,,,,,,
8424.0,Kevin Marks,RB,,no_crosswalk_match,,,False,False,False,,,,,,
2748.0,Kevin Monangai,RB,,no_crosswalk_match,,,False,False,False,,,,,,
13831.0,Kevorian Barnes,RB,,no_crosswalk_match,,,False,False,False,,,,,,
11176.0,Khalan Laborn,RB,,no_crosswalk_match,,,False,False,False,,,,,,
4283.0,Khalfani Muhammad,RB,,no_crosswalk_match,,,False,False,False,,,,,,
4697.0,Khalid Abdullah,RB,,no_crosswalk_match,,,False,False,False,,,,,,
1720.0,Khiry Robinson,RB,,no_crosswalk_match,,,False,False,False,,,,,,
1463.0,Knile Davis,RB,,no_crosswalk_match,,,False,False,False,,,,,,
387.0,Knowshon Moreno,RB,,no_crosswalk_match,,,False,False,False,,,,,,
12026.0,Kobe Lewis,RB,,no_crosswalk_match,,,False,False,False,,,,,,
5801.0,Kobe McCrary,RB,,no_crosswalk_match,,,False,False,False,,,,,,
12954.0,Kye Robichaux,RB,00-0040393,insufficient_history,,,False,False,False,,,,,,
7572.0,Kylin Hill,RB,,no_crosswalk_match,,,False,False,False,,,,,,
2101.0,Lache Seastrunk,RB,,no_crosswalk_match,,,False,False,False,,,,,,
654.0,LaDainian Tomlinson,RB,,no_crosswalk_match,,,False,False,False,,,,,,
12306.0,La'Damian Webb,RB,,no_crosswalk_match,,,False,False,False,,,,,,
1048.0,Lamar Miller,RB,,no_crosswalk_match,,,False,False,False,,,,,,
6908.0,La'Mical Perine,RB,,no_crosswalk_match,,,False,False,False,,,,,,
1225.0,LaMichael James,RB,,no_crosswalk_match,,,False,False,False,,,,,,
1284.0,Lance Dunbar,RB,,no_crosswalk_match,,,False,False,False,,,,,,
5618.0,Larry Rose,RB,,no_crosswalk_match,,,False,False,False,,,,,,
7574.0,Larry Rountree,RB,,no_crosswalk_match,,,False,False,False,,,,,,
1476.0,Latavius Murray,RB,,no_crosswalk_match,,,False,False,False,,,,,,
3032.0,Lavance Taylor,RB,,no_crosswalk_match,,,False,False,False,,,,,,
5259.0,Lavon Coleman,RB,,no_crosswalk_match,,,False,False,False,,,,,,
13242.0,Lawrance Toafili,RB,,no_crosswalk_match,,,False,False,False,,,,,,
3644.0,Lawrence Thomas,RB,,no_crosswalk_match,,,False,False,False,,,,,,
8217.0,Leddie Brown,RB,,no_crosswalk_match,,,False,False,False,,,,,,
2945.0,Lee Ward,RB,,no_crosswalk_match,,,False,False,False,,,,,,
730.0,LeGarrette Blount,RB,,no_crosswalk_match,,,False,False,False,,,,,,
4636.0,Lenard Tillery,RB,,no_crosswalk_match,,,False,False,False,,,,,,
697.0,Leon Washington,RB,,no_crosswalk_match,,,False,False,False,,,,,,
3969.0,Leonard Fournette,RB,,no_crosswalk_match,,,False,False,False,,,,,,
121.0,LeRon McClain,RB,,no_crosswalk_match,,,False,False,False,,,,,,
676.0,LeSean McCoy,RB,,no_crosswalk_match,,,False,False,False,,,,,,
4418.0,LeShun Daniels,RB,,no_crosswalk_match,,,False,False,False,,,,,,
6959.0,LeVante Bellamy,RB,,no_crosswalk_match,,,False,False,False,,,,,,
1408.0,Le'Veon Bell,RB,,no_crosswalk_match,,,False,False,False,,,,,,
9510.0,Lew Nichols,RB,00-0038409,projected,1.3438196935627122,22.8,False,True,True,departed teammate (2025 vol=199); new teammate arrived (2025 vol=286 elsewhere),,,22.8,,
340.0,Lex Hilliard,RB,,no_crosswalk_match,,,False,False,False,,,,,,
13352.0,Lincoln Pare,RB,00-0041231,insufficient_history,,,False,False,False,,,,,,
6161.0,L.J. Scott,RB,,no_crosswalk_match,,,False,False,False,,,,,,
12226.0,Lorenzo Lingard,RB,,no_crosswalk_match,,,False,False,False,,,,,,
1880.0,Lorenzo Taliaferro,RB,,no_crosswalk_match,,,False,False,False,,,,,,
11652.0,Louis Rees-Zammit,RB,,no_crosswalk_match,,,False,False,False,,,,,,
2914.0,Luke Lundy,RB,,no_crosswalk_match,,,False,False,False,,,,,,
2634.0,Mack Brown,RB,,no_crosswalk_match,,,False,False,False,,,,,,
2588.0,Malcolm Brown,RB,,no_crosswalk_match,,,False,False,False,,,,,,
6700.0,Marcelias Sutton,RB,,no_crosswalk_match,,,False,False,False,,,,,,
11222.0,Marcus Cooper,RB,,no_crosswalk_match,,,False,False,False,,,,,,
13154.0,Marcus Major,RB,,no_crosswalk_match,,,False,False,False,,,,,,
6548.0,Marcus Marshall,RB,,no_crosswalk_match,,,False,False,False,,,,,,
5558.0,Marcus Martin,RB,,no_crosswalk_match,,,False,False,False,,,,,,
2529.0,Marcus Murphy,RB,,no_crosswalk_match,,,False,False,False,,,,,,
12546.0,Marcus Yarns,RB,,no_crosswalk_match,,,False,False,False,,,,,,
2048.0,Marion Grice,RB,,no_crosswalk_match,,,False,False,False,,,,,,
13271.0,Mark Fletcher,RB,,no_crosswalk_match,,,False,False,False,,,,,,
956.0,Mark Ingram,RB,,no_crosswalk_match,,,False,False,False,,,,,,
5463.0,Mark Thompson,RB,,no_crosswalk_match,,,False,False,False,,,,,,
4997.0,Mark Walton,RB,,no_crosswalk_match,,,False,False,False,,,,,,
2943.0,Mark Weisman,RB,,no_crosswalk_match,,,False,False,False,,,,,,
12341.0,Markese Stepp,RB,,no_crosswalk_match,,,False,False,False,,,,,,
6742.0,Marquis Young,RB,,no_crosswalk_match,,,False,False,False,,,,,,
3531.0,Marshaun Coprich,RB,,no_crosswalk_match,,,False,False,False,,,,,,
745.0,Marshawn Lynch,RB,,no_crosswalk_match,,,False,False,False,,,,,,
5138.0,Martez Carter,RB,,no_crosswalk_match,,,False,False,False,,,,,,
8149.0,Master Teague,RB,,no_crosswalk_match,,,False,False,False,,,,,,
8233.0,Mataeo Durant,RB,,no_crosswalk_match,,,False,False,False,,,,,,
12288.0,Mathieu Severance,RB,,no_crosswalk_match,,,False,False,False,,,,,,
936.0,Matt Asiata,RB,,no_crosswalk_match,,,False,False,False,,,,,,
6352.0,Matt Colburn,RB,,no_crosswalk_match,,,False,False,False,,,,,,
103.0,Matt Forte,RB,,no_crosswalk_match,,,False,False,False,,,,,,
2400.0,Matt Jones,RB,,no_crosswalk_match,,,False,False,False,,,,,,
4232.0,Matthew Dayes,RB,,no_crosswalk_match,,,False,False,False,,,,,,
1336.0,Matthew Tucker,RB,,no_crosswalk_match,,,False,False,False,,,,,,
293.0,Maurice Jones-Drew,RB,,no_crosswalk_match,,,False,False,False,,,,,,
8218.0,Max Borghi,RB,,no_crosswalk_match,,,False,False,False,,,,,,
8085.0,Mekhi Sargent,RB,,no_crosswalk_match,,,False,False,False,,,,,,
2320.0,Melvin Gordon,RB,,no_crosswalk_match,,,False,False,False,,,,,,
13125.0,Micah Bernard,RB,,no_crosswalk_match,,,False,False,False,,,,,,
1491.0,Michael Cox,RB,,no_crosswalk_match,,,False,False,False,,,,,,
2597.0,Michael Dyer,RB,,no_crosswalk_match,,,False,False,False,,,,,,
1503.0,Michael Ford,RB,,no_crosswalk_match,,,False,False,False,,,,,,
12284.0,Michael Herzog,RB,,no_crosswalk_match,,,False,False,False,,,,,,
1624.0,Michael Hill,RB,,no_crosswalk_match,,,False,False,False,,,,,,
723.0,Michael Robinson,RB,,no_crosswalk_match,,,False,False,False,,,,,,
6992.0,Michael Warren,RB,,no_crosswalk_match,,,False,False,False,,,,,,
11943.0,Michael Wiley,RB,,no_crosswalk_match,,,False,False,False,,,,,,
5209.0,Mike Boone,RB,,no_crosswalk_match,,,False,False,False,,,,,,
2431.0,Mike Davis,RB,,no_crosswalk_match,,,False,False,False,,,,,,
1353.0,Mike Gillislee,RB,,no_crosswalk_match,,,False,False,False,,,,,,
1560.0,Mike James,RB,,no_crosswalk_match,,,False,False,False,,,,,,
6159.0,Mike Weber,RB,,no_crosswalk_match,,,False,False,False,,,,,,
7172.0,Mikey Daniel,RB,,no_crosswalk_match,,,False,False,False,,,,,,
14044.0,Miles Davis,RB,00-0041485,insufficient_history,,,False,False,False,,,,,,
10651.0,Mohamed Ibrahim,RB,,no_crosswalk_match,,,False,False,False,,,,,,
1454.0,Montee Ball,RB,,no_crosswalk_match,,,False,False,False,,,,,,
5980.0,Myles Gaskin,RB,00-0035311,projected,1.6010805507968295,27.2,True,True,False,departed teammate (2025 vol=257),,,27.2,,
13964.0,Myles Montgomery,RB,00-0041323,insufficient_history,,,False,False,False,,,,,,
7475.0,Napoleon Maxwell,RB,,no_crosswalk_match,,,False,False,False,,,,,,
8058.0,Nate McCrary,RB,,no_crosswalk_match,,,False,False,False,,,,,,
12859.0,Nate Noel,RB,,no_crosswalk_match,,,False,False,False,,,,,,
7466.0,Nathan Cottrell,RB,,no_crosswalk_match,,,False,False,False,,,,,,
12007.0,Nathaniel Peat,RB,,no_crosswalk_match,,,False,False,False,,,,,,
13250.0,Nay'Quan Wright,RB,,no_crosswalk_match,,,False,False,False,,,,,,
6021.0,Nick Brossette,RB,,no_crosswalk_match,,,False,False,False,,,,,,
7941.0,Nick Ralston,RB,,no_crosswalk_match,,,False,False,False,,,,,,
6637.0,Nico Evans,RB,,no_crosswalk_match,,,False,False,False,,,,,,
12061.0,Noah Cain,RB,,no_crosswalk_match,,,False,False,False,,,,,,
5347.0,Nyheim Miller-Hines,RB,,no_crosswalk_match,,,False,False,False,,,,,,
1819.0,Orleans Darkwa,RB,,no_crosswalk_match,,,False,False,False,,,,,,
8077.0,Otis Anderson,RB,,no_crosswalk_match,,,False,False,False,,,,,,
11384.0,Owen Wright,RB,00-0038458,projected,1.4521484475683637,24.7,True,True,False,departed teammate (2025 vol=177),,,24.7,,
7425.0,Patrick Carr,RB,,no_crosswalk_match,,,False,False,False,,,,,,
6311.0,Patrick Laird,RB,,no_crosswalk_match,,,False,False,False,,,,,,
6963.0,Patrick Taylor,RB,00-0035973,projected,4.118069227855349,70.0,False,False,True,new teammate arrived (2025 vol=440 elsewhere),,,70.0,,
2835.0,Paul Lasike,RB,,no_crosswalk_match,,,False,False,False,,,,,,
3211.0,Paul Perkins,RB,,no_crosswalk_match,,,False,False,False,,,,,,
7079.0,Pete Guerriero,RB,,no_crosswalk_match,,,False,False,False,,,,,,
3594.0,Peyton Barber,RB,,no_crosswalk_match,,,False,False,False,,,,,,
660.0,Peyton Hillis,RB,,no_crosswalk_match,,,False,False,False,,,,,,
5170.0,Phillip Lindsay,RB,,no_crosswalk_match,,,False,False,False,,,,,,
906.0,Phillip Tanner,RB,,no_crosswalk_match,,,False,False,False,,,,,,
34.0,Pierre Thomas,RB,,no_crosswalk_match,,,False,False,False,,,,,,
7560.0,Pooka Williams,RB,,no_crosswalk_match,,,False,False,False,,,,,,
6002.0,Qadree Ollison,RB,,no_crosswalk_match,,,False,False,False,,,,,,
13117.0,Qualan Jones,RB,,no_crosswalk_match,,,False,False,False,,,,,,
13088.0,Quali Conley,RB,,no_crosswalk_match,,,False,False,False,,,,,,
3646.0,Quayvon Hicks,RB,,no_crosswalk_match,,,False,False,False,,,,,,
2749.0,Raheem Mostert,RB,00-0031687,projected,3.424035831750099,58.2,False,False,False,,,,58.2,,
13323.0,Rahsul Faison,RB,,no_crosswalk_match,,,False,False,False,,,,,,
2142.0,Rajion Neal,RB,,no_crosswalk_match,,,False,False,False,,,,,,
7532.0,Rakeem Boyd,RB,,no_crosswalk_match,,,False,False,False,,,,,,
5192.0,Ralph Webb,RB,,no_crosswalk_match,,,False,False,False,,,,,,
12402.0,Ramon Jefferson,RB,,no_crosswalk_match,,,False,False,False,,,,,,
380.0,Rashad Jennings,RB,,no_crosswalk_match,,,False,False,False,,,,,,
145.0,Rashard Mendenhall,RB,,no_crosswalk_match,,,False,False,False,,,,,,
2936.0,Rasheed Williams,RB,,no_crosswalk_match,,,False,False,False,,,,,,
6691.0,Ray Gene smith,RB,,no_crosswalk_match,,,False,False,False,,,,,,
5252.0,Ray Lawry,RB,,no_crosswalk_match,,,False,False,False,,,,,,
16.0,Ray Rice,RB,,no_crosswalk_match,,,False,False,False,,,,,,
6988.0,Raymond Calais,RB,,no_crosswalk_match,,,False,False,False,,,,,,
5162.0,Reggie Bonnafon,RB,,no_crosswalk_match,,,False,False,False,,,,,,
179.0,Reggie Bush,RB,,no_crosswalk_match,,,False,False,False,,,,,,
6978.0,Reggie Corbin,RB,,no_crosswalk_match,,,False,False,False,,,,,,
1387.0,Rex Burkhead,RB,,no_crosswalk_match,,,False,False,False,,,,,,
8239.0,Ricky Person,RB,,no_crosswalk_match,,,False,False,False,,,,,,
2600.0,Ricky Seale,RB,,no_crosswalk_match,,,False,False,False,,,,,,
3657.0,Rob Kelley,RB,,no_crosswalk_match,,,False,False,False,,,,,,
12656.0,Robbie Ouzts,RB,00-0040649,projected,1.0692629850853557,18.2,False,True,True,departed teammate (2025 vol=257); new teammate arrived (2025 vol=142 elsewhere),,,18.2,,
11060.0,Robert Burns,RB,,no_crosswalk_match,,,False,False,False,,,,,,
13418.0,Robert Henry,RB,00-0041178,insufficient_history,,,False,False,False,,,,,,
5700.0,Robert Martin,RB,,no_crosswalk_match,,,False,False,False,,,,,,
1232.0,Robert Turbin,RB,,no_crosswalk_match,,,False,False,False,,,,,,
5274.0,Roc Thomas,RB,,no_crosswalk_match,,,False,False,False,,,,,,
5918.0,Rodney Anderson,RB,,no_crosswalk_match,,,False,False,False,,,,,,
14008.0,Rodney Hammond,RB,,no_crosswalk_match,,,False,False,False,,,,,,
3883.0,Romar Morris,RB,,no_crosswalk_match,,,False,False,False,,,,,,
11182.0,Ronald Awatt,RB,,no_crosswalk_match,,,False,False,False,,,,,,
258.0,Ronnie Brown,RB,,no_crosswalk_match,,,False,False,False,,,,,,
1123.0,Ronnie Hillman,RB,,no_crosswalk_match,,,False,False,False,,,,,,
8195.0,Ronnie Rivers,RB,00-0037557,projected,2.0794837291192305,35.4,False,False,False,,,,35.4,,
2981.0,Ross Scheuerman,RB,,no_crosswalk_match,,,False,False,False,,,,,,
915.0,Roy Helu,RB,,no_crosswalk_match,,,False,False,False,,,,,,
5046.0,Royce Freeman,RB,,no_crosswalk_match,,,False,False,False,,,,,,
14064.0,Roydell Williams,RB,,no_crosswalk_match,,,False,False,False,,,,,,
13128.0,Rushawn Baker,RB,,no_crosswalk_match,,,False,False,False,,,,,,
4923.0,Rushel Shell,RB,,no_crosswalk_match,,,False,False,False,,,,,,
3461.0,Russell Hansbrough,RB,,no_crosswalk_match,,,False,False,False,,,,,,
5352.0,Ryan Green,RB,,no_crosswalk_match,,,False,False,False,,,,,,
571.0,Ryan Mathews,RB,,no_crosswalk_match,,,False,False,False,,,,,,
5163.0,Ryan Nall,RB,,no_crosswalk_match,,,False,False,False,,,,,,
974.0,Ryan Williams,RB,,no_crosswalk_match,,,False,False,False,,,,,,
6007.0,Ryquell Armstead,RB,,no_crosswalk_match,,,False,False,False,,,,,,
13873.0,Sam Scott,RB,00-0041200,insufficient_history,,,False,False,False,,,,,,
12308.0,Samson Evans,RB,,no_crosswalk_match,,,False,False,False,,,,,,
7412.0,Sandro Platzgummer,RB,,no_crosswalk_match,,,False,False,False,,,,,,
11104.0,SaRodorick Thompson,RB,,no_crosswalk_match,,,False,False,False,,,,,,
7005.0,Scottie Phillips,RB,,no_crosswalk_match,,,False,False,False,,,,,,
2114.0,Senorise Perry,RB,,no_crosswalk_match,,,False,False,False,,,,,,
814.0,Shane Vereen,RB,,no_crosswalk_match,,,False,False,False,,,,,,
13255.0,Shane Watts,RB,,no_crosswalk_match,,,False,False,False,,,,,,
5663.0,Shane Wimann,RB,,no_crosswalk_match,,,False,False,False,,,,,,
7104.0,Shannon Brooks,RB,,no_crosswalk_match,,,False,False,False,,,,,,
913.0,Shaun Draughn,RB,,no_crosswalk_match,,,False,False,False,,,,,,
5395.0,Shaun Wilson,RB,,no_crosswalk_match,,,False,False,False,,,,,,
5752.0,Sherman Badie,RB,,no_crosswalk_match,,,False,False,False,,,,,,
8242.0,Shermari Jones,RB,,no_crosswalk_match,,,False,False,False,,,,,,
348.0,Shonn Greene,RB,,no_crosswalk_match,,,False,False,False,,,,,,
13145.0,ShunDerrick Powell,RB,,no_crosswalk_match,,,False,False,False,,,,,,
2100.0,Silas Redd,RB,,no_crosswalk_match,,,False,False,False,,,,,,
8220.0,Sincere McCormick,RB,00-0037509,projected,5.674312997434875,96.5,False,False,True,new teammate arrived (2025 vol=440 elsewhere),,,96.5,,
3615.0,Sione Houma,RB,,no_crosswalk_match,,,False,False,False,,,,,,
7393.0,Sirgeo Hoffman,RB,,no_crosswalk_match,,,False,False,False,,,,,,
8179.0,Snoop Conner,RB,,no_crosswalk_match,,,False,False,False,,,,,,
3640.0,Soma Vainuku,RB,,no_crosswalk_match,,,False,False,False,,,,,,
13022.0,Sone Ntoh,RB,,no_crosswalk_match,,,False,False,False,,,,,,
4962.0,Sony Michel,RB,,no_crosswalk_match,,,False,False,False,,,,,,
7867.0,Spencer Brown,RB,,no_crosswalk_match,,,False,False,False,,,,,,
241.0,Spencer Larsen,RB,,no_crosswalk_match,,,False,False,False,,,,,,
1601.0,Spencer Ware,RB,,no_crosswalk_match,,,False,False,False,,,,,,
4373.0,Stanley Williams,RB,,no_crosswalk_match,,,False,False,False,,,,,,
1579.0,Stepfan Taylor,RB,,no_crosswalk_match,,,False,False,False,,,,,,
1841.0,Stephen Houston,RB,,no_crosswalk_match,,,False,False,False,,,,,,
811.0,Stevan Ridley,RB,,no_crosswalk_match,,,False,False,False,,,,,,
57.0,Steven Jackson,RB,,no_crosswalk_match,,,False,False,False,,,,,,
7904.0,Stevie Scott,RB,,no_crosswalk_match,,,False,False,False,,,,,,
1986.0,Storm Johnson,RB,,no_crosswalk_match,,,False,False,False,,,,,,
2949.0,Synjyn Days,RB,,no_crosswalk_match,,,False,False,False,,,,,,
6106.0,Taiwan Deal,RB,,no_crosswalk_match,,,False,False,False,,,,,,
886.0,Taiwan Jones,RB,,no_crosswalk_match,,,False,False,False,,,,,,
6705.0,Taj McGowan,RB,,no_crosswalk_match,,,False,False,False,,,,,,
12028.0,TaMerik Williams,RB,,no_crosswalk_match,,,False,False,False,,,,,,
4349.0,Taquan Mizzell,RB,,no_crosswalk_match,,,False,False,False,,,,,,
4157.0,Tarik Cohen,RB,,no_crosswalk_match,,,False,False,False,,,,,,
66.0,Tashard Choice,RB,,no_crosswalk_match,,,False,False,False,,,,,,
7103.0,Tavien Feaster,RB,,no_crosswalk_match,,,False,False,False,,,,,,
8707.0,Tayon Fleet-Davis,RB,,no_crosswalk_match,,,False,False,False,,,,,,
12039.0,TD Ayo-Durojaiye,RB,,no_crosswalk_match,,,False,False,False,,,,,,
13780.0,Terion Stewart,RB,,no_crosswalk_match,,,False,False,False,,,,,,
1912.0,Terrance West,RB,,no_crosswalk_match,,,False,False,False,,,,,,
12412.0,Terrell Jennings,RB,00-0039757,projected,2.990754272555417,50.8,False,False,False,,,,50.8,,
4408.0,Terrell Newby,RB,,no_crosswalk_match,,,False,False,False,,,,,,
2598.0,Terrell Watson,RB,,no_crosswalk_match,,,False,False,False,,,,,,
2900.0,Terrence Franks,RB,,no_crosswalk_match,,,False,False,False,,,,,,
2556.0,Terrence Magee,RB,,no_crosswalk_match,,,False,False,False,,,,,,
2621.0,Terron Ward,RB,,no_crosswalk_match,,,False,False,False,,,,,,
5201.0,Terry Swanson,RB,,no_crosswalk_match,,,False,False,False,,,,,,
3929.0,Terry Williams,RB,,no_crosswalk_match,,,False,False,False,,,,,,
2378.0,Tevin Coleman,RB,,no_crosswalk_match,,,False,False,False,,,,,,
2585.0,Thomas Rawls,RB,,no_crosswalk_match,,,False,False,False,,,,,,
4623.0,Tim Cook,RB,,no_crosswalk_match,,,False,False,False,,,,,,
83.0,Tim Hightower,RB,,no_crosswalk_match,,,False,False,False,,,,,,
2200.0,Timothy Flanders,RB,,no_crosswalk_match,,,False,False,False,,,,,,
4596.0,Tion Green,RB,,no_crosswalk_match,,,False,False,False,,,,,,
9507.0,Titus Swen,RB,,no_crosswalk_match,,,False,False,False,,,,,,
9223.0,Tiyon Evans,RB,,no_crosswalk_match,,,False,False,False,,,,,,
13750.0,TJ Harden,RB,00-0041281,insufficient_history,,,False,False,False,,,,,,
4186.0,T.J. Logan,RB,,no_crosswalk_match,,,False,False,False,,,,,,
8407.0,T.J. Pledger,RB,,no_crosswalk_match,,,False,False,False,,,,,,
2341.0,T.J. Yeldon,RB,,no_crosswalk_match,,,False,False,False,,,,,,
13240.0,Toa Taua,RB,,no_crosswalk_match,,,False,False,False,,,,,,
604.0,Toby Gerhart,RB,,no_crosswalk_match,,,False,False,False,,,,,,
2315.0,Todd Gurley,RB,,no_crosswalk_match,,,False,False,False,,,,,,
6585.0,Tony Brooks-James,RB,,no_crosswalk_match,,,False,False,False,,,,,,
2875.0,Tony Creecy,RB,,no_crosswalk_match,,,False,False,False,,,,,,
6984.0,Tony Jones,RB,,no_crosswalk_match,,,False,False,False,,,,,,
11538.0,Toriano Clinton,RB,,no_crosswalk_match,,,False,False,False,,,,,,
7097.0,Tra Barnett,RB,,no_crosswalk_match,,,False,False,False,,,,,,
3688.0,Tra Carson,RB,,no_crosswalk_match,,,False,False,False,,,,,,
1185.0,Travaris Cadet,RB,,no_crosswalk_match,,,False,False,False,,,,,,
10865.0,Travis Dye,RB,,no_crosswalk_match,,,False,False,False,,,,,,
6012.0,Travis Homer,RB,00-0035594,projected,1.4157208311873932,24.1,True,False,True,new teammate arrived (2025 vol=286 elsewhere),,,24.1,,
6236.0,Travon McMillian,RB,,no_crosswalk_match,,,False,False,False,,,,,,
6506.0,Trayone Gray,RB,,no_crosswalk_match,,,False,False,False,,,,,,
8027.0,Tre Harbison,RB,,no_crosswalk_match,,,False,False,False,,,,,,
3564.0,Tre Madden,RB,,no_crosswalk_match,,,False,False,False,,,,,,
2231.0,Tre Mason,RB,,no_crosswalk_match,,,False,False,False,,,,,,
13673.0,Trent Battle,RB,,no_crosswalk_match,,,False,False,False,,,,,,
13996.0,Trent Howland,RB,,no_crosswalk_match,,,False,False,False,,,,,,
1082.0,Trent Richardson,RB,,no_crosswalk_match,,,False,False,False,,,,,,
5123.0,Trenton Cannon,RB,,no_crosswalk_match,,,False,False,False,,,,,,
8189.0,Trestan Ebner,RB,,no_crosswalk_match,,,False,False,False,,,,,,
4696.0,Trey Edmunds,RB,,no_crosswalk_match,,,False,False,False,,,,,,
2262.0,Trey Millard,RB,,no_crosswalk_match,,,False,False,False,,,,,,
12166.0,Trey Potts,RB,,no_crosswalk_match,,,False,False,False,,,,,,
7993.0,Trey Ragas,RB,,no_crosswalk_match,,,False,False,False,,,,,,
2236.0,Trey Watts,RB,,no_crosswalk_match,,,False,False,False,,,,,,
2633.0,Trey Williams,RB,,no_crosswalk_match,,,False,False,False,,,,,,
8820.0,Troy Hairston,RB,,no_crosswalk_match,,,False,False,False,,,,,,
3934.0,Troymaine Pope,RB,,no_crosswalk_match,,,False,False,False,,,,,,
2399.0,Ty Montgomery,RB,,no_crosswalk_match,,,False,False,False,,,,,,
3280.0,Tyler Ervin,RB,,no_crosswalk_match,,,False,False,False,,,,,,
2189.0,Tyler Gaffney,RB,,no_crosswalk_match,,,False,False,False,,,,,,
11123.0,Tyler Hoosman,RB,,no_crosswalk_match,,,False,False,False,,,,,,
4463.0,Tyler McCloskey,RB,,no_crosswalk_match,,,False,False,False,,,,,,
4305.0,Tyler Renew,RB,,no_crosswalk_match,,,False,False,False,,,,,,
492.0,Tyler Thigpen,RB,,no_crosswalk_match,,,False,False,False,,,,,,
2566.0,Tyler Varga,RB,,no_crosswalk_match,,,False,False,False,,,,,,
8749.0,Tyreik McAllister,RB,,no_crosswalk_match,,,False,False,False,,,,,,
8211.0,Tyrion Davis-Price,RB,,no_crosswalk_match,,,False,False,False,,,,,,
7098.0,Ty'Son Williams,RB,,no_crosswalk_match,,,False,False,False,,,,,,
12826.0,Ulysses Bentley,RB,00-0040476,projected,1.3757748142810098,23.4,False,False,False,,,,23.4,,
6203.0,Valentine Holmes,RB,,no_crosswalk_match,,,False,False,False,,,,,,
1106.0,Vick Ballard,RB,,no_crosswalk_match,,,False,False,False,,,,,,
63.0,Vonta Leach,RB,,no_crosswalk_match,,,False,False,False,,,,,,
11537.0,Wayne Taulapapa,RB,,no_crosswalk_match,,,False,False,False,,,,,,
3309.0,Wendell Smallwood,RB,,no_crosswalk_match,,,False,False,False,,,,,,
6115.0,Wes Hills,RB,,no_crosswalk_match,,,False,False,False,,,,,,
4485.0,William Stanback,RB,,no_crosswalk_match,,,False,False,False,,,,,,
300.0,Willis McGahee,RB,,no_crosswalk_match,,,False,False,False,,,,,,
7088.0,Xavier Jones,RB,,no_crosswalk_match,,,False,False,False,,,,,,
6372.0,Xavier Turner,RB,,no_crosswalk_match,,,False,False,False,,,,,,
10861.0,Xazavian Valladay,RB,,no_crosswalk_match,,,False,False,False,,,,,,
3402.0,Zac Brooks,RB,,no_crosswalk_match,,,False,False,False,,,,,,
1573.0,Zac Stacy,RB,,no_crosswalk_match,,,False,False,False,,,,,,
9222.0,Zach Evans,RB,,no_crosswalk_match,,,False,False,False,,,,,,
2880.0,Zach Laskey,RB,,no_crosswalk_match,,,False,False,False,,,,,,
5697.0,Zach Olstad,RB,,no_crosswalk_match,,,False,False,False,,,,,,
2560.0,Zach Zenner,RB,,no_crosswalk_match,,,False,False,False,,,,,,
6845.0,Zack Moss,RB,,no_crosswalk_match,,,False,False,False,,,,,,
8139.0,Zamir White,RB,00-0038040,projected,2.234766570691461,38.0,False,False,False,,,,38.0,,
8428.0,Zander Horvath,RB,,no_crosswalk_match,,,False,False,False,,,,,,
8173.0,ZaQuandre White,RB,,no_crosswalk_match,,,False,False,False,,,,,,
8122.0,Zonovan Knight,RB,,no_crosswalk_match,,,False,False,False,,,,,,
1976.0,Zurlon Tipton,RB,,no_crosswalk_match,,,False,False,False,,,,,,
9493.0,Puka Nacua,WR,00-0039075,projected,14.926963438797028,253.8,False,False,False,,,,274.1,8.0,"Real, established alpha WR ('clearly Stafford's top target'), clean continuity, no threat. Own real 2025 rate/volume: 166 targets -> 310.5 pts, 1.870/target (already elite, not inflated -- his real TD share of value is a modest 19.3%, unlike the TE room below). But a real, current, dated fact was missed on the first pass: real, ongoing psoas/lower-back soreness, team managing him 'day by day,' won't rush him back. Applied a real, disclosed missed-time discount (15/17 games) rather than his full healthy-season total: 310.5 x (15/17) = 274.0. Raw model output 253.8 -> 274.0 = +8.0%, +15.3% above Book (237.7) -- Book's more conservative number likely already reflects this real injury risk. (verified 2026-08-20)"
7564.0,Ja'Marr Chase,WR,00-0036900,projected,14.14145491513174,240.4,False,False,False,,,,276.5,15.0,"Real health check done directly: confirmed healthy and connecting with Burrow in camp (Aug 2026). User-directed to +10% above Book. Raw model output 240.4 -> 276.5 = +15.0%, +10.0% above Book (251.30). (verified 2026-08-20)"
9488.0,Jaxon Smith-Njigba,WR,00-0038543,projected,13.627767990953831,231.7,False,False,False,,,,241.0,4.0,"REVISED 2026-08-21 (user asked for a further 3-4% boost on top of the prior 'confirmed accurate, no change' read; no new evidence found beyond the existing case, so this is a direct, modest widening rather than a re-derivation). Real basis unchanged: raw (231.7) already close to Book (237.50), won NFL Offensive Player of the Year, signed a 4yr/$168M extension -- a confirmed alpha WR1. 231.7 x 1.04 = 241.0. (verified 2026-08-21)"
7547.0,Amon-Ra St. Brown,WR,00-0036963,projected,13.643791471706606,231.9,False,False,False,,,,255.1,10.0,"Real: Kalif Raymond's real departure to CHI (already reflected in that batch's roster) and Tim Patrick's 2025 trade to JAX both real vacate DET WR-room volume. Raw (231.9) sits below both his real 2025 (264.6 half-PPR) and 2024 (255.8) production. Raised toward that real two-year baseline rather than left flat. Raw model output 231.9 -> 255.1 = +10.0%, +8.2% above Book (235.80). (verified 2026-08-20)"
8112.0,Drake London,WR,00-0037238,projected,11.460879027362914,194.8,False,True,True,departed teammate (2025 vol=72); new teammate arrived (2025 vol=65 elsewhere),,,194.8,0.0,"Reviewed, confirmed accurate, no change: raw (194.8) close to Book (200.30). Real, confirmed 4yr/$141M extension (signed June 2026) locks him in as a long-term piece, not a pending question mark. (verified 2026-08-20)"
6786.0,CeeDee Lamb,WR,00-0036358,projected,11.581854106024233,196.9,False,False,False,,,,226.4,15.0,"REVISED FURTHER 2026-08-27, user-directed: needed to clear A.J. Brown (board value 221.0). Two independent signals already favored Lamb over Brown before any correction: real ADP (Lamb 10 vs Brown 19, a 9-slot gap) and the raw FantasyPros consensus itself (Lamb 224.2 vs Brown 213.1, an 11-point gap) -- Brown's own +16.8% correction (applied 2026-08-21) had pulled him ahead of Lamb's smaller +11.6% one despite both external signals favoring Lamb. This isn't just moving a number to clear a threshold -- it's closing a gap between our model layer and two convergent external signals it had drifted away from. Raised to +15.0% (196.9 -> 226.4), landing clearly (not marginally) above Brown's 221.0, consistent with both the ADP gap and the consensus gap rather than just barely edging past him. Builds on the health-confidence case already applied via the injury_score entry (2.5 -> 1.5) and the prior +11.6% companion bump."
10229.0,Rashee Rice,WR,00-0039067,projected,11.666606152501462,198.3,False,True,False,departed teammate (2025 vol=74),,,198.3,0.0,"Reviewed, confirmed accurate, no change: raw (198.3) reasonably above Book (185.30). (verified 2026-08-20)"
6794.0,Justin Jefferson,WR,00-0036322,projected,10.488469261384562,178.3,False,True,True,departed teammate (2025 vol=53); new teammate arrived (2025 vol=90 elsewhere),,,231.8,30.0,"Real statistical anomaly explained: his 2025 season (141 targets, only 2 TD) is bizarrely TD-suppressed for an elite alpha WR. Real healthy comparisons: 2024 (Sam Darnold at QB) = 154 tgt/103 rec/1533 yds/10 TD; 2023 (partial year) = 100 tgt/68 rec/1074 yds/5 TD. The 2025 collapse lines up directly with J.J. McCarthy's real 'difficult year' at QB, not any decline in Jefferson's own opportunity -- same healthy-window logic as Odunze's CHI entry. Blended rate (70% real 2024/30% real 2025) = 1.541/target, vs. his own suppressed 2025 rate of 1.126/target. User-directed to +30.0% given the real, decisive Murray upgrade. Raw model output 178.3 -> 231.8 = +30.0%, +15.4% above Book (200.80). (verified 2026-08-20)"
5859.0,A.J. Brown,WR,00-0035676,projected,11.131406604038112,189.2,True,False,True,new teammate arrived (2025 vol=85 elsewhere),,,221.0,16.8,"REVISED 2026-08-21 (originally built 2026-08-20, before the healthy-window blend methodology used on Jefferson/Odunze/Harrison Jr. existed -- caught on re-audit: 'AJ Brown got underrated through this process, might have suppressed him because we went through NE at the very start'). The original construction anchored solely to his 2025 PHI rate, real, current reporting explicitly calls 'a down season by his standards' -- exactly the suppressed-season pattern that methodology exists to catch. Real career rates: 2023 (full season) 1.523/target, 2024 (injury-shortened but hot) 1.891/target, 2025 (down) 1.498/target -- blended across all three (not just the down year) = 1.637/target. Real, current, decisive volume case: the trade explicitly 'gave Maye a true No. 1 target'; Brown was publicly critical of his real PHI role and said he wanted a longer leash/more volume; Maye responded directly ('gotta give him chances... put it in his area and he'll make plays'); Brown tried to get Maye into an Aug 2026 preseason game. 135 targets (up from 122, reflecting that real volume case, still below his real career-high 158) x 1.637 = 221.0. Raw model output 189.2 -> 221.0 = +16.8%, +12.0% above Book (197.30). NOTE: this raises the shared NE WR pool by 13 targets beyond what the Doubs (00-0037816)/Boutte (00-0038608)/Douglas (00-0038621)/Hollins (00-0033555) companion entries were built around -- a disclosed, unreconciled overflow, not rebalanced against them. (verified 2026-08-21)"
8137.0,George Pickens,WR,00-0037247,projected,11.40854247635615,193.9,False,False,False,,,,205.5,6.0,"Companion entry to Lamb's (00-0036358) correction. Real 2025 (243.4 half-PPR, 137 tgt/1429 yds/9 TD) is a one-year spike against his real 2024 rate (1.335/target at PIT) -- blended 70% 2025/30% 2024 = 1.541/target x 121 targets (his real 2025 volume) = 205.6. Raw model output 193.9 -> 205.6 = +6.0%, +16.0% above Book (177.30). (verified 2026-08-20)"
8144.0,Chris Olave,WR,00-0037239,projected,11.10876275054916,188.8,False,False,False,,,,215.2,14.0,"REVISED 2026-08-21, user-directed. Prior basis unchanged: real 5-concussion history (4 with NO), verified fully cleared off blood thinners, real $132M extension, real 2026 camp chemistry with Shough. +5% on top of the prior 205.0 = 215.3. Raw model output 188.8 -> 215.3 = +14.0%. (verified 2026-08-21)"
7569.0,Nico Collins,WR,00-0036554,projected,11.461254349303127,194.8,False,True,False,departed teammate (2025 vol=52),,,214.5,10.1,"User-directed boost (redirected from an initial Schultz boost) to absorb the larger share of Higgins' real vacated target pool, reflecting his status as HOU's clear WR1 with a healthy 2025 track record. 135 real targets (up from his own pool share pre-injury) x his own real per-target rate = 214.5. Raw model output 194.8 -> 214.5 = +10.1%, +16.9% above Book (183.50); ranks ~WR6 among current model values (behind Nabers 216.8, ahead of Rice 198.3), ~WR5 on a Book-pricing basis (behind Lamb 212.3, ahead of Jefferson 200.8). (verified 2026-08-20)"
9997.0,Zay Flowers,WR,00-0039064,projected,10.170829660762578,172.9,False,False,False,,,,172.9,0.0,"Reviewed, confirmed accurate, no change: raw (172.9) already essentially matches Book (173.10). Real, confirmed 4yr/$140M extension (signed Aug 4, 2026) locks in his WR1 status. (verified 2026-08-20)"
8146.0,Garrett Wilson,WR,00-0037740,projected,9.531038262992965,162.0,False,False,False,,,,199.4,23.1,"REVISED 2026-08-21, user-directed: +5% off the prior 190.0. 190.0 x 1.05 = 199.5. Raw model output 162.0 -> 199.5 = +23.1%. Prior basis: raw was built off an injury-shortened 2025 (7 games, real ongoing knee issues) -- but his rate THAT year (1.381/target) was actually HIGHER than his healthy 2024 (1.326/target), a real volume story. Real, confirmed healthy for 2026. (verified 2026-08-21)"
7525.0,DeVonta Smith,WR,00-0036912,projected,9.417945763732014,160.1,False,True,True,departed teammate (2025 vol=121); new teammate arrived (2025 vol=74 elsewhere),,,193.7,21.0,"Existing +17.4% correction (raw 160.1 -> adj 188.0, verified 2026-08-20) already assumed he'd be the primary beneficiary of A.J. Brown's trade to NE, modeling 130 targets (up from his real 113 in 2025). Fresh camp reporting directly confirms and EXCEEDS that assumption: NBC Sports Philadelphia and Yahoo both report he's stepped into the clear No. 1 receiver role, expected to be Hurts' 'favorite target,' with one outlet estimating 'another 40 or so targets' on top of his 2025 mark -- i.e. ~153 targets, above the 130 already modeled. Real, specific camp buzz (Hurts/Smith chemistry 'putting the secondary to the test,' per the Inquirer's own beat reporter) reinforces this. Proposes +30% (160.1 -> ~208.1, using ~144 targets x his real 1.445/target rate) -- meaningfully more than the existing correction but short of the full ~153-target estimate, since 'presumably another 40 or so' is one outlet's estimate, not a reported number. (applied via News Queue, 2026-08-27)"
11632.0,Malik Nabers,WR,00-0039337,projected,10.0133231848512,170.2,False,True,True,departed teammate (2025 vol=140); new teammate arrived (2025 vol=72 elsewhere); new teammate arrived (2025 vol=55 elsewhere),,,216.8,27.4,"Real, serious Week 4 2025 knee injury limited him to just 4 games/35 targets that season (1.374/target) -- too thin a sample to anchor to, similar to McLaurin's Daniels-less 2025 in the WAS batch. His real healthy 2024 rookie season is the better anchor: 15 games, 170 targets -> 219.1 pts, 1.289/target. Real, current reporting: 'by all indications, Nabers will be ready to go for the start of the regular season.' Blended 70% 2024 (healthy, full-season)/30% 2025 (injury-shortened but still real signal): 0.7x1.289 + 0.3x1.374 = 1.314/target. 165 targets (near his own real 2024 healthy volume): 165 x 1.314 = 216.9. Raw model output 170.2 -> 216.9 = +27.4%, +17.7% above Book (184.3). See Likely (00-0037838)/Mooney (00-0036309)/Slayton (00-0035535)/Johnson (00-0039847) companion entries, same shared pool. (verified 2026-08-20)"
12514.0,Emeka Egbuka,WR,00-0040129,projected,9.018486056716608,153.3,False,True,False,departed teammate (2025 vol=62); departed teammate (2025 vol=53),,,194.1,26.6,"Raw (153.3) sits under Book (168.80) -- real, confirmed beneficiary of Mike Evans' real departure to SF (see that batch's companion entry, 00-0031408). User-directed to +15% above Book rather than matching it. Raw model output 153.3 -> 194.1 = +26.6%, +15.0% above Book (168.80). (verified 2026-08-20)"
12526.0,Tetairoa McMillan,WR,00-0040124,projected,9.712621232091728,165.1,False,False,False,,,,189.9,15.0,"User-directed: raised 15% from raw. Raw model output 165.1 -> 189.9, +11.2% above Book (170.80). (verified 2026-08-21)"
2133.0,Davante Adams,WR,00-0031381,projected,11.6720239877384,198.4,False,False,False,,,,178.0,-10.3,"Real, established WR2, clean continuity. CHECKED before trusting his raw rate: 14 TDs on just 60 real 2025 catches account for 43.5% of his value -- but his real profile (low yardage, 789 on 60 catches, extreme TD rate) reads as a genuine red-zone-specialist ROLE, not pure variance, so not fully flattened like a small-sample outlier. Applied a modest 18% TD regression reflecting real uncertainty while still crediting the real role: 60 receptions x 0.5 + 789/10 + 11.5(regressed TDs) x 6 = 177.9. Raw model output 198.4 -> 177.9 = -10.3%, +8.0% above Book (164.7). (verified 2026-08-20)"
6801.0,Tee Higgins,WR,00-0036410,projected,10.879581981772152,185.0,False,False,False,,,,185.0,0.0,"Reviewed, confirmed accurate, no change: raw (185.0) reasonably above Book (171.30). Real health check done directly: confirmed healthy, connecting with Burrow, real red-zone TD in camp (Aug 2026) -- the 2025 concussion-protocol suppression doesn't apply going forward. (verified 2026-08-20)"
8148.0,Jameson Williams,WR,00-0037240,projected,8.901192846624866,151.3,False,False,False,,,,151.3,0.0,"Reviewed, confirmed accurate, no change: raw (151.3) close to Book (157.35). (verified 2026-08-20)"
5927.0,Terry McLaurin,WR,00-0035659,projected,8.713691845737117,148.1,False,True,True,departed teammate (2025 vol=99); new teammate arrived (2025 vol=52 elsewhere),,,166.8,12.6,"Real, decisive finding checked before trusting his raw rate: Jayden Daniels played only 7 games in an 'injury-wrecked' 2025, and Daniels+McLaurin shared the field for just 3 games all season -- McLaurin's real 2025 rate (60 targets -> 95.2 pts, 1.587/target) came almost entirely with backup QBs, not Daniels. His real 2024 season (17 games, fully with a healthy rookie Daniels): 117 targets -> 226.8 pts, 1.938/target -- a completely different level. Blended 70% 2024 (Daniels-healthy, the more representative anchor)/30% 2025 (Daniels-absent, still real signal on his standalone skill): 0.70x1.938 + 0.30x1.587 = 1.833/target. Real, current: his own quad injury resolved ('should be back to his usual, durable self'), 'little target competition' with Deebo gone. 26% share of the 350-target pool: 91 x 1.833 = 166.7. Raw model output 148.1 -> 166.7 = +12.6%, +3.0% above Book (161.90). See Diggs (00-0031588)/Burks (00-0037742)/McCaffrey (00-0039355) companion entries, same shared pool. (verified 2026-08-20)"
11620.0,Rome Odunze,WR,00-0039919,projected,8.574304003570727,145.8,False,True,False,departed teammate (2025 vol=85); departed teammate (2025 vol=65),,,169.0,15.9,"Real injury check done first: an Aug 16, 2026 preseason DNP vs. CLE was standard veteran rest (Kmet/Loveland/Raymond/Thomas also DNP'd that game) -- confirmed healthy, 'feels and looks healthy,' played every relevant practice down (Chicago Sun-Times, Aug 19, 2026), same treatment the Roman Wilson mixup demanded. His full-season 2025 rate (1.379/target) understated him the same way McLaurin's/Nabers'/Evans' full-season rates did -- rebuilt on a real healthy-window split: first 4 weeks (35 targets, 20 rec, 296 yds, 5 TD -- tied a franchise record for TDs through 4 games) = 1.989/target, vs. the remaining 8 hobbled games (55 targets, 54.5 pts) = 0.991/target, a real, injury-explained split. Blended 70% healthy/30% hobbled = 1.689/target (comparable to Waddle's 1.621). College profile backs alpha treatment: led the nation in receiving yards in 2023, graded the #3 WR in his draft class. 100 targets (primary beneficiary of Moore's departure, but not a maximal share -- trimmed to leave Loveland room) x 1.689 = 169.0. Raw model output 145.8 -> 169.0 = +15.9%, +12.6% above Book (150.05). (verified 2026-08-20)"
8142.0,Alec Pierce,WR,00-0037664,projected,8.914831992267427,151.6,False,True,False,departed teammate (2025 vol=111),,,150.8,-0.5,"Moved to Book (150.90), user-directed market-defer pass, no individual research done. Raw model output 151.6 -> 150.8. (verified 2026-08-20)"
11635.0,Ladd McConkey,WR,00-0039915,projected,8.890427754385787,151.1,False,True,False,departed teammate (2025 vol=122),,,174.4,15.4,"Real, unambiguous WR1, absorbs a real share of Keenan Allen's departed 122 targets (00-0030279). Real 2025 rate: 106 targets -> 147.9 half-PPR pts, 1.395/target (own rate, not pooled). 480-touch LAC WR/TE pool, 26% share: 125 targets x 1.395 = 174.4. Raw model output 151.1 -> 174.4 = +15.4%, +9.4% above Book (159.40). See Johnston (00-0038544), Harris (00-0040727), Gadsden (00-0040189), Kolar (00-0038046), Njoku (00-0033885) companion entries, same shared pool. (verified 2026-08-20)"
4983.0,DJ Moore,WR,00-0034827,projected,8.372522945568413,142.3,True,True,False,departed teammate (2025 vol=65),,,175.0,23.0,"REVISED 2026-08-21 (trimmed from +33.5%/190.0 on re-audit -- 'probably needs to go down a bit'). Real basis unchanged: confirmed trade from CHI (2nd-round pick swap + Chicago's 5th, verified via Bills.com/ESPN), real QB upgrade (Caleb Williams -> Josh Allen), real target-leader billing. Kept meaningfully above Book but less aggressively than the original construction. Raw model output 142.3 -> 175.0 = +23.0%, +13.6% above Book (154.10). (verified 2026-08-21)"
7526.0,Jaylen Waddle,WR,00-0036613,projected,9.300749543882294,158.1,True,False,False,,,,189.7,20.0,"Real, confirmed trade from MIA (2026 1st/3rd/4th-round picks) -- a real, substantial investment. Own real 2025 MIA rate: 100 targets -> 162.1 pts, 1.621/target. User-directed figure: +20.0% (raw model output 158.1 -> 189.7), a deliberate moderation from the independently-constructed +27.1% (124 tgt x 1.621), landing +19.3% above Book (159.00). See Sutton (00-0034348)/Mims (00-0038976)/Franklin (00-0039868)/Bryant (00-0040134)/Engram (00-0033881) companion entries, same shared pool. (verified 2026-08-20)"
12519.0,Luther Burden,WR,00-0040735,projected,6.410076332292412,109.0,False,True,False,departed teammate (2025 vol=85); departed teammate (2025 vol=65),,,168.1,54.2,"Companion entry to Odunze's (00-0039919) correction. Real groin injury (suffered practice Aug 8, 2026), expected to miss ~a month, targeting Week 1 return (Sep 13) -- team calls it 'a non-issue,' progressing well. Public since Aug 8-10, so Book's ~Aug 18-19 price already reflects it -- an added discount on top would be double-counting, so moved to match Book directly rather than layering a redundant trim. His own 1.679/target rate (2025: 60 tgt/47 rec/652 yds/2 TD) survived a TD-concentration check: only 1 of his 2 season TDs (~12% of season value) came from the marquee Week 17 game, and his real Week 11-on role expansion (37 tgt/28 rec/403 yds over 7+ games, 18.4% target share) was a sustained stretch, not a hot-game spike. Real, exceptionally strong current hearsay: HC Ben Johnson compared him to Amon-Ra St. Brown ('desire to be great'), 'buying stock,' building-wide buzz (Sun-Times, Jul 30 2026) -- consistent with his real college profile (5-star, #1 national WR recruit, top-15 draft projection). Implies ~100 targets at his own rate. Raw model output 109.0 -> 168.1 = +54.2%, matches Book (168.10) exactly. (verified 2026-08-20)"
2216.0,Mike Evans,WR,00-0031408,projected,8.735507393776508,148.5,True,True,True,departed teammate (2025 vol=53); new teammate arrived (2025 vol=52 elsewhere),,,169.3,14.0,User-directed batch adjustment 2026-08-27: -5% vs. current board value (178.2 -> 169.3). Expressed vs. raw model output (148.5) as +14.0%.
5045.0,Courtland Sutton,WR,00-0034348,projected,9.956245522754552,169.3,False,False,True,new teammate arrived (2025 vol=100 elsewhere),,,145.9,-13.8,"Companion entry to Waddle's (00-0036613) correction. Real, established WR1 for DEN, consecutive 1,000-yard seasons (2024-25), real 'clear-cut WR1A/WR1B' framing with Waddle on the depth chart itself. User-directed: moved to Book's real current pricing. Raw model output 169.3 -> 145.95 (Book) = -13.8%. (verified 2026-08-20)"
11628.0,Marvin Harrison,WR,00-0039849,projected,8.243927806146367,140.1,False,False,True,new teammate arrived (2025 vol=53 elsewhere),,,168.4,20.2,"Real, decisive finding: his per-target rate barely moved between his real healthy 2024 rookie year (1.444/target, 116 tgt/17 games) and his real injury-shortened 2025 (1.443/target, 73 tgt/12 games, concussion + appendicitis + heel problems on both feet) -- the injuries cost him real GAMES, not real efficiency, a different pattern than a suppressed-rate case like Jefferson. User-directed to +15% above Book rather than the initial +24.3% construction. Raw model output 140.1 -> 168.4 = +20.2%, +15.0% above Book (146.45). (verified 2026-08-20)"
8167.0,Christian Watson,WR,00-0038124,projected,8.794407117406653,149.5,False,True,False,departed teammate (2025 vol=85),,,143.1,-4.3,"Moved to Book (143.10), user-directed market-defer pass, no individual research done. Raw model output 149.5 -> 143.1. (verified 2026-08-20)"
5846.0,DK Metcalf,WR,00-0035640,projected,9.60869629908222,163.3,False,True,True,departed teammate (2025 vol=55); new teammate arrived (2025 vol=111 elsewhere),,,145.7,-10.8,"Real, established WR1 (4yr/$132M extension). Deferred to Book for the whole PIT offense (user-directed) after the Wilson construction issue below. Raw model output 163.3 -> 145.7 (Book) = -10.8%. (verified 2026-08-20)"
5947.0,Jakobi Meyers,WR,00-0034960,projected,8.808410066015629,149.7,False,False,False,,,,134.0,-10.5,"Moved to Book (134.05), user-directed market-defer pass, no individual research done. Raw model output 149.7 -> 134.0. (verified 2026-08-20)"
6819.0,Michael Pittman,WR,00-0036252,projected,8.722921673535115,148.3,True,False,False,,,,137.9,-7.0,"Real, confirmed trade from IND (3yr/$59M). Deferred to Book. Raw model output 148.3 -> 137.9 (Book) = -7.0%. (verified 2026-08-20)"
9487.0,Parker Washington,WR,00-0038606,projected,7.628900491342871,129.7,False,False,False,,,,167.3,29.0,"Fresh camp reporting is unusually specific and strong: 'unguardable' in 1-on-1s, a deep TD-in-stride catch from Lawrence in team drills, explicitly projected as JAX's WR2 with 'shown the ability to be a WR1.' Current model correction already reflects real optimism (+26.3%, raw 129.7 -> adj 163.8) off his real 2025 close (58/847/5). Proposes an incremental bump to +35% (129.7 -> ~175.1) given the specificity and volume of the fresh positive reporting beyond his already-real finish. (applied via News Queue, 2026-08-27)"
13279.0,Carnell Tate,WR,00-0041438,insufficient_history,,,False,False,False,,162.0,"NOT a bare Book placeholder like the other entries in this dict -- independently constructed, same standard as Love's entry in ROOKIE_FALLBACK_BOOK_OVERRIDES above (which this mechanism can't reach for a WR, since ROOKIE_FALLBACK_POSITIONS is RB-only). Real #4 overall 2026 pick, real, explicit 'primary read on most passing dropbacks' framing, real elite college production (121 catches, 1,872 yds, 14 TD at Ohio State). 120 targets (real, large allocation matching the 'primary read' framing) x 1.35 (proxy rate, no NFL history -- blended from real TEN teammate rates) = 162.0. +16.7% above Book (138.80), part of the same 460-touch TEN pool as Robinson (00-0038117)/Ridley (00-0034837)/Ayomanor (00-0040170)/Dike (00-0040705)/Helm (00-0040584). (verified 2026-08-20)",,,
11631.0,Brian Thomas,WR,00-0039893,projected,8.537536375336277,145.1,False,False,False,,,,152.4,5.0,"Real, clear WR1 status (ADP 70, well ahead of Washington/75, Meyers/111, Hunter/140) confirmed by specific positive camp production: 2 TD catches from Lawrence in team drills plus a third where he got open deep but was overthrown, per ESPN's own camp coverage. Current model correction is a -8.9% discount (raw 145.1 -> adj 132.2), which runs opposite to this. Proposes reversing to a modest +5% (145.1 -> ~152.4) rather than a larger jump -- the original reasoning behind the existing discount isn't visible in this session, so this stays conservative rather than fully erasing it. (applied via News Queue, 2026-08-27)"
8126.0,Wan'Dale Robinson,WR,00-0038117,projected,9.277192795433962,157.7,True,False,False,,,,135.1,-14.3,"Real $70M FA signing, independently confirmed as 'Cam Ward's top target' in a real Titans scrimmage. Own real 2025 NYG rate (same figure anchoring his companion entry in the NYG batch): 140 targets -> 171.9 pts, 1.228/target. 110 targets (real, meaningful allocation, not his full NYG volume given a real, bigger TEN pool to share): 110 x 1.228 = 135.1. Raw model output 157.7 -> 135.1 = -14.3%, +4.4% above Book (129.45). See Tate (00-0041438, rookie fallback override)/Ridley (00-0034837)/Ayomanor (00-0040170)/Dike (00-0040705)/Helm (00-0040584) companion entries, same shared pool. (verified 2026-08-20)"
10222.0,Jayden Reed,WR,00-0039146,projected,7.001261467302093,119.0,False,True,False,departed teammate (2025 vol=85),,,144.2,21.2,"Moved to Book (144.25), user-directed market-defer pass, no individual research done. Raw model output 119.0 -> 144.2. (verified 2026-08-20)"
5872.0,Deebo Samuel,WR,00-0035719,projected,8.672694941110066,147.4,True,False,True,new teammate arrived (2025 vol=62 elsewhere); new teammate arrived (2025 vol=52 elsewhere),,,138.6,-6.0,"REVISED 2026-08-27 (was logged informational; user asked for real ADP grounding, and checking it turned up a real gap). Our board has him WR30 by projection (166.0 pts, the existing +12.6% correction) while the market drafts him WR55 (ADP 129) -- a 25-spot internal-vs-market gap. His immediate neighbors by OUR projection (Luther Burden ADP 55, Terry McLaurin ADP 54, Parker Washington ADP 75) are all being drafted 50-75 picks earlier than he is despite similar or lower model projections. The role uncertainty already on record (WR2 per some framing, WR3 behind Evans/Kirk per others, Stribling also competing for snaps) is a plausible real reason the market is more cautious than our model -- efficient-market skepticism is itself information here, the same logic already applied to the Broncos backfield earlier this session. Proposes pulling back from +12.6% to -10% (147.4 -> ~132.7) -- not fully collapsing to match ADP mechanically, but no longer asserting a confident edge the market doesn't share and the role reporting doesn't clearly support. (applied via News Queue, 2026-08-27)"
9754.0,Quentin Johnston,WR,00-0038544,projected,8.927994070032629,151.8,False,True,False,departed teammate (2025 vol=122),,,148.6,-2.1,"Separate from his already-queued injury_score entry (2.5 -> 3.0, an unrelated minor ankle tweak) -- this is a real opportunity/role finding. Keenan Allen is fully gone, vacating 122 targets; NFL.com's own reporting calls Johnston 'the natural candidate to inherit the lion's share' of that volume, with new OC Mike McDaniel's scheme specifically built around his size/YAC skillset (McDaniel comps him to Andre Johnson and Julio Jones) and both HC Harbaugh and McDaniel giving him 'nothing but high praise.' Herbert says he's 'going to have his best year.' Current model correction is nearly flat (-2.9%, raw 151.8 -> adj 147.4), which doesn't reflect a real vacated-target case this specific and multi-sourced. Proposes +20% (151.8 -> ~182.2), sized similarly to how the Doubs entry (+10.3%) was built around a comparable 'large real role' signal, scaled up somewhat given a bigger raw target vacancy (122) and a more direct scheme-fit case. (applied via News Queue, 2026-08-27)"
10232.0,Michael Wilson,WR,00-0038559,projected,6.569720639609819,111.7,False,False,True,new teammate arrived (2025 vol=53 elsewhere),,,132.6,18.7,"Raw (111.7) sits notably under Book (132.55) with no reason to withhold it -- real, confirmed first 1,000-yard season in 2025, team wants him long-term (no new deal finalized yet, a contract-status note, not a usage concern). Raw model output 111.7 -> 132.6 = +18.7%. (verified 2026-08-20)"
4037.0,Chris Godwin,WR,00-0033921,projected,7.882490168309485,134.0,False,True,False,departed teammate (2025 vol=62); departed teammate (2025 vol=53),,,134.0,0.0,"Reviewed, confirmed accurate, no change: raw (134.0) already close to Book (131.55). Real, confirmed healthy again, real, explicit 'leads a young group of receivers' WR1 framing. (verified 2026-08-20)"
9756.0,Jordan Addison,WR,00-0038994,projected,8.28539174145574,140.9,False,True,True,departed teammate (2025 vol=53); new teammate arrived (2025 vol=90 elsewhere),,,155.0,10.0,"Companion entry to Jefferson's (00-0036322) correction, same real Murray-upgrade basis. Raw (140.9) was already close to Book (129.65) with no material gap; user-directed to +10.0% to reflect the same real QB-upgrade tailwind. Raw model output 140.9 -> 155.0 = +10.0%, +19.5% above Book (129.65). (verified 2026-08-20)"
13281.0,Jordyn Tyson,WR,00-0041029,insufficient_history,,,False,False,False,,65.0,"NOT a bare Book copy: real, current, decisive: hamstring injury in camp, expected to miss roughly two months, outlook called 'bleak,' real chance of opening the season on IR (verified via NFL.com/ESPN, Aug 2026) -- Book's real current pricing (134.70) is stale relative to this news and shouldn't be used as-is. Discounted well below Book to reflect the real missed-time risk, same treatment class as Chris Bell's (MIA) NFI situation earlier this session. model_projection_status is insufficient_history with no fallback available (same RB-only ROOKIE_FALLBACK_POSITIONS gap). (verified 2026-08-20)",,,
11624.0,Xavier Worthy,WR,00-0039894,projected,6.794771239544107,115.5,False,True,False,departed teammate (2025 vol=74),,,118.3,2.4,"REVISED 2026-08-21, user-directed: -10% off the prior 131.4. 131.4 x 0.90 = 118.3. Raw model output 115.5 -> 118.3 = +2.4%. (verified 2026-08-21)"
9500.0,Josh Downs,WR,00-0038997,projected,7.053236037696112,119.9,False,True,False,departed teammate (2025 vol=111),,,141.6,18.1,"Moved to Book (141.60), user-directed market-defer pass, no individual research done. Raw model output 119.9 -> 141.6. (verified 2026-08-20)"
8134.0,Khalil Shakir,WR,00-0037261,projected,7.215672563471759,122.7,False,False,True,new teammate arrived (2025 vol=85 elsewhere),,,140.0,14.1,"Companion entry to Moore's (00-0034827) correction. Full-pool check (416 real 2025 team WR+TE targets) found real slack once Moore/Coleman/Knox/Palmer were accounted for, rather than a hidden double-count against Moore's arrival -- user-directed to use some of that slack rather than leaving him flat. 140.0 implies ~101 targets at his own real rate (1.388/target), up modestly from his real 95. Raw model output 122.7 -> 140.0 = +14.1%, +14.8% above Book (121.95). (verified 2026-08-20)"
13294.0,Makai Lemon,WR,00-0040867,insufficient_history,,,False,False,False,,75.0,"NOT a bare Book copy: real 1st-round pick (No. 20 overall, PHI traded up for him), which Book's real current pricing (138.50) likely reflects on draft capital alone. But real, current, dated (Aug 20, 2026): hamstring injury since late May, re-injured in early August, missed most of camp, only returned to practice Aug 20 -- real doubt he starts by Week 1 (verified via Inquirer/Yahoo). Book's price predates or doesn't fully reflect that missed-camp reality. Discounted well below Book. model_projection_status is insufficient_history with no fallback available (same RB-only ROOKIE_FALLBACK_POSITIONS gap). (verified 2026-08-20)",,,
8121.0,Romeo Doubs,WR,00-0037816,projected,7.869299448215799,133.8,True,False,True,new teammate arrived (2025 vol=121 elsewhere),,,147.6,10.3,"Companion entry to Brown's (00-0035676) correction. Real, confirmed 4yr/$68M FA signing from GB (March 2026), real reporting: 'should have a large role' behind Brown. Own real 2025 GB rate: 85 targets -> 137.9 pts, 1.622/target. 91 targets (real growth from his own 85, matching the 'large role' framing): 91 x 1.622 = 147.6. Raw model output 133.8 -> 147.6 = +10.3%, +22.5% above Book (120.45). (verified 2026-08-20)"
8676.0,Rashid Shaheed,WR,00-0037545,projected,7.373622984579796,125.4,False,False,False,,,,101.1,-19.4,"Real player missing from the initial SEA batch: real trade from NO to SEA (Nov 4, 2025, for 2026 4th/5th-round picks), real contributor to Seattle's real Super Bowl LX run, re-signed 3yr/$51M ($34.7M guaranteed) in March 2026. Raw (125.4) vs. Book (101.05) is a real gap -- Book already reflects the real, crowded SEA WR room (JSN/Kupp/Shaheed/Horton all real weapons now), no specific reason found to sit above it. Raw model output 125.4 -> 101.1 = -19.4%. (verified 2026-08-20)"
8147.0,John Metchie,WR,00-0037614,projected,4.227129494109588,71.9,True,False,False,,,,38.8,-46.0,"Raw (71.9) vs. Book (38.80) was a +85% gap. Real: part of a wounded WR3 competition (Coker/Legette/Sanders all banged up, Waller just arrived) -- moved to Book. Raw model output 71.9 -> 38.8 = -46.0%. (verified 2026-08-20)"
12501.0,Matthew Golden,WR,00-0040667,projected,3.914866841402644,66.6,False,True,False,departed teammate (2025 vol=85),,,129.1,93.8,"Moved to Book (129.05), user-directed market-defer pass, no individual research done. Raw model output 66.6 -> 129.1. (verified 2026-08-20)"
4981.0,Calvin Ridley,WR,00-0034837,projected,6.256162911926544,106.4,False,True,True,departed teammate (2025 vol=52); new teammate arrived (2025 vol=140 elsewhere),,,49.6,-53.4,"Companion entry to Robinson's (00-0038117) correction. Real, retained via a restructured contract, but real, explicit shift to a mentor role for rookie Tate (00-0041438) -- 'a very, very special kid,' not primary-target framing. His own real 2025 rate was already modest (36 targets -> 38.8 pts, 1.078/target) even before this shift. 46 targets: 46 x 1.078 = 49.6. Raw model output 106.4 -> 49.6 = -53.4%, -22.3% below Book (63.80). (verified 2026-08-20)"
11646.0,Jalen Coker,WR,00-0039491,projected,6.013526731956335,102.2,False,False,False,,,,114.5,12.0,"Real, decisive financial signal: signed a 3yr/$34M extension in July 2026 (a team's own money is about as concrete a commitment signal as exists outside a snap-count). Panthers' own site and SI's beat coverage describe him getting open 'with regularity' and catching cleanly through camp, 'dynamic opposite McMillan.' Current model correction is nearly flat (+1.8%, raw 102.2 -> adj 104.0), which doesn't reflect either the contract or the camp production. Proposes +12% (102.2 -> ~114.5), sized the same way the existing Burden (+10%) and Corum (+8%) entries were -- real buzz without yet an established target-share number to model precisely from. (applied via News Queue, 2026-08-27)"
12860.0,Theo Wease,WR,00-0040311,projected,6.197919611691342,105.4,False,True,False,departed teammate (2025 vol=100),,,105.4,,
10213.0,Tre Tucker,WR,00-0038563,projected,7.114675957425909,120.9,False,True,True,departed teammate (2025 vol=55); new teammate arrived (2025 vol=53 elsewhere),,,135.4,12.0,"Multiple outlets now frame him as the Raiders' presumptive No. 1 WR (52/617.5/4 per-season average last 2 years), playing a contract year with the team reportedly content to let him play it out rather than extend early -- a real performance incentive. Improved offensive coordination under new OC Klint Kubiak is also cited as a positive for the passing game broadly. Current model correction is a -7.9% discount (raw 120.9 -> adj 111.3), which runs opposite to this reporting. Proposes flipping to a modest +8% (120.9 -> ~130.6) rather than asserting a large WR1 breakout -- Jalen Nailor is real, confirmed competition for targets (already reflected via his own +28.5% correction), so this isn't a clean-slate WR1 case. (applied via News Queue, 2026-08-27)"
9502.0,Tank Dell,WR,00-0038977,projected,8.216991248824804,139.7,False,False,True,new teammate arrived (2025 vol=120 elsewhere); new teammate arrived (2025 vol=57 elsewhere); new teammate arrived (2025 vol=68 elsewhere),,,132.2,-5.4,"Companion entry to Collins' (00-0036554) correction. Blended two real pre-injury seasons (2023/2024, before his catastrophic multi-ligament knee tear) for his per-target rate, plus a 20% rust discount given the severity of that real injury -- same healthy-season-blend method as McLaurin/Nabers/Evans. 100 real targets (his own pool share, unchanged by Higgins' vacancy since Dell's own role was already established) x blended/discounted rate = 132.1. Raw model output 139.7 -> 132.2 = -5.4%, +130.3% above Book (57.40) -- Book's own price reflects real, decisive uncertainty about his health, not a comparable per-target-rate construction. (verified 2026-08-20)"
13298.0,KC Concepcion,WR,00-0041547,insufficient_history,,,False,False,False,,136.1,"REVISED 2026-08-21 (boosted 15% off Book's 118.35 on re-audit -- 'needs a boost based on camp hype,' and this holds up as real production, not just buzz): real 2026 1st-round pick (24th overall, the return piece completing the 2025 Travis Hunter trade from JAX). Real, dated preseason production (not just camp reports): 3 catches and the Browns' lone receiving TD (on a jet sweep) in the preseason opener vs. CHI, plus a long punt return -- real, multi-phase usage (motion at the line, punt returns) the team is already featuring him in. model_projection_status is insufficient_history with no fallback available (same RB-only ROOKIE_FALLBACK_POSITIONS gap). 118.35 x 1.15 = 136.1. (verified 2026-08-21)",,,
6783.0,Jerry Jeudy,WR,00-0036407,projected,7.075689903731483,120.3,False,False,False,,,,102.5,-14.8,"Moved to Book (102.45), user-directed market-defer pass, no individual research done. Raw model output 120.3 -> 102.5. (verified 2026-08-20)"
12484.0,Jayden Higgins,WR,00-0040130,projected,6.083817065626328,103.4,False,True,False,departed teammate (2025 vol=52),,,0.0,-100.0,"Real, confirmed, decisive: season-ending ACL tear this week (postdates Book's ~Aug 18-19 pricing snapshot, which still carries him at 116.55). Near-total cut to 0.0, same treatment as Pearsall's (SF) and Charbonnet's ACL cases earlier in this session -- his entire real target pool is explicitly redistributed to Collins/Dell/Hutchinson/Noel below, not left unaccounted for. Raw model output 103.4 -> 0.0 = -100.0%. (verified 2026-08-20)"
7571.0,Rashod Bateman,WR,00-0036550,projected,4.508334272605168,76.6,False,False,False,,,,32.6,-57.5,"REVISED 2026-08-21: real, confirmed arrest -- charged with battery-family violence, reckless conduct, and criminal damage to property from a June 2026 incident (smashed his ex's windshield with their 3-month-old inside); active case, court-ordered family violence intervention program as of July 2026 (thebanner.com, NBC Sports PFT). User-directed: cut 50% off the prior corrected value (65.1 -> 32.6) for real personal-conduct-policy/roster risk. That 50% (32.5 pts) is fully conserved into BAL's other two young WRs, not dropped from the pool -- see 00-0040870 (Lane, +35%) and 00-0040876 (Sarratt, +15%). Raw model output 76.6 -> 32.6 = -57.5%. (verified 2026-08-21)"
11618.0,Jalen McMillan,WR,00-0039855,projected,5.586495474484061,95.0,False,True,False,departed teammate (2025 vol=62); departed teammate (2025 vol=53),,,105.4,10.9,"Raw (95.0) sits under Book (105.40) with no reason to withhold it -- real, confirmed other beneficiary of Evans' departure. Raw model output 95.0 -> 105.4 = +10.9%. (verified 2026-08-20)"
7049.0,Jauan Jennings,WR,00-0036259,projected,8.333149709605784,141.7,True,True,False,departed teammate (2025 vol=53),,,86.2,-39.2,"Raw model (141.7) vs. Book (86.20) was a +64% gap needing scrutiny before being trusted. Real explanation: raw likely extrapolated his full real SF role (90 tgt, true #1b usage) rather than the real, explicit 'reliable No. 3 receiver behind Jefferson and Addison' role the Vikings signed him for. Also found real, moderate TD concentration: 6 of his 9 real 2025 season TDs came in his final 6 games -- not disqualifying like Kolar, but enough to not fully trust his old per-target rate at his old volume. Moved to Book. Raw model output 141.7 -> 86.2 = -39.2%. (verified 2026-08-20)"
8180.0,Jalen Nailor,WR,00-0037291,projected,4.943189231571,84.0,True,False,False,,,,107.9,28.5,"Real, confirmed FA signing (3yr/$35M, verified via Raiders.com), not a data error despite 2025 stats showing him at MIN. 69 targets x his own real MIN rate (1.564/target, 2025: 53 tgt/29 rec/444 yds/4 TD) = 107.9. Raw model output 84.0 -> 107.9 = +28.5%, matches Book (107.60) almost exactly. (verified 2026-08-20)"
13417.0,De'Zhaun Stribling,WR,00-0041035,insufficient_history,,,False,False,False,,126.5,"PLACEHOLDER, not a bare Book copy: real 2026 rookie (SF's first draft selection), model_projection_status is insufficient_history with no fallback available (same RB-only ROOKIE_FALLBACK_POSITIONS gap as the other WR rookies above). Real, current context: SF's receiving corps is real, decisively thin given Pearsall's season-ending injury and Aiyuk's departure, a real opportunity driver for him. User-directed figure: Book's real current pricing (105.4) boosted 20% to 126.5, reflecting that real opportunity beyond what Book alone captures, pending the same real WR/TE rookie-fallback build. (verified 2026-08-20)",,,
11625.0,Adonai Mitchell,WR,00-0039890,projected,4.591060274584665,78.0,False,False,False,,,,80.8,3.6,"Moved to Book (80.80), user-directed market-defer pass, no individual research done. Raw model output 78.0 -> 80.8. (verified 2026-08-20)"
13301.0,Antonio Williams,WR,00-0041040,insufficient_history,,,False,False,False,,61.2,"PLACEHOLDER, not a model output: real rookie WR, model_projection_status is insufficient_history with no fallback available (same RB-only ROOKIE_FALLBACK_POSITIONS gap as Thompson, 00-0041550). Using Book's real current pricing (61.2) directly as a stopgap, pending the same real WR/TE rookie-fallback build. (verified 2026-08-20)",,,
4039.0,Cooper Kupp,WR,00-0033908,projected,6.726851729854142,114.4,False,False,False,,,,70.4,-38.5,"Raw (114.4) vs. Book (70.40) was a +63% gap. Real, current, decisive: 'hasn't played a full season in four years,' wasn't even a lock to make the 2026 roster before a contract clause guaranteed money kicked in -- real, current injury-risk discount territory, not aging-veteran caution alone. Book already prices this in. Raw model output 114.4 -> 70.4 = -38.5%. (verified 2026-08-20)"
13346.0,Denzel Boston,WR,00-0041037,insufficient_history,,,False,False,False,,93.15,"PLACEHOLDER, not independently built: real 2026 2nd-round pick (Washington), same structural gap as Concepcion (00-0041547) above. Using Book's real current pricing (93.15) directly, consistent with the market-defer treatment given to the rest of this CLE batch. (verified 2026-08-20)",,,
13276.0,Omar Cooper,WR,00-0041511,insufficient_history,,,False,False,False,,104.6,"PLACEHOLDER, not independently built: real 2026 rookie (Indiana), ranked 9th overall in the 2026 rookie class, real reporting specifically notes he fills a 'slot WR' gap NYJ's depth chart lacked -- a real weapon missing from NYJ's initial three-name list (Wilson/Taylor/Mitchell). model_projection_status is insufficient_history with no fallback available (same RB-only ROOKIE_FALLBACK_POSITIONS gap). Using Book's real current pricing (104.6) directly, consistent with the market-defer treatment given to the rest of this NYJ batch. (verified 2026-08-20)",,,
13274.0,Germie Bernard,WR,00-0041489,insufficient_history,,,False,False,False,,80.9,"PLACEHOLDER, not a model output: real 2026 2nd-round rookie, model_projection_status is insufficient_history with no fallback available (same RB-only ROOKIE_FALLBACK_POSITIONS gap as the other WR rookies above). Real, current reporting confirms he's currently behind Roman Wilson (00-0039739) for the WR3 role ('soundly held off... for the WR3 job'). Using Book's real current pricing (80.9) directly as a stopgap, pending the same real WR/TE rookie-fallback build. (verified 2026-08-20)",,,
12530.0,Travis Hunter,WR,00-0040718,projected,6.376429677486535,108.4,False,False,True,new teammate arrived (2025 vol=110 elsewhere); new teammate arrived (2025 vol=95 elsewhere); new teammate arrived (2025 vol=91 elsewhere),,,79.1,-27.0,"Moved to Book (79.10), user-directed market-defer pass, no individual research done. Raw model output 108.4 -> 79.1. (verified 2026-08-20)"
11626.0,Xavier Legette,WR,00-0039342,projected,5.210551047414575,88.6,False,False,False,,,,54.0,-39.1,"Raw (88.6) vs. Book (54.00) was a +64% gap needing scrutiny (Bryant-scale). Real, current: cleared a concussion scare from a scary hit, looks like a stinger -- but the size of the gap and the real crowded/banged-up CAR WR room (Coker hurt, Sanders hurt, Waller just arrived) support deferring to Book rather than trusting raw. Raw model output 88.6 -> 54.0 = -39.1%. (verified 2026-08-20)"
9504.0,Kayshon Boutte,WR,00-0038608,projected,6.173413195740632,104.9,False,True,True,departed teammate (2025 vol=102); new teammate arrived (2025 vol=121 elsewhere); new teammate arrived (2025 vol=85 elsewhere),,,107.0,2.0,"Confirmed trade NE -> HOU (Aug 24-25, 2026; Patriots received S Jaylen Reed + a 2028 7th). His existing model_projections_v1.csv correction (-20.3%) was built entirely around a crowded NEW ENGLAND room (A.J. Brown acquired June 1, Romeo Doubs signed 4yr/$68M in March) -- that premise is void now that he's left it. Houston lost its WR2 (Jayden Higgins, torn ACL) the same week, putting Boutte behind only Nico Collins. Proposal keeps his own real, already-TD-regressed per-target rate (1.817/target) and raises assumed target volume 46 -> ~55 (a partial share of Higgins' vacated targets split with Dell/Hutchinson/Noel, not his full volume): 55 x 1.817 = 99.9. Net vs. raw model output: 104.9 -> ~99.7 = -5.0%. IMPLEMENTATION: model_projections_v1.csv + MODEL_PROJECTION_CORRECTIONS (00-0038608), NOT PROJECTION_MANUAL_ADJUSTMENTS -- the model layer overrides the latter silently for any player it covers. (applied via News Queue, 2026-08-27)"
7090.0,Darnell Mooney,WR,00-0036309,projected,5.58572176652488,95.0,True,False,True,new teammate arrived (2025 vol=55 elsewhere),,,73.2,-23.0,"Real veteran FA signing (not a camp body) with specific, positive Day 1 camp reporting from the Giants' own site: caught 2 of the team's 4 deep completions on Dart's first padded practice, getting open on out-routes in 1-on-1s. Current model correction (-48.3%, raw 95.0 -> adj 49.1) reads as a generic new-team discount that predates this specific positive signal. Proposes narrowing to -15% (95.0 -> ~80.75) -- still real caution given the room is crowded (Nabers WR1, Beckham/Berrios also competing, Slayton fading), but no longer as severe as a player who hasn't shown anything yet. (applied via News Queue, 2026-08-27)"
11748.0,Bub Means,WR,00-0039386,projected,5.464976489784028,92.9,False,False,True,new teammate arrived (2025 vol=156 elsewhere),,,92.9,,
11610.0,Malik Washington,WR,00-0039880,projected,4.886320395372728,83.1,False,True,False,departed teammate (2025 vol=100),,,83.1,,
13293.0,Ja'Kobi Lane,WR,00-0040870,insufficient_history,,,False,False,False,,111.7,"REVISED 2026-08-21: real, confirmed Bateman arrest (see 00-0036550) creates real personal-conduct-policy/roster risk behind him -- 35 of the 50 points Bateman lost (65.1 x 50% = 32.5 pool, split 35/15 per user direction) land here. Prior real basis unchanged: 3rd-round rookie, real escalating camp story (ESPN's Jamison Hensley called it the best rookie camp he's seen; team site had him as No. 3 WR behind Flowers/Bateman as of Aug 5, 2026). 88.9 + 22.8 (35% of Bateman's 65.1) = 111.7. (verified 2026-08-21)",,,
6149.0,Darius Slayton,WR,00-0035535,projected,5.622190154192168,95.6,False,True,True,departed teammate (2025 vol=140); new teammate arrived (2025 vol=72 elsewhere); new teammate arrived (2025 vol=55 elsewhere),,,70.1,-26.7,"Companion entry to Nabers' (00-0039337) correction. Real, returning starter, but real added competition from Likely (00-0037838) and Mooney (00-0036309) both arriving. Own real 2025 rate: 63 targets -> 80.3 pts, 1.275/target. 55 targets (real modest decline given the crowded room): 55 x 1.275 = 70.1. Raw model output 95.6 -> 70.1 = -26.7%, -3.4% below Book (72.6). (verified 2026-08-20)"
11627.0,Troy Franklin,WR,00-0039868,projected,7.097398486719814,120.7,False,False,True,new teammate arrived (2025 vol=100 elsewhere),,,70.6,-41.5,"Companion entry to Waddle's (00-0036613) correction. Real, current camp reporting: demoted to the second team ('a loud message sent'), and separately confirmed behind Bryant (00-0040134) specifically for the WR3 role. User-directed: moved to Book's real current pricing. Raw model output 120.7 -> 70.6 (Book) = -41.5%. (verified 2026-08-20)"
8188.0,Tyquan Thornton,WR,00-0038104,projected,4.709144892843399,80.1,False,True,False,departed teammate (2025 vol=74),,,70.0,-12.6,"Companion entry to Worthy's (00-0039894) correction, another real beneficiary of Brown's vacated 74-target real share -- absorbs volume rather than being cut to Book. Raw model output 80.1 -> 70.0 = -12.6%, +33.1% above Book (52.60), the real vacated-pool basis for that deviation. (verified 2026-08-20)"
13320.0,Zachariah Branch,WR,00-0041044,insufficient_history,,,False,False,False,,,,,,
12497.0,Tory Horton,WR,00-0040648,projected,6.074227479040273,103.3,False,False,False,,,,76.5,-25.9,"Companion entry to Shaheed's (00-0037545) correction -- same real crowded-room basis, no reason found to sit above Book once Shaheed is properly accounted for in the pool. Raw model output 103.3 -> 76.5 = -25.9%. (verified 2026-08-20)"
4950.0,Christian Kirk,WR,00-0034775,projected,4.856019944091287,82.6,True,False,True,new teammate arrived (2025 vol=62 elsewhere),,,36.9,-55.3,"Companion entry to Evans' (00-0031408) correction. An initial construction using his own real rate (0.844, already the lowest anchor in this whole session) still landed +110.3% above Book -- checked further given the size of that gap. Real, specific, dated finding: calf strain onset July 27, 2026, described as 'notorious for slow healing and reinjury,' possible Grade 2 requiring 6-8 weeks, still not resolved weeks later as of the most recent reports. Real, more severe risk found: multiple real headlines report the 49ers may leave him off the roster entirely ('Easy Decision... for Roster Cuts,' 'Roster Projection Leaves Out' him) -- real, substantial roster-cut risk on top of the injury, which explains Book's very low price. Moved to Book. Raw model output 82.6 -> 36.9 (Book) = -55.3%. (verified 2026-08-20)"
11834.0,Devaughn Vele,WR,00-0039424,projected,5.67983630188191,96.6,False,False,False,,,,74.5,-22.9,"Companion entry to Olave's (00-0037239) correction. User-directed: dropped to Book directly rather than the initial +5.2% raise. Raw model output 96.6 -> 74.5 = -22.9%, matches Book. (verified 2026-08-20)"
,Hollywood Brown,WR,,no_crosswalk_match,,,False,False,False,,,,,,
10226.0,Andrei Iosivas,WR,00-0038619,projected,5.145358431840927,87.5,False,False,False,,,,87.5,,
11783.0,Ryan Flournoy,WR,00-0039410,projected,5.051149282401179,85.9,False,False,False,,,,85.9,,
12535.0,Isaac TeSlaa,WR,00-0040669,projected,4.714894668960174,80.2,False,False,False,,,,83.0,3.5,"Companion entry to St. Brown's (00-0036963) correction, real beneficiary of the same Raymond/Patrick departures, real 'clear, uncontested path to WR3' framing. His real 2025 rate (2.515/target, 27 tgt) is TD-hot -- 53% of his value from 6 TDs on just 27 targets, worse concentration than Kolar's original case. Regressed to a non-TD rate (1.181/target) + 3 real TD (half his real total) applied to 55 targets (up from 27, reflecting the real uncontested opportunity) = 83.0. Raw model output 80.2 -> 83.0 = +3.5%, -6.6% below Book (88.90). (verified 2026-08-20)"
12509.0,Tre' Harris,WR,00-0040727,projected,3.696939121681989,62.8,False,True,False,departed teammate (2025 vol=122),,,103.7,65.1,"Companion entry to McConkey's (00-0039915) correction, same 480-touch LAC pool. Real, direct HC endorsement (Jim Harbaugh: Harris is 'clearly' part of the top three WRs alongside McConkey/Johnston, despite only 49% offensive snaps as a rookie) plus real Allen-vacancy beneficiary status, plus a real scheme-fit signal (Allen himself described as a poor fit for new speed-based OC Mike McDaniel, part of why he left). Real 2025 rate: 43 targets -> 54.4 pts, 1.265/target. 17% share, real decisive expansion from his 43-target rookie sample: 82 targets x 1.265 = 103.7. Raw model output 62.8 -> 103.7 = +65.1%, +11.0% above Book (93.40). (verified 2026-08-20)"
8117.0,Jalen Tolbert,WR,00-0037666,projected,3.762752913805543,64.0,True,False,False,,,,27.7,-56.7,"Raw model (64.0) vs. Book (27.70) was a Bryant/Johnston-scale gap (+131%) that needed scrutiny before being trusted. Real explanation: real, current reporting describes a genuinely open WR competition ('no proven No. 1 receiver... wide-open battle'), with Tolbert 'pushing for outside snaps' rather than holding a locked-in role -- raw likely just extrapolated his real 2024 DAL breakout without knowing about the Willis downgrade or the crowded room. Moved to Book. Raw model output 64.0 -> 27.7 = -56.7%. (verified 2026-08-20)"
13311.0,Chris Bell,WR,00-0041525,insufficient_history,,,False,False,False,,74.7,"PLACEHOLDER: real 3rd-round rookie, model_projection_status is insufficient_history with no fallback available (same RB-only ROOKIE_FALLBACK_POSITIONS gap). Real, borderline-1st-round college talent (72-917-6 final Louisville season) before tearing his ACL Nov 22, 2025 -- Miami's own beat writer calls him 'the missing ingredient.' Real, acute availability risk (activated off NFI Aug 17, 2026, practicing in a red non-contact jersey, no definitive timetable) initially argued for an independently-built, risk-discounted figure below Book -- but user-directed to defer to Book for this whole rebuilt MIA offense, same as every other player in this batch. Using Book's real current pricing (74.7) directly. (verified 2026-08-20)",,,
13296.0,Caleb Douglas,WR,00-0041523,insufficient_history,,,False,False,False,,26.5,"PLACEHOLDER, not independently built: real 3rd-round rookie, model_projection_status is insufficient_history with no fallback available (same RB-only ROOKIE_FALLBACK_POSITIONS gap). Real, current reporting calls him 'a reach' (Sharp Football), sitting behind Tolbert (00-0037666)/Atwell (00-0036849) on the depth chart -- no specific reason found to deviate from Book, consistent with deferring to Book for this whole rebuilt MIA offense. Using Book's real current pricing (26.5) directly as a stopgap, pending the real WR/TE rookie-fallback build. (verified 2026-08-20)",,,
7587.0,Dyami Brown,WR,00-0036626,projected,3.337809151753899,56.7,True,False,True,new teammate arrived (2025 vol=52 elsewhere),,,56.7,,
13317.0,Ted Hurst,WR,00-0041048,insufficient_history,,,False,False,False,,,,,,
8135.0,Treylon Burks,WR,00-0037742,projected,2.783767311856398,47.3,False,True,True,departed teammate (2025 vol=99); new teammate arrived (2025 vol=52 elsewhere),,,26.7,-43.6,"Companion entry to McLaurin's (00-0035659) correction, same 350-target WAS pool. Real, limited 2025 role (8 games, 22 targets -> 24.0 pts, 1.091/target -- thin sample, lower confidence). 7% share: 24.5 targets x 1.091 = 26.7. Raw model output 47.3 -> 26.7 = -43.6%, -7.3% below Book (28.80). (verified 2026-08-20)"
6427.0,Ashton Dulin,WR,00-0035021,projected,1.9247698916667333,32.7,False,True,False,departed teammate (2025 vol=111),,,32.7,,
9486.0,Dontayvion Wicks,WR,00-0038393,projected,4.717256465282883,80.2,True,True,True,departed teammate (2025 vol=85); new teammate arrived (2025 vol=74 elsewhere),,,80.4,0.2,"Companion entry to Smith's (00-0036912) correction, same real vacated-pool basis. His own real rate (1.309/target, 2025: 46 tgt/30 rec/332 yds/2 TD) x 55 targets = 72.0. User-directed to +40% above Book given Makai Lemon's (00-0040867) real hamstring injury (see that entry) opening real snaps for him to start the season. Raw model output 80.2 -> 80.4 = +0.2%, +40.0% above Book (57.40). (verified 2026-08-20)"
12483.0,Jack Bech,WR,00-0040729,projected,2.905298142268176,49.4,False,True,True,departed teammate (2025 vol=55); new teammate arrived (2025 vol=53 elsewhere),,,71.7,45.1,"An initial construction cut him to -61.1% below Book based on Malik Benson (00-0040894) 'outplaying' him for WR3 -- checked further given the size of that gap (same scrutiny Bryant's -57% needed). Real, more complete reporting: Bech is still part of the real starting WR trio (Tucker/Nailor/Bech), led all Raiders WRs with 22 offensive snaps in the preseason opener, running ~35% of snaps -- Benson's real camp momentum threatens Thornton's/Young's rotational spot BEHIND the starting three, not clearly Bech's own job. No remaining reason to sit below Book once that correction was made -- moved to match Book directly. Raw model output 49.4 -> 71.7 = +45.1%, matches Book (71.70) exactly. (verified 2026-08-20)"
12499.0,Elic Ayomanor,WR,00-0040170,projected,6.239148473534929,106.1,False,True,True,departed teammate (2025 vol=52); new teammate arrived (2025 vol=140 elsewhere),,,44.2,-58.3,"Companion entry to Robinson's (00-0038117) correction. Real, existing complementary WR, own real 2025 rate: 89 targets -> 96.0 pts, 1.079/target. 41 targets (real reduction given the two major real additions above him): 41 x 1.079 = 44.2. Raw model output 106.1 -> 44.2 = -58.3%, -5.4% below Book (46.70). (verified 2026-08-20)"
12540.0,Chimere Dike,WR,00-0040705,projected,6.004491249953119,102.1,False,True,True,departed teammate (2025 vol=52); new teammate arrived (2025 vol=140 elsewhere),,,52.1,-49.0,"Companion entry to Robinson's (00-0038117) correction. CHECKED before finalizing -- an initial construction using 'own strong rate' at a larger share was actively reconsidered given a real, specific camp-role check: current reporting frames him explicitly as 'primarily a backup and rotational receiver,' with heavy real emphasis on his return-game role (primary punt returner), and a real, specific target-competition signal -- 'no player caught more passes... than Xavier Restrepo (26)... ahead of Dike (21)' in camp drills. This confirms, not contradicts, a modest allocation -- his own real rate (74 targets -> 104.1 pts, 1.407/target) is real but his real role doesn't support a large target share. 37 targets: 37 x 1.407 = 52.1. Raw model output 102.1 -> 52.1 = -49.0%, -28.0% below Book (72.40) -- a real, disclosed gap, not residual leftover math. (verified 2026-08-20)"
8119.0,Jahan Dotson,WR,00-0037741,projected,3.321282959589905,56.5,True,True,True,departed teammate (2025 vol=121); new teammate arrived (2025 vol=65 elsewhere),,,56.5,0.0,"Reviewed, confirmed accurate, no change: raw (56.5) close to Book (52.40), real complementary piece filling out the post-Mooney WR room. (verified 2026-08-20)"
12536.0,Jaylin Noel,WR,00-0040138,projected,3.402889176826054,57.8,False,True,False,departed teammate (2025 vol=52),,,95.0,64.3,"Companion entry to Collins' (00-0036554) correction. Real 2025 second-round rookie, absorbs a real share of Higgins' vacated pool as the clearer real beneficiary given Hutchinson's minimal role above. 60 real targets (up from his own real 2025 share) x his own real per-target rate = 95.0. Raw model output 57.8 -> 95.0 = +64.3%, +41.0% above Book (67.40). (verified 2026-08-20)"
12492.0,Pat Bryant,WR,00-0040134,projected,4.603531573552021,78.3,False,False,True,new teammate arrived (2025 vol=100 elsewhere),,,63.0,-19.6,"Companion entry to Waddle's (00-0036613) correction. Real, current camp reporting checked and found to directly contradict an initial 'second-team depth' read: Bryant is 'ahead of Troy Franklin and Marvin Mims for the WR3 role,' the 'clear winner' of that competition, with real coach praise from Sean Payton and a specific real role description ('secondary option alongside Sutton and Waddle'). Own real 2025 rate: 49 targets -> 59.3 pts, 1.210/target. 52 targets (real, bigger allocation reflecting his confirmed edge over Franklin): 52 x 1.210 = 62.9. Raw model output 78.3 -> 62.9 = -19.6%, -20.3% below Book (78.90). (verified 2026-08-20)"
12482.0,Savion Williams,WR,00-0040009,projected,1.9554661454693587,33.2,False,True,False,departed teammate (2025 vol=85),,,33.2,,
7670.0,Joshua Palmer,WR,,no_crosswalk_match,,,False,False,False,,33.5,"Real, distinct gap from Aiyuk's above: he DOES have a real gsis_id (00-0036988) in both stats_player_reg_by_season/2025.csv and roster_2026.csv, but both key him as 'Josh Palmer' while master_players.csv/Book key him as 'Joshua Palmer' -- unlike Gainwell's Kenneth/Kenny variant (00-0036919, above), which still resolved via the existing key match, this Josh/Joshua variant genuinely breaks the join (model_projection_status came back no_crosswalk_match). Real, dated camp reporting (as of days before Buffalo's first 2026 preseason game): 'the WR3 spot appears to be his to lose' over Keon Coleman (00-0039901, see BUF batch companion entry) -- healthy again and 'catching everything in sight' while Coleman deals with drops. Value set above both Coleman's corrected figure and his own stale Book price (26.60) to reflect that real, current flip in the depth chart. (verified 2026-08-20)",,,
11650.0,Luke McCaffrey,WR,00-0039355,projected,3.960648201634768,67.3,False,True,True,departed teammate (2025 vol=99); new teammate arrived (2025 vol=52 elsewhere),,,10.5,-84.4,"Companion entry to McLaurin's (00-0035659) correction, same 350-target WAS pool. His own real 2025 rate (15 targets -> 45.8 pts, 3.053/target) is REJECTED as small-sample noise -- same class of distortion as Kolar's original 2.08 rate, on an even thinner sample. Book's real current pricing (7.30) is very low, a real signal the market sees minimal role for him -- weighted that over his own noisy rate. Used a conservative proxy rate (1.0) at a real, small allocation: 3% share, 10.5 targets x 1.0 = 10.5. Raw model output 67.3 -> 10.5 = -84.4%, +43.8% above Book (7.30) -- still somewhat above Book, reflecting some real chance of incremental usage, but moved decisively toward the market rather than his own unreliable rate. (verified 2026-08-20)"
9494.0,Marvin Mims,WR,00-0038976,projected,4.99714839926243,85.0,False,False,True,new teammate arrived (2025 vol=100 elsewhere),,,58.4,-31.3,"Companion entry to Waddle's (00-0036613) correction. Moved to Book after real, current negative reporting checked and confirmed: Mims has 'openly lamented his role,' used as a real 'gadget option,' and per real analysis could be looking at 'fifth most' target share on the team (behind Sutton, Waddle, the TE, and the RB) -- directly contradicts an expanded-role read. Raw model output 85.0 -> 58.4 (Book) = -31.3%. (verified 2026-08-20)"
8917.0,KaVontae Turpin,WR,00-0037801,projected,4.509859486758167,76.7,False,False,False,,,,76.7,0.0,"Reviewed, no individual research done, left at raw (76.7): +21.7% above Book (63.00), unresearched -- real return specialist with some real WR usage, no specific evidence found either direction. (verified 2026-08-20)"
6271.0,Olamide Zaccheaus,WR,00-0035208,projected,4.654533234961248,79.1,True,True,False,departed teammate (2025 vol=85),,,79.1,0.0,"Reviewed, confirmed accurate, no change: raw (79.1), no Book anchor, real complementary piece filling out the post-Mooney WR room (departed CHI earlier this session, a real cross-batch consistency check). (verified 2026-08-20)"
10218.0,Xavier Hutchinson,WR,00-0038618,projected,4.051442368203974,68.9,False,True,False,departed teammate (2025 vol=52),,,45.8,-33.5,"Real, decisive opportunity increase: SI.com's own Texans-beat reporting states the two players who ranked ABOVE him in target share last season -- Jayden Higgins (torn ACL, out for 2026) and Christian Kirk (departed to SF, already reflected in our own data) -- are both gone. He enters 2026 off a real career-best 2025 (30+ catches, 400+ yards) and is described as 'healthy' and fitting the Z-receiver mold the offense wants. Current model correction (-48.8%, raw 68.9 -> adj 35.3) was built for a depth role behind two players who no longer occupy that spot. Proposes narrowing the discount to -10% (68.9 -> ~62.0) -- still conservative (he was a real career backup, not assuming a target hog role), but no longer treating him as buried on the depth chart when the reporting says the opposite. (applied via News Queue, 2026-08-27)"
8125.0,Calvin Austin,WR,00-0037837,projected,4.853532906878675,82.5,True,False,True,new teammate arrived (2025 vol=72 elsewhere),,,82.5,,
9501.0,DeMario Douglas,WR,00-0038621,projected,5.051470901946026,85.9,False,True,True,departed teammate (2025 vol=102); new teammate arrived (2025 vol=121 elsewhere); new teammate arrived (2025 vol=85 elsewhere),,,66.3,-22.8,"Companion entry to Brown's (00-0035676) correction. Real Book gap (+34.5%) actively investigated before accepting -- the 'seven receivers for 5-6 spots' roster-crunch framing is real but traces to a mid-July article, stale relative to more recent camp reporting. Independently verified (not just relayed): real, current, corroborated reporting has him as 'one of the top weapons through 12 practices,' working as the team's 'top slot receiver,' with 'the strongest beginning to camp of his four-year career,' including a real standout blue-white scrimmage (6 catches, 2 TDs). The roster-crunch risk in current reporting concentrates on Hollins/Kyle Williams/Chism fighting for the last spots, not Douglas, who reads as having separated into a real role. Own real 2025 rate: 46 targets -> 80.3 pts, 1.746/target. 38 targets: 38 x 1.746 = 66.3. Raw model output 85.9 -> 66.3 = -22.8%, +34.5% above Book (49.30) -- kept above Book on the strength of this more current, independently-checked evidence; Book's price likely still reflects the general, now-stale team-level uncertainty rather than Douglas's specific recent separation from it. (verified 2026-08-20)"
13268.0,Elijah Sarratt,WR,00-0040876,insufficient_history,,,False,False,False,,82.9,"REVISED 2026-08-21: real, confirmed Bateman arrest (see 00-0036550) creates real personal-conduct-policy/roster risk behind him -- 15 of the 50 points Bateman lost (65.1 x 50% = 32.5 pool, split 35/15 per user direction) land here. Prior real basis unchanged: 4th-round rookie, real competition for snaps against Lane (00-0040870) and Devontez Walker behind Flowers/Bateman. 73.1 + 9.8 (15% of Bateman's 65.1) = 82.9. (verified 2026-08-21)",,,
11637.0,Keon Coleman,WR,00-0039901,projected,6.322645981365792,107.5,False,False,True,new teammate arrived (2025 vol=85 elsewhere),,,28.3,-73.7,"Raw model (107.5) vs. Book (31.80) was a Bryant/Johnston-scale gap (+238%) that needed the same scrutiny before being trusted. Real, dated camp reporting explains it: lost the WR3 battle to Joshua Palmer (00-0036988) amid 'untimely drops' while Palmer (healthy again) has been 'catching everything in sight' -- as of days before the first 2026 preseason game, Coleman projects as Bills' WR4, 'no reason to believe an uptick.' Moved to near Book. Raw model output 107.5 -> 28.3 = -73.7%, -11.0% below Book (31.80). (verified 2026-08-20)"
12641.0,Jaylin Lane,WR,00-0040164,projected,3.087800027811862,52.5,False,True,True,departed teammate (2025 vol=99); new teammate arrived (2025 vol=52 elsewhere),,,52.5,,
7496.0,Nick Westbrook-Ikhine,WR,00-0036182,projected,3.1204535104601607,53.0,True,True,False,departed teammate (2025 vol=100),,,53.0,,
13079.0,Jahdae Walker,WR,00-0040277,projected,3.563614013806573,60.6,False,True,False,departed teammate (2025 vol=85); departed teammate (2025 vol=65),,,60.6,,
3286.0,Demarcus Robinson,WR,00-0032775,projected,4.375241657400722,74.4,False,True,True,departed teammate (2025 vol=53); departed teammate (2025 vol=90); new teammate arrived (2025 vol=62 elsewhere); new teammate arrived (2025 vol=52 elsewhere),,,74.4,,
10444.0,Cedric Tillman,WR,00-0038979,projected,4.458546401987283,75.8,False,False,False,,,,75.8,,
7562.0,Tutu Atwell,WR,00-0036849,projected,3.750201504083394,63.8,True,False,False,,,,63.8,,
13338.0,Kevin Coleman,WR,00-0041529,insufficient_history,,,False,False,False,,,,,,
4454.0,Kendrick Bourne,WR,00-0033307,projected,5.441660723493344,92.5,True,True,False,departed teammate (2025 vol=90),,,92.5,,
3634.0,Kalif Raymond,WR,00-0032464,projected,3.670259238046937,62.4,True,False,False,,,,62.4,,
13413.0,Cyrus Allen,WR,00-0040890,insufficient_history,,,False,False,False,,80.0,"NOT a bare Book copy (no Book price exists for him at all): real 5th-round rookie (Cincinnati), real, dated camp buzz -- earning real first-team slot reps with Mahomes as of early August 2026, ahead of expectations for his draft slot. model_projection_status is insufficient_history with no fallback available (same RB-only ROOKIE_FALLBACK_POSITIONS gap). User-directed to 80.0, reflecting real conviction in that camp momentum beyond a token depth-role value. (verified 2026-08-20)",,,
13402.0,Skyler Bell,WR,00-0041443,insufficient_history,,,False,False,False,,,,,,
13420.0,Bryce Lance,WR,00-0041067,insufficient_history,,,False,False,False,,,,,,
11623.0,Jordan Whittington,WR,00-0039751,projected,2.406674035107211,40.9,False,False,False,,,,40.9,,
11629.0,Devontez Walker,WR,00-0039792,projected,3.583959333924839,60.9,False,False,False,,,,60.9,,
13411.0,Zavion Thomas,WR,00-0041051,insufficient_history,,,False,False,False,,,,,,
2078.0,Odell Beckham,WR,00-0031235,projected,3.50052110864966,59.5,False,False,True,new teammate arrived (2025 vol=63 elsewhere); new teammate arrived (2025 vol=72 elsewhere); new teammate arrived (2025 vol=55 elsewhere),,,59.5,,
13285.0,Malachi Fields,WR,00-0041042,insufficient_history,,,False,False,False,,67.6,"PLACEHOLDER, not a model output: real 3rd-round rookie, model_projection_status is insufficient_history with no fallback available (same RB-only ROOKIE_FALLBACK_POSITIONS gap as Thompson/Williams above). Using Book's real current pricing (67.6) directly as a stopgap, pending the same real WR/TE rookie-fallback build. (verified 2026-08-20)",,,
12541.0,Dont'e Thornton,WR,00-0040581,projected,2.422134070362604,41.2,False,True,True,departed teammate (2025 vol=55); new teammate arrived (2025 vol=53 elsewhere),,,41.2,,
12503.0,Isaiah Bond,WR,00-0040782,projected,3.647308621461235,62.0,False,False,False,,,,58.8,-5.2,"Moved to Book (58.80), user-directed market-defer pass, no individual research done. Raw model output 62.0 -> 58.8. (verified 2026-08-20)"
12718.0,Konata Mumpfield,WR,00-0040590,projected,2.53620304451056,43.1,False,False,False,,,,43.1,,
13380.0,Brenen Thompson,WR,00-0041550,insufficient_history,,,False,False,False,,32.0,"PLACEHOLDER, not a model output: real 2026 3rd-round-ish rookie (105th overall), competing with Tre' Harris (00-0040727) for LAC's WR3/4 role, but real reporting gives Harris the clear real edge ('clearly' top-3 per HC Harbaugh) -- Thompson is real early-down/situational depth behind him. No independent construction possible: model_projection_status is insufficient_history and ROOKIE_FALLBACK_POSITIONS is RB-only, so no generic fallback exists either for this WR to override. Using Book's real current pricing (32.0) directly as a stopgap so the cell isn't blank, pending a real WR/TE rookie-fallback build (same gap this note exists to flag). (verified 2026-08-20)",,,
4177.0,Mack Hollins,WR,00-0033555,projected,5.658108206815568,96.2,False,True,True,departed teammate (2025 vol=102); new teammate arrived (2025 vol=121 elsewhere); new teammate arrived (2025 vol=85 elsewhere),,,47.3,-50.8,"Companion entry to Brown's (00-0035676) correction. Real, older depth/complementary role, part of the real roster-crunch group (competing with Kyle Williams/Chism for the last 1-2 spots) per current reporting. Own real 2025 rate: 65 targets -> 90.4 pts, 1.391/target. 34 targets (real decline given the genuinely crowded room): 34 x 1.391 = 47.3. Raw model output 96.2 -> 47.3 = -50.8%, -4.3% below Book (49.40). (verified 2026-08-20)"
12670.0,KeAndre Lambert-Smith,WR,00-0040184,projected,1.881288490451808,32.0,False,True,False,departed teammate (2025 vol=122),,,32.0,,
7437.0,Kyle Williams,WR,00-0040131,projected,3.165688377733538,53.8,False,True,True,departed teammate (2025 vol=102); new teammate arrived (2025 vol=121 elsewhere); new teammate arrived (2025 vol=85 elsewhere),,,53.8,,
12485.0,Tez Johnson,WR,00-0040237,projected,4.929402828531158,83.8,False,True,False,departed teammate (2025 vol=62); departed teammate (2025 vol=53),,,83.8,,
12523.0,Jimmy Horn,WR,00-0040218,projected,2.420951235846206,41.2,False,False,False,,,,41.2,,
11068.0,Mitch Tinsley,WR,,no_crosswalk_match,,,False,False,False,,,,,,
12505.0,Jalen Royals,WR,00-0040646,projected,1.33762884003702,22.7,False,True,False,departed teammate (2025 vol=74),,,22.7,0.0,"Reviewed, confirmed accurate, no change: raw (22.7), no Book anchor, real complementary depth piece in the post-JuJu WR room. (verified 2026-08-20)"
11762.0,Anthony Gould,WR,00-0039816,projected,1.041166710848904,17.7,False,True,False,departed teammate (2025 vol=111),,,17.7,,
13329.0,Malik Benson,WR,00-0040894,insufficient_history,,,False,False,False,,30.0,"PLACEHOLDER, independently built (no Book price exists for him at all, unlike the other entries in this dict): real late-round 2026 rookie, model_projection_status is insufficient_history with no fallback available (same RB-only ROOKIE_FALLBACK_POSITIONS gap). Real, very fresh (Aug 17-19, 2026) camp reporting: 'battling to be a starter or at worst a solid rotational weapon,' working into 1st-team snaps -- real competition for the rotational spot behind LV's starting trio (Tucker/Nailor/Bech, see LV batch companion entries), not yet a threat to the starters themselves. 25 targets (a modest, real rotational-depth role, not a starting share) x 1.2 (proxy rate, no NFL history -- blended from real LV teammate rates) = 30.0. (verified 2026-08-20)",,,
5970.0,Greg Dortch,WR,00-0035500,projected,4.342487869339088,73.8,True,False,False,,,,73.8,,
8204.0,Bo Melton,WR,,no_crosswalk_match,,,False,False,False,,,,,,
7757.0,Ben Skowronek,WR,00-0036862,projected,1.609193665930146,27.4,False,True,True,departed teammate (2025 vol=55); new teammate arrived (2025 vol=111 elsewhere),,,27.4,,
11377.0,Tyrell Shavers,WR,00-0038679,projected,4.976118030241572,84.6,False,False,True,new teammate arrived (2025 vol=85 elsewhere),,,84.6,,
10234.0,Derius Davis,WR,00-0038573,projected,1.3165424660691172,22.4,False,True,False,departed teammate (2025 vol=122),,,22.4,,
11617.0,Malachi Corley,WR,00-0039920,projected,2.1427955075787186,36.4,False,False,False,,,,36.4,,
11168.0,Xavier Smith,WR,00-0038359,projected,2.4909294198686927,42.3,False,False,False,,,,42.3,,
11608.0,Isaiah Williams,WR,00-0039451,projected,2.870306292038074,48.8,False,False,False,,,,48.8,,
13477.0,Colbie Young,WR,00-0041069,insufficient_history,,,False,False,False,,,,,,
13270.0,CJ Daniels,WR,00-0041399,insufficient_history,,,False,False,False,,,,,,
5374.0,Justin Watson,WR,00-0034386,projected,2.3983267396576107,40.8,False,True,False,departed teammate (2025 vol=52),,,40.8,,
10225.0,Jonathan Mingo,WR,00-0039062,projected,1.731391535250348,29.4,False,False,False,,,,29.4,,
12496.0,Tai Felton,WR,00-0040154,projected,0.9771377656805476,16.6,False,True,True,departed teammate (2025 vol=53); new teammate arrived (2025 vol=90 elsewhere),,,16.6,,
13150.0,Darius Cooper,WR,00-0040024,projected,2.4206515166182534,41.2,False,True,True,departed teammate (2025 vol=121); new teammate arrived (2025 vol=74 elsewhere),,,41.2,,
13533.0,Barion Brown,WR,,no_crosswalk_match,,,False,False,False,,50.0,"Real, structurally distinct gap, same class as Aiyuk's/Hibner's above: no gsis_id exists anywhere in the crosswalk for him (a real 2026 rookie WR, no NFL history to key on). Real, current context: real reporting has him currently ahead of Trey Palmer (00-0039052) on the real NO depth chart, and Jordyn Tyson's (00-0041029) real hamstring absence (see that entry) opens further real opportunity behind Olave (00-0037239). No Book price exists. Independently built: 35 targets (a real, modest WR3/4-tier share reflecting his real depth-chart edge over Palmer) x 1.4 (proxy rate, no NFL history) = 50.0. (verified 2026-08-20)",,,
3155.0,Laquon Treadwell,WR,00-0032951,projected,0.8792608947765626,14.9,False,True,False,departed teammate (2025 vol=111),,,14.9,,
13297.0,Reggie Virgil,WR,00-0041070,insufficient_history,,,False,False,False,,,,,,
11157.0,Brycen Tremayne,WR,00-0038840,projected,1.770650320303448,30.1,False,False,False,,,,30.1,,
13491.0,Kaden Wetjen,WR,00-0041397,insufficient_history,,,False,False,False,,,,,,
12539.0,Arian Smith,WR,00-0040582,projected,1.358812120139535,23.1,False,False,False,,,,23.1,,
11994.0,Kameron Johnson,WR,00-0039589,projected,1.3547140541857008,23.0,False,True,False,departed teammate (2025 vol=62); departed teammate (2025 vol=53),,,23.0,,
4040.0,JuJu Smith-Schuster,WR,00-0033857,projected,3.507259654229824,59.6,True,True,True,departed teammate (2025 vol=74); new teammate arrived (2025 vol=72 elsewhere); new teammate arrived (2025 vol=55 elsewhere),,,59.6,,
4274.0,David Moore,WR,00-0033589,projected,1.898238132784012,32.3,False,False,False,,,,32.3,0.0,"Reviewed, confirmed accurate, no change: minor depth piece in the wounded WR3 competition, no Book anchor, no specific reason found to move him. (verified 2026-08-20)"
5121.0,Braxton Berrios,WR,00-0034419,projected,1.7862397148898377,30.4,True,True,True,departed teammate (2025 vol=52); new teammate arrived (2025 vol=72 elsewhere); new teammate arrived (2025 vol=55 elsewhere),,,30.4,,
6847.0,Devin Duvernay,WR,00-0036331,projected,1.333045086215079,22.7,True,True,True,departed teammate (2025 vol=85); departed teammate (2025 vol=65); new teammate arrived (2025 vol=53 elsewhere),,,22.7,,
7436.0,Mason Kinsey,WR,00-0036176,projected,1.456428830569613,24.8,False,True,True,departed teammate (2025 vol=52); new teammate arrived (2025 vol=140 elsewhere),,,24.8,,
8076.0,Michael Bandy,WR,00-0036959,projected,2.8519745830119976,48.5,False,False,True,new teammate arrived (2025 vol=100 elsewhere),,,48.5,,
8168.0,Skyy Moore,WR,00-0038090,projected,1.277007147995924,21.7,True,True,False,departed teammate (2025 vol=53); departed teammate (2025 vol=90),,,21.7,,
8414.0,Britain Covey,WR,00-0037132,projected,1.13871437127405,19.4,False,True,True,departed teammate (2025 vol=121); new teammate arrived (2025 vol=74 elsewhere),,,19.4,,
8527.0,Dareke Young,WR,00-0037093,projected,1.1732208554827968,19.9,True,False,True,new teammate arrived (2025 vol=53 elsewhere),,,19.9,,
11616.0,Jacob Cowing,WR,00-0039365,projected,2.0328130212505675,34.6,False,False,True,new teammate arrived (2025 vol=62 elsewhere); new teammate arrived (2025 vol=52 elsewhere); new teammate arrived (2025 vol=53 elsewhere),,,34.6,,
10228.0,Charlie Jones,WR,00-0038576,projected,1.4572735799743048,24.8,False,False,False,,,,24.8,,
11034.0,Jalen Brooks,WR,00-0038640,projected,2.36582185548007,40.2,False,False,True,new teammate arrived (2025 vol=53 elsewhere),,,40.2,,
11320.0,Nikko Remigio,WR,00-0038519,projected,1.1470417350455635,19.5,False,True,False,departed teammate (2025 vol=74),,,19.5,,
11911.0,Jeshaun Jones,WR,00-0039710,projected,0.9781574024733708,16.6,False,True,True,departed teammate (2025 vol=53); new teammate arrived (2025 vol=90 elsewhere),,,16.6,,
11895.0,Mason Tipton,WR,00-0039623,projected,2.4699266916468776,42.0,False,False,False,,,,42.0,0.0,"Reviewed, confirmed accurate, no change: raw (42.0), no Book anchor, real, on PUP, expected back for Week 1. (verified 2026-08-20)"
12542.0,Efton Chism,WR,00-0040563,projected,2.283668499043665,38.8,False,True,True,departed teammate (2025 vol=102); new teammate arrived (2025 vol=121 elsewhere); new teammate arrived (2025 vol=85 elsewhere),,,38.8,,
12699.0,LaJohntay Wester,WR,00-0040075,projected,0.5490410781028734,9.3,False,False,False,,,,9.3,,
12971.0,Ke'Shawn Williams,WR,00-0040534,projected,1.102248902737384,18.7,False,False,False,,,,18.7,,
13075.0,Myles Price,WR,00-0040506,projected,0.702800727230261,11.9,False,True,True,departed teammate (2025 vol=53); new teammate arrived (2025 vol=90 elsewhere),,,11.9,,
13101.0,Gage Larvadain,WR,00-0040259,projected,1.633614609774376,27.8,False,False,False,,,,27.8,,
13394.0,Josh Cameron,WR,00-0041100,insufficient_history,,,False,False,False,,,,,,
11638.0,Ricky Pearsall,WR,00-0039916,projected,6.842271476579357,116.3,False,True,True,departed teammate (2025 vol=53); departed teammate (2025 vol=90); new teammate arrived (2025 vol=62 elsewhere); new teammate arrived (2025 vol=52 elsewhere),,,5.0,-95.7,"Real, confirmed, decisive: season-ending PCL surgery (he had gambled on rehab instead of surgery in the offseason, which backfired), out for all of 2026, targeting a 2027 return -- verified in exhaustive detail across a dozen independent sources including the specific recovery timeline. Near-total cut, not a moderate discount, matching the same treatment as Charbonnet's ACL case earlier in this session. User-directed: 5.0 (token/emergency-only value). Raw model output 116.3 -> 5.0 = -95.7%. No Book price exists for him (consistent with the real, already-priced-out season-ending status). (verified 2026-08-20)"
2449.0,Stefon Diggs,WR,00-0031588,projected,9.174350356633385,156.0,True,False,True,new teammate arrived (2025 vol=52 elsewhere),,,126.7,-18.8,"Companion entry to McLaurin's (00-0035659) correction, same 350-target WAS pool. Real, confirmed ACL recovery (torn 2024 at HOU), played a full healthy 2025 at NE with the league's best real catch rate (82.5%) at the position -- 102 targets -> 167.8 pts, 1.645/target, a genuinely elite own rate. Real 2026 role: 1yr/$12M 'prove-it' deal specifically as a complement to McLaurin, not the clear alpha. 22% share: 77 targets x 1.645 = 126.7. Raw model output 156.0 -> 126.7 = -18.8%, -8.6% below Book (138.55) -- his own real rate is strong, but the complementary (not lead) role framing caps his real target-share ceiling below what his efficiency alone would suggest. (verified 2026-08-20)"
1479.0,Keenan Allen,WR,00-0030279,projected,8.692419458427196,147.8,True,False,False,,,,99.2,-32.9,"Real free-agent departure from LAC (see CURRENT_TEAM_OVERRIDES and McConkey's 00-0039915 entry, which absorbs part of his real 122-target LAC vacancy). At IND: real, specific reporting projects him into 'the Michael Pittman Jr. role' -- Pittman's actual 2025 IND rate was 1.463/target (111 targets, 162.4 pts). Real immediate opportunity too: Alec Pierce (WR1) is on PUP, so Allen and Josh Downs are 'expected to be the receivers on the field in two-wide sets' early on. Tempered from a full Pittman-level allocation given real age-34 and a mostly-inactive 2026 offseason (unsigned through the draft) -- used Allen's OWN real established rate (1.166, his actual 2025 LAC season) rather than Pittman's, at a real, meaningful but not full-workhorse allocation: 85 targets x 1.166 = 99.1. Raw model output (re-derived on his corrected IND team context) 147.8 -> 99.1 = -32.9%. UNVERIFIED AGAINST BOOK -- no market price exists under his corrected IND team assignment (his old 76.00 Book price was priced under the stale LAC assignment and is not comparable). Every other entry in this batch was cross-checked against Book, the sharpest available signal; this one wasn't and couldn't be. Confidence should be read accordingly -- this is the least-verified number in the LAC/IND batch, built entirely from role reporting and his own real rate, with no market check at all. (verified 2026-08-20)"
3321.0,Tyreek Hill,WR,00-0033040,projected,9.38474064469342,159.5,True,True,False,departed teammate (2025 vol=100),,,159.5,,
6803.0,Brandon Aiyuk,WR,,no_crosswalk_match,,,False,False,False,,0.0,"Real, structurally distinct gap: no gsis_id exists anywhere in the crosswalk for him (confirmed absent from both stats_player_reg_by_season/2025.csv and roster_2026.csv directly -- not a name-spelling mismatch, genuine data absence). Real, decisive current status: 'played his last game for the team,' amid an ongoing real public campaign to be released so he can sign with WAS. User-directed value: 0.0, reflecting his real, effectively-done SF status. (verified 2026-08-20)",,,
11630.0,Roman Wilson,WR,00-0039739,projected,3.7439237559021854,63.6,False,True,True,departed teammate (2025 vol=55); new teammate arrived (2025 vol=111 elsewhere),,,22.3,-64.9,"Real, current (verified, dated) 2026 reporting is decisively positive: 'camp riser' per a named source (The Athletic's Mike DeFabo), 'firmly in the WR3 role,' 'soundly held off rookie Germie Bernard for the WR3 job,' a specific Rodgers quote ('more dynamic... making plays... confident'), a real 2-TD practice. An earlier draft of this entry incorrectly discounted him for a 'carted off,' 'week-to-week' injury that turned out to be a stale mix-up with his real 2024 rookie-camp injury history (ankle wrecked that camp, hamstring ended that season) -- caught and corrected before writing, no 2026 injury exists. Despite the real, verified positive evidence, deferred to Book for the whole PIT offense (user-directed) -- the construction episode above reduced confidence enough to warrant it here specifically, even though the underlying facts were ultimately confirmed accurate. Raw model output 63.6 -> 22.3 (Book) = -64.9%. (verified 2026-08-20)"
13353.0,Chris Brazzell,WR,00-0041047,insufficient_history,,,False,False,False,,0.0,"PLACEHOLDER: real 3rd-round rookie (Louisville, 72-917-6 final college season, borderline 1st-round talent before tearing his ACL in November), tore his LCL in a non-contact 7-on-7 rep at 2026 camp -- real, confirmed, will miss all of 2026. model_projection_status is insufficient_history with no fallback available (same RB-only ROOKIE_FALLBACK_POSITIONS gap). Near-total cut, same treatment as Pearsall's (SF)/Higgins' (HOU) season-ending cases -- no Book price exists for him. (verified 2026-08-20)",,,
8114.0,Erik Ezukanma,WR,,no_crosswalk_match,,,False,False,False,,,,,,
12114.0,Joshua Cephus,WR,,no_crosswalk_match,,,False,False,False,,,,,,
5965.0,Miles Boykin,WR,,no_crosswalk_match,,,False,False,False,,,,,,
10863.0,A.T. Perry,WR,00-0038612,projected,6.360492160148076,108.1,False,False,True,new teammate arrived (2025 vol=99 elsewhere); new teammate arrived (2025 vol=111 elsewhere),,,108.1,,
12863.0,Andrew Armstrong,WR,00-0040298,insufficient_history,,,False,False,False,,,,,,
2197.0,Brandin Cooks,WR,00-0031236,projected,4.11777329767042,70.0,True,False,False,,,,70.0,,
7865.0,Brandon Smith,WR,00-0036775,insufficient_history,,,False,False,False,,,,,,
11621.0,Brenden Rice,WR,00-0039415,insufficient_history,,,False,False,False,,,,,,
13011.0,Brennan Presley,WR,00-0040597,insufficient_history,,,False,False,False,,,,,,
11806.0,Casey Washington,WR,00-0039394,projected,1.7717440242948364,30.1,True,True,False,departed teammate (2025 vol=72),,,30.1,0.0,"Reviewed, confirmed accurate, no change: real depth add filling in for CAR's real camp injury churn, no Book anchor, no specific reason found to move him. (verified 2026-08-20)"
5113.0,Cedrick Wilson,WR,00-0034418,projected,2.293367730437104,39.0,True,True,False,departed teammate (2025 vol=100),,,39.0,,
13410.0,Chase Roberts,WR,00-0041004,insufficient_history,,,False,False,False,,,,,,
1144.0,Cole Beasley,WR,,no_crosswalk_match,,,False,False,False,,,,,,
4082.0,Curtis Samuel,WR,00-0033282,projected,3.4498118631305164,58.6,True,False,False,,,,58.6,,
4992.0,Dante Pettis,WR,00-0034860,projected,2.191325335614992,37.3,True,False,True,new teammate arrived (2025 vol=85 elsewhere),,,37.3,,
1426.0,DeAndre Hopkins,WR,00-0030564,projected,4.551519700100525,77.4,False,False,False,,,,77.4,,
13333.0,Deion Burks,WR,00-0041132,insufficient_history,,,False,False,False,,,,,,
8801.0,Dennis Houston,WR,00-0037570,insufficient_history,,,False,False,False,,,,,,
5290.0,Deontay Burnett,WR,,no_crosswalk_match,,,False,False,False,,,,,,
13621.0,Dillon Bell,WR,00-0041342,insufficient_history,,,False,False,False,,,,,,
12946.0,Dontae Fleming,WR,00-0040498,insufficient_history,,,False,False,False,,,,,,
7596.0,Elijah Moore,WR,00-0036980,projected,3.400443151369045,57.8,True,False,True,new teammate arrived (2025 vol=74 elsewhere),,,57.8,0.0,"Reviewed, confirmed accurate, no change: raw (57.8), no Book anchor, real depth addition increasing PHI's real WR-room depth. (verified 2026-08-20)"
5323.0,Equanimeous St. Brown,WR,,no_crosswalk_match,,,False,False,False,,,,,,
7530.0,Frank Darby,WR,,no_crosswalk_match,,,False,False,False,,,,,,
6699.0,Gunner Olszewski,WR,00-0035645,projected,1.9839748589967807,33.7,False,True,True,departed teammate (2025 vol=140); new teammate arrived (2025 vol=72 elsewhere); new teammate arrived (2025 vol=55 elsewhere),,,33.7,,
6920.0,Isaiah Hodgins,WR,00-0036165,projected,3.2349535363695643,55.0,False,True,True,departed teammate (2025 vol=140); new teammate arrived (2025 vol=72 elsewhere); new teammate arrived (2025 vol=55 elsewhere),,,55.0,,
13074.0,Isaiah Neyor,WR,00-0040558,insufficient_history,,,False,False,False,,,,,,
,J.Michael Sturdivant,WR,00-0040948,insufficient_history,,,False,False,False,,,,,,
12746.0,JP Richardson,WR,00-0040275,insufficient_history,,,False,False,False,,,,,,
11619.0,Ja'Lynn Polk,WR,00-0039907,projected,2.90823056971669,49.4,False,False,False,,,,49.4,,
10867.0,Jake Bobo,WR,00-0038752,projected,1.4173657409828633,24.1,False,False,False,,,,24.1,,
6798.0,Jalen Reagor,WR,00-0036387,projected,2.8541071178797752,48.5,False,False,True,new teammate arrived (2025 vol=65 elsewhere),,,48.5,,
9497.0,Jalin Hyatt,WR,00-0038938,projected,1.8147435222781128,30.9,False,True,True,departed teammate (2025 vol=140); new teammate arrived (2025 vol=72 elsewhere); new teammate arrived (2025 vol=55 elsewhere),,,30.9,,
5024.0,James Washington,WR,,no_crosswalk_match,,,False,False,False,,,,,,
2410.0,Jamison Crowder,WR,,no_crosswalk_match,,,False,False,False,,,,,,
11133.0,Jaray Jenkins,WR,,no_crosswalk_match,,,False,False,False,,,,,,
12173.0,Jaxon Janke,WR,,no_crosswalk_match,,,False,False,False,,,,,,
12778.0,Jerjuan Newton,WR,,no_crosswalk_match,,,False,False,False,,,,,,
11640.0,Jermaine Burton,WR,,no_crosswalk_match,,,False,False,False,,,,,,
4038.0,John Ross,WR,,no_crosswalk_match,,,False,False,False,,,,,,
11636.0,Johnny Wilson,WR,00-0039236,projected,2.289266087431709,38.9,False,False,True,new teammate arrived (2025 vol=74 elsewhere); new teammate arrived (2025 vol=113 elsewhere),,,38.9,,
12761.0,Jordan Moore,WR,00-0040375,insufficient_history,,,False,False,False,,,,,,
12634.0,Jordan Watkins,WR,00-0040172,projected,2.062500875392084,35.1,False,True,True,departed teammate (2025 vol=53); departed teammate (2025 vol=90); new teammate arrived (2025 vol=62 elsewhere); new teammate arrived (2025 vol=52 elsewhere),,,35.1,,
4171.0,Josh Reynolds,WR,00-0033943,projected,3.958654676802886,67.3,True,False,False,,,,67.3,,
7066.0,K.J. Osborn,WR,00-0036345,projected,4.121940120473762,70.1,False,False,True,new teammate arrived (2025 vol=140 elsewhere); new teammate arrived (2025 vol=89 elsewhere); new teammate arrived (2025 vol=74 elsewhere),,,70.1,,
11070.0,Kazmeir Allen,WR,,no_crosswalk_match,,,False,False,False,,,,,,
6032.0,Keelan Doss,WR,,no_crosswalk_match,,,False,False,False,,,,,,
8200.0,Kevin Austin,WR,00-0037231,projected,4.276256853537092,72.7,False,False,False,,,,72.7,,
7351.0,Kirk Merritt,WR,,no_crosswalk_match,,,False,False,False,,,,,,
8435.0,Kwamie Lassiter,WR,,no_crosswalk_match,,,False,False,False,,,,,,
13541.0,Lewis Bond,WR,00-0041467,insufficient_history,,,False,False,False,,,,,,
5938.0,Lil'Jordan Humphrey,WR,00-0035406,projected,3.8602625750827606,65.6,False,False,True,new teammate arrived (2025 vol=100 elsewhere),,,65.6,,
10860.0,Malik Cunningham,WR,00-0038911,projected,1.1566808134707025,19.7,False,False,False,,,,19.7,,
11210.0,Malik Heath,WR,00-0038465,projected,2.5612454516402443,43.5,True,True,True,departed teammate (2025 vol=85); new teammate arrived (2025 vol=65 elsewhere),,,43.5,,
6239.0,Malik Taylor,WR,,no_crosswalk_match,,,False,False,False,,,,,,
5086.0,Marquez Valdes-Scantling,WR,00-0034272,projected,3.5795511997532232,60.9,True,True,False,departed teammate (2025 vol=55),,,60.9,0.0,"Reviewed, confirmed accurate, no change: raw (60.9), no Book anchor, real veteran depth addition. (verified 2026-08-20)"
8921.0,Maurice Alexander,WR,00-0037708,projected,1.5021496631427311,25.5,False,False,True,new teammate arrived (2025 vol=90 elsewhere); new teammate arrived (2025 vol=60 elsewhere),,,25.5,,
7944.0,Michael Strachan,WR,,no_crosswalk_match,,,False,False,False,,,,,,
12478.0,Nick Nash,WR,00-0040551,insufficient_history,,,False,False,False,,,,,,
4234.0,Noah Brown,WR,00-0033591,projected,3.7824598785482175,64.3,True,True,False,departed teammate (2025 vol=99),,,64.3,,
9495.0,Rakim Jarrett,WR,,no_crosswalk_match,,,False,False,False,,,,,,
12475.0,Ricky White,WR,00-0040653,insufficient_history,,,False,False,False,,,,,,
12950.0,Robert Lewis,WR,,no_crosswalk_match,,,False,False,False,,,,,,
10221.0,Ronnie Bell,WR,00-0038647,projected,3.657354750579362,62.2,False,False,False,,,,62.2,,
6290.0,Scotty Miller,WR,,no_crosswalk_match,,,False,False,False,,,,,,
7237.0,Scotty Washington,WR,,no_crosswalk_match,,,False,False,False,,,,,,
3200.0,Sterling Shepard,WR,00-0032385,projected,4.577501442726089,77.8,True,True,False,departed teammate (2025 vol=62),,,77.8,,
7565.0,Terrace Marshall,WR,00-0036955,projected,2.665176099488888,45.3,False,False,True,new teammate arrived (2025 vol=65 elsewhere),,,45.3,,
8013.0,Tim Jones,WR,00-0036497,projected,1.413080080009212,24.0,False,False,False,,,,24.0,,
4351.0,Tim Patrick,WR,00-0033375,projected,3.6549391306212815,62.1,True,False,False,,,,62.1,,
12690.0,Tommy Mellott,WR,,no_crosswalk_match,,,False,False,False,,,,,,
13356.0,Trebor Pena,WR,00-0041216,insufficient_history,,,False,False,False,,,,,,
4218.0,Trent Taylor,WR,,no_crosswalk_match,,,False,False,False,,,,,,
9492.0,Trey Palmer,WR,00-0039052,projected,3.524170050249251,59.9,False,False,True,new teammate arrived (2025 vol=156 elsewhere),,,59.9,0.0,"Reviewed, confirmed accurate, no change: raw (59.9), no Book anchor, real depth WR now behind Barion Brown on the depth chart. (verified 2026-08-20)"
7595.0,Tylan Wallace,WR,00-0036630,projected,1.9390038438085715,33.0,True,False,False,,,,33.0,,
6960.0,Tyler Johnson,WR,00-0036427,projected,4.047468759374552,68.8,True,False,False,,,,68.8,,
9490.0,Tyler Scott,WR,00-0038941,projected,2.184439418687987,37.1,False,False,True,new teammate arrived (2025 vol=114 elsewhere); new teammate arrived (2025 vol=166 elsewhere),,,37.1,,
6853.0,Van Jefferson,WR,00-0036415,projected,3.97414744875448,67.6,True,False,False,,,,67.6,,
12788.0,Will Sheppard,WR,00-0040753,insufficient_history,,,False,False,False,,,,,,
13042.0,Xavier Guillory,WR,00-0040099,insufficient_history,,,False,False,False,,,,,,
12520.0,Xavier Restrepo,WR,00-0040522,projected,3.153270730392621,53.6,False,True,True,departed teammate (2025 vol=52); new teammate arrived (2025 vol=140 elsewhere),,,53.6,,
11921.0,Xavier Weaver,WR,00-0039521,projected,2.0521917176061586,34.9,False,False,True,new teammate arrived (2025 vol=53 elsewhere),,,34.9,,
13309.0,Aaron Anderson,WR,00-0041491,insufficient_history,,,False,False,False,,,,,,
3368.0,Aaron Burbridge,WR,,no_crosswalk_match,,,False,False,False,,,,,,
1365.0,Aaron Dobson,WR,,no_crosswalk_match,,,False,False,False,,,,,,
6967.0,Aaron Fuller,WR,,no_crosswalk_match,,,False,False,False,,,,,,
5772.0,Aaron Lacombe,WR,,no_crosswalk_match,,,False,False,False,,,,,,
7091.0,Aaron Parker,WR,,no_crosswalk_match,,,False,False,False,,,,,,
1450.0,Ace Sanders,WR,,no_crosswalk_match,,,False,False,False,,,,,,
3033.0,Adam Drake,WR,,no_crosswalk_match,,,False,False,False,,,,,,
2822.0,Adam Humphries,WR,,no_crosswalk_match,,,False,False,False,,,,,,
1689.0,Adam Thielen,WR,00-0030035,projected,4.6379210016484285,78.8,True,True,False,departed teammate (2025 vol=55),,,78.8,,
5129.0,Adonis Jennings,WR,,no_crosswalk_match,,,False,False,False,,,,,,
2929.0,Adrian Coxson,WR,,no_crosswalk_match,,,False,False,False,,,,,,
4929.0,Ahmad Fulwood,WR,,no_crosswalk_match,,,False,False,False,,,,,,
7228.0,Ahmad Wagner,WR,,no_crosswalk_match,,,False,False,False,,,,,,
11918.0,Ahmarean Brown,WR,,no_crosswalk_match,,,False,False,False,,,,,,
11615.0,Ainias Smith,WR,00-0039747,projected,4.760765329608614,80.9,False,False,True,new teammate arrived (2025 vol=64 elsewhere); new teammate arrived (2025 vol=122 elsewhere),,,80.9,,
2701.0,AJ Cruz,WR,,no_crosswalk_match,,,False,False,False,,,,,,
830.0,A.J. Green,WR,,no_crosswalk_match,,,False,False,False,,,,,,
12865.0,AJ Henning,WR,00-0040302,insufficient_history,,,False,False,False,,,,,,
1226.0,AJ Jenkins,WR,,no_crosswalk_match,,,False,False,False,,,,,,
6373.0,A.J. Richardson,WR,,no_crosswalk_match,,,False,False,False,,,,,,
12528.0,Ajou Ajou,WR,,no_crosswalk_match,,,False,False,False,,,,,,
4937.0,Al Riles,WR,,no_crosswalk_match,,,False,False,False,,,,,,
1424.0,Alan Bonner,WR,,no_crosswalk_match,,,False,False,False,,,,,,
2025.0,Albert Wilson,WR,,no_crosswalk_match,,,False,False,False,,,,,,
919.0,Aldrick Robinson,WR,,no_crosswalk_match,,,False,False,False,,,,,,
7235.0,Aleva Hifo,WR,,no_crosswalk_match,,,False,False,False,,,,,,
6386.0,Alex Bachman,WR,00-0035602,projected,1.0637294114492444,18.1,True,True,False,departed teammate (2025 vol=55),,,18.1,,
13657.0,Alex Bullock,WR,00-0041206,insufficient_history,,,False,False,False,,,,,,
3935.0,Alex Chisum,WR,,no_crosswalk_match,,,False,False,False,,,,,,
3433.0,Alex Erickson,WR,,no_crosswalk_match,,,False,False,False,,,,,,
6163.0,Alex Wesley,WR,,no_crosswalk_match,,,False,False,False,,,,,,
6381.0,Alexander Hollins,WR,,no_crosswalk_match,,,False,False,False,,,,,,
1984.0,Allen Hurns,WR,,no_crosswalk_match,,,False,False,False,,,,,,
5185.0,Allen Lazard,WR,00-0034521,projected,3.610097726640002,61.4,True,False,False,,,,61.4,,
1992.0,Allen Robinson,WR,,no_crosswalk_match,,,False,False,False,,,,,,
5802.0,Allenzae Staggers,WR,,no_crosswalk_match,,,False,False,False,,,,,,
4494.0,Alonzo Moore,WR,,no_crosswalk_match,,,False,False,False,,,,,,
3420.0,Alonzo Russell,WR,,no_crosswalk_match,,,False,False,False,,,,,,
1149.0,Alshon Jeffery,WR,,no_crosswalk_match,,,False,False,False,,,,,,
4139.0,Amara Darboh,WR,,no_crosswalk_match,,,False,False,False,,,,,,
2309.0,Amari Cooper,WR,,no_crosswalk_match,,,False,False,False,,,,,,
7540.0,Amari Rodgers,WR,,no_crosswalk_match,,,False,False,False,,,,,,
4626.0,Amba Etta-Tawo,WR,,no_crosswalk_match,,,False,False,False,,,,,,
3606.0,Amir Carlisle,WR,,no_crosswalk_match,,,False,False,False,,,,,,
4928.0,Anas Hasic,WR,,no_crosswalk_match,,,False,False,False,,,,,,
7233.0,Andre Baccellia,WR,00-0035876,projected,1.1224015251806685,19.1,True,False,False,,,,19.1,,
148.0,Andre Caldwell,WR,,no_crosswalk_match,,,False,False,False,,,,,,
2601.0,Andre Davis,WR,,no_crosswalk_match,,,False,False,False,,,,,,
2520.0,Andre Debose,WR,,no_crosswalk_match,,,False,False,False,,,,,,
940.0,Andre Holmes,WR,,no_crosswalk_match,,,False,False,False,,,,,,
92.0,Andre Johnson,WR,,no_crosswalk_match,,,False,False,False,,,,,,
5249.0,Andre Levrone,WR,,no_crosswalk_match,,,False,False,False,,,,,,
6617.0,Andre Lindsey,WR,,no_crosswalk_match,,,False,False,False,,,,,,
4669.0,Andre Patton,WR,,no_crosswalk_match,,,False,False,False,,,,,,
627.0,Andre Roberts,WR,,no_crosswalk_match,,,False,False,False,,,,,,
831.0,Andrew Hawkins,WR,,no_crosswalk_match,,,False,False,False,,,,,,
3948.0,Andrew Opoku,WR,,no_crosswalk_match,,,False,False,False,,,,,,
8572.0,Andrew Parchment,WR,,no_crosswalk_match,,,False,False,False,,,,,,
2125.0,Andrew Peacock,WR,,no_crosswalk_match,,,False,False,False,,,,,,
2804.0,Andrew Turzilli,WR,,no_crosswalk_match,,,False,False,False,,,,,,
5915.0,Andy Isabella,WR,,no_crosswalk_match,,,False,False,False,,,,,,
3702.0,Andy Jones,WR,,no_crosswalk_match,,,False,False,False,,,,,,
173.0,Andy Tanner,WR,,no_crosswalk_match,,,False,False,False,,,,,,
655.0,Anquan Boldin,WR,,no_crosswalk_match,,,False,False,False,,,,,,
3148.0,Anthony Dable,WR,,no_crosswalk_match,,,False,False,False,,,,,,
5929.0,Anthony Johnson,WR,,no_crosswalk_match,,,False,False,False,,,,,,
3593.0,Anthony Kelly,WR,,no_crosswalk_match,,,False,False,False,,,,,,
5612.0,Anthony Mahoungou,WR,,no_crosswalk_match,,,False,False,False,,,,,,
5013.0,Anthony Miller,WR,,no_crosswalk_match,,,False,False,False,,,,,,
4585.0,Anthony Nash,WR,,no_crosswalk_match,,,False,False,False,,,,,,
5984.0,Anthony Ratliff-Williams,WR,,no_crosswalk_match,,,False,False,False,,,,,,
7533.0,Anthony Schwartz,WR,,no_crosswalk_match,,,False,False,False,,,,,,
13582.0,Anthony Smith,WR,00-0040900,insufficient_history,,,False,False,False,,,,,,
8813.0,Anthony Turner,WR,,no_crosswalk_match,,,False,False,False,,,,,,
11053.0,Antoine Green,WR,,no_crosswalk_match,,,False,False,False,,,,,,
6165.0,Antoine Wesley,WR,,no_crosswalk_match,,,False,False,False,,,,,,
536.0,Antonio Brown,WR,,no_crosswalk_match,,,False,False,False,,,,,,
5310.0,Antonio Callaway,WR,,no_crosswalk_match,,,False,False,False,,,,,,
7744.0,Antonio Nunn,WR,,no_crosswalk_match,,,False,False,False,,,,,,
226.0,Antwaan Randle El,WR,,no_crosswalk_match,,,False,False,False,,,,,,
2593.0,Antwan Goodley,WR,,no_crosswalk_match,,,False,False,False,,,,,,
3690.0,Antwane Grant,WR,,no_crosswalk_match,,,False,False,False,,,,,,
12460.0,Antwane Wells,WR,,no_crosswalk_match,,,False,False,False,,,,,,
4119.0,ArDarius Stewart,WR,,no_crosswalk_match,,,False,False,False,,,,,,
5401.0,Armanti Foreman,WR,,no_crosswalk_match,,,False,False,False,,,,,,
860.0,Armon Binns,WR,,no_crosswalk_match,,,False,False,False,,,,,,
11267.0,Aron Cruickshank,WR,,no_crosswalk_match,,,False,False,False,,,,,,
618.0,Arrelious Benn,WR,,no_crosswalk_match,,,False,False,False,,,,,,
4670.0,Artavis Scott,WR,,no_crosswalk_match,,,False,False,False,,,,,,
3031.0,Arthur Williams,WR,,no_crosswalk_match,,,False,False,False,,,,,,
5130.0,Auden Tate,WR,,no_crosswalk_match,,,False,False,False,,,,,,
4416.0,Austin Carr,WR,,no_crosswalk_match,,,False,False,False,,,,,,
4358.0,Austin Duke,WR,,no_crosswalk_match,,,False,False,False,,,,,,
2584.0,Austin Hill,WR,,no_crosswalk_match,,,False,False,False,,,,,,
6873.0,Austin Mack,WR,,no_crosswalk_match,,,False,False,False,,,,,,
966.0,Austin Pettis,WR,,no_crosswalk_match,,,False,False,False,,,,,,
5126.0,Austin Proehl,WR,,no_crosswalk_match,,,False,False,False,,,,,,
7746.0,Austin Trammell,WR,00-0036841,projected,2.063762501929864,35.1,False,False,False,,,,35.1,,
7579.0,Austin Watkins,WR,,no_crosswalk_match,,,False,False,False,,,,,,
2908.0,Austin Willis,WR,,no_crosswalk_match,,,False,False,False,,,,,,
5796.0,Austin Wolf,WR,,no_crosswalk_match,,,False,False,False,,,,,,
11544.0,Avery Davis,WR,,no_crosswalk_match,,,False,False,False,,,,,,
3007.0,Avius Capers,WR,,no_crosswalk_match,,,False,False,False,,,,,,
12097.0,Ayir Asante,WR,,no_crosswalk_match,,,False,False,False,,,,,,
7885.0,Bailey Gaither,WR,,no_crosswalk_match,,,False,False,False,,,,,,
12314.0,Beau Corrales,WR,,no_crosswalk_match,,,False,False,False,,,,,,
12889.0,Beaux Collins,WR,00-0040432,projected,1.571059159442393,26.7,True,True,False,departed teammate (2025 vol=140),,,26.7,,
2906.0,Bell Braylon,WR,,no_crosswalk_match,,,False,False,False,,,,,,
2907.0,Ben Edwards,WR,,no_crosswalk_match,,,False,False,False,,,,,,
243.0,Ben Obomanu,WR,,no_crosswalk_match,,,False,False,False,,,,,,
13647.0,Ben Patterson,WR,00-0041215,insufficient_history,,,False,False,False,,,,,,
3873.0,Ben Roberts,WR,,no_crosswalk_match,,,False,False,False,,,,,,
2003.0,Bennie Fowler,WR,,no_crosswalk_match,,,False,False,False,,,,,,
2175.0,Bernard Reedy,WR,,no_crosswalk_match,,,False,False,False,,,,,,
6939.0,Binjimen Victor,WR,,no_crosswalk_match,,,False,False,False,,,,,,
6088.0,Bisi Johnson,WR,,no_crosswalk_match,,,False,False,False,,,,,,
1584.0,B.J. Daniels,WR,,no_crosswalk_match,,,False,False,False,,,,,,
4515.0,B.J. Johnson,WR,,no_crosswalk_match,,,False,False,False,,,,,,
5779.0,Blake Jackson,WR,,no_crosswalk_match,,,False,False,False,,,,,,
7552.0,Blake Proehl,WR,,no_crosswalk_match,,,False,False,False,,,,,,
12832.0,Blayne Taylor,WR,,no_crosswalk_match,,,False,False,False,,,,,,
4480.0,Bobo Wilson,WR,,no_crosswalk_match,,,False,False,False,,,,,,
287.0,Brad Smith,WR,,no_crosswalk_match,,,False,False,False,,,,,,
2803.0,Bradley Marquez,WR,,no_crosswalk_match,,,False,False,False,,,,,,
13658.0,Brady Boyd,WR,00-0041205,insufficient_history,,,False,False,False,,,,,,
3620.0,Bralon Addison,WR,,no_crosswalk_match,,,False,False,False,,,,,,
4779.0,Bra'Lon Cherry,WR,,no_crosswalk_match,,,False,False,False,,,,,,
8021.0,Branden Mack,WR,,no_crosswalk_match,,,False,False,False,,,,,,
2196.0,Brandon Coleman,WR,,no_crosswalk_match,,,False,False,False,,,,,,
496.0,Brandon Gibson,WR,,no_crosswalk_match,,,False,False,False,,,,,,
14049.0,Brandon Hayes,WR,,no_crosswalk_match,,,False,False,False,,,,,,
8756.0,Brandon Johnson,WR,00-0037382,projected,3.70463401199041,63.0,False,False,True,new teammate arrived (2025 vol=53 elsewhere); new teammate arrived (2025 vol=92 elsewhere),,,63.0,,
613.0,Brandon LaFell,WR,,no_crosswalk_match,,,False,False,False,,,,,,
8908.0,Brandon Lewis,WR,,no_crosswalk_match,,,False,False,False,,,,,,
386.0,Brandon Lloyd,WR,,no_crosswalk_match,,,False,False,False,,,,,,
648.0,Brandon Marshall,WR,,no_crosswalk_match,,,False,False,False,,,,,,
7340.0,Brandon Polk,WR,,no_crosswalk_match,,,False,False,False,,,,,,
5695.0,Brandon Powell,WR,,no_crosswalk_match,,,False,False,False,,,,,,
4541.0,Brandon Reilly,WR,,no_crosswalk_match,,,False,False,False,,,,,,
3762.0,Brandon Shippen,WR,,no_crosswalk_match,,,False,False,False,,,,,,
740.0,Brandon Stokley,WR,,no_crosswalk_match,,,False,False,False,,,,,,
346.0,Brandon Tate,WR,,no_crosswalk_match,,,False,False,False,,,,,,
4878.0,Brandon Zylstra,WR,,no_crosswalk_match,,,False,False,False,,,,,,
11410.0,Braxton Burmeister,WR,,no_crosswalk_match,,,False,False,False,,,,,,
3203.0,Braxton Miller,WR,,no_crosswalk_match,,,False,False,False,,,,,,
11301.0,Braxton Westfield,WR,,no_crosswalk_match,,,False,False,False,,,,,,
11496.0,Braydon Johnson,WR,,no_crosswalk_match,,,False,False,False,,,,,,
8178.0,Braylon Sanders,WR,,no_crosswalk_match,,,False,False,False,,,,,,
2044.0,Brelan Chancellor,WR,,no_crosswalk_match,,,False,False,False,,,,,,
4130.0,Brendan Langley,WR,,no_crosswalk_match,,,False,False,False,,,,,,
7584.0,Brennan Eagles,WR,,no_crosswalk_match,,,False,False,False,,,,,,
1742.0,Brenton Bersin,WR,,no_crosswalk_match,,,False,False,False,,,,,,
2331.0,Breshad Perriman,WR,,no_crosswalk_match,,,False,False,False,,,,,,
12220.0,Brevin Easton,WR,,no_crosswalk_match,,,False,False,False,,,,,,
4569.0,Brian Brown,WR,,no_crosswalk_match,,,False,False,False,,,,,,
6629.0,Brian Burt,WR,,no_crosswalk_match,,,False,False,False,,,,,,
11502.0,Brian Cobbs,WR,,no_crosswalk_match,,,False,False,False,,,,,,
339.0,Brian Hartline,WR,,no_crosswalk_match,,,False,False,False,,,,,,
1208.0,Brian Quick,WR,,no_crosswalk_match,,,False,False,False,,,,,,
4815.0,Brian Riley,WR,,no_crosswalk_match,,,False,False,False,,,,,,
1699.0,Brian Tyms,WR,,no_crosswalk_match,,,False,False,False,,,,,,
1471.0,Brice Butler,WR,,no_crosswalk_match,,,False,False,False,,,,,,
4434.0,Brisly Estime,WR,,no_crosswalk_match,,,False,False,False,,,,,,
1743.0,Brittan Golden,WR,,no_crosswalk_match,,,False,False,False,,,,,,
14034.0,Brock Rechsteiner,WR,00-0041451,insufficient_history,,,False,False,False,,,,,,
2255.0,Bruce Ellington,WR,,no_crosswalk_match,,,False,False,False,,,,,,
6870.0,Bryan Edwards,WR,,no_crosswalk_match,,,False,False,False,,,,,,
11495.0,Bryan Thompson,WR,,no_crosswalk_match,,,False,False,False,,,,,,
1009.0,Bryan Walters,WR,,no_crosswalk_match,,,False,False,False,,,,,,
5831.0,Bryant Mitchell,WR,,no_crosswalk_match,,,False,False,False,,,,,,
5787.0,Bryce Bobo,WR,,no_crosswalk_match,,,False,False,False,,,,,,
9499.0,Bryce Ford-Wheaton,WR,,no_crosswalk_match,,,False,False,False,,,,,,
11959.0,Bryce Oliver,WR,00-0039650,projected,1.4688579594717155,25.0,False,True,True,departed teammate (2025 vol=52); new teammate arrived (2025 vol=140 elsewhere),,,25.0,,
3797.0,Bryce Treggs,WR,,no_crosswalk_match,,,False,False,False,,,,,,
12799.0,Bryson Green,WR,00-0040383,insufficient_history,,,False,False,False,,,,,,
2502.0,Bud Sasser,WR,,no_crosswalk_match,,,False,False,False,,,,,,
5199.0,Byron Pringle,WR,,no_crosswalk_match,,,False,False,False,,,,,,
7956.0,Cade Johnson,WR,,no_crosswalk_match,,,False,False,False,,,,,,
13212.0,Cade McDonald,WR,,no_crosswalk_match,,,False,False,False,,,,,,
12399.0,Caleb Chapman,WR,,no_crosswalk_match,,,False,False,False,,,,,,
5223.0,Caleb Scott,WR,,no_crosswalk_match,,,False,False,False,,,,,,
8251.0,Calvin Jackson,WR,,no_crosswalk_match,,,False,False,False,,,,,,
240.0,Calvin Johnson,WR,,no_crosswalk_match,,,False,False,False,,,,,,
12906.0,Cam Camper,WR,,no_crosswalk_match,,,False,False,False,,,,,,
12086.0,Cam Johnson,WR,,no_crosswalk_match,,,False,False,False,,,,,,
5625.0,Cam Phillips,WR,,no_crosswalk_match,,,False,False,False,,,,,,
5432.0,Cam Sims,WR,,no_crosswalk_match,,,False,False,False,,,,,,
2938.0,Cam Worthy,WR,,no_crosswalk_match,,,False,False,False,,,,,,
13726.0,Camden Brown,WR,00-0040930,insufficient_history,,,False,False,False,,,,,,
5289.0,Cameron Batson,WR,,no_crosswalk_match,,,False,False,False,,,,,,
13962.0,Cameron Dorner,WR,00-0041319,insufficient_history,,,False,False,False,,,,,,
2699.0,Cameron Meredith,WR,,no_crosswalk_match,,,False,False,False,,,,,,
4749.0,Cameron Posey,WR,,no_crosswalk_match,,,False,False,False,,,,,,
13744.0,Cameron Ross,WR,,no_crosswalk_match,,,False,False,False,,,,,,
3555.0,Canaan Severin,WR,,no_crosswalk_match,,,False,False,False,,,,,,
4108.0,Carlos Henderson,WR,,no_crosswalk_match,,,False,False,False,,,,,,
4522.0,Carlton Agudosi,WR,,no_crosswalk_match,,,False,False,False,,,,,,
534.0,Carlton Mitchell,WR,,no_crosswalk_match,,,False,False,False,,,,,,
13826.0,Caullin Lacy,WR,00-0041199,insufficient_history,,,False,False,False,,,,,,
3447.0,Cayleb Jones,WR,,no_crosswalk_match,,,False,False,False,,,,,,
866.0,Cecil Shorts,WR,,no_crosswalk_match,,,False,False,False,,,,,,
11081.0,Cephus Johnson,WR,,no_crosswalk_match,,,False,False,False,,,,,,
5570.0,Chad Beebe,WR,,no_crosswalk_match,,,False,False,False,,,,,,
4175.0,Chad Hansen,WR,,no_crosswalk_match,,,False,False,False,,,,,,
4128.0,Chad Williams,WR,,no_crosswalk_match,,,False,False,False,,,,,,
12908.0,Chandler Brayboy,WR,00-0040323,insufficient_history,,,False,False,False,,,,,,
2687.0,Chandler Worthy,WR,,no_crosswalk_match,,,False,False,False,,,,,,
8624.0,Changa Hodge,WR,,no_crosswalk_match,,,False,False,False,,,,,,
6643.0,Charles Holland,WR,,no_crosswalk_match,,,False,False,False,,,,,,
1530.0,Charles Johnson,WR,,no_crosswalk_match,,,False,False,False,,,,,,
8198.0,Charleston Rambo,WR,,no_crosswalk_match,,,False,False,False,,,,,,
3396.0,Charone Peake,WR,,no_crosswalk_match,,,False,False,False,,,,,,
6886.0,Chase Claypool,WR,,no_crosswalk_match,,,False,False,False,,,,,,
11554.0,Chase Cota,WR,,no_crosswalk_match,,,False,False,False,,,,,,
3582.0,Chester Rogers,WR,,no_crosswalk_match,,,False,False,False,,,,,,
12100.0,Chris Autman-Bell,WR,,no_crosswalk_match,,,False,False,False,,,,,,
7521.0,Chris Blair,WR,00-0036463,projected,0.8760847473189908,14.9,False,True,True,departed teammate (2025 vol=72); new teammate arrived (2025 vol=65 elsewhere),,,14.9,,
2058.0,Chris Boyd,WR,,no_crosswalk_match,,,False,False,False,,,,,,
3486.0,Chris Brown,WR,,no_crosswalk_match,,,False,False,False,,,,,,
11366.0,Chris Coleman,WR,,no_crosswalk_match,,,False,False,False,,,,,,
2381.0,Chris Conley,WR,,no_crosswalk_match,,,False,False,False,,,,,,
7092.0,Chris Finke,WR,,no_crosswalk_match,,,False,False,False,,,,,,
1201.0,Chris Givens,WR,,no_crosswalk_match,,,False,False,False,,,,,,
2721.0,Chris Harper,WR,,no_crosswalk_match,,,False,False,False,,,,,,
13674.0,Chris Hilton,WR,00-0041179,insufficient_history,,,False,False,False,,,,,,
1329.0,Chris Hogan,WR,,no_crosswalk_match,,,False,False,False,,,,,,
3802.0,Chris Hubert,WR,,no_crosswalk_match,,,False,False,False,,,,,,
3609.0,Chris King,WR,,no_crosswalk_match,,,False,False,False,,,,,,
5661.0,Chris Lacy,WR,,no_crosswalk_match,,,False,False,False,,,,,,
2292.0,Chris Matthews,WR,,no_crosswalk_match,,,False,False,False,,,,,,
3269.0,Chris Moore,WR,00-0032398,projected,3.305003132026992,56.2,True,True,False,departed teammate (2025 vol=99),,,56.2,,
7509.0,Chris Owusu,WR,,no_crosswalk_match,,,False,False,False,,,,,,
7175.0,Chris Rowland,WR,,no_crosswalk_match,,,False,False,False,,,,,,
13043.0,Chris Tyree,WR,,no_crosswalk_match,,,False,False,False,,,,,,
5241.0,Christian Blake,WR,,no_crosswalk_match,,,False,False,False,,,,,,
2682.0,Christion Jones,WR,,no_crosswalk_match,,,False,False,False,,,,,,
1691.0,Chuck Jacobs,WR,,no_crosswalk_match,,,False,False,False,,,,,,
4344.0,C.J. Board,WR,,no_crosswalk_match,,,False,False,False,,,,,,
13334.0,C.J. Charleston,WR,,no_crosswalk_match,,,False,False,False,,,,,,
5734.0,C.J. Duncan,WR,,no_crosswalk_match,,,False,False,False,,,,,,
4798.0,C.J. Germany,WR,,no_crosswalk_match,,,False,False,False,,,,,,
9759.0,C.J. Johnson,WR,,no_crosswalk_match,,,False,False,False,,,,,,
8068.0,C.J. Saunders,WR,,no_crosswalk_match,,,False,False,False,,,,,,
13554.0,CJ Williams,WR,00-0041106,insufficient_history,,,False,False,False,,,,,,
6359.0,C.J. Worton,WR,,no_crosswalk_match,,,False,False,False,,,,,,
804.0,Clyde Gates,WR,,no_crosswalk_match,,,False,False,False,,,,,,
1390.0,Cobi Hamilton,WR,,no_crosswalk_match,,,False,False,False,,,,,,
11523.0,Cody Chrest,WR,,no_crosswalk_match,,,False,False,False,,,,,,
3355.0,Cody Core,WR,,no_crosswalk_match,,,False,False,False,,,,,,
4420.0,Cody Hollister,WR,,no_crosswalk_match,,,False,False,False,,,,,,
2004.0,Cody Latimer,WR,,no_crosswalk_match,,,False,False,False,,,,,,
6171.0,Cody Thompson,WR,,no_crosswalk_match,,,False,False,False,,,,,,
7039.0,Cody White,WR,00-0035891,projected,2.190100623314056,37.2,False,False,False,,,,37.2,,
4738.0,Colby Pearson,WR,,no_crosswalk_match,,,False,False,False,,,,,,
12264.0,Cole Beck,WR,,no_crosswalk_match,,,False,False,False,,,,,,
12210.0,Cole Burgess,WR,00-0039626,insufficient_history,,,False,False,False,,,,,,
12829.0,Coleman Owen,WR,00-0040352,projected,1.0619804332377976,18.1,False,True,False,departed teammate (2025 vol=111),,,18.1,,
1894.0,Colin Lockett,WR,,no_crosswalk_match,,,False,False,False,,,,,,
6857.0,Collin Johnson,WR,,no_crosswalk_match,,,False,False,False,,,,,,
11046.0,Colton Dowell,WR,00-0038632,projected,1.6748384600888864,28.5,False,False,True,new teammate arrived (2025 vol=62 elsewhere); new teammate arrived (2025 vol=52 elsewhere); new teammate arrived (2025 vol=53 elsewhere),,,28.5,,
7954.0,Connor Wedington,WR,,no_crosswalk_match,,,False,False,False,,,,,,
2684.0,Corbin Louks,WR,,no_crosswalk_match,,,False,False,False,,,,,,
2185.0,Corey Brown,WR,,no_crosswalk_match,,,False,False,False,,,,,,
3177.0,Corey Coleman,WR,,no_crosswalk_match,,,False,False,False,,,,,,
12090.0,Corey Crooms,WR,,no_crosswalk_match,,,False,False,False,,,,,,
4036.0,Corey Davis,WR,,no_crosswalk_match,,,False,False,False,,,,,,
1514.0,Corey Fuller,WR,,no_crosswalk_match,,,False,False,False,,,,,,
13898.0,Corey Rucker,WR,00-0041005,insufficient_history,,,False,False,False,,,,,,
8438.0,Corey Sutton,WR,,no_crosswalk_match,,,False,False,False,,,,,,
2252.0,Corey Washington,WR,,no_crosswalk_match,,,False,False,False,,,,,,
5155.0,Corey Willis,WR,,no_crosswalk_match,,,False,False,False,,,,,,
11815.0,Cornelius Johnson,WR,00-0039437,insufficient_history,,,False,False,False,,,,,,
7541.0,Cornell Powell,WR,,no_crosswalk_match,,,False,False,False,,,,,,
13849.0,Cortez Braham,WR,00-0040977,insufficient_history,,,False,False,False,,,,,,
6605.0,Cortrelle Simpson,WR,,no_crosswalk_match,,,False,False,False,,,,,,
12772.0,Courtney Jackson,WR,00-0040445,insufficient_history,,,False,False,False,,,,,,
195.0,Courtney Roby,WR,,no_crosswalk_match,,,False,False,False,,,,,,
4050.0,Cyril Grayson,WR,,no_crosswalk_match,,,False,False,False,,,,,,
8699.0,Cyrus Holder,WR,,no_crosswalk_match,,,False,False,False,,,,,,
4998.0,DaeSean Hamilton,WR,,no_crosswalk_match,,,False,False,False,,,,,,
11367.0,Daewood Davis,WR,,no_crosswalk_match,,,False,False,False,,,,,,
8213.0,Dai'Jean Dixon,WR,,no_crosswalk_match,,,False,False,False,,,,,,
4544.0,Daikiel Shorts,WR,,no_crosswalk_match,,,False,False,False,,,,,,
12333.0,Dakereon Joyner,WR,,no_crosswalk_match,,,False,False,False,,,,,,
12291.0,Dakota Caton,WR,,no_crosswalk_match,,,False,False,False,,,,,,
12888.0,Dalen Cambre,WR,00-0040431,projected,0.64735449705697,11.0,False,True,True,departed teammate (2025 vol=140); new teammate arrived (2025 vol=72 elsewhere); new teammate arrived (2025 vol=55 elsewhere),,,11.0,,
13202.0,Dalevon Campbell,WR,00-0040629,projected,1.0170356829158025,17.3,True,False,False,,,,17.3,,
11438.0,Dallas Daniels,WR,,no_crosswalk_match,,,False,False,False,,,,,,
7320.0,Dalton Schoen,WR,,no_crosswalk_match,,,False,False,False,,,,,,
5166.0,Da'Mari Scott,WR,,no_crosswalk_match,,,False,False,False,,,,,,
1030.0,Damaris Johnson,WR,,no_crosswalk_match,,,False,False,False,,,,,,
6017.0,DaMarkus Lodge,WR,,no_crosswalk_match,,,False,False,False,,,,,,
2672.0,Damarr Aultman,WR,,no_crosswalk_match,,,False,False,False,,,,,,
1983.0,Damian Copeland,WR,,no_crosswalk_match,,,False,False,False,,,,,,
541.0,Damian Williams,WR,,no_crosswalk_match,,,False,False,False,,,,,,
13440.0,Damien Alford,WR,00-0040788,insufficient_history,,,False,False,False,,,,,,
2673.0,Damiere Byrd,WR,,no_crosswalk_match,,,False,False,False,,,,,,
6370.0,Damion Jeanpiere,WR,,no_crosswalk_match,,,False,False,False,,,,,,
5080.0,Damion Ratley,WR,,no_crosswalk_match,,,False,False,False,,,,,,
6549.0,Damion Willis,WR,,no_crosswalk_match,,,False,False,False,,,,,,
5258.0,Damon Gibson,WR,,no_crosswalk_match,,,False,False,False,,,,,,
7573.0,Damon Hazelton,WR,,no_crosswalk_match,,,False,False,False,,,,,,
6195.0,Damon Sheehy-Guiseppi,WR,,no_crosswalk_match,,,False,False,False,,,,,,
2937.0,Damond Powell,WR,,no_crosswalk_match,,,False,False,False,,,,,,
4401.0,Damore'ea Stringfellow,WR,,no_crosswalk_match,,,False,False,False,,,,,,
5125.0,Damoun Patterson,WR,,no_crosswalk_match,,,False,False,False,,,,,,
7357.0,Dan Chisena,WR,00-0035976,projected,2.0643335702089365,35.1,False,False,True,new teammate arrived (2025 vol=64 elsewhere); new teammate arrived (2025 vol=122 elsewhere),,,35.1,,
13336.0,Dane Key,WR,00-0041293,insufficient_history,,,False,False,False,,,,,,
11184.0,Daniel Arias,WR,,no_crosswalk_match,,,False,False,False,,,,,,
3385.0,Daniel Braverman,WR,,no_crosswalk_match,,,False,False,False,,,,,,
12311.0,Daniel George,WR,,no_crosswalk_match,,,False,False,False,,,,,,
13053.0,Daniel Jackson,WR,,no_crosswalk_match,,,False,False,False,,,,,,
2817.0,Daniel Rodriguez,WR,,no_crosswalk_match,,,False,False,False,,,,,,
13861.0,Daniel Sobkowicz,WR,00-0041309,insufficient_history,,,False,False,False,,,,,,
4829.0,Daniel Williams,WR,,no_crosswalk_match,,,False,False,False,,,,,,
491.0,Danny Amendola,WR,,no_crosswalk_match,,,False,False,False,,,,,,
3454.0,Danny Anthrop,WR,,no_crosswalk_match,,,False,False,False,,,,,,
8602.0,Danny Davis,WR,,no_crosswalk_match,,,False,False,False,,,,,,
8176.0,Danny Gray,WR,00-0037828,insufficient_history,,,False,False,False,,,,,,
13113.0,Dante Wright,WR,,no_crosswalk_match,,,False,False,False,,,,,,
12892.0,Da'Quan Felton,WR,,no_crosswalk_match,,,False,False,False,,,,,,
7623.0,Darece Roberson,WR,,no_crosswalk_match,,,False,False,False,,,,,,
1673.0,Da'Rick Rogers,WR,,no_crosswalk_match,,,False,False,False,,,,,,
2925.0,Darius Davis,WR,,no_crosswalk_match,,,False,False,False,,,,,,
2602.0,Darius Jennings,WR,,no_crosswalk_match,,,False,False,False,,,,,,
13063.0,Darius Lassiter,WR,,no_crosswalk_match,,,False,False,False,,,,,,
3768.0,Darius Powe,WR,,no_crosswalk_match,,,False,False,False,,,,,,
5799.0,Darius Prince,WR,,no_crosswalk_match,,,False,False,False,,,,,,
3945.0,Darius White,WR,,no_crosswalk_match,,,False,False,False,,,,,,
2532.0,Da'Ron Brown,WR,,no_crosswalk_match,,,False,False,False,,,,,,
7056.0,Darrell Stewart,WR,,no_crosswalk_match,,,False,False,False,,,,,,
5665.0,Darren Andrews,WR,,no_crosswalk_match,,,False,False,False,,,,,,
5798.0,Darren Carrington,WR,,no_crosswalk_match,,,False,False,False,,,,,,
4676.0,Darreus Rogers,WR,,no_crosswalk_match,,,False,False,False,,,,,,
3804.0,Darrin Peterson,WR,,no_crosswalk_match,,,False,False,False,,,,,,
394.0,Darrius Heyward-Bey,WR,,no_crosswalk_match,,,False,False,False,,,,,,
6519.0,Darrius Shepherd,WR,,no_crosswalk_match,,,False,False,False,,,,,,
5722.0,Darvin Kidsy,WR,,no_crosswalk_match,,,False,False,False,,,,,,
5102.0,Daurice Fountain,WR,,no_crosswalk_match,,,False,False,False,,,,,,
2573.0,DaVaris Daniels,WR,,no_crosswalk_match,,,False,False,False,,,,,,
8118.0,David Bell,WR,,no_crosswalk_match,,,False,False,False,,,,,,
11505.0,David Durden,WR,,no_crosswalk_match,,,False,False,False,,,,,,
3799.0,David Glidden,WR,,no_crosswalk_match,,,False,False,False,,,,,,
506.0,David Nelson,WR,,no_crosswalk_match,,,False,False,False,,,,,,
2787.0,David Porter,WR,,no_crosswalk_match,,,False,False,False,,,,,,
3672.0,David Richards,WR,,no_crosswalk_match,,,False,False,False,,,,,,
6154.0,David Sills,WR,00-0035359,projected,3.4907375081295897,59.3,True,True,False,departed teammate (2025 vol=72),,,59.3,,
12421.0,David Wallis,WR,,no_crosswalk_match,,,False,False,False,,,,,,
3916.0,David Watford,WR,,no_crosswalk_match,,,False,False,False,,,,,,
12224.0,David White,WR,,no_crosswalk_match,,,False,False,False,,,,,,
6380.0,Davion Davis,WR,,no_crosswalk_match,,,False,False,False,,,,,,
5176.0,Davon Grayson,WR,,no_crosswalk_match,,,False,False,False,,,,,,
7751.0,Dax Milne,WR,,no_crosswalk_match,,,False,False,False,,,,,,
8928.0,Daylen Baldwin,WR,,no_crosswalk_match,,,False,False,False,,,,,,
11964.0,Dayton Wade,WR,00-0039259,insufficient_history,,,False,False,False,,,,,,
7586.0,Dazz Newsome,WR,,no_crosswalk_match,,,False,False,False,,,,,,
14020.0,Dean Patterson,WR,00-0041435,insufficient_history,,,False,False,False,,,,,,
2750.0,DeAndre Carter,WR,00-0031763,projected,0.951723552338842,16.2,True,False,False,,,,16.2,,
3542.0,DeAndre Reaves,WR,,no_crosswalk_match,,,False,False,False,,,,,,
2436.0,DeAndre Smelter,WR,,no_crosswalk_match,,,False,False,False,,,,,,
6540.0,DeAndre Thompkins,WR,,no_crosswalk_match,,,False,False,False,,,,,,
2801.0,DeAndrew White,WR,,no_crosswalk_match,,,False,False,False,,,,,,
12244.0,DeAngelo Hardy,WR,,no_crosswalk_match,,,False,False,False,,,,,,
4200.0,DeAngelo Yancey,WR,,no_crosswalk_match,,,False,False,False,,,,,,
4610.0,Deante' Gray,WR,,no_crosswalk_match,,,False,False,False,,,,,,
2023.0,De'Anthony Thomas,WR,,no_crosswalk_match,,,False,False,False,,,,,,
4146.0,Dede Westbrook,WR,,no_crosswalk_match,,,False,False,False,,,,,,
7612.0,Dee Eskridge,WR,00-0036620,projected,1.7164105368297906,29.2,True,True,False,departed teammate (2025 vol=100),,,29.2,,
3384.0,Demarcus Ayers,WR,,no_crosswalk_match,,,False,False,False,,,,,,
560.0,Demaryius Thomas,WR,,no_crosswalk_match,,,False,False,False,,,,,,
12976.0,DeMeer Blankumsee,WR,,no_crosswalk_match,,,False,False,False,,,,,,
8439.0,Demetris Robertson,WR,,no_crosswalk_match,,,False,False,False,,,,,,
2918.0,Demetrius Wilson,WR,,no_crosswalk_match,,,False,False,False,,,,,,
7279.0,DeMichael Harris,WR,,no_crosswalk_match,,,False,False,False,,,,,,
8099.0,DeMichael Harris-DUP,WR,,no_crosswalk_match,,,False,False,False,,,,,,
5295.0,De'Mornay Pierson-El,WR,,no_crosswalk_match,,,False,False,False,,,,,,
887.0,Denarius Moore,WR,,no_crosswalk_match,,,False,False,False,,,,,,
3727.0,Dennis Parks,WR,,no_crosswalk_match,,,False,False,False,,,,,,
6849.0,Denzel Mims,WR,,no_crosswalk_match,,,False,False,False,,,,,,
5101.0,Deon Cain,WR,,no_crosswalk_match,,,False,False,False,,,,,,
2805.0,Deon Long,WR,,no_crosswalk_match,,,False,False,False,,,,,,
6234.0,Deonte Harty,WR,,no_crosswalk_match,,,False,False,False,,,,,,
1061.0,Deonte Thompson,WR,,no_crosswalk_match,,,False,False,False,,,,,,
5703.0,Deontez Alexander,WR,,no_crosswalk_match,,,False,False,False,,,,,,
4814.0,De'Quan Hampton,WR,,no_crosswalk_match,,,False,False,False,,,,,,
764.0,Derek Hagan,WR,,no_crosswalk_match,,,False,False,False,,,,,,
3684.0,Derek Keaton,WR,,no_crosswalk_match,,,False,False,False,,,,,,
8570.0,Derek Wright,WR,,no_crosswalk_match,,,False,False,False,,,,,,
1939.0,Derel Walker,WR,,no_crosswalk_match,,,False,False,False,,,,,,
7100.0,Derrick Dillon,WR,,no_crosswalk_match,,,False,False,False,,,,,,
1842.0,Derrick Johnson,WR,,no_crosswalk_match,,,False,False,False,,,,,,
5539.0,Derrick Willies,WR,,no_crosswalk_match,,,False,False,False,,,,,,
2940.0,Des Lawrence,WR,,no_crosswalk_match,,,False,False,False,,,,,,
147.0,DeSean Jackson,WR,,no_crosswalk_match,,,False,False,False,,,,,,
2931.0,Deshon Foxx,WR,,no_crosswalk_match,,,False,False,False,,,,,,
5243.0,Detrich Clark,WR,,no_crosswalk_match,,,False,False,False,,,,,,
2577.0,Devante Davis,WR,,no_crosswalk_match,,,False,False,False,,,,,,
2319.0,DeVante Parker,WR,,no_crosswalk_match,,,False,False,False,,,,,,
8253.0,Deven Thompkins,WR,00-0037487,projected,1.3780815662485173,23.4,True,True,True,departed teammate (2025 vol=72); new teammate arrived (2025 vol=53 elsewhere),,,23.4,,
1104.0,DeVier Posey,WR,,no_crosswalk_match,,,False,False,False,,,,,,
12019.0,Devin Carter,WR,,no_crosswalk_match,,,False,False,False,,,,,,
3393.0,Devin Fuller,WR,,no_crosswalk_match,,,False,False,False,,,,,,
3021.0,Devin Gardner,WR,,no_crosswalk_match,,,False,False,False,,,,,,
5244.0,Devin Gray,WR,,no_crosswalk_match,,,False,False,False,,,,,,
279.0,Devin Hester,WR,,no_crosswalk_match,,,False,False,False,,,,,,
3380.0,Devin Lucien,WR,,no_crosswalk_match,,,False,False,False,,,,,,
7396.0,Devin Phelps,WR,,no_crosswalk_match,,,False,False,False,,,,,,
5292.0,Devin Ross,WR,,no_crosswalk_match,,,False,False,False,,,,,,
2342.0,Devin Smith,WR,,no_crosswalk_match,,,False,False,False,,,,,,
2074.0,Devin Street,WR,,no_crosswalk_match,,,False,False,False,,,,,,
8411.0,Devon Allen,WR,,no_crosswalk_match,,,False,False,False,,,,,,
3500.0,Devon Cajuste,WR,,no_crosswalk_match,,,False,False,False,,,,,,
8186.0,Devon Williams,WR,,no_crosswalk_match,,,False,False,False,,,,,,
1133.0,Devon Wylie,WR,,no_crosswalk_match,,,False,False,False,,,,,,
5608.0,Devonte Boyd,WR,,no_crosswalk_match,,,False,False,False,,,,,,
8108.0,DeVonte Dedmon,WR,,no_crosswalk_match,,,False,False,False,,,,,,
13632.0,Devonte Ross,WR,00-0041380,insufficient_history,,,False,False,False,,,,,,
8019.0,Devontres Dukes,WR,,no_crosswalk_match,,,False,False,False,,,,,,
11913.0,Devron Harper,WR,,no_crosswalk_match,,,False,False,False,,,,,,
574.0,Dez Bryant,WR,,no_crosswalk_match,,,False,False,False,,,,,,
7729.0,Dez Fitzpatrick,WR,,no_crosswalk_match,,,False,False,False,,,,,,
3599.0,Dez Stewart,WR,,no_crosswalk_match,,,False,False,False,,,,,,
2533.0,Dezmin Lewis,WR,,no_crosswalk_match,,,False,False,False,,,,,,
6985.0,Dezmon Patmon,WR,,no_crosswalk_match,,,False,False,False,,,,,,
2946.0,Diandre Campbell,WR,,no_crosswalk_match,,,False,False,False,,,,,,
6047.0,Dillon Mitchell,WR,,no_crosswalk_match,,,False,False,False,,,,,,
7996.0,Dillon Stoner,WR,,no_crosswalk_match,,,False,False,False,,,,,,
12281.0,Dimitri Stanley,WR,,no_crosswalk_match,,,False,False,False,,,,,,
5937.0,Diontae Johnson,WR,,no_crosswalk_match,,,False,False,False,,,,,,
5828.0,Diontae Spencer,WR,,no_crosswalk_match,,,False,False,False,,,,,,
4951.0,DJ Chark,WR,,no_crosswalk_match,,,False,False,False,,,,,,
6453.0,D.J. Montgomery,WR,,no_crosswalk_match,,,False,False,False,,,,,,
7989.0,DJ Turner,WR,00-0036527,projected,1.475042400473239,25.1,True,True,False,departed teammate (2025 vol=55),,,25.1,,
3914.0,Dobson Collins,WR,,no_crosswalk_match,,,False,False,False,,,,,,
13264.0,Dohnte Meyers,WR,00-0040785,insufficient_history,,,False,False,False,,,,,,
3505.0,Dom Williams,WR,,no_crosswalk_match,,,False,False,False,,,,,,
65.0,Domenik Hixon,WR,,no_crosswalk_match,,,False,False,False,,,,,,
12732.0,Dominic Lovett,WR,00-0040241,projected,0.8233033478128806,14.0,False,False,False,,,,14.0,,
2570.0,Donatella Luckett,WR,,no_crosswalk_match,,,False,False,False,,,,,,
13409.0,Donaven McCulley,WR,00-0041158,insufficient_history,,,False,False,False,,,,,,
104.0,Donnie Avery,WR,,no_crosswalk_match,,,False,False,False,,,,,,
6824.0,Donovan Peoples-Jones,WR,,no_crosswalk_match,,,False,False,False,,,,,,
8166.0,Dontario Drummond,WR,,no_crosswalk_match,,,False,False,False,,,,,,
11382.0,Dontay Demus,WR,,no_crosswalk_match,,,False,False,False,,,,,,
2158.0,Donte Foster,WR,,no_crosswalk_match,,,False,False,False,,,,,,
1971.0,Donte Moncrief,WR,,no_crosswalk_match,,,False,False,False,,,,,,
8052.0,Donte Sylencieux,WR,,no_crosswalk_match,,,False,False,False,,,,,,
2824.0,Donteea Dye,WR,,no_crosswalk_match,,,False,False,False,,,,,,
5242.0,Dontez Byrd,WR,,no_crosswalk_match,,,False,False,False,,,,,,
4595.0,Dontez Ford,WR,,no_crosswalk_match,,,False,False,False,,,,,,
4941.0,Dontre Wilson,WR,,no_crosswalk_match,,,False,False,False,,,,,,
2291.0,Dontrelle Inman,WR,,no_crosswalk_match,,,False,False,False,,,,,,
2345.0,Dorial Green-Beckham,WR,,no_crosswalk_match,,,False,False,False,,,,,,
6449.0,Dorian Baker,WR,,no_crosswalk_match,,,False,False,False,,,,,,
13064.0,Dorian Singer,WR,,no_crosswalk_match,,,False,False,False,,,,,,
5359.0,Dorren Miller,WR,,no_crosswalk_match,,,False,False,False,,,,,,
988.0,Doug Baldwin,WR,,no_crosswalk_match,,,False,False,False,,,,,,
2615.0,Doug McNeil,WR,,no_crosswalk_match,,,False,False,False,,,,,,
12133.0,Drake Stoops,WR,,no_crosswalk_match,,,False,False,False,,,,,,
6362.0,Dredrick Snelson,WR,,no_crosswalk_match,,,False,False,False,,,,,,
2587.0,Dres Anderson,WR,,no_crosswalk_match,,,False,False,False,,,,,,
8543.0,Drew Estrada,WR,,no_crosswalk_match,,,False,False,False,,,,,,
4396.0,Drew Morgan,WR,,no_crosswalk_match,,,False,False,False,,,,,,
13326.0,DT Sheffield,WR,00-0041201,insufficient_history,,,False,False,False,,,,,,
11204.0,Duece Watts,WR,,no_crosswalk_match,,,False,False,False,,,,,,
3846.0,Duke Williams,WR,,no_crosswalk_match,,,False,False,False,,,,,,
5282.0,Duplicate Player,WR,,no_crosswalk_match,,,False,False,False,,,,,,
2564.0,Duron Carter,WR,,no_crosswalk_match,,,False,False,False,,,,,,
3630.0,Durron Neal,WR,,no_crosswalk_match,,,False,False,False,,,,,,
286.0,Dwayne Bowe,WR,,no_crosswalk_match,,,False,False,False,,,,,,
902.0,Dwayne Harris,WR,,no_crosswalk_match,,,False,False,False,,,,,,
11474.0,Dylan Drummond,WR,00-0038953,projected,1.855278332942456,31.5,False,True,True,departed teammate (2025 vol=72); new teammate arrived (2025 vol=65 elsewhere),,,31.5,,
13143.0,Dymere Miller,WR,,no_crosswalk_match,,,False,False,False,,,,,,
415.0,Earl Bennett,WR,,no_crosswalk_match,,,False,False,False,,,,,,
7334.0,Earnest Edwards,WR,,no_crosswalk_match,,,False,False,False,,,,,,
7337.0,Easop Winston,WR,,no_crosswalk_match,,,False,False,False,,,,,,
3701.0,Ed Eagan,WR,,no_crosswalk_match,,,False,False,False,,,,,,
11529.0,Ed Lee,WR,,no_crosswalk_match,,,False,False,False,,,,,,
2876.0,Ed Williams,WR,,no_crosswalk_match,,,False,False,False,,,,,,
297.0,Eddie Royal,WR,,no_crosswalk_match,,,False,False,False,,,,,,
13931.0,E.J. Horton,WR,00-0041229,insufficient_history,,,False,False,False,,,,,,
13805.0,E.J. Williams,WR,00-0041011,insufficient_history,,,False,False,False,,,,,,
5744.0,Eldridge Massington,WR,,no_crosswalk_match,,,False,False,False,,,,,,
12909.0,Eli Pancol,WR,00-0040337,insufficient_history,,,False,False,False,,,,,,
2980.0,Eli Rogers,WR,,no_crosswalk_match,,,False,False,False,,,,,,
7935.0,Eli Stove,WR,,no_crosswalk_match,,,False,False,False,,,,,,
11139.0,Elijah Cooks,WR,,no_crosswalk_match,,,False,False,False,,,,,,
5548.0,Elijah Marks,WR,,no_crosswalk_match,,,False,False,False,,,,,,
12810.0,Elijhah Badger,WR,,no_crosswalk_match,,,False,False,False,,,,,,
5924.0,Emanuel Hall,WR,,no_crosswalk_match,,,False,False,False,,,,,,
8238.0,Emeka Emezie,WR,,no_crosswalk_match,,,False,False,False,,,,,,
6107.0,Emmanuel Butler,WR,,no_crosswalk_match,,,False,False,False,,,,,,
13313.0,Emmanuel Henderson,WR,00-0040895,insufficient_history,,,False,False,False,,,,,,
538.0,Emmanuel Sanders,WR,,no_crosswalk_match,,,False,False,False,,,,,,
1605.0,Emory Blake,WR,,no_crosswalk_match,,,False,False,False,,,,,,
558.0,Eric Decker,WR,,no_crosswalk_match,,,False,False,False,,,,,,
13354.0,Eric McAlister,WR,,no_crosswalk_match,,,False,False,False,,,,,,
13316.0,Eric Rivers,WR,00-0041257,insufficient_history,,,False,False,False,,,,,,
1701.0,Eric Rogers,WR,,no_crosswalk_match,,,False,False,False,,,,,,
130.0,Eric Weems,WR,,no_crosswalk_match,,,False,False,False,,,,,,
8831.0,Ethan Fernea,WR,,no_crosswalk_match,,,False,False,False,,,,,,
5530.0,Evan Berry,WR,,no_crosswalk_match,,,False,False,False,,,,,,
2488.0,Evan Spencer,WR,,no_crosswalk_match,,,False,False,False,,,,,,
2703.0,Ezell Ruffin,WR,,no_crosswalk_match,,,False,False,False,,,,,,
5941.0,Felton Davis,WR,,no_crosswalk_match,,,False,False,False,,,,,,
6697.0,Floyd Allen,WR,,no_crosswalk_match,,,False,False,False,,,,,,
4879.0,Francis Owusu,WR,,no_crosswalk_match,,,False,False,False,,,,,,
5814.0,Frank Stephens,WR,,no_crosswalk_match,,,False,False,False,,,,,,
1614.0,Frankie Hammond,WR,,no_crosswalk_match,,,False,False,False,,,,,,
3923.0,Franky Okafor,WR,,no_crosswalk_match,,,False,False,False,,,,,,
4752.0,Fred Brown,WR,,no_crosswalk_match,,,False,False,False,,,,,,
4360.0,Fred Ross,WR,,no_crosswalk_match,,,False,False,False,,,,,,
6701.0,Fred Trevillion,WR,,no_crosswalk_match,,,False,False,False,,,,,,
2284.0,Fred Williams,WR,,no_crosswalk_match,,,False,False,False,,,,,,
4825.0,Freddie Brown,WR,,no_crosswalk_match,,,False,False,False,,,,,,
2171.0,Freddie Martino,WR,,no_crosswalk_match,,,False,False,False,,,,,,
7135.0,Freddie Swain,WR,,no_crosswalk_match,,,False,False,False,,,,,,
6943.0,Gabe Davis,WR,00-0036196,projected,4.527165747110769,77.0,True,False,False,,,,77.0,,
4508.0,Gabe Marks,WR,,no_crosswalk_match,,,False,False,False,,,,,,
13939.0,Gabriel Benyard,WR,00-0041222,insufficient_history,,,False,False,False,,,,,,
11528.0,Garett Maag,WR,,no_crosswalk_match,,,False,False,False,,,,,,
5637.0,Garrett Johnson,WR,,no_crosswalk_match,,,False,False,False,,,,,,
4922.0,Garrett Scantling,WR,,no_crosswalk_match,,,False,False,False,,,,,,
6045.0,Gary Jennings,WR,,no_crosswalk_match,,,False,False,False,,,,,,
11478.0,Gavin Holmes,WR,,no_crosswalk_match,,,False,False,False,,,,,,
2913.0,Gavin Lutman,WR,,no_crosswalk_match,,,False,False,False,,,,,,
4489.0,Gehrig Dieter,WR,,no_crosswalk_match,,,False,False,False,,,,,,
12093.0,Geordon Porter,WR,,no_crosswalk_match,,,False,False,False,,,,,,
7387.0,George Campbell,WR,,no_crosswalk_match,,,False,False,False,,,,,,
2890.0,George Farmer,WR,,no_crosswalk_match,,,False,False,False,,,,,,
2487.0,Geremy Davis,WR,,no_crosswalk_match,,,False,False,False,,,,,,
4827.0,Germone Hopper,WR,,no_crosswalk_match,,,False,False,False,,,,,,
3503.0,Geronimo Allison,WR,,no_crosswalk_match,,,False,False,False,,,,,,
13153.0,Giles Jackson,WR,,no_crosswalk_match,,,False,False,False,,,,,,
4710.0,Gio Pascascio,WR,,no_crosswalk_match,,,False,False,False,,,,,,
642.0,Golden Tate,WR,,no_crosswalk_match,,,False,False,False,,,,,,
11024.0,Grant DuBose,WR,,no_crosswalk_match,,,False,False,False,,,,,,
264.0,Greg Jennings,WR,,no_crosswalk_match,,,False,False,False,,,,,,
835.0,Greg Little,WR,,no_crosswalk_match,,,False,False,False,,,,,,
1763.0,Greg Orton,WR,,no_crosswalk_match,,,False,False,False,,,,,,
968.0,Greg Salas,WR,,no_crosswalk_match,,,False,False,False,,,,,,
6744.0,Greg Ward,WR,,no_crosswalk_match,,,False,False,False,,,,,,
1247.0,Griff Whalen,WR,,no_crosswalk_match,,,False,False,False,,,,,,
474.0,Hakeem Nicks,WR,,no_crosswalk_match,,,False,False,False,,,,,,
12757.0,Hal Presley,WR,,no_crosswalk_match,,,False,False,False,,,,,,
12413.0,Hamze El-Zayat,WR,,no_crosswalk_match,,,False,False,False,,,,,,
13776.0,Hank Beatty,WR,00-0040912,insufficient_history,,,False,False,False,,,,,,
13670.0,Harrison Wallace,WR,00-0041368,insufficient_history,,,False,False,False,,,,,,
247.0,Harry Douglas,WR,,no_crosswalk_match,,,False,False,False,,,,,,
3920.0,Harvey Binford,WR,,no_crosswalk_match,,,False,False,False,,,,,,
7108.0,Hasise Dubois,WR,,no_crosswalk_match,,,False,False,False,,,,,,
11607.0,Hayden Hatten,WR,,no_crosswalk_match,,,False,False,False,,,,,,
8694.0,Henry Litwin,WR,,no_crosswalk_match,,,False,False,False,,,,,,
6789.0,Henry Ruggs,WR,,no_crosswalk_match,,,False,False,False,,,,,,
3729.0,Herb Waters,WR,,no_crosswalk_match,,,False,False,False,,,,,,
5955.0,Hunter Renfrow,WR,00-0034983,projected,4.280253346600119,72.8,True,False,False,,,,72.8,,
3517.0,Hunter Sharp,WR,,no_crosswalk_match,,,False,False,False,,,,,,
13228.0,Ife Adeyi,WR,,no_crosswalk_match,,,False,False,False,,,,,,
1332.0,Ifeanyi Momah,WR,,no_crosswalk_match,,,False,False,False,,,,,,
2916.0,Ify Umodu,WR,,no_crosswalk_match,,,False,False,False,,,,,,
7559.0,Ihmir Smith-Marsette,WR,00-0036635,projected,2.332544695655508,39.7,False,False,True,new teammate arrived (2025 vol=53 elsewhere); new teammate arrived (2025 vol=126 elsewhere); new teammate arrived (2025 vol=73 elsewhere),,,39.7,,
8861.0,Irv Charles,WR,,no_crosswalk_match,,,False,False,False,,,,,,
2871.0,Isaac Fruechte,WR,,no_crosswalk_match,,,False,False,False,,,,,,
4451.0,Isaac Whitney,WR,,no_crosswalk_match,,,False,False,False,,,,,,
6626.0,Isaac Zico,WR,,no_crosswalk_match,,,False,False,False,,,,,,
2002.0,Isaiah Burse,WR,,no_crosswalk_match,,,False,False,False,,,,,,
7085.0,Isaiah Coulter,WR,,no_crosswalk_match,,,False,False,False,,,,,,
4252.0,Isaiah Ford,WR,,no_crosswalk_match,,,False,False,False,,,,,,
4197.0,Isaiah McKenzie,WR,,no_crosswalk_match,,,False,False,False,,,,,,
7899.0,Isaiah McKoy,WR,,no_crosswalk_match,,,False,False,False,,,,,,
11982.0,Isaiah Washington,WR,,no_crosswalk_match,,,False,False,False,,,,,,
8229.0,Isaiah Weston,WR,,no_crosswalk_match,,,False,False,False,,,,,,
11232.0,Isaiah Winstead,WR,,no_crosswalk_match,,,False,False,False,,,,,,
11941.0,Isaiah Wooden,WR,,no_crosswalk_match,,,False,False,False,,,,,,
7407.0,Isaiah Wright,WR,,no_crosswalk_match,,,False,False,False,,,,,,
7458.0,Isaiah Zuber,WR,,no_crosswalk_match,,,False,False,False,,,,,,
6209.0,Ishmael Hyman,WR,,no_crosswalk_match,,,False,False,False,,,,,,
4289.0,Ishmael Zamora,WR,,no_crosswalk_match,,,False,False,False,,,,,,
2879.0,Isiah Ferguson,WR,,no_crosswalk_match,,,False,False,False,,,,,,
2904.0,Issac Blakeney,WR,,no_crosswalk_match,,,False,False,False,,,,,,
13770.0,J. Michael Sturdivant,WR,,no_crosswalk_match,,,False,False,False,,,,,,
1772.0,J Talley,WR,,no_crosswalk_match,,,False,False,False,,,,,,
12170.0,Jaaron Hayek,WR,,no_crosswalk_match,,,False,False,False,,,,,,
3710.0,Jace Billingsley,WR,,no_crosswalk_match,,,False,False,False,,,,,,
1867.0,Jace Davis,WR,,no_crosswalk_match,,,False,False,False,,,,,,
8420.0,Jack Sorenson,WR,,no_crosswalk_match,,,False,False,False,,,,,,
12938.0,Jackson Meeks,WR,00-0040390,insufficient_history,,,False,False,False,,,,,,
9503.0,Jacob Copeland,WR,,no_crosswalk_match,,,False,False,False,,,,,,
13904.0,Jacob De Jesus,WR,00-0040967,insufficient_history,,,False,False,False,,,,,,
7703.0,Jacob Harris,WR,,no_crosswalk_match,,,False,False,False,,,,,,
567.0,Jacoby Ford,WR,,no_crosswalk_match,,,False,False,False,,,,,,
13120.0,Jacoby Jones,WR,00-0040317,projected,2.976313549555875,50.6,False,True,True,departed teammate (2025 vol=99); new teammate arrived (2025 vol=52 elsewhere),,,50.6,,
12967.0,Jacolby George,WR,,no_crosswalk_match,,,False,False,False,,,,,,
12532.0,Ja'Corey Brooks,WR,,no_crosswalk_match,,,False,False,False,,,,,,
11521.0,Jadakis Bonds,WR,,no_crosswalk_match,,,False,False,False,,,,,,
13760.0,Jaden Bradley,WR,00-0041176,insufficient_history,,,False,False,False,,,,,,
13246.0,Jaden Smith,WR,00-0040769,insufficient_history,,,False,False,False,,,,,,
9498.0,Jadon Haselwood,WR,,no_crosswalk_match,,,False,False,False,,,,,,
12398.0,Jadon Janke,WR,,no_crosswalk_match,,,False,False,False,,,,,,
11867.0,Jaelen Gill,WR,,no_crosswalk_match,,,False,False,False,,,,,,
2375.0,Jaelen Strong,WR,,no_crosswalk_match,,,False,False,False,,,,,,
5140.0,Jaelon Acklin,WR,,no_crosswalk_match,,,False,False,False,,,,,,
7713.0,Jaelon Darden,WR,,no_crosswalk_match,,,False,False,False,,,,,,
13041.0,Jahmal Banks,WR,,no_crosswalk_match,,,False,False,False,,,,,,
8234.0,Jaivon Heiligh,WR,,no_crosswalk_match,,,False,False,False,,,,,,
8690.0,Jake Herslow,WR,,no_crosswalk_match,,,False,False,False,,,,,,
2821.0,Jake Kumerow,WR,,no_crosswalk_match,,,False,False,False,,,,,,
3864.0,Jake Lampman,WR,,no_crosswalk_match,,,False,False,False,,,,,,
5211.0,Jake Wieneke,WR,,no_crosswalk_match,,,False,False,False,,,,,,
3342.0,Jakeem Grant,WR,,no_crosswalk_match,,,False,False,False,,,,,,
12935.0,Jakobie Keeney-James,WR,00-0040388,projected,2.861049819536068,48.6,True,True,True,departed teammate (2025 vol=85); new teammate arrived (2025 vol=111 elsewhere),,,48.6,,
5005.0,Jaleel Scott,WR,,no_crosswalk_match,,,False,False,False,,,,,,
7789.0,Jalen Camp,WR,,no_crosswalk_match,,,False,False,False,,,,,,
6685.0,Jalen Greene,WR,,no_crosswalk_match,,,False,False,False,,,,,,
6421.0,Jalen Guyton,WR,,no_crosswalk_match,,,False,False,False,,,,,,
5911.0,Jalen Hurd,WR,,no_crosswalk_match,,,False,False,False,,,,,,
7173.0,Jalen McCleskey,WR,,no_crosswalk_match,,,False,False,False,,,,,,
11506.0,Jalen Moreno-Cropper,WR,00-0038740,projected,0.7995293140884232,13.6,True,False,False,,,,13.6,,
13290.0,Jalen Moss,WR,,no_crosswalk_match,,,False,False,False,,,,,,
11158.0,Jalen Sample,WR,,no_crosswalk_match,,,False,False,False,,,,,,
1862.0,Jalen Saunders,WR,,no_crosswalk_match,,,False,False,False,,,,,,
5383.0,Jalen Tolliver,WR,,no_crosswalk_match,,,False,False,False,,,,,,
8416.0,Jalen Virgil,WR,00-0037387,projected,1.5782786982393855,26.8,False,False,False,,,,26.8,,
13859.0,Jalen Walthall,WR,00-0041311,insufficient_history,,,False,False,False,,,,,,
10230.0,Jalen Wayne,WR,,no_crosswalk_match,,,False,False,False,,,,,,
4934.0,Jalen Williams,WR,,no_crosswalk_match,,,False,False,False,,,,,,
3492.0,Jalin Marshall,WR,,no_crosswalk_match,,,False,False,False,,,,,,
12129.0,Jalon Calhoun,WR,,no_crosswalk_match,,,False,False,False,,,,,,
3540.0,Jamaal Jones,WR,,no_crosswalk_match,,,False,False,False,,,,,,
12925.0,Jamaal Pritchett,WR,00-0040405,insufficient_history,,,False,False,False,,,,,,
4198.0,Jamal Agnew,WR,00-0033572,projected,1.05849874460006,18.0,True,True,False,departed teammate (2025 vol=72),,,18.0,,
6097.0,Jamal Custis,WR,,no_crosswalk_match,,,False,False,False,,,,,,
3548.0,Jamal Robinson,WR,,no_crosswalk_match,,,False,False,False,,,,,,
7244.0,Ja'Marcus Bradley,WR,,no_crosswalk_match,,,False,False,False,,,,,,
4821.0,Jamari Staples,WR,,no_crosswalk_match,,,False,False,False,,,,,,
11633.0,Jamari Thrash,WR,00-0039379,projected,2.149580301060142,36.5,False,False,False,,,,36.5,,
6713.0,Jamarius Way,WR,,no_crosswalk_match,,,False,False,False,,,,,,
3078.0,Jamel Johnson,WR,,no_crosswalk_match,,,False,False,False,,,,,,
253.0,James Jones,WR,,no_crosswalk_match,,,False,False,False,,,,,,
6957.0,James Proche,WR,00-0036133,projected,1.8050204154481184,30.7,True,True,False,departed teammate (2025 vol=52),,,30.7,,
4320.0,James Quick,WR,,no_crosswalk_match,,,False,False,False,,,,,,
1898.0,James Wright,WR,,no_crosswalk_match,,,False,False,False,,,,,,
6524.0,Jamire Jordan,WR,,no_crosswalk_match,,,False,False,False,,,,,,
12753.0,Jamoi Mayes,WR,,no_crosswalk_match,,,False,False,False,,,,,,
13696.0,Ja'Mori Maclin,WR,00-0041272,insufficient_history,,,False,False,False,,,,,,
5567.0,Janarion Grant,WR,,no_crosswalk_match,,,False,False,False,,,,,,
11940.0,JaQuae Jackson,WR,00-0039722,insufficient_history,,,False,False,False,,,,,,
8232.0,Jaquarii Roberson,WR,,no_crosswalk_match,,,False,False,False,,,,,,
2132.0,Jared Abbrederis,WR,,no_crosswalk_match,,,False,False,False,,,,,,
8663.0,Jared Bernhardt,WR,,no_crosswalk_match,,,False,False,False,,,,,,
3462.0,Jared Dangerfield,WR,,no_crosswalk_match,,,False,False,False,,,,,,
5775.0,Jared Murphy,WR,,no_crosswalk_match,,,False,False,False,,,,,,
8418.0,Jared Smart,WR,,no_crosswalk_match,,,False,False,False,,,,,,
11056.0,Jared Wayne,WR,00-0038728,projected,3.131664170264206,53.2,False,True,False,departed teammate (2025 vol=52),,,53.2,,
1215.0,Jarius Wright,WR,,no_crosswalk_match,,,False,False,False,,,,,,
1684.0,Jaron Brown,WR,,no_crosswalk_match,,,False,False,False,,,,,,
2636.0,Jarred Haggins,WR,,no_crosswalk_match,,,False,False,False,,,,,,
1173.0,Jarrett Boykin,WR,,no_crosswalk_match,,,False,False,False,,,,,,
2979.0,Jarrod West,WR,,no_crosswalk_match,,,False,False,False,,,,,,
1825.0,Jarvis Landry,WR,,no_crosswalk_match,,,False,False,False,,,,,,
3892.0,Jarvis Turner,WR,,no_crosswalk_match,,,False,False,False,,,,,,
13179.0,Ja'seem Reed,WR,00-0040265,insufficient_history,,,False,False,False,,,,,,
71.0,Jason Avant,WR,,no_crosswalk_match,,,False,False,False,,,,,,
11311.0,Jason Brownlee,WR,00-0038492,projected,1.1594635167985357,19.7,False,True,False,departed teammate (2025 vol=74),,,19.7,,
6247.0,Jason Moore,WR,,no_crosswalk_match,,,False,False,False,,,,,,
2939.0,Javess Blue,WR,,no_crosswalk_match,,,False,False,False,,,,,,
11645.0,Javon Baker,WR,,no_crosswalk_match,,,False,False,False,,,,,,
7890.0,Javon McKinley,WR,,no_crosswalk_match,,,False,False,False,,,,,,
5111.0,Javon Wims,WR,,no_crosswalk_match,,,False,False,False,,,,,,
8632.0,JaVonta Payton,WR,,no_crosswalk_match,,,False,False,False,,,,,,
2049.0,Javontee Herndon,WR,,no_crosswalk_match,,,False,False,False,,,,,,
5175.0,Jawill Davis,WR,,no_crosswalk_match,,,False,False,False,,,,,,
2654.0,Jaxon Shipley,WR,,no_crosswalk_match,,,False,False,False,,,,,,
3520.0,Jay Lee,WR,,no_crosswalk_match,,,False,False,False,,,,,,
3852.0,Jaydon Mickens,WR,,no_crosswalk_match,,,False,False,False,,,,,,
11874.0,Jaylen Johnson,WR,,no_crosswalk_match,,,False,False,False,,,,,,
6155.0,Jaylen Smith,WR,,no_crosswalk_match,,,False,False,False,,,,,,
7191.0,Jaylon Moore,WR,,no_crosswalk_match,,,False,False,False,,,,,,
5997.0,Jazz Ferguson,WR,,no_crosswalk_match,,,False,False,False,,,,,,
5275.0,Jeff Badet,WR,,no_crosswalk_match,,,False,False,False,,,,,,
13392.0,Jeff Caldwell,WR,00-0040953,insufficient_history,,,False,False,False,,,,,,
7319.0,Jeff Cotton,WR,,no_crosswalk_match,,,False,False,False,,,,,,
11850.0,Jeff Foreman,WR,,no_crosswalk_match,,,False,False,False,,,,,,
2140.0,Jeff Janis,WR,,no_crosswalk_match,,,False,False,False,,,,,,
853.0,Jeff Maehl,WR,,no_crosswalk_match,,,False,False,False,,,,,,
6557.0,Jeff Smith,WR,,no_crosswalk_match,,,False,False,False,,,,,,
7076.0,Jeff Thomas,WR,,no_crosswalk_match,,,False,False,False,,,,,,
14067.0,Jeff Weimer,WR,,no_crosswalk_match,,,False,False,False,,,,,,
4169.0,Jehu Chesson,WR,,no_crosswalk_match,,,False,False,False,,,,,,
12245.0,Jelani Baker,WR,,no_crosswalk_match,,,False,False,False,,,,,,
12144.0,Je'Quan Burton,WR,,no_crosswalk_match,,,False,False,False,,,,,,
8410.0,Jequez Ezzard,WR,,no_crosswalk_match,,,False,False,False,,,,,,
13608.0,Jerand Bradley,WR,00-0041373,insufficient_history,,,False,False,False,,,,,,
7874.0,Jeremiah Haydel,WR,,no_crosswalk_match,,,False,False,False,,,,,,
13124.0,Jeremiah Webb,WR,00-0040570,insufficient_history,,,False,False,False,,,,,,
1865.0,Jeremy Butler,WR,,no_crosswalk_match,,,False,False,False,,,,,,
1432.0,Jeremy Kelley,WR,,no_crosswalk_match,,,False,False,False,,,,,,
817.0,Jeremy Kerley,WR,,no_crosswalk_match,,,False,False,False,,,,,,
411.0,Jeremy Maclin,WR,,no_crosswalk_match,,,False,False,False,,,,,,
1306.0,Jeremy Ross,WR,,no_crosswalk_match,,,False,False,False,,,,,,
2920.0,Jeret Smith,WR,,no_crosswalk_match,,,False,False,False,,,,,,
11897.0,Jermaine Jackson,WR,,no_crosswalk_match,,,False,False,False,,,,,,
1290.0,Jermaine Kearse,WR,,no_crosswalk_match,,,False,False,False,,,,,,
7394.0,Jermiah Braswell,WR,,no_crosswalk_match,,,False,False,False,,,,,,
11522.0,Jerome Kapp,WR,,no_crosswalk_match,,,False,False,False,,,,,,
4328.0,Jerome Lane,WR,,no_crosswalk_match,,,False,False,False,,,,,,
321.0,Jerome Simpson,WR,,no_crosswalk_match,,,False,False,False,,,,,,
8236.0,Jerreth Sterns,WR,,no_crosswalk_match,,,False,False,False,,,,,,
155.0,Jerricho Cotchery,WR,,no_crosswalk_match,,,False,False,False,,,,,,
11452.0,Jesse Matthews,WR,,no_crosswalk_match,,,False,False,False,,,,,,
5261.0,Jester Weah,WR,,no_crosswalk_match,,,False,False,False,,,,,,
4786.0,Jhajuan Seales,WR,,no_crosswalk_match,,,False,False,False,,,,,,
7582.0,Jhamon Ausbon,WR,,no_crosswalk_match,,,False,False,False,,,,,,
11808.0,Jha'Quan Jackson,WR,00-0039392,projected,1.5718809117131118,26.7,False,False,True,new teammate arrived (2025 vol=120 elsewhere); new teammate arrived (2025 vol=57 elsewhere); new teammate arrived (2025 vol=68 elsewhere),,,26.7,,
2771.0,Jimmie Hunt,WR,,no_crosswalk_match,,,False,False,False,,,,,,
13173.0,Jimmy Holiday,WR,00-0040120,insufficient_history,,,False,False,False,,,,,,
13967.0,Jimmy Kibble,WR,00-0041322,insufficient_history,,,False,False,False,,,,,,
5254.0,Jimmy Williams,WR,,no_crosswalk_match,,,False,False,False,,,,,,
5863.0,J.J. Arcega-Whiteside,WR,,no_crosswalk_match,,,False,False,False,,,,,,
5267.0,JJ Jones,WR,,no_crosswalk_match,,,False,False,False,,,,,,
7339.0,J.J. Koski,WR,,no_crosswalk_match,,,False,False,False,,,,,,
12231.0,JJ Laap,WR,,no_crosswalk_match,,,False,False,False,,,,,,
2462.0,J.J. Nelson,WR,,no_crosswalk_match,,,False,False,False,,,,,,
5006.0,J'Mon Moore,WR,,no_crosswalk_match,,,False,False,False,,,,,,
12777.0,Joaquin Davis,WR,,no_crosswalk_match,,,False,False,False,,,,,,
6677.0,Joe Forson,WR,,no_crosswalk_match,,,False,False,False,,,,,,
3866.0,Joe Hansley,WR,,no_crosswalk_match,,,False,False,False,,,,,,
6686.0,Joe Horn,WR,,no_crosswalk_match,,,False,False,False,,,,,,
958.0,Joe Morgan,WR,,no_crosswalk_match,,,False,False,False,,,,,,
6913.0,Joe Reed,WR,,no_crosswalk_match,,,False,False,False,,,,,,
6727.0,Joe Walker,WR,,no_crosswalk_match,,,False,False,False,,,,,,
2238.0,John Brown,WR,,no_crosswalk_match,,,False,False,False,,,,,,
2702.0,John Chiles,WR,,no_crosswalk_match,,,False,False,False,,,,,,
5425.0,John Diarse,WR,,no_crosswalk_match,,,False,False,False,,,,,,
5705.0,John Franklin,WR,,no_crosswalk_match,,,False,False,False,,,,,,
11223.0,John Hall,WR,,no_crosswalk_match,,,False,False,False,,,,,,
2578.0,John Harris,WR,,no_crosswalk_match,,,False,False,False,,,,,,
7086.0,John Hightower,WR,,no_crosswalk_match,,,False,False,False,,,,,,
7455.0,John Hurst,WR,,no_crosswalk_match,,,False,False,False,,,,,,
12410.0,John Jackson,WR,,no_crosswalk_match,,,False,False,False,,,,,,
12383.0,John Jiles,WR,,no_crosswalk_match,,,False,False,False,,,,,,
6168.0,John Ursua,WR,,no_crosswalk_match,,,False,False,False,,,,,,
6392.0,Johnathan Lloyd,WR,,no_crosswalk_match,,,False,False,False,,,,,,
7414.0,Johnathon Johnson,WR,,no_crosswalk_match,,,False,False,False,,,,,,
6019.0,Johnnie Dixon,WR,,no_crosswalk_match,,,False,False,False,,,,,,
308.0,JohnnieLee Higgins,WR,,no_crosswalk_match,,,False,False,False,,,,,,
3476.0,Johnny Holton,WR,,no_crosswalk_match,,,False,False,False,,,,,,
8185.0,Johnny Johnson,WR,,no_crosswalk_match,,,False,False,False,,,,,,
11282.0,Johnny King,WR,,no_crosswalk_match,,,False,False,False,,,,,,
4330.0,JoJo Natson,WR,,no_crosswalk_match,,,False,False,False,,,,,,
7370.0,JoJo Ward,WR,,no_crosswalk_match,,,False,False,False,,,,,,
5384.0,Jonah Trinnaman,WR,,no_crosswalk_match,,,False,False,False,,,,,,
7613.0,Jonathan Adams,WR,,no_crosswalk_match,,,False,False,False,,,,,,
13920.0,Jonathan Brady,WR,00-0041022,insufficient_history,,,False,False,False,,,,,,
6320.0,Jonathan Duhart,WR,,no_crosswalk_match,,,False,False,False,,,,,,
1906.0,Jonathan Krause,WR,,no_crosswalk_match,,,False,False,False,,,,,,
2934.0,Jonathon Rumph,WR,,no_crosswalk_match,,,False,False,False,,,,,,
8628.0,Jontre Kirklin,WR,,no_crosswalk_match,,,False,False,False,,,,,,
6420.0,Jon'Vea Johnson,WR,,no_crosswalk_match,,,False,False,False,,,,,,
12891.0,Jordan Bly,WR,,no_crosswalk_match,,,False,False,False,,,,,,
11089.0,Jordan Byrd,WR,,no_crosswalk_match,,,False,False,False,,,,,,
6779.0,Jordan Harris,WR,,no_crosswalk_match,,,False,False,False,,,,,,
13325.0,Jordan Hudson,WR,00-0040934,insufficient_history,,,False,False,False,,,,,,
5070.0,Jordan Lasley,WR,,no_crosswalk_match,,,False,False,False,,,,,,
3063.0,Jordan Leslie,WR,,no_crosswalk_match,,,False,False,False,,,,,,
769.0,Jordan Norwood,WR,,no_crosswalk_match,,,False,False,False,,,,,,
3310.0,Jordan Payton,WR,,no_crosswalk_match,,,False,False,False,,,,,,
5590.0,Jordan Smallwood,WR,,no_crosswalk_match,,,False,False,False,,,,,,
2685.0,Jordan Taylor,WR,,no_crosswalk_match,,,False,False,False,,,,,,
5293.0,Jordan Veasy,WR,,no_crosswalk_match,,,False,False,False,,,,,,
4787.0,Jordan Westerkamp,WR,,no_crosswalk_match,,,False,False,False,,,,,,
3621.0,Jordan Williams-Lambert,WR,,no_crosswalk_match,,,False,False,False,,,,,,
175.0,Jordy Nelson,WR,,no_crosswalk_match,,,False,False,False,,,,,,
11504.0,Jose Barbon,WR,,no_crosswalk_match,,,False,False,False,,,,,,
13743.0,Joseph Manjack,WR,00-0041294,insufficient_history,,,False,False,False,,,,,,
11276.0,Joseph Ngata,WR,,no_crosswalk_match,,,False,False,False,,,,,,
6661.0,Joseph Parker,WR,,no_crosswalk_match,,,False,False,False,,,,,,
12222.0,Joseph Scates,WR,,no_crosswalk_match,,,False,False,False,,,,,,
8931.0,Josh Ali,WR,,no_crosswalk_match,,,False,False,False,,,,,,
1312.0,Josh Bellamy,WR,,no_crosswalk_match,,,False,False,False,,,,,,
1362.0,Josh Boyce,WR,,no_crosswalk_match,,,False,False,False,,,,,,
166.0,Josh Cribbs,WR,,no_crosswalk_match,,,False,False,False,,,,,,
5760.0,Josh Crockett,WR,,no_crosswalk_match,,,False,False,False,,,,,,
3178.0,Josh Doctson,WR,,no_crosswalk_match,,,False,False,False,,,,,,
1244.0,Josh Gordon,WR,,no_crosswalk_match,,,False,False,False,,,,,,
7287.0,Josh Hammond,WR,,no_crosswalk_match,,,False,False,False,,,,,,
2713.0,Josh Harper,WR,,no_crosswalk_match,,,False,False,False,,,,,,
1798.0,Josh Huff,WR,,no_crosswalk_match,,,False,False,False,,,,,,
8008.0,Josh Imatorbhebhe,WR,,no_crosswalk_match,,,False,False,False,,,,,,
12848.0,Josh Kelly,WR,00-0040049,insufficient_history,,,False,False,False,,,,,,
1505.0,Josh Lenz,WR,,no_crosswalk_match,,,False,False,False,,,,,,
4301.0,Josh Magee,WR,,no_crosswalk_match,,,False,False,False,,,,,,
4160.0,Josh Malone,WR,,no_crosswalk_match,,,False,False,False,,,,,,
222.0,Josh Morgan,WR,,no_crosswalk_match,,,False,False,False,,,,,,
7452.0,Josh Pearson,WR,,no_crosswalk_match,,,False,False,False,,,,,,
2905.0,Josh Reese,WR,,no_crosswalk_match,,,False,False,False,,,,,,
5762.0,Josh Smith,WR,,no_crosswalk_match,,,False,False,False,,,,,,
1938.0,Josh Stewart,WR,,no_crosswalk_match,,,False,False,False,,,,,,
11329.0,Josh Vann,WR,,no_crosswalk_match,,,False,False,False,,,,,,
2912.0,Joshua Stangby,WR,,no_crosswalk_match,,,False,False,False,,,,,,
6091.0,Jovon Durante,WR,,no_crosswalk_match,,,False,False,False,,,,,,
5291.0,J.t. Luper,WR,,no_crosswalk_match,,,False,False,False,,,,,,
344.0,Julian Edelman,WR,,no_crosswalk_match,,,False,False,False,,,,,,
13108.0,Julian Fleming,WR,,no_crosswalk_match,,,False,False,False,,,,,,
12151.0,Julian Hicks,WR,,no_crosswalk_match,,,False,False,False,,,,,,
5804.0,Julian Williams,WR,,no_crosswalk_match,,,False,False,False,,,,,,
947.0,Julio Jones,WR,,no_crosswalk_match,,,False,False,False,,,,,,
12743.0,Junior Bergen,WR,00-0040247,insufficient_history,,,False,False,False,,,,,,
1330.0,Junior Hemingway,WR,,no_crosswalk_match,,,False,False,False,,,,,,
13351.0,Junior Vandeross,WR,,no_crosswalk_match,,,False,False,False,,,,,,
1137.0,Juron Criner,WR,,no_crosswalk_match,,,False,False,False,,,,,,
4831.0,Justice Liggins,WR,,no_crosswalk_match,,,False,False,False,,,,,,
7299.0,Justice Shelton-Mosley,WR,,no_crosswalk_match,,,False,False,False,,,,,,
3951.0,Justin Berger,WR,,no_crosswalk_match,,,False,False,False,,,,,,
1114.0,Justin Blackmon,WR,,no_crosswalk_match,,,False,False,False,,,,,,
1409.0,Justin Brown,WR,,no_crosswalk_match,,,False,False,False,,,,,,
8441.0,Justin Hall,WR,,no_crosswalk_match,,,False,False,False,,,,,,
2412.0,Justin Hardy,WR,,no_crosswalk_match,,,False,False,False,,,,,,
1418.0,Justin Hunter,WR,,no_crosswalk_match,,,False,False,False,,,,,,
13152.0,Justin Lockhart,WR,,no_crosswalk_match,,,False,False,False,,,,,,
11191.0,Justin Marshall,WR,,no_crosswalk_match,,,False,False,False,,,,,,
9489.0,Justin Shorter,WR,00-0038590,insufficient_history,,,False,False,False,,,,,,
6384.0,Justin Sumpter,WR,,no_crosswalk_match,,,False,False,False,,,,,,
4723.0,Justin Thomas,WR,,no_crosswalk_match,,,False,False,False,,,,,,
8140.0,Justyn Ross,WR,,no_crosswalk_match,,,False,False,False,,,,,,
7174.0,Juwan Green,WR,,no_crosswalk_match,,,False,False,False,,,,,,
6223.0,Juwann Winfree,WR,,no_crosswalk_match,,,False,False,False,,,,,,
7606.0,Kadarius Toney,WR,,no_crosswalk_match,,,False,False,False,,,,,,
11419.0,Kade Warner,WR,,no_crosswalk_match,,,False,False,False,,,,,,
8755.0,Kaden Davis,WR,00-0037380,projected,0.9973596227867862,17.0,True,False,False,,,,17.0,,
12721.0,Kaden Prather,WR,,no_crosswalk_match,,,False,False,False,,,,,,
1792.0,Kadron Boone,WR,,no_crosswalk_match,,,False,False,False,,,,,,
2485.0,Kaelin Clay,WR,,no_crosswalk_match,,,False,False,False,,,,,,
6358.0,Kahlil Lewis,WR,,no_crosswalk_match,,,False,False,False,,,,,,
3030.0,Kai De La Cruz,WR,,no_crosswalk_match,,,False,False,False,,,,,,
7616.0,Kai Locksley,WR,,no_crosswalk_match,,,False,False,False,,,,,,
2153.0,Kain Colter,WR,,no_crosswalk_match,,,False,False,False,,,,,,
6832.0,Kalija Lipscomb,WR,,no_crosswalk_match,,,False,False,False,,,,,,
8248.0,Kalil Pimpleton,WR,,no_crosswalk_match,,,False,False,False,,,,,,
794.0,Kamar Aiken,WR,,no_crosswalk_match,,,False,False,False,,,,,,
8888.0,Kameron Brown,WR,,no_crosswalk_match,,,False,False,False,,,,,,
5283.0,Ka'Raun White,WR,,no_crosswalk_match,,,False,False,False,,,,,,
4364.0,Karel Hamilton,WR,,no_crosswalk_match,,,False,False,False,,,,,,
2611.0,Kasen Williams,WR,,no_crosswalk_match,,,False,False,False,,,,,,
2733.0,Kasey Closs,WR,,no_crosswalk_match,,,False,False,False,,,,,,
1758.0,Kashif Moore,WR,,no_crosswalk_match,,,False,False,False,,,,,,
670.0,Kassim Osgood,WR,,no_crosswalk_match,,,False,False,False,,,,,,
7752.0,Kawaan Baker,WR,,no_crosswalk_match,,,False,False,False,,,,,,
5747.0,Kayaune Ross,WR,,no_crosswalk_match,,,False,False,False,,,,,,
8863.0,Kaylon Geiger,WR,,no_crosswalk_match,,,False,False,False,,,,,,
12296.0,Kaylon Horton,WR,,no_crosswalk_match,,,False,False,False,,,,,,
4456.0,K.D. Cannon,WR,,no_crosswalk_match,,,False,False,False,,,,,,
11099.0,Kearis Jackson,WR,,no_crosswalk_match,,,False,False,False,,,,,,
4622.0,Keelan Cole,WR,,no_crosswalk_match,,,False,False,False,,,,,,
13973.0,Keelan Marion,WR,00-0041266,insufficient_history,,,False,False,False,,,,,,
3338.0,Keenan Reynolds,WR,,no_crosswalk_match,,,False,False,False,,,,,,
4641.0,Keeon Johnson,WR,,no_crosswalk_match,,,False,False,False,,,,,,
5962.0,KeeSean Johnson,WR,,no_crosswalk_match,,,False,False,False,,,,,,
4823.0,Keevan Lucas,WR,,no_crosswalk_match,,,False,False,False,,,,,,
11190.0,Keilahn Harris,WR,,no_crosswalk_match,,,False,False,False,,,,,,
5134.0,Keith Kirkwood,WR,,no_crosswalk_match,,,False,False,False,,,,,,
2478.0,Keith Mumphery,WR,,no_crosswalk_match,,,False,False,False,,,,,,
5007.0,Keke Coutee,WR,,no_crosswalk_match,,,False,False,False,,,,,,
8825.0,Kekoa Crawford,WR,,no_crosswalk_match,,,False,False,False,,,,,,
12755.0,Kelly Akharaiyi,WR,,no_crosswalk_match,,,False,False,False,,,,,,
2182.0,Kelvin Benjamin,WR,,no_crosswalk_match,,,False,False,False,,,,,,
5884.0,Kelvin Harmon,WR,,no_crosswalk_match,,,False,False,False,,,,,,
6438.0,Kelvin McKnight,WR,,no_crosswalk_match,,,False,False,False,,,,,,
1655.0,Kenbrell Thompkins,WR,,no_crosswalk_match,,,False,False,False,,,,,,
3917.0,Kendal Thompson,WR,,no_crosswalk_match,,,False,False,False,,,,,,
7210.0,Kendall Hinton,WR,,no_crosswalk_match,,,False,False,False,,,,,,
1097.0,Kendall Wright,WR,,no_crosswalk_match,,,False,False,False,,,,,,
8783.0,Kendric Pryor,WR,00-0037422,projected,2.712279863688158,46.1,False,False,True,new teammate arrived (2025 vol=98 elsewhere); new teammate arrived (2025 vol=185 elsewhere); new teammate arrived (2025 vol=58 elsewhere),,,46.1,,
3052.0,Kendrick Ings,WR,,no_crosswalk_match,,,False,False,False,,,,,,
13412.0,Kendrick Law,WR,00-0041446,insufficient_history,,,False,False,False,,,,,,
7035.0,Kendrick Rogers,WR,,no_crosswalk_match,,,False,False,False,,,,,,
2465.0,Kenny Bell,WR,,no_crosswalk_match,,,False,False,False,,,,,,
366.0,Kenny Britt,WR,,no_crosswalk_match,,,False,False,False,,,,,,
2836.0,Kenny Cook,WR,,no_crosswalk_match,,,False,False,False,,,,,,
4131.0,Kenny Golladay,WR,,no_crosswalk_match,,,False,False,False,,,,,,
3398.0,Kenny Lawler,WR,,no_crosswalk_match,,,False,False,False,,,,,,
1555.0,Kenny Stills,WR,,no_crosswalk_match,,,False,False,False,,,,,,
5357.0,Kent Shelby,WR,,no_crosswalk_match,,,False,False,False,,,,,,
2783.0,Kenzel Doe,WR,,no_crosswalk_match,,,False,False,False,,,,,,
4445.0,Keon Hatcher,WR,,no_crosswalk_match,,,False,False,False,,,,,,
8892.0,Keric Wheatfall,WR,,no_crosswalk_match,,,False,False,False,,,,,,
4785.0,Kermit Whitfield,WR,,no_crosswalk_match,,,False,False,False,,,,,,
1102.0,Keshawn Martin,WR,,no_crosswalk_match,,,False,False,False,,,,,,
8858.0,Keshunn Abram,WR,,no_crosswalk_match,,,False,False,False,,,,,,
13193.0,Ketron Jackson,WR,,no_crosswalk_match,,,False,False,False,,,,,,
945.0,Kevin Cone,WR,,no_crosswalk_match,,,False,False,False,,,,,,
1524.0,Kevin Dorsey,WR,,no_crosswalk_match,,,False,False,False,,,,,,
8876.0,Kevin Kassis,WR,,no_crosswalk_match,,,False,False,False,,,,,,
2276.0,Kevin Norwood,WR,,no_crosswalk_match,,,False,False,False,,,,,,
405.0,Kevin Ogletree,WR,,no_crosswalk_match,,,False,False,False,,,,,,
8697.0,Kevin Shaa,WR,,no_crosswalk_match,,,False,False,False,,,,,,
2295.0,Kevin Smith,WR,,no_crosswalk_match,,,False,False,False,,,,,,
4699.0,Kevin Snead,WR,,no_crosswalk_match,,,False,False,False,,,,,,
72.0,Kevin Walter,WR,,no_crosswalk_match,,,False,False,False,,,,,,
2312.0,Kevin White,WR,,no_crosswalk_match,,,False,False,False,,,,,,
4708.0,KeVonn Mabon,WR,,no_crosswalk_match,,,False,False,False,,,,,,
3475.0,Keyarris Garrett,WR,,no_crosswalk_match,,,False,False,False,,,,,,
13194.0,Key'Shawn Smith,WR,,no_crosswalk_match,,,False,False,False,,,,,,
11344.0,Keytaon Thompson,WR,,no_crosswalk_match,,,False,False,False,,,,,,
5773.0,KhaDarel Hodge,WR,00-0034854,projected,1.6368732136716098,27.8,True,True,True,departed teammate (2025 vol=72); new teammate arrived (2025 vol=62 elsewhere); new teammate arrived (2025 vol=52 elsewhere),,,27.8,,
7580.0,Khalil McClain,WR,,no_crosswalk_match,,,False,False,False,,,,,,
7401.0,Khalil Tate,WR,,no_crosswalk_match,,,False,False,False,,,,,,
3861.0,Kieren Duncan,WR,,no_crosswalk_match,,,False,False,False,,,,,,
13166.0,Kisean Johnson,WR,,no_crosswalk_match,,,False,False,False,,,,,,
3834.0,K.J. Brent,WR,,no_crosswalk_match,,,False,False,False,,,,,,
6805.0,KJ Hamler,WR,,no_crosswalk_match,,,False,False,False,,,,,,
6866.0,KJ Hill,WR,,no_crosswalk_match,,,False,False,False,,,,,,
3515.0,K.J. Maye,WR,,no_crosswalk_match,,,False,False,False,,,,,,
12488.0,Kobe Hudson,WR,,no_crosswalk_match,,,False,False,False,,,,,,
13708.0,Kobe Prentice,WR,00-0041152,insufficient_history,,,False,False,False,,,,,,
11359.0,Kody Case,WR,,no_crosswalk_match,,,False,False,False,,,,,,
13981.0,Kolbe Katsis,WR,00-0041292,insufficient_history,,,False,False,False,,,,,,
3348.0,Kolby Listenbee,WR,,no_crosswalk_match,,,False,False,False,,,,,,
13749.0,Kole Wilson,WR,00-0041287,insufficient_history,,,False,False,False,,,,,,
5210.0,Korey Robertson,WR,,no_crosswalk_match,,,False,False,False,,,,,,
990.0,Kris Durham,WR,,no_crosswalk_match,,,False,False,False,,,,,,
4526.0,Krishawn Hogan,WR,,no_crosswalk_match,,,False,False,False,,,,,,
7438.0,Kristian Wilkerson,WR,,no_crosswalk_match,,,False,False,False,,,,,,
13830.0,Kyle Dixon,WR,00-0041318,insufficient_history,,,False,False,False,,,,,,
5236.0,Kyle Lewis,WR,,no_crosswalk_match,,,False,False,False,,,,,,
8171.0,Kyle Philips,WR,,no_crosswalk_match,,,False,False,False,,,,,,
2848.0,Kyle Prater,WR,,no_crosswalk_match,,,False,False,False,,,,,,
11901.0,Kyle Sheets,WR,,no_crosswalk_match,,,False,False,False,,,,,,
14056.0,Kyre Duplessis,WR,00-0041536,insufficient_history,,,False,False,False,,,,,,
13208.0,Kyrese Rowan,WR,,no_crosswalk_match,,,False,False,False,,,,,,
8595.0,Kyric McGowan,WR,,no_crosswalk_match,,,False,False,False,,,,,,
14031.0,Kyron Hudson,WR,00-0041407,insufficient_history,,,False,False,False,,,,,,
1943.0,Lacoltan Bester,WR,,no_crosswalk_match,,,False,False,False,,,,,,
4895.0,Lamar Atkins,WR,,no_crosswalk_match,,,False,False,False,,,,,,
4750.0,Lance Lenoir,WR,,no_crosswalk_match,,,False,False,False,,,,,,
1786.0,Lance Lewis,WR,,no_crosswalk_match,,,False,False,False,,,,,,
8745.0,Lance McCutcheon,WR,00-0037055,insufficient_history,,,False,False,False,,,,,,
270.0,Lance Moore,WR,,no_crosswalk_match,,,False,False,False,,,,,,
7915.0,Landen Akers,WR,,no_crosswalk_match,,,False,False,False,,,,,,
8705.0,Landon Lenoir,WR,,no_crosswalk_match,,,False,False,False,,,,,,
12820.0,Landon Parker,WR,,no_crosswalk_match,,,False,False,False,,,,,,
5427.0,LaQuvionte Gonzalez,WR,,no_crosswalk_match,,,False,False,False,,,,,,
1217.0,Laron Byrd,WR,,no_crosswalk_match,,,False,False,False,,,,,,
4680.0,Larry Clark,WR,,no_crosswalk_match,,,False,False,False,,,,,,
223.0,Larry Fitzgerald,WR,,no_crosswalk_match,,,False,False,False,,,,,,
2769.0,Larry Pinkard,WR,,no_crosswalk_match,,,False,False,False,,,,,,
12360.0,Latreal Jones,WR,,no_crosswalk_match,,,False,False,False,,,,,,
151.0,Lavelle Hawkins,WR,,no_crosswalk_match,,,False,False,False,,,,,,
6814.0,Laviska Shenault,WR,,no_crosswalk_match,,,False,False,False,,,,,,
12001.0,Lawrence Keys,WR,,no_crosswalk_match,,,False,False,False,,,,,,
2076.0,L'Damian Washington,WR,,no_crosswalk_match,,,False,False,False,,,,,,
13975.0,Le'Meke Brockington,WR,00-0041187,insufficient_history,,,False,False,False,,,,,,
11863.0,Leon Johnson,WR,,no_crosswalk_match,,,False,False,False,,,,,,
914.0,Leonard Hankerson,WR,,no_crosswalk_match,,,False,False,False,,,,,,
3253.0,Leonte Carroo,WR,,no_crosswalk_match,,,False,False,False,,,,,,
4338.0,Levern Jacobs,WR,,no_crosswalk_match,,,False,False,False,,,,,,
2700.0,Levi Norwood,WR,,no_crosswalk_match,,,False,False,False,,,,,,
13889.0,Levi Wentz,WR,,no_crosswalk_match,,,False,False,False,,,,,,
4784.0,Levonte Whitfield,WR,,no_crosswalk_match,,,False,False,False,,,,,,
14063.0,Liam Clifford,WR,,no_crosswalk_match,,,False,False,False,,,,,,
12077.0,Lincoln Victor,WR,,no_crosswalk_match,,,False,False,False,,,,,,
396.0,Louis Murphy,WR,,no_crosswalk_match,,,False,False,False,,,,,,
3025.0,LT Smith,WR,,no_crosswalk_match,,,False,False,False,,,,,,
11520.0,Lucky Jackson,WR,,no_crosswalk_match,,,False,False,False,,,,,,
2789.0,Lucky Whitehead,WR,,no_crosswalk_match,,,False,False,False,,,,,,
8650.0,Lujuan Winningham,WR,,no_crosswalk_match,,,False,False,False,,,,,,
13189.0,Luke Floriea,WR,00-0040617,insufficient_history,,,False,False,False,,,,,,
12803.0,Luke Grimm,WR,00-0040461,insufficient_history,,,False,False,False,,,,,,
13617.0,Luke Wysong,WR,00-0041356,insufficient_history,,,False,False,False,,,,,,
6909.0,Lynn Bowden,WR,,no_crosswalk_match,,,False,False,False,,,,,,
1771.0,M Harris,WR,,no_crosswalk_match,,,False,False,False,,,,,,
12809.0,Mac Dalena,WR,00-0040086,insufficient_history,,,False,False,False,,,,,,
11247.0,Mac Hippenhammer,WR,,no_crosswalk_match,,,False,False,False,,,,,,
8209.0,Makai Polk,WR,,no_crosswalk_match,,,False,False,False,,,,,,
11526.0,Malachi Carter,WR,,no_crosswalk_match,,,False,False,False,,,,,,
4243.0,Malachi Dupre,WR,,no_crosswalk_match,,,False,False,False,,,,,,
5777.0,Malachi Jones,WR,,no_crosswalk_match,,,False,False,False,,,,,,
4392.0,Malcolm Lewis,WR,,no_crosswalk_match,,,False,False,False,,,,,,
3273.0,Malcolm Mitchell,WR,,no_crosswalk_match,,,False,False,False,,,,,,
7109.0,Malcolm Perry,WR,,no_crosswalk_match,,,False,False,False,,,,,,
316.0,Malcom Floyd,WR,,no_crosswalk_match,,,False,False,False,,,,,,
14058.0,Malick Meiga,WR,00-0041542,insufficient_history,,,False,False,False,,,,,,
5169.0,Malik Earl,WR,,no_crosswalk_match,,,False,False,False,,,,,,
11192.0,Malik Flowers,WR,,no_crosswalk_match,,,False,False,False,,,,,,
6552.0,Malik Henry,WR,,no_crosswalk_match,,,False,False,False,,,,,,
11080.0,Malik Knowles,WR,,no_crosswalk_match,,,False,False,False,,,,,,
13825.0,Malik McClain,WR,00-0041267,insufficient_history,,,False,False,False,,,,,,
13702.0,Malik Rutherford,WR,,no_crosswalk_match,,,False,False,False,,,,,,
5781.0,Malik Turner,WR,00-0034867,projected,0.7668223823810383,13.0,False,True,True,departed teammate (2025 vol=53); departed teammate (2025 vol=90); new teammate arrived (2025 vol=62 elsewhere); new teammate arrived (2025 vol=52 elsewhere),,,13.0,,
8770.0,Malik Williams,WR,,no_crosswalk_match,,,False,False,False,,,,,,
7400.0,Manasseh Bailey,WR,,no_crosswalk_match,,,False,False,False,,,,,,
2604.0,Manasseh Garner,WR,,no_crosswalk_match,,,False,False,False,,,,,,
14039.0,Mante Morrow,WR,00-0041474,insufficient_history,,,False,False,False,,,,,,
539.0,Marc Mariani,WR,,no_crosswalk_match,,,False,False,False,,,,,,
4942.0,Marcell Ateman,WR,,no_crosswalk_match,,,False,False,False,,,,,,
5207.0,Marchie Murdock,WR,,no_crosswalk_match,,,False,False,False,,,,,,
13667.0,Marcus Burke,WR,,no_crosswalk_match,,,False,False,False,,,,,,
999.0,Marcus Easley,WR,,no_crosswalk_match,,,False,False,False,,,,,,
6288.0,Marcus Green,WR,,no_crosswalk_match,,,False,False,False,,,,,,
3445.0,Marcus Johnson,WR,,no_crosswalk_match,,,False,False,False,,,,,,
4491.0,Marcus Kemp,WR,,no_crosswalk_match,,,False,False,False,,,,,,
3584.0,Marcus Leak,WR,,no_crosswalk_match,,,False,False,False,,,,,,
2191.0,Marcus Lucas,WR,,no_crosswalk_match,,,False,False,False,,,,,,
5786.0,Marcus Peterson,WR,,no_crosswalk_match,,,False,False,False,,,,,,
12235.0,Marcus Riley,WR,,no_crosswalk_match,,,False,False,False,,,,,,
11946.0,Marcus Rosemy-Jacksaint,WR,,no_crosswalk_match,,,False,False,False,,,,,,
13619.0,Marcus Sanders,WR,00-0041352,insufficient_history,,,False,False,False,,,,,,
6712.0,Marcus Simms,WR,,no_crosswalk_match,,,False,False,False,,,,,,
1050.0,Marcus Thigpen,WR,,no_crosswalk_match,,,False,False,False,,,,,,
3817.0,Marcus Tucker,WR,,no_crosswalk_match,,,False,False,False,,,,,,
2537.0,Mario Alford,WR,,no_crosswalk_match,,,False,False,False,,,,,,
2800.0,Mario Hull,WR,,no_crosswalk_match,,,False,False,False,,,,,,
68.0,Mario Manningham,WR,,no_crosswalk_match,,,False,False,False,,,,,,
13001.0,Mario Williams,WR,00-0040603,insufficient_history,,,False,False,False,,,,,,
5776.0,Mark Chapman,WR,,no_crosswalk_match,,,False,False,False,,,,,,
3568.0,Marken Michel,WR,,no_crosswalk_match,,,False,False,False,,,,,,
1413.0,Markus Wheaton,WR,,no_crosswalk_match,,,False,False,False,,,,,,
1675.0,Marlon Brown,WR,,no_crosswalk_match,,,False,False,False,,,,,,
511.0,Marlon Moore,WR,,no_crosswalk_match,,,False,False,False,,,,,,
7545.0,Marlon Williams,WR,,no_crosswalk_match,,,False,False,False,,,,,,
1987.0,Marqise Lee,WR,,no_crosswalk_match,,,False,False,False,,,,,,
201.0,Marques Colston,WR,,no_crosswalk_match,,,False,False,False,,,,,,
1512.0,Marquess Wilson,WR,,no_crosswalk_match,,,False,False,False,,,,,,
6989.0,Marquez Callaway,WR,,no_crosswalk_match,,,False,False,False,,,,,,
2846.0,Marquez Clark,WR,,no_crosswalk_match,,,False,False,False,,,,,,
3464.0,Marquez North,WR,,no_crosswalk_match,,,False,False,False,,,,,,
7556.0,Marquez Stevenson,WR,,no_crosswalk_match,,,False,False,False,,,,,,
3889.0,Marquis Bundy,WR,,no_crosswalk_match,,,False,False,False,,,,,,
5848.0,Marquise Brown,WR,00-0035662,projected,6.4198520073074326,109.1,True,False,False,,,,73.4,-32.7,"Real name-variant find: this is the same player as KC's departed 'Marquise Brown' (00-0035662, 74 real 2025 KC targets) -- Book keys him as 'Hollywood Brown,' the model/master_players.csv key him as 'Marquise Brown,' which is why an initial pull showed no Book price for him at all. 48 targets x his own real KC rate (1.530/target, 2025: 74 tgt/49 rec/587 yds/5 TD) = 73.4. Raw model output 109.1 -> 73.4 = -32.7%, +33.5% above Book (55.00), the real target-share basis for sitting above the market price. (verified 2026-08-20)"
1346.0,Marquise Goodwin,WR,,no_crosswalk_match,,,False,False,False,,,,,,
1916.0,Martavis Bryant,WR,,no_crosswalk_match,,,False,False,False,,,,,,
7286.0,Marvelle Ross,WR,,no_crosswalk_match,,,False,False,False,,,,,,
4813.0,Marvin Bracy,WR,,no_crosswalk_match,,,False,False,False,,,,,,
3895.0,Marvin Hall,WR,,no_crosswalk_match,,,False,False,False,,,,,,
1067.0,Marvin Jones,WR,,no_crosswalk_match,,,False,False,False,,,,,,
7619.0,Mathew Sexton,WR,,no_crosswalk_match,,,False,False,False,,,,,,
7352.0,Matt Cole,WR,,no_crosswalk_match,,,False,False,False,,,,,,
5699.0,Matt Fleming,WR,,no_crosswalk_match,,,False,False,False,,,,,,
1821.0,Matt Hazel,WR,,no_crosswalk_match,,,False,False,False,,,,,,
10869.0,Matt Landers,WR,,no_crosswalk_match,,,False,False,False,,,,,,
6468.0,Matthew Eaton,WR,,no_crosswalk_match,,,False,False,False,,,,,,
312.0,Matthew Slater,WR,,no_crosswalk_match,,,False,False,False,,,,,,
7234.0,Maurice Ffrench,WR,,no_crosswalk_match,,,False,False,False,,,,,,
3650.0,Maurice Harris,WR,,no_crosswalk_match,,,False,False,False,,,,,,
3840.0,Max McCaffrey,WR,,no_crosswalk_match,,,False,False,False,,,,,,
13698.0,Max Tomczak,WR,,no_crosswalk_match,,,False,False,False,,,,,,
5917.0,Mecole Hardman,WR,00-0035140,projected,1.4151799181110103,24.1,False,False,True,new teammate arrived (2025 vol=85 elsewhere),,,24.1,,
3418.0,Mekale McKay,WR,,no_crosswalk_match,,,False,False,False,,,,,,
13835.0,Mekhi Mews,WR,,no_crosswalk_match,,,False,False,False,,,,,,
7618.0,Micah Simon,WR,,no_crosswalk_match,,,False,False,False,,,,,,
6663.0,Micah Wright,WR,,no_crosswalk_match,,,False,False,False,,,,,,
2969.0,Michael Bennett,WR,,no_crosswalk_match,,,False,False,False,,,,,,
13890.0,Michael Briscoe,WR,00-0040970,insufficient_history,,,False,False,False,,,,,,
1866.0,Michael Campanaro,WR,,no_crosswalk_match,,,False,False,False,,,,,,
4376.0,Michael Clark,WR,,no_crosswalk_match,,,False,False,False,,,,,,
455.0,Michael Crabtree,WR,,no_crosswalk_match,,,False,False,False,,,,,,
7457.0,Michael Dereus,WR,,no_crosswalk_match,,,False,False,False,,,,,,
1219.0,Michael Floyd,WR,,no_crosswalk_match,,,False,False,False,,,,,,
5038.0,Michael Gallup,WR,,no_crosswalk_match,,,False,False,False,,,,,,
2754.0,Michael Johnson,WR,,no_crosswalk_match,,,False,False,False,,,,,,
1313.0,Michael Preston,WR,,no_crosswalk_match,,,False,False,False,,,,,,
4599.0,Michael Rector,WR,,no_crosswalk_match,,,False,False,False,,,,,,
3199.0,Michael Thomas,WR,,no_crosswalk_match,,,False,False,False,,,,,,
6363.0,Michael Walker,WR,,no_crosswalk_match,,,False,False,False,,,,,,
8202.0,Michael Woods,WR,,no_crosswalk_match,,,False,False,False,,,,,,
13645.0,Michael Wortham,WR,00-0041220,insufficient_history,,,False,False,False,,,,,,
8828.0,Michael Young,WR,,no_crosswalk_match,,,False,False,False,,,,,,
504.0,Micheal Spurlock,WR,,no_crosswalk_match,,,False,False,False,,,,,,
5294.0,Mikah Holder,WR,,no_crosswalk_match,,,False,False,False,,,,,,
1321.0,Mike Brown,WR,,no_crosswalk_match,,,False,False,False,,,,,,
8421.0,Mike Harley,WR,,no_crosswalk_match,,,False,False,False,,,,,,
3652.0,Mike Thomas,WR,,no_crosswalk_match,,,False,False,False,,,,,,
365.0,Mike Wallace,WR,,no_crosswalk_match,,,False,False,False,,,,,,
4068.0,Mike Williams,WR,,no_crosswalk_match,,,False,False,False,,,,,,
122.0,Miles Austin,WR,,no_crosswalk_match,,,False,False,False,,,,,,
3858.0,Miles Shuler,WR,,no_crosswalk_match,,,False,False,False,,,,,,
2941.0,Milton Williams,WR,,no_crosswalk_match,,,False,False,False,,,,,,
11536.0,Milton Wright,WR,,no_crosswalk_match,,,False,False,False,,,,,,
3516.0,Mitch Mathews,WR,,no_crosswalk_match,,,False,False,False,,,,,,
13227.0,Mitch Van Vooren,WR,,no_crosswalk_match,,,False,False,False,,,,,,
4727.0,Mitchell Paige,WR,,no_crosswalk_match,,,False,False,False,,,,,,
1071.0,Mohamed Sanu,WR,,no_crosswalk_match,,,False,False,False,,,,,,
12852.0,Monaray Baldwin,WR,,no_crosswalk_match,,,False,False,False,,,,,,
13222.0,Montana Lemonious-Craig,WR,,no_crosswalk_match,,,False,False,False,,,,,,
3922.0,Montario Hunter,WR,,no_crosswalk_match,,,False,False,False,,,,,,
4377.0,Montay Crockett,WR,,no_crosswalk_match,,,False,False,False,,,,,,
13199.0,Montorie Foster,WR,00-0040621,insufficient_history,,,False,False,False,,,,,,
8475.0,Montrell Washington,WR,,no_crosswalk_match,,,False,False,False,,,,,,
4367.0,Monty Madaris,WR,,no_crosswalk_match,,,False,False,False,,,,,,
13026.0,Moochie Dixon,WR,,no_crosswalk_match,,,False,False,False,,,,,,
12966.0,Moose Muhammad,WR,,no_crosswalk_match,,,False,False,False,,,,,,
3622.0,Mose Frazier,WR,,no_crosswalk_match,,,False,False,False,,,,,,
3050.0,Myles White,WR,,no_crosswalk_match,,,False,False,False,,,,,,
7578.0,Myron Mitchell,WR,,no_crosswalk_match,,,False,False,False,,,,,,
12893.0,Nate McCollum,WR,,no_crosswalk_match,,,False,False,False,,,,,,
370.0,Nate Washington,WR,,no_crosswalk_match,,,False,False,False,,,,,,
1276.0,Nathan Palmer,WR,,no_crosswalk_match,,,False,False,False,,,,,,
8436.0,Neil Pau'u,WR,,no_crosswalk_match,,,False,False,False,,,,,,
2325.0,Nelson Agholor,WR,,no_crosswalk_match,,,False,False,False,,,,,,
3484.0,Nelson Spruce,WR,,no_crosswalk_match,,,False,False,False,,,,,,
13963.0,Nick DeGennaro,WR,00-0041317,insufficient_history,,,False,False,False,,,,,,
6227.0,Nick Easley,WR,,no_crosswalk_match,,,False,False,False,,,,,,
2788.0,Nick Harwell,WR,,no_crosswalk_match,,,False,False,False,,,,,,
5710.0,Nick Holley,WR,,no_crosswalk_match,,,False,False,False,,,,,,
1189.0,Nick Toon,WR,,no_crosswalk_match,,,False,False,False,,,,,,
1604.0,Nick Williams,WR,,no_crosswalk_match,,,False,False,False,,,,,,
2790.0,Nigel King,WR,,no_crosswalk_match,,,False,False,False,,,,,,
13677.0,Noah Short,WR,,no_crosswalk_match,,,False,False,False,,,,,,
13318.0,Noah Thomas,WR,00-0041248,insufficient_history,,,False,False,False,,,,,,
4600.0,Noel Thomas,WR,,no_crosswalk_match,,,False,False,False,,,,,,
6387.0,Nsimba Webster,WR,,no_crosswalk_match,,,False,False,False,,,,,,
5950.0,Nyqwan Murray,WR,,no_crosswalk_match,,,False,False,False,,,,,,
13850.0,Octavian Smith,WR,00-0040989,insufficient_history,,,False,False,False,,,,,,
12033.0,OJ Hiliare,WR,,no_crosswalk_match,,,False,False,False,,,,,,
11136.0,Oliver Martin,WR,,no_crosswalk_match,,,False,False,False,,,,,,
7080.0,Omar Bayless,WR,,no_crosswalk_match,,,False,False,False,,,,,,
13905.0,Omari Evans,WR,00-0040954,insufficient_history,,,False,False,False,,,,,,
13941.0,Omari Kelly,WR,00-0041168,insufficient_history,,,False,False,False,,,,,,
13304.0,O'Mega Blake,WR,,no_crosswalk_match,,,False,False,False,,,,,,
12453.0,Ontaria Wilson,WR,,no_crosswalk_match,,,False,False,False,,,,,,
7860.0,Osirus Mitchell,WR,,no_crosswalk_match,,,False,False,False,,,,,,
6364.0,Papi White,WR,,no_crosswalk_match,,,False,False,False,,,,,,
5880.0,Parris Campbell,WR,00-0035639,projected,1.6341605030275803,27.8,True,False,False,,,,27.8,,
2674.0,Paul Browning,WR,,no_crosswalk_match,,,False,False,False,,,,,,
3470.0,Paul McRoberts,WR,,no_crosswalk_match,,,False,False,False,,,,,,
2279.0,Paul Richardson,WR,,no_crosswalk_match,,,False,False,False,,,,,,
3783.0,Paul Turner,WR,,no_crosswalk_match,,,False,False,False,,,,,,
5902.0,Penny Hart,WR,,no_crosswalk_match,,,False,False,False,,,,,,
429.0,Percy Harvin,WR,,no_crosswalk_match,,,False,False,False,,,,,,
12373.0,Peter LeBlanc,WR,,no_crosswalk_match,,,False,False,False,,,,,,
3278.0,Pharoh Cooper,WR,,no_crosswalk_match,,,False,False,False,,,,,,
13258.0,Phil Lutz,WR,,no_crosswalk_match,,,False,False,False,,,,,,
12254.0,Phillip Brooks,WR,,no_crosswalk_match,,,False,False,False,,,,,,
2334.0,Phillip Dorsett,WR,00-0032208,projected,1.5684091957073898,26.7,False,False,True,new teammate arrived (2025 vol=53 elsewhere); new teammate arrived (2025 vol=92 elsewhere),,,26.7,,
269.0,Pierre Garcon,WR,,no_crosswalk_match,,,False,False,False,,,,,,
4805.0,Pig Howard,WR,,no_crosswalk_match,,,False,False,False,,,,,,
11130.0,Pokey Wilson,WR,,no_crosswalk_match,,,False,False,False,,,,,,
12370.0,Praise Olatoke,WR,,no_crosswalk_match,,,False,False,False,,,,,,
13344.0,Preston Fox,WR,,no_crosswalk_match,,,False,False,False,,,,,,
620.0,Preston Parker,WR,,no_crosswalk_match,,,False,False,False,,,,,,
6148.0,Preston Williams,WR,,no_crosswalk_match,,,False,False,False,,,,,,
12267.0,Qadir Ismail,WR,,no_crosswalk_match,,,False,False,False,,,,,,
5279.0,Quadree Henderson,WR,,no_crosswalk_match,,,False,False,False,,,,,,
2887.0,Quan Bray,WR,,no_crosswalk_match,,,False,False,False,,,,,,
6879.0,Quartney Davis,WR,,no_crosswalk_match,,,False,False,False,,,,,,
12907.0,Quentin Skinner,WR,00-0040406,projected,3.317404431790565,56.4,True,False,True,new teammate arrived (2025 vol=85 elsewhere),,,56.4,,
3770.0,Quenton Bundrage,WR,,no_crosswalk_match,,,False,False,False,,,,,,
6927.0,Quez Watkins,WR,00-0036271,projected,5.294857695107386,90.0,False,False,True,new teammate arrived (2025 vol=74 elsewhere); new teammate arrived (2025 vol=113 elsewhere),,,90.0,,
4342.0,Quincy Adeboyejo,WR,,no_crosswalk_match,,,False,False,False,,,,,,
1854.0,Quincy Enunwa,WR,,no_crosswalk_match,,,False,False,False,,,,,,
4910.0,Quincy McDuffie,WR,,no_crosswalk_match,,,False,False,False,,,,,,
12884.0,Quincy Skinner,WR,,no_crosswalk_match,,,False,False,False,,,,,,
3711.0,Quinshad Davis,WR,,no_crosswalk_match,,,False,False,False,,,,,,
6895.0,Quintez Cephus,WR,,no_crosswalk_match,,,False,False,False,,,,,,
1589.0,Quinton Patton,WR,,no_crosswalk_match,,,False,False,False,,,,,,
1801.0,Quron Pratt,WR,,no_crosswalk_match,,,False,False,False,,,,,,
7793.0,Racey McMath,WR,,no_crosswalk_match,,,False,False,False,,,,,,
8732.0,Raleigh Webb,WR,,no_crosswalk_match,,,False,False,False,,,,,,
11885.0,Ramel Keyton,WR,,no_crosswalk_match,,,False,False,False,,,,,,
928.0,Randall Cobb,WR,,no_crosswalk_match,,,False,False,False,,,,,,
2823.0,Rannell Hall,WR,,no_crosswalk_match,,,False,False,False,,,,,,
6361.0,Raphael Leonard,WR,,no_crosswalk_match,,,False,False,False,,,,,,
2442.0,Rashad Greene,WR,,no_crosswalk_match,,,False,False,False,,,,,,
2095.0,Rashad Lawrence,WR,,no_crosswalk_match,,,False,False,False,,,,,,
7395.0,Rashad Medaris,WR,,no_crosswalk_match,,,False,False,False,,,,,,
14037.0,Rashad Rochelle,WR,00-0041476,insufficient_history,,,False,False,False,,,,,,
1724.0,Rashad Ross,WR,,no_crosswalk_match,,,False,False,False,,,,,,
4828.0,Rashard Davis,WR,,no_crosswalk_match,,,False,False,False,,,,,,
3328.0,Rashard Higgins,WR,,no_crosswalk_match,,,False,False,False,,,,,,
8571.0,Ra'Shaun Henry,WR,,no_crosswalk_match,,,False,False,False,,,,,,
3911.0,Rashaun Simonise,WR,,no_crosswalk_match,,,False,False,False,,,,,,
3457.0,Rashawn Scott,WR,,no_crosswalk_match,,,False,False,False,,,,,,
2753.0,Rasheed Bailey,WR,,no_crosswalk_match,,,False,False,False,,,,,,
12760.0,Rashod Owens,WR,,no_crosswalk_match,,,False,False,False,,,,,,
5096.0,Ray-Ray McCloud,WR,00-0034407,projected,2.872006354037985,48.8,True,True,False,departed teammate (2025 vol=140),,,48.8,,
13783.0,Raylen Sharpe,WR,00-0041233,insufficient_history,,,False,False,False,,,,,,
13136.0,Redd Douglas,WR,,no_crosswalk_match,,,False,False,False,,,,,,
3893.0,Reece Horn,WR,,no_crosswalk_match,,,False,False,False,,,,,,
6763.0,Reggie Begelton,WR,,no_crosswalk_match,,,False,False,False,,,,,,
2638.0,Reggie Bell,WR,,no_crosswalk_match,,,False,False,False,,,,,,
4778.0,Reggie Davis,WR,,no_crosswalk_match,,,False,False,False,,,,,,
3655.0,Reggie Diggs,WR,,no_crosswalk_match,,,False,False,False,,,,,,
1406.0,Reggie Dunn,WR,,no_crosswalk_match,,,False,False,False,,,,,,
8175.0,Reggie Roberson,WR,,no_crosswalk_match,,,False,False,False,,,,,,
194.0,Reggie Wayne,WR,,no_crosswalk_match,,,False,False,False,,,,,,
6261.0,Reggie White,WR,,no_crosswalk_match,,,False,False,False,,,,,,
992.0,Ricardo Lockette,WR,,no_crosswalk_match,,,False,False,False,,,,,,
3275.0,Ricardo Louis,WR,,no_crosswalk_match,,,False,False,False,,,,,,
3732.0,Richard Mullaney,WR,,no_crosswalk_match,,,False,False,False,,,,,,
5137.0,Richie James,WR,,no_crosswalk_match,,,False,False,False,,,,,,
2935.0,Ricky Collins,WR,,no_crosswalk_match,,,False,False,False,,,,,,
5428.0,Ricky Jeune,WR,,no_crosswalk_match,,,False,False,False,,,,,,
7901.0,Rico Bussey,WR,,no_crosswalk_match,,,False,False,False,,,,,,
5197.0,Rico Gafford,WR,,no_crosswalk_match,,,False,False,False,,,,,,
1618.0,Rico Richardson,WR,,no_crosswalk_match,,,False,False,False,,,,,,
582.0,Riley Cooper,WR,,no_crosswalk_match,,,False,False,False,,,,,,
7988.0,Riley Lees,WR,,no_crosswalk_match,,,False,False,False,,,,,,
4614.0,Riley McCarron,WR,,no_crosswalk_match,,,False,False,False,,,,,,
5873.0,Riley Ridley,WR,,no_crosswalk_match,,,False,False,False,,,,,,
1046.0,Rishard Matthews,WR,,no_crosswalk_match,,,False,False,False,,,,,,
4854.0,River Cracraft,WR,00-0034054,projected,1.4193106377249152,24.1,False,True,True,departed teammate (2025 vol=99); new teammate arrived (2025 vol=52 elsewhere),,,24.1,,
2723.0,RJ Harris,WR,,no_crosswalk_match,,,False,False,False,,,,,,
12276.0,RJ Mobley,WR,,no_crosswalk_match,,,False,False,False,,,,,,
4411.0,R.J. Shelton,WR,,no_crosswalk_match,,,False,False,False,,,,,,
3423.0,Robbie Chosen,WR,00-0032688,projected,2.6264425689618207,44.6,True,True,False,departed teammate (2025 vol=99),,,44.6,,
4285.0,Robert Davis,WR,,no_crosswalk_match,,,False,False,False,,,,,,
5250.0,Robert Foster,WR,,no_crosswalk_match,,,False,False,False,,,,,,
2217.0,Robert Herron,WR,,no_crosswalk_match,,,False,False,False,,,,,,
230.0,Robert Meachem,WR,,no_crosswalk_match,,,False,False,False,,,,,,
4790.0,Robert Wheelwright,WR,,no_crosswalk_match,,,False,False,False,,,,,,
1352.0,Robert Woods,WR,,no_crosswalk_match,,,False,False,False,,,,,,
12972.0,Roc Taylor,WR,,no_crosswalk_match,,,False,False,False,,,,,,
1138.0,Rod Streater,WR,,no_crosswalk_match,,,False,False,False,,,,,,
4.0,Roddy White,WR,,no_crosswalk_match,,,False,False,False,,,,,,
13256.0,Roderick Daniels,WR,,no_crosswalk_match,,,False,False,False,,,,,,
4208.0,Rodney Adams,WR,,no_crosswalk_match,,,False,False,False,,,,,,
1631.0,Rodney Smith,WR,,no_crosswalk_match,,,False,False,False,,,,,,
3519.0,Roger Lewis,WR,,no_crosswalk_match,,,False,False,False,,,,,,
6394.0,Romell Guerrier,WR,,no_crosswalk_match,,,False,False,False,,,,,,
13818.0,Romello Brinson,WR,00-0041516,insufficient_history,,,False,False,False,,,,,,
7601.0,Rondale Moore,WR,,no_crosswalk_match,,,False,False,False,,,,,,
6240.0,Ron'quavion Tarver,WR,,no_crosswalk_match,,,False,False,False,,,,,,
12431.0,Rory Starkey,WR,,no_crosswalk_match,,,False,False,False,,,,,,
1164.0,Rueben Randle,WR,,no_crosswalk_match,,,False,False,False,,,,,,
5110.0,Russell Gage,WR,,no_crosswalk_match,,,False,False,False,,,,,,
1333.0,Russell Shepard,WR,,no_crosswalk_match,,,False,False,False,,,,,,
1154.0,Ryan Broyles,WR,,no_crosswalk_match,,,False,False,False,,,,,,
6036.0,Ryan Davis,WR,,no_crosswalk_match,,,False,False,False,,,,,,
2093.0,Ryan Grant,WR,,no_crosswalk_match,,,False,False,False,,,,,,
1966.0,Ryan Lankford,WR,,no_crosswalk_match,,,False,False,False,,,,,,
8891.0,Ryan McDaniel,WR,,no_crosswalk_match,,,False,False,False,,,,,,
11421.0,Ryan Miller,WR,00-0038824,projected,1.8612800506891003,31.6,True,True,True,departed teammate (2025 vol=62); departed teammate (2025 vol=53); new teammate arrived (2025 vol=72 elsewhere); new teammate arrived (2025 vol=55 elsewhere),,,31.6,,
1610.0,Ryan Spadola,WR,,no_crosswalk_match,,,False,False,False,,,,,,
4162.0,Ryan Switzer,WR,,no_crosswalk_match,,,False,False,False,,,,,,
832.0,Ryan Whalen,WR,,no_crosswalk_match,,,False,False,False,,,,,,
1322.0,Saalim Hakim,WR,,no_crosswalk_match,,,False,False,False,,,,,,
5135.0,Saeed Blacknall,WR,,no_crosswalk_match,,,False,False,False,,,,,,
13929.0,Sahmir Hagans,WR,00-0041228,insufficient_history,,,False,False,False,,,,,,
13225.0,Sam Brown,WR,,no_crosswalk_match,,,False,False,False,,,,,,
9496.0,Sam James,WR,,no_crosswalk_match,,,False,False,False,,,,,,
12018.0,Sam Pinckney,WR,,no_crosswalk_match,,,False,False,False,,,,,,
11957.0,Sam Schnee,WR,,no_crosswalk_match,,,False,False,False,,,,,,
12134.0,Sam Wiglusz,WR,,no_crosswalk_match,,,False,False,False,,,,,,
2392.0,Sammie Coates,WR,,no_crosswalk_match,,,False,False,False,,,,,,
1817.0,Sammy Watkins,WR,,no_crosswalk_match,,,False,False,False,,,,,,
8235.0,Samori Toure,WR,00-0037098,projected,1.5950394994097548,27.1,True,False,True,new teammate arrived (2025 vol=74 elsewhere),,,27.1,,
8824.0,Samson Nacua,WR,,no_crosswalk_match,,,False,False,False,,,,,,
69.0,Santana Moss,WR,,no_crosswalk_match,,,False,False,False,,,,,,
651.0,Santonio Holmes,WR,,no_crosswalk_match,,,False,False,False,,,,,,
8700.0,Savon Scarver,WR,,no_crosswalk_match,,,False,False,False,,,,,,
13867.0,Sean Brown,WR,,no_crosswalk_match,,,False,False,False,,,,,,
6459.0,Sean Modster,WR,,no_crosswalk_match,,,False,False,False,,,,,,
7368.0,Sean Riley,WR,,no_crosswalk_match,,,False,False,False,,,,,,
2205.0,Seantavius Jones,WR,,no_crosswalk_match,,,False,False,False,,,,,,
5396.0,Sergio Bailey II,WR,,no_crosswalk_match,,,False,False,False,,,,,,
7426.0,Seth Dawkins,WR,,no_crosswalk_match,,,False,False,False,,,,,,
2039.0,Seth Roberts,WR,,no_crosswalk_match,,,False,False,False,,,,,,
7534.0,Seth Williams,WR,,no_crosswalk_match,,,False,False,False,,,,,,
570.0,Seyi Ajirotutu,WR,,no_crosswalk_match,,,False,False,False,,,,,,
11172.0,Shae Wyatt,WR,,no_crosswalk_match,,,False,False,False,,,,,,
4721.0,Shakeir Ryan,WR,,no_crosswalk_match,,,False,False,False,,,,,,
2774.0,Shakim Phillips,WR,,no_crosswalk_match,,,False,False,False,,,,,,
13624.0,Shaleak Knotts,WR,,no_crosswalk_match,,,False,False,False,,,,,,
7161.0,Shane Leatherbury,WR,,no_crosswalk_match,,,False,False,False,,,,,,
2603.0,Shane Wynn,WR,,no_crosswalk_match,,,False,False,False,,,,,,
4613.0,Shaq Hill,WR,,no_crosswalk_match,,,False,False,False,,,,,,
5638.0,Shaq Roland,WR,,no_crosswalk_match,,,False,False,False,,,,,,
11105.0,Shaquan Davis,WR,,no_crosswalk_match,,,False,False,False,,,,,,
1855.0,Shaquelle Evans,WR,,no_crosswalk_match,,,False,False,False,,,,,,
6357.0,Shawn Bane,WR,,no_crosswalk_match,,,False,False,False,,,,,,
6554.0,Shawn Poindexter,WR,,no_crosswalk_match,,,False,False,False,,,,,,
5431.0,Shay Fields,WR,,no_crosswalk_match,,,False,False,False,,,,,,
11257.0,Shedrick Jackson,WR,00-0038891,projected,3.6971986958720873,62.9,False,True,True,departed teammate (2025 vol=55); new teammate arrived (2025 vol=53 elsewhere),,,62.9,,
4214.0,Shelton Gibson,WR,,no_crosswalk_match,,,False,False,False,,,,,,
8731.0,Shemar Bridges,WR,,no_crosswalk_match,,,False,False,False,,,,,,
7603.0,Shi Smith,WR,,no_crosswalk_match,,,False,False,False,,,,,,
7309.0,Siaosi Mariner,WR,,no_crosswalk_match,,,False,False,False,,,,,,
14.0,Sidney Rice,WR,,no_crosswalk_match,,,False,False,False,,,,,,
12880.0,Silas Bolden,WR,,no_crosswalk_match,,,False,False,False,,,,,,
7812.0,Simi Fehoko,WR,00-0036646,projected,1.5700282997432908,26.7,False,False,True,new teammate arrived (2025 vol=53 elsewhere),,,26.7,,
5164.0,Simmie Cobbs,WR,,no_crosswalk_match,,,False,False,False,,,,,,
13604.0,Sincere Brown,WR,00-0041374,insufficient_history,,,False,False,False,,,,,,
1627.0,Skye Dawson,WR,,no_crosswalk_match,,,False,False,False,,,,,,
8191.0,Slade Bolden,WR,,no_crosswalk_match,,,False,False,False,,,,,,
2221.0,Solomon Patton,WR,,no_crosswalk_match,,,False,False,False,,,,,,
4938.0,Speedy Noil,WR,,no_crosswalk_match,,,False,False,False,,,,,,
6593.0,Spencer Schnell,WR,,no_crosswalk_match,,,False,False,False,,,,,,
13943.0,Squirrel White,WR,00-0041265,insufficient_history,,,False,False,False,,,,,,
4254.0,Stacy Coley,WR,,no_crosswalk_match,,,False,False,False,,,,,,
8419.0,Stanley Berryhill,WR,,no_crosswalk_match,,,False,False,False,,,,,,
6069.0,Stanley Morgan,WR,,no_crosswalk_match,,,False,False,False,,,,,,
1568.0,Stedman Bailey,WR,,no_crosswalk_match,,,False,False,False,,,,,,
12756.0,Stephen Gosnell,WR,00-0040361,insufficient_history,,,False,False,False,,,,,,
7462.0,Stephen Guidry,WR,,no_crosswalk_match,,,False,False,False,,,,,,
1054.0,Stephen Hill,WR,,no_crosswalk_match,,,False,False,False,,,,,,
6342.0,Stephen Louis,WR,,no_crosswalk_match,,,False,False,False,,,,,,
8633.0,Stephon Robinson,WR,,no_crosswalk_match,,,False,False,False,,,,,,
5262.0,Steve Ishmael,WR,,no_crosswalk_match,,,False,False,False,,,,,,
108.0,Steve Johnson,WR,,no_crosswalk_match,,,False,False,False,,,,,,
169.0,Steve Smith,WR,,no_crosswalk_match,,,False,False,False,,,,,,
5391.0,Steven Dunbar,WR,,no_crosswalk_match,,,False,False,False,,,,,,
5132.0,Steven Mitchell,WR,,no_crosswalk_match,,,False,False,False,,,,,,
6402.0,Steven Sims,WR,00-0034928,projected,0.9059132060720664,15.4,True,False,False,,,,15.4,,
11111.0,Sy Barnett,WR,,no_crosswalk_match,,,False,False,False,,,,,,
11821.0,Tahj Washington,WR,00-0039884,projected,1.919717795256887,32.6,False,True,False,departed teammate (2025 vol=100),,,32.6,,
5224.0,Taj Williams,WR,,no_crosswalk_match,,,False,False,False,,,,,,
3297.0,Tajae Sharpe,WR,,no_crosswalk_match,,,False,False,False,,,,,,
12074.0,Talik Keaton,WR,,no_crosswalk_match,,,False,False,False,,,,,,
8573.0,Talolo Limi-Jones,WR,,no_crosswalk_match,,,False,False,False,,,,,,
7604.0,Tamorrion Terry,WR,,no_crosswalk_match,,,False,False,False,,,,,,
822.0,Tandon Doss,WR,,no_crosswalk_match,,,False,False,False,,,,,,
4551.0,Tanner Gentry,WR,,no_crosswalk_match,,,False,False,False,,,,,,
12395.0,Tanner Knue,WR,,no_crosswalk_match,,,False,False,False,,,,,,
3788.0,Tanner McEvoy,WR,,no_crosswalk_match,,,False,False,False,,,,,,
8005.0,Tarik Black,WR,,no_crosswalk_match,,,False,False,False,,,,,,
1456.0,Tavarres King,WR,,no_crosswalk_match,,,False,False,False,,,,,,
1567.0,Tavon Austin,WR,,no_crosswalk_match,,,False,False,False,,,,,,
6755.0,Tavonn Salter,WR,,no_crosswalk_match,,,False,False,False,,,,,,
8250.0,Tay Martin,WR,00-0037524,projected,3.525944572304202,59.9,True,True,False,departed teammate (2025 vol=99),,,59.9,,
11418.0,Taye Barber,WR,,no_crosswalk_match,,,False,False,False,,,,,,
1903.0,Taylor Gabriel,WR,,no_crosswalk_match,,,False,False,False,,,,,,
11445.0,Taylor Grimes,WR,,no_crosswalk_match,,,False,False,False,,,,,,
13139.0,Taylor Morin,WR,,no_crosswalk_match,,,False,False,False,,,,,,
8613.0,Taysir Mack,WR,,no_crosswalk_match,,,False,False,False,,,,,,
11962.0,Tayvion Robinson,WR,,no_crosswalk_match,,,False,False,False,,,,,,
4125.0,Taywan Taylor,WR,,no_crosswalk_match,,,False,False,False,,,,,,
695.0,Ted Ginn,WR,,no_crosswalk_match,,,False,False,False,,,,,,
11802.0,Tejhaun Palmer,WR,00-0039397,insufficient_history,,,False,False,False,,,,,,
5255.0,Teo Redding,WR,,no_crosswalk_match,,,False,False,False,,,,,,
11925.0,Terique Owens,WR,,no_crosswalk_match,,,False,False,False,,,,,,
1490.0,Terrance Williams,WR,,no_crosswalk_match,,,False,False,False,,,,,,
11115.0,Terrell Bynum,WR,,no_crosswalk_match,,,False,False,False,,,,,,
1652.0,Terrell Sinkfield,WR,,no_crosswalk_match,,,False,False,False,,,,,,
1020.0,Terrelle Pryor,WR,,no_crosswalk_match,,,False,False,False,,,,,,
14040.0,Terrill Davis,WR,00-0041481,insufficient_history,,,False,False,False,,,,,,
5977.0,Terry Godwin,WR,,no_crosswalk_match,,,False,False,False,,,,,,
6492.0,Terry Wright,WR,,no_crosswalk_match,,,False,False,False,,,,,,
3583.0,Tevaun Smith,WR,,no_crosswalk_match,,,False,False,False,,,,,,
3730.0,Tevin Jones,WR,,no_crosswalk_match,,,False,False,False,,,,,,
2052.0,Tevin Reese,WR,,no_crosswalk_match,,,False,False,False,,,,,,
11073.0,Thayer Thomas,WR,,no_crosswalk_match,,,False,False,False,,,,,,
8437.0,Thomas Hennigan,WR,,no_crosswalk_match,,,False,False,False,,,,,,
6465.0,Thomas Ives,WR,,no_crosswalk_match,,,False,False,False,,,,,,
4479.0,Thomas Sperbeck,WR,,no_crosswalk_match,,,False,False,False,,,,,,
11266.0,Thyrick Pitts,WR,,no_crosswalk_match,,,False,False,False,,,,,,
4355.0,Tim White,WR,,no_crosswalk_match,,,False,False,False,,,,,,
5714.0,Tim Wilson,WR,,no_crosswalk_match,,,False,False,False,,,,,,
2580.0,Titus Davis,WR,,no_crosswalk_match,,,False,False,False,,,,,,
2121.0,T.J. Jones,WR,,no_crosswalk_match,,,False,False,False,,,,,,
11312.0,T.J. Luther,WR,,no_crosswalk_match,,,False,False,False,,,,,,
6401.0,T.J. Rahming,WR,,no_crosswalk_match,,,False,False,False,,,,,,
13191.0,TJ Sheffield,WR,,no_crosswalk_match,,,False,False,False,,,,,,
7960.0,T.J. Simmons,WR,,no_crosswalk_match,,,False,False,False,,,,,,
3918.0,TJ Thorpe,WR,,no_crosswalk_match,,,False,False,False,,,,,,
7862.0,T.J. Vasher,WR,,no_crosswalk_match,,,False,False,False,,,,,,
1665.0,Tobais Palmer,WR,,no_crosswalk_match,,,False,False,False,,,,,,
6588.0,Tom Kennedy,WR,00-0035544,projected,1.345744808521847,22.9,False,False,False,,,,22.9,,
1060.0,Tommy Streeter,WR,,no_crosswalk_match,,,False,False,False,,,,,,
14005.0,Tommy Thomas,WR,,no_crosswalk_match,,,False,False,False,,,,,,
3614.0,Tommylee Lewis,WR,,no_crosswalk_match,,,False,False,False,,,,,,
7078.0,Tony Brown,WR,,no_crosswalk_match,,,False,False,False,,,,,,
4497.0,Tony Stevens,WR,,no_crosswalk_match,,,False,False,False,,,,,,
1978.0,Tony Washington,WR,,no_crosswalk_match,,,False,False,False,,,,,,
2041.0,Torrence Allen,WR,,no_crosswalk_match,,,False,False,False,,,,,,
826.0,Torrey Smith,WR,,no_crosswalk_match,,,False,False,False,,,,,,
12849.0,Traeshon Holden,WR,00-0040048,insufficient_history,,,False,False,False,,,,,,
8252.0,Travell Harris,WR,,no_crosswalk_match,,,False,False,False,,,,,,
4520.0,Travin Dural,WR,,no_crosswalk_match,,,False,False,False,,,,,,
1077.0,Travis Benjamin,WR,,no_crosswalk_match,,,False,False,False,,,,,,
6059.0,Travis Fulgham,WR,,no_crosswalk_match,,,False,False,False,,,,,,
2837.0,Travis Harvey,WR,,no_crosswalk_match,,,False,False,False,,,,,,
7454.0,Travis Jonsen,WR,,no_crosswalk_match,,,False,False,False,,,,,,
1953.0,Travis Labhart,WR,,no_crosswalk_match,,,False,False,False,,,,,,
4644.0,Travis Rudolph,WR,,no_crosswalk_match,,,False,False,False,,,,,,
8070.0,Travis Toivonen,WR,,no_crosswalk_match,,,False,False,False,,,,,,
14038.0,Trayvon Rudolph,WR,00-0041475,insufficient_history,,,False,False,False,,,,,,
2544.0,Tre McBride,WR,,no_crosswalk_match,,,False,False,False,,,,,,
12392.0,Tre Mosley,WR,,no_crosswalk_match,,,False,False,False,,,,,,
7546.0,Tre Nixon,WR,,no_crosswalk_match,,,False,False,False,,,,,,
8169.0,Tre Turner,WR,,no_crosswalk_match,,,False,False,False,,,,,,
7978.0,Tre Walker,WR,,no_crosswalk_match,,,False,False,False,,,,,,
5154.0,Trent Sherfield,WR,00-0034487,projected,1.3869261102581567,23.6,True,False,True,new teammate arrived (2025 vol=85 elsewhere),,,23.6,,
2752.0,Trent Steelman,WR,,no_crosswalk_match,,,False,False,False,,,,,,
6598.0,Trenton Irwin,WR,,no_crosswalk_match,,,False,False,False,,,,,,
5026.0,Tre'Quan Smith,WR,,no_crosswalk_match,,,False,False,False,,,,,,
11456.0,Tre'Shaun Harrison,WR,,no_crosswalk_match,,,False,False,False,,,,,,
12355.0,Treveyon Pratt,WR,,no_crosswalk_match,,,False,False,False,,,,,,
6248.0,Trevion Thompson,WR,,no_crosswalk_match,,,False,False,False,,,,,,
8581.0,Trevon Bradford,WR,,no_crosswalk_match,,,False,False,False,,,,,,
8549.0,Trevon Clark,WR,,no_crosswalk_match,,,False,False,False,,,,,,
7949.0,Trevon Grimes,WR,,no_crosswalk_match,,,False,False,False,,,,,,
7217.0,Trevontae Hights,WR,,no_crosswalk_match,,,False,False,False,,,,,,
3319.0,Trevor Davis,WR,,no_crosswalk_match,,,False,False,False,,,,,,
1045.0,Trevor Graham,WR,,no_crosswalk_match,,,False,False,False,,,,,,
2838.0,Trevor Harman,WR,,no_crosswalk_match,,,False,False,False,,,,,,
4324.0,Trey Griffey,WR,,no_crosswalk_match,,,False,False,False,,,,,,
5139.0,Trey Quinn,WR,,no_crosswalk_match,,,False,False,False,,,,,,
13862.0,Treyvhon Saunders,WR,00-0041308,insufficient_history,,,False,False,False,,,,,,
1003.0,Trindon Holliday,WR,,no_crosswalk_match,,,False,False,False,,,,,,
6395.0,Trinity Benson,WR,,no_crosswalk_match,,,False,False,False,,,,,,
7009.0,Trishton Jackson,WR,,no_crosswalk_match,,,False,False,False,,,,,,
13003.0,Tru Edwards,WR,00-0040609,insufficient_history,,,False,False,False,,,,,,
11886.0,Tulu Griffin,WR,,no_crosswalk_match,,,False,False,False,,,,,,
8196.0,Ty Fryfogle,WR,,no_crosswalk_match,,,False,False,False,,,,,,
1110.0,T.Y. Hilton,WR,,no_crosswalk_match,,,False,False,False,,,,,,
11906.0,Ty James,WR,,no_crosswalk_match,,,False,False,False,,,,,,
9491.0,Ty Scott,WR,,no_crosswalk_match,,,False,False,False,,,,,,
11226.0,Tyjon Lindsey,WR,,no_crosswalk_match,,,False,False,False,,,,,,
11357.0,Tyler Adams,WR,,no_crosswalk_match,,,False,False,False,,,,,,
3225.0,Tyler Boyd,WR,,no_crosswalk_match,,,False,False,False,,,,,,
12029.0,Tyler Harrell,WR,,no_crosswalk_match,,,False,False,False,,,,,,
11148.0,Tyler Hudson,WR,,no_crosswalk_match,,,False,False,False,,,,,,
12831.0,Tyler Kahmann,WR,,no_crosswalk_match,,,False,False,False,,,,,,
2374.0,Tyler Lockett,WR,00-0032211,projected,4.39533200415599,74.7,False,False,True,new teammate arrived (2025 vol=53 elsewhere),,,74.7,,
2919.0,Tyler McDonald,WR,,no_crosswalk_match,,,False,False,False,,,,,,
2773.0,Tyler Murphy,WR,,no_crosswalk_match,,,False,False,False,,,,,,
2910.0,Tyler Rutenbeck,WR,,no_crosswalk_match,,,False,False,False,,,,,,
7274.0,Tyler Simmons,WR,,no_crosswalk_match,,,False,False,False,,,,,,
2881.0,Tyler Slavin,WR,,no_crosswalk_match,,,False,False,False,,,,,,
8409.0,Tyler Snead,WR,,no_crosswalk_match,,,False,False,False,,,,,,
7548.0,Tyler Vaughns,WR,,no_crosswalk_match,,,False,False,False,,,,,,
6049.0,Tyre Brady,WR,,no_crosswalk_match,,,False,False,False,,,,,,
2583.0,Tyrell Williams,WR,,no_crosswalk_match,,,False,False,False,,,,,,
13600.0,Tyren Montgomery,WR,00-0040919,insufficient_history,,,False,False,False,,,,,,
7032.0,Tyrie Cleveland,WR,,no_crosswalk_match,,,False,False,False,,,,,,
6063.0,Tyron Billy-Johnson,WR,,no_crosswalk_match,,,False,False,False,,,,,,
13034.0,Tyrone Broden,WR,00-0040053,insufficient_history,,,False,False,False,,,,,,
8656.0,Tyshaun James,WR,,no_crosswalk_match,,,False,False,False,,,,,,
1678.0,Uzoma Nwachukwu,WR,,no_crosswalk_match,,,False,False,False,,,,,,
3660.0,Valdez Showers,WR,,no_crosswalk_match,,,False,False,False,,,,,,
8223.0,Velus Jones,WR,00-0037745,insufficient_history,,,False,False,False,,,,,,
6628.0,Ventell Bryant,WR,,no_crosswalk_match,,,False,False,False,,,,,,
2635.0,Vernon Johnson,WR,,no_crosswalk_match,,,False,False,False,,,,,,
4453.0,Victor Bolden,WR,,no_crosswalk_match,,,False,False,False,,,,,,
719.0,Victor Cruz,WR,,no_crosswalk_match,,,False,False,False,,,,,,
891.0,Vincent Brown,WR,,no_crosswalk_match,,,False,False,False,,,,,,
128.0,Vincent Jackson,WR,,no_crosswalk_match,,,False,False,False,,,,,,
13343.0,Vinny Anthony,WR,00-0041185,insufficient_history,,,False,False,False,,,,,,
5260.0,Vyncint Smith,WR,,no_crosswalk_match,,,False,False,False,,,,,,
2247.0,Walter Powell,WR,,no_crosswalk_match,,,False,False,False,,,,,,
7550.0,Warren Jackson,WR,,no_crosswalk_match,,,False,False,False,,,,,,
12198.0,Wayne Ruby,WR,,no_crosswalk_match,,,False,False,False,,,,,,
3552.0,Wendall Williams,WR,,no_crosswalk_match,,,False,False,False,,,,,,
177.0,Wes Welker,WR,,no_crosswalk_match,,,False,False,False,,,,,,
13663.0,Wesley Grimes,WR,00-0041359,insufficient_history,,,False,False,False,,,,,,
7558.0,Whop Philyor,WR,,no_crosswalk_match,,,False,False,False,,,,,,
7367.0,Will Hastings,WR,,no_crosswalk_match,,,False,False,False,,,,,,
13662.0,Will Pauling,WR,00-0041361,insufficient_history,,,False,False,False,,,,,,
3157.0,William Fuller,WR,,no_crosswalk_match,,,False,False,False,,,,,,
8881.0,Willie Johnson,WR,,no_crosswalk_match,,,False,False,False,,,,,,
1911.0,Willie Snead,WR,,no_crosswalk_match,,,False,False,False,,,,,,
13238.0,Winston Wright,WR,,no_crosswalk_match,,,False,False,False,,,,,,
11306.0,Xavier Gipson,WR,00-0038496,projected,1.1179875852280603,19.0,True,True,True,departed teammate (2025 vol=121); new teammate arrived (2025 vol=72 elsewhere); new teammate arrived (2025 vol=55 elsewhere),,,19.0,,
11969.0,Xavier Johnson,WR,00-0039473,insufficient_history,,,False,False,False,,,,,,
13916.0,Xavier Loyd,WR,00-0041020,insufficient_history,,,False,False,False,,,,,,
3150.0,Xavier Rush,WR,,no_crosswalk_match,,,False,False,False,,,,,,
6322.0,Xavier Ubosi,WR,,no_crosswalk_match,,,False,False,False,,,,,,
12363.0,Xavier Wade,WR,,no_crosswalk_match,,,False,False,False,,,,,,
12189.0,Xavier White,WR,,no_crosswalk_match,,,False,False,False,,,,,,
2962.0,Zach D'Orazio,WR,,no_crosswalk_match,,,False,False,False,,,,,,
12168.0,Zach Mathis,WR,,no_crosswalk_match,,,False,False,False,,,,,,
4319.0,Zach Pascal,WR,,no_crosswalk_match,,,False,False,False,,,,,,
13161.0,Zakhari Franklin,WR,,no_crosswalk_match,,,False,False,False,,,,,,
4080.0,Zay Jones,WR,00-0033891,projected,3.857228495202546,65.6,True,False,False,,,,65.6,,
11189.0,Zay Malone,WR,,no_crosswalk_match,,,False,False,False,,,,,,
7211.0,Zimari Manning,WR,,no_crosswalk_match,,,False,False,False,,,,,,
11159.0,Zion Bowens,WR,,no_crosswalk_match,,,False,False,False,,,,,,
8130.0,Trey McBride,TE,00-0037744,projected,11.688998038362303,198.7,False,False,False,,,,187.8,-5.5,"User-directed: dropped to Book. Raw model output 198.7 -> 187.7, matching Book (187.70). (verified 2026-08-20)"
11604.0,Brock Bowers,TE,00-0039338,projected,10.212807891504292,173.6,False,False,False,,,,198.1,14.1,"Real, confirmed: PCL/bone-bruise knee injury cost him 5 games in 2025 (season-ending precautionary procedure with 2 games left, not a worsening injury). Checked the most recent dated source before trusting 'healthy' (Aug 18, 2026 vs. HOU: no knee tape, red-zone TD, full explosiveness) -- confirmed, same discipline as the Odunze check. Extrapolated his real 7.2 targets/game pace (86 tgt over 12 games) to a full healthy 17-game season: 120 targets x his own real rate (1.651/target, 2025: 86 tgt/64 rec/680 yds/7 TD) = 198.1. Raw model output 173.6 -> 198.1 = +14.1%, +9.8% above Book (180.50). (verified 2026-08-20)"
12517.0,Colston Loveland,TE,00-0040126,projected,7.513547783004036,127.7,False,False,False,,,,166.1,30.1,"Companion entry to Odunze's (00-0039919) correction. Real ascending TE1 off a big rookie 2025 (82 targets already). College profile supports a real receiving-first role: No. 10 overall pick, athletic/basketball-background pass-catcher, scouted as a weak blocker -- consistent with his real usage. Given real room in the post-Moore target pool, matched to Odunze's 100-target share rather than left at a smaller increment. 100 targets x his own real rate (1.662/target, 2025: 82 tgt/58 rec/713 yds/6 TD) = 166.1. Raw model output 127.7 -> 166.1 = +30.1%, +10.3% above Book (150.60). (verified 2026-08-20)"
12518.0,Tyler Warren,TE,00-0040128,projected,7.774260639906126,132.2,False,False,False,,,,149.7,13.2,"Moved to Book (149.60), user-directed market-defer pass, no individual research done. Raw model output 132.2 -> 149.6. (verified 2026-08-20)"
7553.0,Kyle Pitts,TE,00-0036970,projected,8.034628034327794,136.6,False,False,False,,,,124.9,-8.6,User-directed batch adjustment 2026-08-27: -5% vs. current board value (131.5 -> 124.9). Expressed vs. raw model output (136.6) as -8.6%.
12506.0,Harold Fannin,TE,00-0040663,projected,8.25051439464971,140.3,False,True,False,departed teammate (2025 vol=48),,,124.4,-11.3,"REVISED 2026-08-21, user-directed: blanket -10% TE trim (all TEs except Loveland/Warren/Bowers/McBride), no individual research done. 138.2 x 0.90 = 124.4. Raw model output 140.3 -> 124.4 = -11.3%. (verified 2026-08-21)"
10859.0,Sam LaPorta,TE,00-0039065,projected,8.151124878122188,138.6,False,False,False,,,,114.8,-17.2,"REVISED 2026-08-21, user-directed: blanket -10% TE trim (all TEs except Loveland/Warren/Bowers/McBride), no individual research done. 127.5 x 0.90 = 114.8. Raw model output 138.6 -> 114.8 = -17.2%. (verified 2026-08-21)"
5022.0,Dallas Goedert,TE,00-0034351,projected,8.394633285408013,142.7,False,False,False,,,,108.9,-23.7,"REVISED 2026-08-21, user-directed: blanket -10% TE trim (all TEs except Loveland/Warren/Bowers/McBride), no individual research done. 121.0 x 0.90 = 108.9. Raw model output 142.7 -> 108.9 = -23.7%. (verified 2026-08-21)"
9484.0,Tucker Kraft,TE,00-0038996,projected,9.12232977209888,155.1,False,False,False,,,,120.0,-22.6,"REVISED 2026-08-21, user-directed: blanket -10% TE trim (all TEs except Loveland/Warren/Bowers/McBride), no individual research done. 133.4 x 0.90 = 120.1. Raw model output 155.1 -> 120.1 = -22.6%. (verified 2026-08-21)"
1466.0,Travis Kelce,TE,00-0030506,projected,8.30253808740266,141.1,False,False,False,,,,103.4,-26.7,"REVISED 2026-08-21, user-directed: blanket -10% TE trim (all TEs except Loveland/Warren/Bowers/McBride), no individual research done. 114.9 x 0.90 = 103.4. Raw model output 141.1 -> 103.4 = -26.7%. (verified 2026-08-21)"
4217.0,George Kittle,TE,00-0033288,projected,10.105257051157226,171.8,False,False,False,,,,104.3,-39.3,"REVISED 2026-08-21, user-directed: blanket -10% TE trim (all TEs except Loveland/Warren/Bowers/McBride), no individual research done. 115.8 x 0.90 = 104.2. Raw model output 171.8 -> 104.2 = -39.3%. (verified 2026-08-21)"
5012.0,Mark Andrews,TE,00-0034753,projected,6.872785384179819,116.8,False,True,False,departed teammate (2025 vol=36),,,97.2,-16.8,"REVISED 2026-08-21, user-directed: blanket -10% TE trim (all TEs except Loveland/Warren/Bowers/McBride), no individual research done. 108.0 x 0.90 = 97.2. Raw model output 116.8 -> 97.2 = -16.8%. (verified 2026-08-21)"
8131.0,Isaiah Likely,TE,00-0037838,projected,4.599757641125409,78.2,True,False,False,,,,102.4,30.9,"REVISED 2026-08-21, user-directed: blanket -10% TE trim (all TEs except Loveland/Warren/Bowers/McBride), no individual research done. 113.8 x 0.90 = 102.4. Raw model output 78.2 -> 102.4 = +30.9%. (verified 2026-08-21)"
10236.0,Dalton Kincaid,TE,00-0038933,projected,7.21069225079424,122.6,False,False,False,,,,118.8,-3.1,"REVISED 2026-08-21, user-directed: blanket -10% TE trim (all TEs except Loveland/Warren/Bowers/McBride), no individual research done. 132.0 x 0.90 = 118.8. Raw model output 122.6 -> 118.8 = -3.1%. (verified 2026-08-21)"
8110.0,Jake Ferguson,TE,00-0038041,projected,6.9736208314714965,118.6,False,False,False,,,,106.7,-10.0,"REVISED 2026-08-21, user-directed: blanket -10% TE trim (all TEs except Loveland/Warren/Bowers/McBride), no individual research done. 118.6 x 0.90 = 106.7. Raw model output 118.6 -> 106.7 = -10.0%. (verified 2026-08-21)"
3214.0,Hunter Henry,TE,00-0033090,projected,7.509037136927418,127.7,False,False,False,,,,112.0,-12.3,"REVISED 2026-08-21, user-directed: blanket -10% TE trim (all TEs except Loveland/Warren/Bowers/McBride), no individual research done. 124.5 x 0.90 = 112.0. Raw model output 127.7 -> 112.0 = -12.3%. (verified 2026-08-21)"
7002.0,Juwan Johnson,TE,00-0036040,projected,7.197467781236837,122.4,False,False,True,new teammate arrived (2025 vol=41 elsewhere),,,110.2,-10.0,"REVISED 2026-08-21, user-directed: blanket -10% TE trim (all TEs except Loveland/Warren/Bowers/McBride), no individual research done. 122.4 x 0.90 = 110.2. Raw model output 122.4 -> 110.2 = -10.0%. (verified 2026-08-21)"
9480.0,Brenton Strange,TE,00-0038935,projected,6.011032401222831,102.2,False,False,False,,,,104.9,2.6,"REVISED 2026-08-21, user-directed: blanket -10% TE trim (all TEs except Loveland/Warren/Bowers/McBride), no individual research done. 116.6 x 0.90 = 104.9. Raw model output 102.2 -> 104.9 = +2.6%. (verified 2026-08-21)"
5001.0,Dalton Schultz,TE,00-0034383,projected,6.837603226561763,116.2,False,False,False,,,,110.9,-4.6,"REVISED 2026-08-21, user-directed: blanket -10% TE trim (all TEs except Loveland/Warren/Bowers/McBride), no individual research done. 123.1 x 0.90 = 110.8. Raw model output 116.2 -> 110.8 = -4.6%. (verified 2026-08-21)"
5844.0,T.J. Hockenson,TE,00-0035229,projected,5.898585466750872,100.3,False,False,False,,,,109.8,9.5,"REVISED 2026-08-21, user-directed: blanket -10% TE trim (all TEs except Loveland/Warren/Bowers/McBride), no individual research done. 122.0 x 0.90 = 109.8. Raw model output 100.3 -> 109.8 = +9.5%. (verified 2026-08-21)"
7600.0,Pat Freiermuth,TE,00-0036894,projected,5.910054136987322,100.5,False,True,False,departed teammate (2025 vol=54),,,92.6,-7.9,"REVISED 2026-08-21, user-directed: blanket -10% TE trim (all TEs except Loveland/Warren/Bowers/McBride), no individual research done. 102.9 x 0.90 = 92.6. Raw model output 100.5 -> 92.6 = -7.9%. (verified 2026-08-21)"
8172.0,Greg Dulcich,TE,00-0037252,projected,4.099267313883972,69.7,False,True,False,departed teammate (2025 vol=34),,,78.7,12.9,"REVISED 2026-08-21, user-directed: blanket -10% TE trim (all TEs except Loveland/Warren/Bowers/McBride), no individual research done. 87.4 x 0.90 = 78.7. Raw model output 69.7 -> 78.7 = +12.9%. (verified 2026-08-21)"
13330.0,Kenyon Sadiq,TE,00-0041032,insufficient_history,,,False,False,False,,94.6,"PLACEHOLDER, not independently built: real 2026 rookie TE, projected to split slot reps with Cooper (00-0041511) above. Same structural gap as Cooper. Using Book's real current pricing (105.1) directly, consistent with the market-defer treatment given to the rest of this NYJ batch. REVISED 2026-08-21, user-directed: blanket -10% TE trim (all TEs except Loveland/Warren/Bowers/McBride). 105.1 x 0.90 = 94.6. (verified 2026-08-21)",,,
8111.0,Cade Otton,TE,00-0038129,projected,5.930322035853124,100.8,False,False,False,,,,91.5,-9.2,"REVISED 2026-08-21, user-directed: blanket -10% TE trim (all TEs except Loveland/Warren/Bowers/McBride), no individual research done. 101.7 x 0.90 = 91.5. Raw model output 100.8 -> 91.5 = -9.2%. (verified 2026-08-21)"
11603.0,AJ Barner,TE,00-0039793,projected,5.888045786246487,100.1,False,False,False,,,,90.1,-10.0,"REVISED 2026-08-21, user-directed: blanket -10% TE trim (all TEs except Loveland/Warren/Bowers/McBride), no individual research done. 100.1 x 0.90 = 90.1. Raw model output 100.1 -> 90.1 = -10.0%. (verified 2026-08-21)"
8210.0,Chig Okonkwo,TE,00-0037809,projected,5.31398760960939,90.3,True,False,False,,,,102.8,13.8,"REVISED 2026-08-21, user-directed: blanket -10% TE trim (all TEs except Loveland/Warren/Bowers/McBride), no individual research done. 114.2 x 0.90 = 102.8. Raw model output 90.3 -> 102.8 = +13.8%. (verified 2026-08-21)"
12493.0,Oronde Gadsden,TE,00-0040189,projected,6.454308128539539,109.7,False,False,True,new teammate arrived (2025 vol=48 elsewhere),,,107.5,-2.0,"REVISED 2026-08-21, user-directed: blanket -10% TE trim (all TEs except Loveland/Warren/Bowers/McBride), no individual research done. 119.4 x 0.90 = 107.5. Raw model output 109.7 -> 107.5 = -2.0%. (verified 2026-08-21)"
12487.0,Terrance Ferguson,TE,00-0040737,projected,3.986636889828464,67.8,False,False,False,,,,54.9,-19.0,"REVISED 2026-08-21, user-directed: blanket -10% TE trim (all TEs except Loveland/Warren/Bowers/McBride), no individual research done. 61.0 x 0.90 = 54.9. Raw model output 67.8 -> 54.9 = -19.0%. (verified 2026-08-21)"
4993.0,Mike Gesicki,TE,00-0034829,projected,4.611712043964484,78.4,False,True,False,departed teammate (2025 vol=41),,,78.4,,
4066.0,Evan Engram,TE,00-0033881,projected,5.344315934766575,90.9,False,False,False,,,,55.2,-39.3,"Companion entry to Waddle's (00-0036613) correction. Moved to Book after real, explicit negative reporting checked and confirmed: age-32, 'not worth drafting in the majority of leagues,' 'second-lowest yards per route run of his nine-year career,' real new roster competition (two rookie TEs drafted) and real added WR competition (Waddle). Raw model output 90.9 -> 55.2 (Book) = -39.3%. (verified 2026-08-20)"
12502.0,Gunnar Helm,TE,00-0040584,projected,4.14659185015079,70.5,False,True,False,departed teammate (2025 vol=79),,,91.3,29.5,"REVISED 2026-08-21, user-directed: blanket -10% TE trim (all TEs except Loveland/Warren/Bowers/McBride), no individual research done. 101.4 x 0.90 = 91.3. Raw model output 70.5 -> 91.3 = +29.5%. (verified 2026-08-21)"
12498.0,Mason Taylor,TE,00-0040736,projected,5.010758819816456,85.2,False,False,False,,,,60.8,-28.6,"Moved to Book (60.80), user-directed market-defer pass, no individual research done. Raw model output 85.2 -> 60.8. (verified 2026-08-20)"
6865.0,Colby Parkinson,TE,00-0036244,projected,5.509503299061569,93.7,False,False,False,,,,68.7,-26.7,"Companion entry to Ferguson's (00-0040737) correction, same 118-target 4-way TE pool. CHECKED TD concentration: 8 TDs on 43 real catches = 44.3% of his value -- regressed. 38 targets x 1.809 (TD-regressed rate) = 68.7. Raw model output 93.7 -> 68.7 = -26.7%, +7.7% above Book (63.8). (verified 2026-08-20)"
4033.0,David Njoku,TE,00-0033885,projected,6.643573631671179,112.9,True,False,False,,,,55.2,-51.1,"Companion entry to McConkey's (00-0039915) correction, same 480-touch LAC pool. Real, explicit 'third TE' role behind Gadsden/Kolar ('play limited snaps,' 'option if injuries occur') despite real Pro Bowl pedigree -- but this is the SAME public information Book already had access to, not a new dated fact the way Rodriguez's foot surgery was for Tuten. An initial 29-target allocation (-62.6% vs. raw, -34.3% vs. Book) was checked against that standard and found wanting -- no comparably strong disclosed reason exists to hold that full a gap. Moved toward Book's implied target level (64.20 / his own real 1.454 rate ~= 44 targets) without fully matching it, landing at 38 targets (8% share): 38 x 1.454 = 55.3. Raw model output 112.9 -> 55.3 = -51.1%, -13.9% below Book (64.20) -- a real, disclosed residual lean (the 'third TE' framing is real), not the original unexamined 34% gap. (verified 2026-08-20)"
9482.0,Michael Mayer,TE,00-0039066,projected,3.8740460610658034,65.9,False,False,False,,,,63.8,-3.2,Companion entry to Bowers' (00-0039338) correction. User-directed: matched to Book (63.80) directly rather than the larger Kittle/Tonges-style discount an initial construction applied for a healthy Bowers reclaiming volume. Raw model output 65.9 -> 63.80 = -3.2%. (verified 2026-08-20)
5906.0,Dawson Knox,TE,00-0035689,projected,4.629548464556603,78.7,False,False,False,,,,59.8,-24.0,"Real, dated: squeezed out as the Moore/Shakir/Kincaid trio takes 'most of the targets' per current reporting. Own real 2025 rate (1.708/target) applied to a reduced 35 targets (down from his real 49) = 59.8. Raw model output 78.7 -> 59.8 = -24.0%, -4.2% below Book (62.40). (verified 2026-08-20)"
11597.0,Theo Johnson,TE,00-0039847,projected,6.121975094352171,104.1,False,False,True,new teammate arrived (2025 vol=36 elsewhere),,,64.0,-38.5,"Companion entry to Nabers' (00-0039337) correction. Real, established NYG TE, but real squeeze from Likely's (00-0037838) arrival as the new explicit '#2 pass-catcher' -- a role Johnson himself might otherwise have grown into. Own real 2025 rate: 74 targets -> 105.3 pts, 1.423/target. 45 targets (real reduction given the new competition): 45 x 1.423 = 64.0. Raw model output 104.1 -> 64.0 = -38.5%, +4.1% above Book (61.5). (verified 2026-08-20)"
9479.0,Darnell Washington,TE,00-0038558,projected,3.73555739647997,63.5,False,True,False,departed teammate (2025 vol=54),,,71.4,12.4,"Real, mixed role signals (one beat-writer source: 'reduced role'; another: 60-70-target sleeper upside) -- real, resolved broken-arm injury from Week 17 2025, now healthy. Deferred to Book. Raw model output 63.5 -> 71.4 (Book) = +12.4%. (verified 2026-08-20)"
3271.0,Tyler Higbee,TE,00-0033110,projected,5.413852799648032,92.0,False,False,False,,,,46.3,-49.7,"Companion entry to Ferguson's (00-0040737) correction, same 118-target 4-way TE pool. Real, still-rostered veteran missed on the first construction pass (a search snippet describing him as 'heading to free agency' was stale/referred to his future contract situation, not an already-completed exit -- confirmed on roster_2026 directly). Real, limited 2025 sample (10 games, 36 targets). CHECKED TD concentration: 3 TDs on 25 catches = 30.7% of value -- regressed. 30 targets x 1.544 (TD-regressed rate) = 46.3. Raw model output 92.0 -> 46.3 = -49.7%. UNVERIFIED AGAINST BOOK -- no market price exists for him at all. (verified 2026-08-20)"
6826.0,Cole Kmet,TE,00-0036290,projected,4.759604443985237,80.9,False,False,False,,,,54.0,-33.3,"Companion entry to Odunze's (00-0039919) correction. Real TE2/complementary role, squeezed as Loveland ascends to the real TE1 receiving role. Own real rate (1.285/target) applied to a reduced 42 targets (down from his real 48) = 54.0. Raw model output 80.9 -> 54.0 = -33.3%, -13.9% below Book (62.70). (verified 2026-08-20)"
11600.0,Ja'Tavion Sanders,TE,00-0039356,projected,3.4733227387164667,59.0,False,False,False,,,,29.3,-50.3,"Raw (59.0) vs. Book (29.30) was a +101% gap. Real, current, fresh: exited camp with an ankle issue still being evaluated -- moved to Book given the real, unresolved uncertainty. Raw model output 59.0 -> 29.3 = -50.3%. (verified 2026-08-20)"
5857.0,Noah Fant,TE,00-0035644,projected,4.251329962777876,72.3,True,False,False,,,,72.3,,
7694.0,Tommy Tremble,TE,00-0037005,projected,3.5596670841295683,60.5,False,False,False,,,,60.5,,
13434.0,Will Kacmarek,TE,00-0041524,insufficient_history,,,False,False,False,,,,,,
11592.0,Erick All,TE,00-0039814,projected,3.208480997658851,54.5,False,False,True,new teammate arrived (2025 vol=42 elsewhere),,,54.5,,
8127.0,Charlie Kolar,TE,00-0038046,projected,2.623400684527188,44.6,True,True,True,departed teammate (2025 vol=36); new teammate arrived (2025 vol=48 elsewhere),,,33.1,-25.8,"Companion entry to McConkey's (00-0039915) correction, same 480-touch LAC pool. Real $24.3M FA signing, but explicitly as a BLOCKING specialist -- 'the NFL's highest-paid blocking tight end,' real low target_share (0.048) and redzone_target_share (0.054) confirm a deliberately low-target real role by design. His own real 2025 rate (2.08) is NOT used -- small-sample noise from just 15 real targets at BAL, the same class of distortion as Tucker's inflated TD-driven rate earlier in this session. Used the real blocking_te archetype median rate (1.380) instead. 5% share: 24 targets x 1.380 = 33.1. Raw model output 44.6 -> 33.1 = -25.8%, +8.9% above Book (30.40). (verified 2026-08-20)"
3202.0,Austin Hooper,TE,00-0032392,projected,3.8191775642183057,64.9,True,False,False,,,,64.9,,
5973.0,Josh Oliver,TE,00-0035249,projected,3.664463324660057,62.3,False,False,False,,,,62.3,,
13349.0,Eli Stowers,TE,00-0041483,insufficient_history,,,False,False,False,,,,,,
8225.0,Daniel Bellinger,TE,00-0038115,projected,3.283909081464179,55.8,True,False,False,,,,55.8,,
7891.0,Brock Wright,TE,00-0036754,projected,3.1386421046723214,53.4,False,False,False,,,,53.4,,
7828.0,Noah Gray,TE,00-0036637,projected,3.146481022581699,53.5,False,False,False,,,,53.5,,
9481.0,Luke Musgrave,TE,00-0039144,projected,2.981652371666523,50.7,False,False,False,,,,50.7,,
12521.0,Elijah Arroyo,TE,00-0040739,projected,2.5927889698226165,44.1,False,False,False,,,,44.1,,
6869.0,Adam Trautman,TE,00-0036422,projected,2.8492559926509777,48.4,False,False,False,,,,48.4,,
13421.0,Eli Raridon,TE,00-0041395,insufficient_history,,,False,False,False,,,,,,
10214.0,Davis Allen,TE,00-0039074,projected,2.84025603149831,48.3,False,False,False,,,,48.3,,
11082.0,Ben Sims,TE,00-0038809,projected,1.8162458912170625,30.9,True,False,False,,,,30.9,,
13307.0,Marlin Klein,TE,00-0041472,insufficient_history,,,False,False,False,,,,,,
7716.0,John Bates,TE,00-0036628,projected,2.1028468997994616,35.7,False,True,True,departed teammate (2025 vol=72); new teammate arrived (2025 vol=79 elsewhere),,,35.7,,
10231.0,Elijah Higgins,TE,00-0039041,projected,2.5901790426287423,44.0,False,False,False,,,,44.0,,
8698.0,Jake Tonges,TE,00-0037112,projected,5.416389548363464,92.1,False,False,False,,,,41.5,-54.9,"Companion entry to Kittle's (00-0033288) correction. Real TE2, share reduced now that Kittle is real, expected back for Week 1. Own real 2025 rate: 46 targets -> 76.3 pts, 1.659/target. 25 targets: 25 x 1.659 = 41.5. Raw model output 92.1 -> 41.5 = -54.9%, -25.6% below Book (55.80). (verified 2026-08-20)"
8145.0,Jeremy Ruckert,TE,00-0037805,projected,2.494695383990761,42.4,False,False,False,,,,42.4,,
12473.0,Mitchell Evans,TE,00-0040187,projected,2.7874381465995564,47.4,False,False,False,,,,47.4,,
6001.0,Drew Sample,TE,00-0035631,projected,2.286349208403391,38.9,False,True,False,departed teammate (2025 vol=41),,,38.9,,
13299.0,Nate Boerkircher,TE,00-0041503,insufficient_history,,,False,False,False,,,,,,
8181.0,Connor Heyward,TE,00-0037304,projected,2.077562457852951,35.3,False,False,True,new teammate arrived (2025 vol=50 elsewhere); new teammate arrived (2025 vol=86 elsewhere),,,35.3,,
3258.0,Nick Vannett,TE,,no_crosswalk_match,,,False,False,False,,,,,,
11433.0,Nate Adkins,TE,00-0038783,projected,2.347342423251991,39.9,False,False,False,,,,39.9,,
11596.0,Ben Sinnott,TE,00-0039912,projected,2.50129498267435,42.5,False,True,True,departed teammate (2025 vol=72); new teammate arrived (2025 vol=79 elsewhere),,,19.3,-54.6,"Companion entry to Okonkwo's (00-0037809) correction, same 350-target WAS pool. His own real 2025 rate (13 targets -> 22.9 pts, 1.762/target) is thin-sample and not fully trusted -- used the real balanced/blocking TE archetype proxy (1.38) instead. 4% share: 14 targets x 1.38 = 19.3. Raw model output 42.5 -> 19.3 = -54.6%, -12.3% below Book (22.00). (verified 2026-08-20)"
11599.0,Cade Stover,TE,00-0039359,projected,2.400429381227837,40.8,False,False,False,,,,40.8,,
12658.0,Jackson Hawes,TE,00-0040194,projected,3.3320590647937243,56.6,False,False,False,,,,56.6,,
13282.0,Jack Endries,TE,00-0041116,insufficient_history,,,False,False,False,,,,,,
10871.0,Luke Schoonmaker,TE,00-0038547,projected,2.2160369609806656,37.7,False,False,False,,,,37.7,,
10220.0,Will Mallory,TE,00-0038394,projected,2.1886125384670025,37.2,False,False,False,,,,37.2,,
7075.0,Charlie Woerner,TE,00-0036429,projected,1.5336805375704294,26.1,False,False,False,,,,26.1,,
8177.0,Grant Calcaterra,TE,00-0037086,projected,2.4876758420505816,42.3,False,False,False,,,,42.3,,
5985.0,Foster Moreau,TE,00-0034981,projected,2.4396288987872827,41.5,True,False,False,,,,41.5,,
8227.0,Teagan Quitoriano,TE,00-0037277,projected,0.7384854941634948,12.6,True,False,False,,,,12.6,,
13308.0,Bauer Sharp,TE,00-0041094,insufficient_history,,,False,False,False,,,,,,
5409.0,Tanner Hudson,TE,00-0034613,projected,3.4444181082288683,58.6,False,True,False,departed teammate (2025 vol=41),,,58.6,,
12062.0,Cam Grandy,TE,00-0039631,projected,1.2600562985092083,21.4,False,True,False,departed teammate (2025 vol=41),,,21.4,,
13577.0,Dallen Bentley,TE,00-0041133,insufficient_history,,,False,False,False,,,,,,
8849.0,Tanner Conner,TE,00-0037348,projected,2.011336708368806,34.2,True,True,True,departed teammate (2025 vol=34); new teammate arrived (2025 vol=36 elsewhere),,,34.2,,
4054.0,Mo Alie-Cox,TE,00-0033217,projected,2.46075163836844,41.8,False,False,False,,,,41.8,,
11595.0,Jared Wiley,TE,00-0039824,projected,1.1105006316244268,18.9,False,False,False,,,,18.9,,
11605.0,Jaheim Bell,TE,00-0039420,projected,1.4521036024300291,24.7,False,False,True,new teammate arrived (2025 vol=54 elsewhere); new teammate arrived (2025 vol=43 elsewhere),,,24.7,,
9483.0,Zack Kuntz,TE,,no_crosswalk_match,,,False,False,False,,,,,,
13429.0,Seydou Traore,TE,,no_crosswalk_match,,,False,False,False,,,,,,
5008.0,Durham Smythe,TE,00-0034798,projected,1.426082347440723,24.2,True,False,False,,,,24.2,,
10227.0,Payne Durham,TE,00-0039050,projected,1.3917318600223183,23.7,False,False,False,,,,23.7,,
13278.0,Max Klare,TE,00-0041510,insufficient_history,,,False,False,False,,,,,,
13400.0,Justin Joly,TE,00-0041077,insufficient_history,,,False,False,False,,,,,,
11593.0,Brevyn Spann-Ford,TE,00-0039530,projected,1.6068721408242306,27.3,False,False,False,,,,27.3,,
11820.0,Devin Culp,TE,00-0039754,projected,2.582794863204538,43.9,False,False,False,,,,43.9,,
11716.0,Tip Reiman,TE,00-0039737,projected,1.4267294223822449,24.3,False,False,False,,,,24.3,,
13273.0,Josh Cuevas,TE,00-0040887,insufficient_history,,,False,False,False,,,,,,
7946.0,Jack Stoll,TE,00-0036741,projected,1.6053733359167388,27.3,True,False,False,,,,27.3,,
4995.0,Ian Thomas,TE,00-0034365,projected,1.8327921717571896,31.2,False,False,False,,,,31.2,,
7535.0,Hunter Long,TE,00-0037004,projected,2.708423508615639,46.0,False,False,False,,,,46.0,,
13435.0,Joe Royer,TE,00-0041087,insufficient_history,,,False,False,False,,,,,,
3048.0,Chris Manhertz,TE,00-0031484,projected,1.086501399485151,18.5,False,False,True,new teammate arrived (2025 vol=36 elsewhere),,,18.5,,
7842.0,Luke Farrell,TE,00-0036887,projected,2.083448266487108,35.4,False,False,False,,,,35.4,,
8484.0,Ko Kieft,TE,00-0037311,projected,0.6972725250291636,11.9,False,False,False,,,,11.9,,
12984.0,CJ Dippre,TE,00-0040566,insufficient_history,,,False,False,False,,,,,,
13408.0,Tanner Koziol,TE,00-0041084,insufficient_history,,,False,False,False,,,,,,
5133.0,Tyler Conklin,TE,00-0034270,projected,3.168416510392856,53.9,True,False,False,,,,53.9,,
13319.0,Oscar Delp,TE,00-0041041,insufficient_history,,,False,False,False,,,,,,
4189.0,Eric Saubert,TE,00-0033576,projected,1.467572709308851,24.9,False,False,False,,,,24.9,,
8489.0,Drew Ogletree,TE,,no_crosswalk_match,,,False,False,False,,,,,,
13322.0,Sam Roush,TE,00-0041558,insufficient_history,,,False,False,False,,,,,,
4314.0,Johnny Mundt,TE,00-0033246,projected,2.0759138979250444,35.3,True,False,False,,,,35.3,,
7536.0,Quintin Morris,TE,00-0036590,projected,1.7715469477221242,30.1,False,False,False,,,,30.1,,
8214.0,Cole Turner,TE,00-0037078,projected,2.551436173150046,43.4,False,False,True,new teammate arrived (2025 vol=33 elsewhere),,,43.4,,
13516.0,Max Bredeson,TE,,no_crosswalk_match,,,False,False,False,,,,,,
8219.0,Jelani Woods,TE,00-0037755,projected,1.0377027085629495,17.6,False,False,False,,,,17.6,,
8249.0,Lucas Krull,TE,00-0037539,projected,1.90866461667704,32.4,False,False,False,,,,32.4,,
13433.0,Riley Nowakowski,TE,00-0041398,insufficient_history,,,False,False,False,,,,,,
11201.0,Blake Whiteheart,TE,00-0038710,projected,1.0186303118498612,17.3,False,True,False,departed teammate (2025 vol=48),,,17.3,,
11371.0,Julian Hill,TE,00-0038720,projected,2.154248803041128,36.6,True,True,False,departed teammate (2025 vol=34),,,36.6,,
6529.0,Chris Myarick,TE,,no_crosswalk_match,,,False,False,False,,,,,,
7531.0,Feleipe Franks,TE,00-0036825,projected,0.7066768872730842,12.0,True,False,False,,,,12.0,,
4381.0,Taysom Hill,TE,00-0033357,projected,4.575814864733974,77.8,True,False,False,,,,77.8,,
13121.0,Ben Yurosek,TE,00-0040509,projected,0.954988255734732,16.2,False,False,False,,,,16.2,,
6279.0,Brandon Dillon,TE,,no_crosswalk_match,,,False,False,False,,,,,,
7568.0,Brevin Jordan,TE,00-0036556,projected,2.4141057581332435,41.0,False,False,True,new teammate arrived (2025 vol=106 elsewhere),,,41.0,,
2460.0,C.J. Uzomah,TE,,no_crosswalk_match,,,False,False,False,,,,,,
12735.0,Caleb Lohner,TE,00-0040240,insufficient_history,,,False,False,False,,,,,,
5009.0,Chris Herndon,TE,,no_crosswalk_match,,,False,False,False,,,,,,
11606.0,Dallin Holker,TE,,no_crosswalk_match,,,False,False,False,,,,,,
2505.0,Darren Waller,TE,00-0031610,projected,7.344016270551622,124.8,True,False,False,,,,40.2,-67.8,"Real, confirmed: signed with CAR Aug 12, 2026 -- resolves the open MIA status question from that batch (master_players.csv still shows him as stale 'FA'; see CURRENT_TEAM_OVERRIDES entry below). His real MIA 2025 rate (2.244/target) is TD-hot (6 TD on just 34 targets, not a sustainable rate) -- regressed to a more typical complementary-TE rate (~1.6) applied to a modest 25-target complementary role in CAR's crowded, banged-up TE/WR room behind Sanders. Raw model output (124.1, built off his stale pre-signing team context) -> 40.0 = -67.8%. (verified 2026-08-20)"
5886.0,Hakeem Butler,TE,,no_crosswalk_match,,,False,False,False,,,,,,
6850.0,Harrison Bryant,TE,00-0036232,projected,1.3857819096771329,23.6,True,False,False,,,,23.6,,
3695.0,J.P. Holtz,TE,,no_crosswalk_match,,,False,False,False,,,,,,
12817.0,Jake Briningstool,TE,00-0040081,insufficient_history,,,False,False,False,,,,,,
8170.0,James Mitchell,TE,00-0037282,projected,2.259992913737734,38.4,False,False,False,,,,38.4,,
6665.0,Jody Fortson,TE,,no_crosswalk_match,,,False,False,False,,,,,,
11113.0,Joel Wilson,TE,00-0039023,insufficient_history,,,False,False,False,,,,,,
13342.0,John Michael Gyllenborg,TE,00-0040955,insufficient_history,,,False,False,False,,,,,,
4144.0,Jonnu Smith,TE,00-0033858,projected,5.045459312548234,85.8,True,False,False,,,,85.8,,
5032.0,Jordan Akins,TE,,no_crosswalk_match,,,False,False,False,,,,,,
7733.0,Josh Pederson,TE,,no_crosswalk_match,,,False,False,False,,,,,,
10212.0,Josh Whyle,TE,00-0038589,projected,2.405179437922121,40.9,False,False,False,,,,40.9,,
12765.0,Keleki Latu,TE,00-0040363,projected,1.986002445451574,33.8,False,False,False,,,,33.8,,
7602.0,Kylen Granson,TE,00-0036876,projected,1.584836362300159,26.9,True,False,False,,,,26.9,,
11140.0,Leonard Taylor,TE,,no_crosswalk_match,,,False,False,False,,,,,,
963.0,Luke Stocker,TE,,no_crosswalk_match,,,False,False,False,,,,,,
111.0,Marcedes Lewis,TE,00-0024243,projected,0.8021551785092988,13.6,True,False,False,,,,13.6,,
13013.0,Mark Redman,TE,00-0040598,insufficient_history,,,False,False,False,,,,,,
13401.0,Michael Trigg,TE,00-0040939,insufficient_history,,,False,False,False,,,,,,
13431.0,Miles Kitselman,TE,00-0041457,insufficient_history,,,False,False,False,,,,,,
7854.0,Miller Forristall,TE,,no_crosswalk_match,,,False,False,False,,,,,,
12480.0,Moliki Matavao,TE,00-0040244,projected,2.1443916167504566,36.5,False,False,True,new teammate arrived (2025 vol=41 elsewhere),,,36.5,,
2446.0,MyCole Pruitt,TE,,no_crosswalk_match,,,False,False,False,,,,,,
12135.0,Neal Johnson,TE,,no_crosswalk_match,,,False,False,False,,,,,,
2474.0,Nick Boyle,TE,,no_crosswalk_match,,,False,False,False,,,,,,
7404.0,Noah Togiai,TE,,no_crosswalk_match,,,False,False,False,,,,,,
4602.0,Robert Tonyan,TE,00-0033757,projected,0.9682683092683522,16.5,True,False,False,,,,16.5,,
8583.0,Stone Smartt,TE,00-0037475,projected,2.020266954852171,34.3,True,False,False,,,,34.3,,
11381.0,Travis Vokolek,TE,00-0038456,projected,0.5908870567934811,10.0,False,False,False,,,,10.0,,
11601.0,Trey Knox,TE,,no_crosswalk_match,,,False,False,False,,,,,,
6040.0,Tyree Jackson,TE,,no_crosswalk_match,,,False,False,False,,,,,,
7943.0,Zach Davidson,TE,,no_crosswalk_match,,,False,False,False,,,,,,
1339.0,Zach Ertz,TE,00-0030061,projected,7.0265306417775655,119.5,True,False,False,,,,119.5,,
516.0,Aaron Hernandez,TE,,no_crosswalk_match,,,False,False,False,,,,,,
4384.0,Aaron Peck,TE,,no_crosswalk_match,,,False,False,False,,,,,,
3712.0,Adam Fuehne,TE,,no_crosswalk_match,,,False,False,False,,,,,,
4085.0,Adam Shaheen,TE,,no_crosswalk_match,,,False,False,False,,,,,,
4768.0,Adam Zaruba,TE,,no_crosswalk_match,,,False,False,False,,,,,,
13777.0,Ademola Faleye,TE,,no_crosswalk_match,,,False,False,False,,,,,,
1165.0,Adrien Robinson,TE,,no_crosswalk_match,,,False,False,False,,,,,,
2503.0,A.J. Derby,TE,,no_crosswalk_match,,,False,False,False,,,,,,
6843.0,Albert Okwuegbunam,TE,00-0036423,projected,4.754209178997144,80.8,False,False,False,,,,80.8,,
5385.0,Alec Bloom,TE,,no_crosswalk_match,,,False,False,False,,,,,,
12085.0,Alec Holler,TE,,no_crosswalk_match,,,False,False,False,,,,,,
2225.0,Alex Bayer,TE,,no_crosswalk_match,,,False,False,False,,,,,,
3824.0,Alex Ellis,TE,,no_crosswalk_match,,,False,False,False,,,,,,
4733.0,Alex Gray,TE,,no_crosswalk_match,,,False,False,False,,,,,,
12340.0,Alex Larson,TE,,no_crosswalk_match,,,False,False,False,,,,,,
5975.0,Alize Mack,TE,,no_crosswalk_match,,,False,False,False,,,,,,
942.0,Allen Reisner,TE,,no_crosswalk_match,,,False,False,False,,,,,,
2756.0,Andrew Gleichert,TE,,no_crosswalk_match,,,False,False,False,,,,,,
4832.0,Andrew Price,TE,,no_crosswalk_match,,,False,False,False,,,,,,
601.0,Andrew Quarless,TE,,no_crosswalk_match,,,False,False,False,,,,,,
5156.0,Andrew Vollert,TE,,no_crosswalk_match,,,False,False,False,,,,,,
1948.0,Anthony Denham,TE,,no_crosswalk_match,,,False,False,False,,,,,,
2971.0,Anthony Ezeakunne,TE,,no_crosswalk_match,,,False,False,False,,,,,,
51.0,Anthony Fasano,TE,,no_crosswalk_match,,,False,False,False,,,,,,
4435.0,Anthony Firkser,TE,00-0033455,projected,1.6693437689443529,28.4,False,False,False,,,,28.4,,
12786.0,Anthony Landphere,TE,,no_crosswalk_match,,,False,False,False,,,,,,
5358.0,Anthony Manzo-Lewis,TE,,no_crosswalk_match,,,False,False,False,,,,,,
640.0,Anthony McCoy,TE,,no_crosswalk_match,,,False,False,False,,,,,,
13005.0,Anthony Torres,TE,,no_crosswalk_match,,,False,False,False,,,,,,
6906.0,Antonio Gandy-Golden,TE,,no_crosswalk_match,,,False,False,False,,,,,,
322.0,Antonio Gates,TE,,no_crosswalk_match,,,False,False,False,,,,,,
4468.0,Antony Auclair,TE,,no_crosswalk_match,,,False,False,False,,,,,,
8665.0,Armani Rogers,TE,,no_crosswalk_match,,,False,False,False,,,,,,
7864.0,Artayvious Lynn,TE,,no_crosswalk_match,,,False,False,False,,,,,,
1827.0,Arthur Lynch,TE,,no_crosswalk_match,,,False,False,False,,,,,,
2254.0,Asante Cleveland,TE,,no_crosswalk_match,,,False,False,False,,,,,,
8215.0,Austin Allen,TE,,no_crosswalk_match,,,False,False,False,,,,,,
6396.0,Austin Fort,TE,,no_crosswalk_match,,,False,False,False,,,,,,
5751.0,Austin Roberts,TE,,no_crosswalk_match,,,False,False,False,,,,,,
2222.0,Austin Seferian-Jenkins,TE,,no_crosswalk_match,,,False,False,False,,,,,,
12212.0,Austin Stogner,TE,,no_crosswalk_match,,,False,False,False,,,,,,
3878.0,Austin Traylor,TE,,no_crosswalk_match,,,False,False,False,,,,,,
4744.0,Barrett Burns,TE,,no_crosswalk_match,,,False,False,False,,,,,,
12256.0,Baylor Cupp,TE,,no_crosswalk_match,,,False,False,False,,,,,,
502.0,Bear Pascoe,TE,,no_crosswalk_match,,,False,False,False,,,,,,
2909.0,Beau Gardner,TE,,no_crosswalk_match,,,False,False,False,,,,,,
3407.0,Beau Sandland,TE,,no_crosswalk_match,,,False,False,False,,,,,,
8864.0,Ben Beise,TE,,no_crosswalk_match,,,False,False,False,,,,,,
3465.0,Ben Braunecker,TE,,no_crosswalk_match,,,False,False,False,,,,,,
7288.0,Ben Ellefson,TE,,no_crosswalk_match,,,False,False,False,,,,,,
468.0,Ben Hartsock,TE,,no_crosswalk_match,,,False,False,False,,,,,,
5268.0,Ben Johnson,TE,,no_crosswalk_match,,,False,False,False,,,,,,
2528.0,Ben Koyack,TE,,no_crosswalk_match,,,False,False,False,,,,,,
3887.0,Ben McCord,TE,,no_crosswalk_match,,,False,False,False,,,,,,
663.0,Benjamin Watson,TE,,no_crosswalk_match,,,False,False,False,,,,,,
3896.0,Benson Browne,TE,,no_crosswalk_match,,,False,False,False,,,,,,
8033.0,Bernhard Seikovits,TE,,no_crosswalk_match,,,False,False,False,,,,,,
450.0,Billy Bajema,TE,,no_crosswalk_match,,,False,False,False,,,,,,
4650.0,Billy Brown,TE,,no_crosswalk_match,,,False,False,False,,,,,,
1790.0,Blake Annen,TE,,no_crosswalk_match,,,False,False,False,,,,,,
2422.0,Blake Bell,TE,,no_crosswalk_match,,,False,False,False,,,,,,
4571.0,Blake Jarwin,TE,,no_crosswalk_match,,,False,False,False,,,,,,
5264.0,Blake Mack,TE,,no_crosswalk_match,,,False,False,False,,,,,,
1269.0,Bradley Sowell,TE,,no_crosswalk_match,,,False,False,False,,,,,,
11280.0,Brady Russell,TE,,no_crosswalk_match,,,False,False,False,,,,,,
3547.0,Braedon Bowman,TE,,no_crosswalk_match,,,False,False,False,,,,,,
1317.0,Brandon Barden,TE,,no_crosswalk_match,,,False,False,False,,,,,,
4593.0,Brandon Barnes,TE,,no_crosswalk_match,,,False,False,False,,,,,,
165.0,Brandon Bostick,TE,,no_crosswalk_match,,,False,False,False,,,,,,
13972.0,Brandon Frazier,TE,,no_crosswalk_match,,,False,False,False,,,,,,
397.0,Brandon Myers,TE,,no_crosswalk_match,,,False,False,False,,,,,,
465.0,Brandon Pettigrew,TE,,no_crosswalk_match,,,False,False,False,,,,,,
3653.0,Brandon Williams,TE,,no_crosswalk_match,,,False,False,False,,,,,,
3856.0,Braxton Deaver,TE,,no_crosswalk_match,,,False,False,False,,,,,,
8105.0,Brayden Lenius,TE,,no_crosswalk_match,,,False,False,False,,,,,,
10224.0,Brayden Willis,TE,00-0038643,projected,0.6324329155123846,10.8,False,False,False,,,,10.8,,
12374.0,Brenden Bates,TE,00-0039458,projected,1.3815951241394355,23.5,False,True,False,departed teammate (2025 vol=48),,,23.5,,
221.0,Brent Celek,TE,,no_crosswalk_match,,,False,False,False,,,,,,
14017.0,Brett Weaver,TE,,no_crosswalk_match,,,False,False,False,,,,,,
5287.0,Brian Bridgewater,TE,,no_crosswalk_match,,,False,False,False,,,,,,
1468.0,Brian Leonhardt,TE,,no_crosswalk_match,,,False,False,False,,,,,,
2653.0,Brian Parker,TE,,no_crosswalk_match,,,False,False,False,,,,,,
2917.0,Brian Vogler,TE,,no_crosswalk_match,,,False,False,False,,,,,,
11385.0,Brian Walker,TE,,no_crosswalk_match,,,False,False,False,,,,,,
7903.0,Briley Moore,TE,,no_crosswalk_match,,,False,False,False,,,,,,
3239.0,Bronson Kaufusi,TE,,no_crosswalk_match,,,False,False,False,,,,,,
7734.0,Bruno Labelle,TE,,no_crosswalk_match,,,False,False,False,,,,,,
12959.0,Bryce Pierre,TE,00-0040292,insufficient_history,,,False,False,False,,,,,,
7353.0,Bryce Sterk,TE,,no_crosswalk_match,,,False,False,False,,,,,,
3561.0,Bryce Williams,TE,,no_crosswalk_match,,,False,False,False,,,,,,
6926.0,Brycen Hopkins,TE,,no_crosswalk_match,,,False,False,False,,,,,,
12941.0,Bryson Nesbit,TE,00-0040504,insufficient_history,,,False,False,False,,,,,,
4184.0,Bucky Hodges,TE,,no_crosswalk_match,,,False,False,False,,,,,,
4326.0,Bug Howard,TE,,no_crosswalk_match,,,False,False,False,,,,,,
8433.0,Cade Brewer,TE,,no_crosswalk_match,,,False,False,False,,,,,,
12933.0,Caden Prieskorn,TE,,no_crosswalk_match,,,False,False,False,,,,,,
4621.0,Caleb Bluiett,TE,,no_crosswalk_match,,,False,False,False,,,,,,
7176.0,Caleb Repp,TE,,no_crosswalk_match,,,False,False,False,,,,,,
6142.0,Caleb Wilson,TE,,no_crosswalk_match,,,False,False,False,,,,,,
5774.0,Cam Serigne,TE,,no_crosswalk_match,,,False,False,False,,,,,,
7218.0,Cam Sutton,TE,,no_crosswalk_match,,,False,False,False,,,,,,
2214.0,Cameron Brate,TE,,no_crosswalk_match,,,False,False,False,,,,,,
2898.0,Cameron Clear,TE,,no_crosswalk_match,,,False,False,False,,,,,,
10210.0,Cameron Latu,TE,00-0038564,projected,0.6522266121890087,11.1,False,False,False,,,,11.1,,
11213.0,Camren McDonald,TE,,no_crosswalk_match,,,False,False,False,,,,,,
7926.0,Carl Tucker,TE,,no_crosswalk_match,,,False,False,False,,,,,,
13580.0,Carsen Ryan,TE,00-0041131,insufficient_history,,,False,False,False,,,,,,
6365.0,Carson Meier,TE,,no_crosswalk_match,,,False,False,False,,,,,,
13407.0,Carson Towt,TE,00-0040853,insufficient_history,,,False,False,False,,,,,,
7624.0,Carson Williams,TE,,no_crosswalk_match,,,False,False,False,,,,,,
13122.0,Carter Runyon,TE,00-0040488,projected,0.7749446094892375,13.2,False,False,False,,,,13.2,,
7735.0,Cary Angeline,TE,,no_crosswalk_match,,,False,False,False,,,,,,
2637.0,Casey Pierce,TE,,no_crosswalk_match,,,False,False,False,,,,,,
4362.0,Cethan Carter,TE,,no_crosswalk_match,,,False,False,False,,,,,,
13280.0,Chamon Metayer,TE,,no_crosswalk_match,,,False,False,False,,,,,,
801.0,Charles Clay,TE,,no_crosswalk_match,,,False,False,False,,,,,,
6591.0,Charles Jones,TE,,no_crosswalk_match,,,False,False,False,,,,,,
6487.0,Charles Scarff,TE,,no_crosswalk_match,,,False,False,False,,,,,,
6932.0,Charlie Taumoepeau,TE,,no_crosswalk_match,,,False,False,False,,,,,,
8182.0,Chase Allen,TE,,no_crosswalk_match,,,False,False,False,,,,,,
352.0,Chase Coffman,TE,,no_crosswalk_match,,,False,False,False,,,,,,
13839.0,Chase Curtis,TE,00-0041237,insufficient_history,,,False,False,False,,,,,,
2272.0,Chase Dixon,TE,,no_crosswalk_match,,,False,False,False,,,,,,
1739.0,Chase Ford,TE,,no_crosswalk_match,,,False,False,False,,,,,,
7481.0,Chase Harrell,TE,,no_crosswalk_match,,,False,False,False,,,,,,
6982.0,Cheyenne O'Grady,TE,,no_crosswalk_match,,,False,False,False,,,,,,
4874.0,Chris Bazile,TE,,no_crosswalk_match,,,False,False,False,,,,,,
4004.0,Chris Briggs,TE,,no_crosswalk_match,,,False,False,False,,,,,,
1347.0,Chris Gragg,TE,,no_crosswalk_match,,,False,False,False,,,,,,
1609.0,Chris Pantale,TE,,no_crosswalk_match,,,False,False,False,,,,,,
8634.0,Chris Pierce,TE,,no_crosswalk_match,,,False,False,False,,,,,,
5468.0,Christian Scotland-Williamson,TE,,no_crosswalk_match,,,False,False,False,,,,,,
11155.0,Christian Sims,TE,,no_crosswalk_match,,,False,False,False,,,,,,
11231.0,Christian Trahan,TE,,no_crosswalk_match,,,False,False,False,,,,,,
6501.0,C.J. Conrad,TE,,no_crosswalk_match,,,False,False,False,,,,,,
1951.0,C.J. Fiedorowicz,TE,,no_crosswalk_match,,,False,False,False,,,,,,
2947.0,Clay Burton,TE,,no_crosswalk_match,,,False,False,False,,,,,,
584.0,Clay Harbor,TE,,no_crosswalk_match,,,False,False,False,,,,,,
3924.0,Clayton Echard,TE,,no_crosswalk_match,,,False,False,False,,,,,,
5733.0,Clayton Wilson,TE,,no_crosswalk_match,,,False,False,False,,,,,,
2373.0,Clive Walford,TE,,no_crosswalk_match,,,False,False,False,,,,,,
1107.0,Coby Fleener,TE,,no_crosswalk_match,,,False,False,False,,,,,,
5269.0,Codey McElroy,TE,,no_crosswalk_match,,,False,False,False,,,,,,
13834.0,Cody Hardy,TE,00-0041327,insufficient_history,,,False,False,False,,,,,,
8840.0,Cole Fotheringham,TE,,no_crosswalk_match,,,False,False,False,,,,,,
6460.0,Cole Herdman,TE,,no_crosswalk_match,,,False,False,False,,,,,,
4460.0,Cole Hikutini,TE,,no_crosswalk_match,,,False,False,False,,,,,,
5231.0,Cole Hunt,TE,,no_crosswalk_match,,,False,False,False,,,,,,
3715.0,Cole Wick,TE,,no_crosswalk_match,,,False,False,False,,,,,,
12551.0,Colin Granger,TE,,no_crosswalk_match,,,False,False,False,,,,,,
4327.0,Colin Jeter,TE,,no_crosswalk_match,,,False,False,False,,,,,,
4647.0,Colin Thompson,TE,,no_crosswalk_match,,,False,False,False,,,,,,
11942.0,Colson Yankoff,TE,00-0039686,projected,0.8561951807344719,14.6,False,True,True,departed teammate (2025 vol=72); new teammate arrived (2025 vol=79 elsewhere),,,14.6,,
7503.0,Connor Davis,TE,,no_crosswalk_match,,,False,False,False,,,,,,
2732.0,Connor Hamlett,TE,,no_crosswalk_match,,,False,False,False,,,,,,
14069.0,Connor Hulstein,TE,,no_crosswalk_match,,,False,False,False,,,,,,
1715.0,Cooper Helfet,TE,,no_crosswalk_match,,,False,False,False,,,,,,
1296.0,Cory Harkey,TE,,no_crosswalk_match,,,False,False,False,,,,,,
8079.0,Craig Stevens,TE,,no_crosswalk_match,,,False,False,False,,,,,,
1868.0,Crockett Gillmore,TE,,no_crosswalk_match,,,False,False,False,,,,,,
8192.0,Curtis Hodges,TE,,no_crosswalk_match,,,False,False,False,,,,,,
13331.0,Dae'Quan Wright,TE,00-0040927,insufficient_history,,,False,False,False,,,,,,
5.0,Dallas Clark,TE,,no_crosswalk_match,,,False,False,False,,,,,,
7082.0,Dalton Keene,TE,,no_crosswalk_match,,,False,False,False,,,,,,
11262.0,Damien Caffrey,TE,,no_crosswalk_match,,,False,False,False,,,,,,
4741.0,Dan Arnold,TE,,no_crosswalk_match,,,False,False,False,,,,,,
3020.0,Dan Light,TE,,no_crosswalk_match,,,False,False,False,,,,,,
13321.0,Dan Villari,TE,00-0041422,insufficient_history,,,False,False,False,,,,,,
2751.0,Daniel Brown,TE,,no_crosswalk_match,,,False,False,False,,,,,,
8090.0,Daniel Crawford,TE,,no_crosswalk_match,,,False,False,False,,,,,,
277.0,Daniel Fells,TE,,no_crosswalk_match,,,False,False,False,,,,,,
6089.0,Daniel Helm,TE,,no_crosswalk_match,,,False,False,False,,,,,,
86.0,Dante Rosario,TE,,no_crosswalk_match,,,False,False,False,,,,,,
6762.0,Darion Clark,TE,,no_crosswalk_match,,,False,False,False,,,,,,
3497.0,Darion Griswold,TE,,no_crosswalk_match,,,False,False,False,,,,,,
4323.0,Darrell Daniels,TE,,no_crosswalk_match,,,False,False,False,,,,,,
1592.0,Darren Fells,TE,,no_crosswalk_match,,,False,False,False,,,,,,
882.0,David Ausberry,TE,,no_crosswalk_match,,,False,False,False,,,,,,
3472.0,David Grinnage,TE,,no_crosswalk_match,,,False,False,False,,,,,,
12357.0,David Martin-Robinson,TE,00-0039648,projected,1.2176705831232555,20.7,False,True,False,departed teammate (2025 vol=79),,,20.7,,
3344.0,David Morgan,TE,,no_crosswalk_match,,,False,False,False,,,,,,
1091.0,David Paulson,TE,,no_crosswalk_match,,,False,False,False,,,,,,
3554.0,David Reeves,TE,,no_crosswalk_match,,,False,False,False,,,,,,
5235.0,David Wells,TE,,no_crosswalk_match,,,False,False,False,,,,,,
6469.0,Davis Koppenhaver,TE,,no_crosswalk_match,,,False,False,False,,,,,,
6016.0,Dax Raymond,TE,,no_crosswalk_match,,,False,False,False,,,,,,
5256.0,DeAndre Goolsby,TE,,no_crosswalk_match,,,False,False,False,,,,,,
284.0,Delanie Walker,TE,,no_crosswalk_match,,,False,False,False,,,,,,
1619.0,Demetrius Harris,TE,,no_crosswalk_match,,,False,False,False,,,,,,
527.0,Dennis Pitta,TE,,no_crosswalk_match,,,False,False,False,,,,,,
456.0,Deon Butler,TE,,no_crosswalk_match,,,False,False,False,,,,,,
5277.0,Deon Yelder,TE,,no_crosswalk_match,,,False,False,False,,,,,,
1718.0,Derek Carrier,TE,,no_crosswalk_match,,,False,False,False,,,,,,
8245.0,Derrick Deese,TE,,no_crosswalk_match,,,False,False,False,,,,,,
4940.0,DeSean Smith,TE,,no_crosswalk_match,,,False,False,False,,,,,,
13888.0,DeShawn Hanika,TE,,no_crosswalk_match,,,False,False,False,,,,,,
8102.0,DeShon Williams,TE,,no_crosswalk_match,,,False,False,False,,,,,,
6956.0,Devin Asiasi,TE,,no_crosswalk_match,,,False,False,False,,,,,,
2346.0,Devin Funchess,TE,,no_crosswalk_match,,,False,False,False,,,,,,
2922.0,Devin Mahina,TE,,no_crosswalk_match,,,False,False,False,,,,,,
12443.0,Devon Garrison,TE,,no_crosswalk_match,,,False,False,False,,,,,,
1357.0,Dion Sims,TE,,no_crosswalk_match,,,False,False,False,,,,,,
13355.0,DJ Rogers,TE,00-0040938,insufficient_history,,,False,False,False,,,,,,
12973.0,DJ Thomas-Jones,TE,,no_crosswalk_match,,,False,False,False,,,,,,
935.0,DJ Williams,TE,,no_crosswalk_match,,,False,False,False,,,,,,
6993.0,Dominick Wood-Anderson,TE,,no_crosswalk_match,,,False,False,False,,,,,,
7502.0,Dominique Dafney,TE,,no_crosswalk_match,,,False,False,False,,,,,,
1246.0,Dominique Jones,TE,,no_crosswalk_match,,,False,False,False,,,,,,
6074.0,Donald Parham,TE,,no_crosswalk_match,,,False,False,False,,,,,,
5288.0,Donnie Ernsberger,TE,,no_crosswalk_match,,,False,False,False,,,,,,
542.0,Dorin Dickerson,TE,,no_crosswalk_match,,,False,False,False,,,,,,
13210.0,Drake Dabney,TE,00-0040628,projected,1.494185669059625,25.4,False,False,False,,,,25.4,,
8760.0,Dre Miller,TE,,no_crosswalk_match,,,False,False,False,,,,,,
6374.0,Drew Belcher,TE,,no_crosswalk_match,,,False,False,False,,,,,,
14068.0,Drew Biber,TE,,no_crosswalk_match,,,False,False,False,,,,,,
315.0,Dustin Keller,TE,,no_crosswalk_match,,,False,False,False,,,,,,
1105.0,Dwayne Allen,TE,,no_crosswalk_match,,,False,False,False,,,,,,
5103.0,Dylan Cantrell,TE,,no_crosswalk_match,,,False,False,False,,,,,,
12107.0,Dylan Leonard,TE,,no_crosswalk_match,,,False,False,False,,,,,,
8751.0,Dylan Parham,TE,,no_crosswalk_match,,,False,False,False,,,,,,
7905.0,Dylan Soehner,TE,,no_crosswalk_match,,,False,False,False,,,,,,
7272.0,Dylan Stapleton,TE,,no_crosswalk_match,,,False,False,False,,,,,,
2926.0,Earnest Pettway,TE,,no_crosswalk_match,,,False,False,False,,,,,,
12354.0,Easton Dean,TE,,no_crosswalk_match,,,False,False,False,,,,,,
701.0,Ed Dickson,TE,,no_crosswalk_match,,,False,False,False,,,,,,
2559.0,E.J. Bibbs,TE,,no_crosswalk_match,,,False,False,False,,,,,,
11304.0,E.J. Jenkins,TE,00-0038498,projected,1.4268359847661176,24.3,False,False,False,,,,24.3,,
13100.0,Eli Wilson,TE,,no_crosswalk_match,,,False,False,False,,,,,,
7065.0,Eli Wolf,TE,,no_crosswalk_match,,,False,False,False,,,,,,
6393.0,Elkanah Dillon,TE,,no_crosswalk_match,,,False,False,False,,,,,,
6462.0,Ellis Richardson,TE,,no_crosswalk_match,,,False,False,False,,,,,,
4518.0,Emanuel Byrd,TE,,no_crosswalk_match,,,False,False,False,,,,,,
13772.0,Eni Falayi,TE,,no_crosswalk_match,,,False,False,False,,,,,,
2118.0,Eric Ebron,TE,,no_crosswalk_match,,,False,False,False,,,,,,
2932.0,Eric Frohnapfel,TE,,no_crosswalk_match,,,False,False,False,,,,,,
2755.0,Eric Tomlinson,TE,,no_crosswalk_match,,,False,False,False,,,,,,
3908.0,Eric Wallace,TE,,no_crosswalk_match,,,False,False,False,,,,,,
8575.0,Erik Krommenhoek,TE,,no_crosswalk_match,,,False,False,False,,,,,,
1975.0,Erik Swoope,TE,,no_crosswalk_match,,,False,False,False,,,,,,
2957.0,Ernst Brun,TE,,no_crosswalk_match,,,False,False,False,,,,,,
13661.0,Ethan Conner,TE,00-0041207,insufficient_history,,,False,False,False,,,,,,
5196.0,Ethan Wolf,TE,,no_crosswalk_match,,,False,False,False,,,,,,
4605.0,Evan Baylis,TE,,no_crosswalk_match,,,False,False,False,,,,,,
1152.0,Evan Rodriguez,TE,,no_crosswalk_match,,,False,False,False,,,,,,
13630.0,Evan Svoboda,TE,00-0041384,insufficient_history,,,False,False,False,,,,,,
7483.0,Farrod Green,TE,,no_crosswalk_match,,,False,False,False,,,,,,
4930.0,Franko House,TE,,no_crosswalk_match,,,False,False,False,,,,,,
98.0,Fred Davis,TE,,no_crosswalk_match,,,False,False,False,,,,,,
2714.0,Gabe Holmes,TE,,no_crosswalk_match,,,False,False,False,,,,,,
3759.0,Gabe Hughes,TE,,no_crosswalk_match,,,False,False,False,,,,,,
3045.0,Gannon Sinclair,TE,,no_crosswalk_match,,,False,False,False,,,,,,
1223.0,Garrett Celek,TE,,no_crosswalk_match,,,False,False,False,,,,,,
5756.0,Garrett Dickerson,TE,,no_crosswalk_match,,,False,False,False,,,,,,
543.0,Garrett Graham,TE,,no_crosswalk_match,,,False,False,False,,,,,,
3894.0,Garrett Griffin,TE,,no_crosswalk_match,,,False,False,False,,,,,,
5750.0,Garrett Hudson,TE,,no_crosswalk_match,,,False,False,False,,,,,,
8621.0,Garrett Walston,TE,,no_crosswalk_match,,,False,False,False,,,,,,
176.0,Gary Barnidge,TE,,no_crosswalk_match,,,False,False,False,,,,,,
12700.0,Gavin Bartholomew,TE,00-0040215,insufficient_history,,,False,False,False,,,,,,
1485.0,Gavin Escobar,TE,,no_crosswalk_match,,,False,False,False,,,,,,
12981.0,Gee Scott,TE,,no_crosswalk_match,,,False,False,False,,,,,,
2545.0,Geoff Swaim,TE,,no_crosswalk_match,,,False,False,False,,,,,,
12435.0,Geor'Quarius Spivey,TE,,no_crosswalk_match,,,False,False,False,,,,,,
2555.0,Gerald Christian,TE,,no_crosswalk_match,,,False,False,False,,,,,,
4089.0,Gerald Everett,TE,,no_crosswalk_match,,,False,False,False,,,,,,
1274.0,Gerell Robinson,TE,,no_crosswalk_match,,,False,False,False,,,,,,
8247.0,Gerrit Prince,TE,,no_crosswalk_match,,,False,False,False,,,,,,
8095.0,Graham Adomitis,TE,,no_crosswalk_match,,,False,False,False,,,,,,
8638.0,Grayson Gunter,TE,,no_crosswalk_match,,,False,False,False,,,,,,
58.0,Greg Olsen,TE,,no_crosswalk_match,,,False,False,False,,,,,,
1231.0,Greg Scruggs,TE,,no_crosswalk_match,,,False,False,False,,,,,,
11224.0,Griffin Hebert,TE,,no_crosswalk_match,,,False,False,False,,,,,,
13251.0,Gunnar Oakes,TE,,no_crosswalk_match,,,False,False,False,,,,,,
3612.0,Hakeem Valles,TE,,no_crosswalk_match,,,False,False,False,,,,,,
6439.0,Hale Hentges,TE,,no_crosswalk_match,,,False,False,False,,,,,,
2770.0,Harold Spears,TE,,no_crosswalk_match,,,False,False,False,,,,,,
4973.0,Hayden Hurst,TE,,no_crosswalk_match,,,False,False,False,,,,,,
13712.0,Hayden Large,TE,00-0041170,insufficient_history,,,False,False,False,,,,,,
12389.0,Hayden Rucci,TE,00-0039489,projected,0.6670067934663326,11.3,True,True,False,departed teammate (2025 vol=34),,,11.3,,
310.0,Heath Miller,TE,,no_crosswalk_match,,,False,False,False,,,,,,
14047.0,Heinrich Haarberg,TE,,no_crosswalk_match,,,False,False,False,,,,,,
3485.0,Henry Krieger-Coble,TE,,no_crosswalk_match,,,False,False,False,,,,,,
6846.0,Hunter Bryant,TE,,no_crosswalk_match,,,False,False,False,,,,,,
7938.0,Hunter Kampmoyer,TE,,no_crosswalk_match,,,False,False,False,,,,,,
7522.0,Hunter Thedford,TE,,no_crosswalk_match,,,False,False,False,,,,,,
6308.0,Ian Bunting,TE,,no_crosswalk_match,,,False,False,False,,,,,,
6126.0,Irv Smith,TE,,no_crosswalk_match,,,False,False,False,,,,,,
5957.0,Isaac Nauta,TE,,no_crosswalk_match,,,False,False,False,,,,,,
12126.0,Isaac Rex,TE,,no_crosswalk_match,,,False,False,False,,,,,,
6618.0,Isaiah Searight,TE,,no_crosswalk_match,,,False,False,False,,,,,,
11524.0,Izaiah Gathings,TE,,no_crosswalk_match,,,False,False,False,,,,,,
1849.0,Jace Amaro,TE,,no_crosswalk_match,,,False,False,False,,,,,,
6139.0,Jace Sternberger,TE,,no_crosswalk_match,,,False,False,False,,,,,,
1706.0,Jack Doyle,TE,,no_crosswalk_match,,,False,False,False,,,,,,
2950.0,Jack Tabb,TE,,no_crosswalk_match,,,False,False,False,,,,,,
13846.0,Jack Velling,TE,00-0041195,insufficient_history,,,False,False,False,,,,,,
12045.0,Jack Westover,TE,,no_crosswalk_match,,,False,False,False,,,,,,
6728.0,Jackson Harris,TE,,no_crosswalk_match,,,False,False,False,,,,,,
7015.0,Jacob Breeland,TE,,no_crosswalk_match,,,False,False,False,,,,,,
4421.0,Jacob Hollister,TE,,no_crosswalk_match,,,False,False,False,,,,,,
2124.0,Jacob Maxwell,TE,,no_crosswalk_match,,,False,False,False,,,,,,
32.0,Jacob Tamme,TE,,no_crosswalk_match,,,False,False,False,,,,,,
12118.0,Jacob Warren,TE,,no_crosswalk_match,,,False,False,False,,,,,,
5754.0,Jaeden Graham,TE,,no_crosswalk_match,,,False,False,False,,,,,,
7460.0,Jake Burt,TE,,no_crosswalk_match,,,False,False,False,,,,,,
4151.0,Jake Butt,TE,,no_crosswalk_match,,,False,False,False,,,,,,
8061.0,Jake Hausmann,TE,,no_crosswalk_match,,,False,False,False,,,,,,
3514.0,Jake McGee,TE,,no_crosswalk_match,,,False,False,False,,,,,,
2038.0,Jake Murphy,TE,,no_crosswalk_match,,,False,False,False,,,,,,
6260.0,Jake Powell,TE,,no_crosswalk_match,,,False,False,False,,,,,,
5246.0,Jake Roh,TE,,no_crosswalk_match,,,False,False,False,,,,,,
1749.0,Jake Stoneburner,TE,,no_crosswalk_match,,,False,False,False,,,,,,
8115.0,Jalen Wydermyer,TE,,no_crosswalk_match,,,False,False,False,,,,,,
12866.0,Jalin Conyers,TE,,no_crosswalk_match,,,False,False,False,,,,,,
8741.0,Jamal Pettigrew,TE,,no_crosswalk_match,,,False,False,False,,,,,,
1147.0,James Hanna,TE,,no_crosswalk_match,,,False,False,False,,,,,,
5322.0,James Looney,TE,,no_crosswalk_match,,,False,False,False,,,,,,
2476.0,James O'Shaughnessy,TE,,no_crosswalk_match,,,False,False,False,,,,,,
13879.0,Jameson Geers,TE,00-0041366,insufficient_history,,,False,False,False,,,,,,
1760.0,Jamie Childers,TE,,no_crosswalk_match,,,False,False,False,,,,,,
367.0,Jared Cook,TE,,no_crosswalk_match,,,False,False,False,,,,,,
6834.0,Jared Pinkney,TE,,no_crosswalk_match,,,False,False,False,,,,,,
7317.0,Jared Rice,TE,,no_crosswalk_match,,,False,False,False,,,,,,
8878.0,Jared Scott,TE,,no_crosswalk_match,,,False,False,False,,,,,,
13422.0,Jaren Kanak,TE,00-0040901,insufficient_history,,,False,False,False,,,,,,
4536.0,Jason Croom,TE,,no_crosswalk_match,,,False,False,False,,,,,,
5217.0,Jason Reese,TE,,no_crosswalk_match,,,False,False,False,,,,,,
3774.0,Jason Vander Laan,TE,,no_crosswalk_match,,,False,False,False,,,,,,
23.0,Jason Witten,TE,,no_crosswalk_match,,,False,False,False,,,,,,
2565.0,Jean Sifrin,TE,,no_crosswalk_match,,,False,False,False,,,,,,
521.0,Jeff Cumberland,TE,,no_crosswalk_match,,,False,False,False,,,,,,
2397.0,Jeff Heuerman,TE,,no_crosswalk_match,,,False,False,False,,,,,,
87.0,Jeff King,TE,,no_crosswalk_match,,,False,False,False,,,,,,
2571.0,Jeff Luc,TE,,no_crosswalk_match,,,False,False,False,,,,,,
3340.0,Jerell Adams,TE,,no_crosswalk_match,,,False,False,False,,,,,,
14061.0,Jeremiah Franklin,TE,,no_crosswalk_match,,,False,False,False,,,,,,
8203.0,Jeremiah Hall,TE,,no_crosswalk_match,,,False,False,False,,,,,,
4221.0,Jeremy Sprinkle,TE,,no_crosswalk_match,,,False,False,False,,,,,,
530.0,Jermaine Gresham,TE,,no_crosswalk_match,,,False,False,False,,,,,,
13129.0,Jermaine Terry,TE,,no_crosswalk_match,,,False,False,False,,,,,,
2304.0,Jerome Cunningham,TE,,no_crosswalk_match,,,False,False,False,,,,,,
6375.0,Jerome Washington,TE,,no_crosswalk_match,,,False,False,False,,,,,,
2202.0,Je'Ron Hamm,TE,,no_crosswalk_match,,,False,False,False,,,,,,
6075.0,Jesper Horsted,TE,,no_crosswalk_match,,,False,False,False,,,,,,
2463.0,Jesse James,TE,,no_crosswalk_match,,,False,False,False,,,,,,
4864.0,Jevoni Robinson,TE,,no_crosswalk_match,,,False,False,False,,,,,,
8039.0,Jibri Blount,TE,,no_crosswalk_match,,,False,False,False,,,,,,
626.0,Jim Dray,TE,,no_crosswalk_match,,,False,False,False,,,,,,
2722.0,Jimmay Mundine,TE,,no_crosswalk_match,,,False,False,False,,,,,,
12834.0,Jimmy Bell,TE,,no_crosswalk_match,,,False,False,False,,,,,,
616.0,Jimmy Graham,TE,,no_crosswalk_match,,,False,False,False,,,,,,
12975.0,JJ Galbreath,TE,00-0040528,insufficient_history,,,False,False,False,,,,,,
8884.0,JJ Howland,TE,,no_crosswalk_match,,,False,False,False,,,,,,
12095.0,Jjay Mcafee,TE,,no_crosswalk_match,,,False,False,False,,,,,,
3686.0,Joe Sommers,TE,,no_crosswalk_match,,,False,False,False,,,,,,
52.0,Joel Dreessen,TE,,no_crosswalk_match,,,False,False,False,,,,,,
11197.0,Joel Honigford,TE,,no_crosswalk_match,,,False,False,False,,,,,,
143.0,John Carlson,TE,,no_crosswalk_match,,,False,False,False,,,,,,
12905.0,John Copenhaver,TE,,no_crosswalk_match,,,False,False,False,,,,,,
8500.0,John FitzPatrick,TE,00-0037306,projected,1.7189708804082644,29.2,True,False,False,,,,29.2,,
8685.0,John Mitchell,TE,,no_crosswalk_match,,,False,False,False,,,,,,
2928.0,John Peters,TE,,no_crosswalk_match,,,False,False,False,,,,,,
406.0,John Phillips,TE,,no_crosswalk_match,,,False,False,False,,,,,,
11467.0,John Samuel Shenker,TE,,no_crosswalk_match,,,False,False,False,,,,,,
11511.0,John Stephens,TE,,no_crosswalk_match,,,False,False,False,,,,,,
11380.0,Johnny Lumpkin,TE,,no_crosswalk_match,,,False,False,False,,,,,,
14029.0,Johnny Pascuzzi,TE,00-0041452,insufficient_history,,,False,False,False,,,,,,
833.0,Jordan Cameron,TE,,no_crosswalk_match,,,False,False,False,,,,,,
5253.0,Jordan Franks,TE,,no_crosswalk_match,,,False,False,False,,,,,,
4153.0,Jordan Leggett,TE,,no_crosswalk_match,,,False,False,False,,,,,,
1800.0,Jordan Matthews,TE,,no_crosswalk_match,,,False,False,False,,,,,,
11493.0,Jordan Murray,TE,,no_crosswalk_match,,,False,False,False,,,,,,
12549.0,Jordan Petaia,TE,,no_crosswalk_match,,,False,False,False,,,,,,
1500.0,Jordan Reed,TE,,no_crosswalk_match,,,False,False,False,,,,,,
5117.0,Jordan Thomas,TE,,no_crosswalk_match,,,False,False,False,,,,,,
2129.0,Jordan Thompson,TE,,no_crosswalk_match,,,False,False,False,,,,,,
1628.0,Joseph Fauria,TE,,no_crosswalk_match,,,False,False,False,,,,,,
8559.0,Josh Babicz,TE,,no_crosswalk_match,,,False,False,False,,,,,,
8769.0,Josh Bist,TE,,no_crosswalk_match,,,False,False,False,,,,,,
1777.0,Josh Hill,TE,,no_crosswalk_match,,,False,False,False,,,,,,
13312.0,Josh Kattus,TE,00-0041246,insufficient_history,,,False,False,False,,,,,,
12300.0,Joshua Lingenfelter,TE,,no_crosswalk_match,,,False,False,False,,,,,,
3668.0,Joshua Perkins,TE,,no_crosswalk_match,,,False,False,False,,,,,,
12883.0,Joshua Simon,TE,00-0040552,insufficient_history,,,False,False,False,,,,,,
7050.0,Josiah Deguara,TE,00-0036332,projected,1.5101474680422742,25.7,True,False,False,,,,25.7,,
4409.0,Josiah Price,TE,,no_crosswalk_match,,,False,False,False,,,,,,
874.0,Julius Thomas,TE,,no_crosswalk_match,,,False,False,False,,,,,,
1436.0,Justice Cunningham,TE,,no_crosswalk_match,,,False,False,False,,,,,,
6493.0,Justin Johnson,TE,,no_crosswalk_match,,,False,False,False,,,,,,
2144.0,Justin Perillo,TE,,no_crosswalk_match,,,False,False,False,,,,,,
8778.0,Justin Rigg,TE,,no_crosswalk_match,,,False,False,False,,,,,,
2886.0,Justin Sinz,TE,,no_crosswalk_match,,,False,False,False,,,,,,
2930.0,Justin Tukes,TE,,no_crosswalk_match,,,False,False,False,,,,,,
6146.0,Kaden Smith,TE,,no_crosswalk_match,,,False,False,False,,,,,,
6164.0,Kahale Warring,TE,,no_crosswalk_match,,,False,False,False,,,,,,
8088.0,Kalif Jackson,TE,,no_crosswalk_match,,,False,False,False,,,,,,
6399.0,Kano Dillon,TE,,no_crosswalk_match,,,False,False,False,,,,,,
1755.0,Keavon Milton,TE,,no_crosswalk_match,,,False,False,False,,,,,,
6389.0,Keenen Brown,TE,,no_crosswalk_match,,,False,False,False,,,,,,
8706.0,Kehinde Oginni,TE,,no_crosswalk_match,,,False,False,False,,,,,,
4545.0,Keith Towbridge,TE,,no_crosswalk_match,,,False,False,False,,,,,,
328.0,Kellen Davis,TE,,no_crosswalk_match,,,False,False,False,,,,,,
449.0,Kellen Winslow,TE,,no_crosswalk_match,,,False,False,False,,,,,,
6081.0,Kendall Blanton,TE,,no_crosswalk_match,,,False,False,False,,,,,,
2514.0,Kennard Backman,TE,,no_crosswalk_match,,,False,False,False,,,,,,
13957.0,Kenny Fletcher,TE,00-0041252,insufficient_history,,,False,False,False,,,,,,
7597.0,Kenny Yeboah,TE,,no_crosswalk_match,,,False,False,False,,,,,,
4861.0,Kent Taylor,TE,,no_crosswalk_match,,,False,False,False,,,,,,
1007.0,Kevin Brock,TE,,no_crosswalk_match,,,False,False,False,,,,,,
12215.0,Kevin Foelsch,TE,,no_crosswalk_match,,,False,False,False,,,,,,
5171.0,Kevin Rader,TE,,no_crosswalk_match,,,False,False,False,,,,,,
13432.0,Khalil Dinkins,TE,00-0041357,insufficient_history,,,False,False,False,,,,,,
2686.0,Khari Lee,TE,,no_crosswalk_match,,,False,False,False,,,,,,
3596.0,Kivon Cartwright,TE,,no_crosswalk_match,,,False,False,False,,,,,,
13085.0,Kole Taylor,TE,,no_crosswalk_match,,,False,False,False,,,,,,
984.0,Konrad Reuland,TE,,no_crosswalk_match,,,False,False,False,,,,,,
11447.0,Kris Leach,TE,,no_crosswalk_match,,,False,False,False,,,,,,
3481.0,Kyle Carter,TE,,no_crosswalk_match,,,False,False,False,,,,,,
7378.0,Kyle Markway,TE,,no_crosswalk_match,,,False,False,False,,,,,,
1299.0,Kyle Miller,TE,,no_crosswalk_match,,,False,False,False,,,,,,
943.0,Kyle Rudolph,TE,,no_crosswalk_match,,,False,False,False,,,,,,
11543.0,Lachlan Pitts,TE,,no_crosswalk_match,,,False,False,False,,,,,,
1139.0,Ladarius Green,TE,,no_crosswalk_match,,,False,False,False,,,,,,
13292.0,Lake McRee,TE,00-0041263,insufficient_history,,,False,False,False,,,,,,
11540.0,La'Michael Pettway,TE,,no_crosswalk_match,,,False,False,False,,,,,,
964.0,Lance Kendricks,TE,,no_crosswalk_match,,,False,False,False,,,,,,
13357.0,Lance Mason,TE,00-0040974,insufficient_history,,,False,False,False,,,,,,
8026.0,Landon Rice,TE,,no_crosswalk_match,,,False,False,False,,,,,,
1759.0,Larry Donnell,TE,,no_crosswalk_match,,,False,False,False,,,,,,
7106.0,Lawrence Cager,TE,00-0036145,projected,2.6535156728018165,45.1,False,False,True,new teammate arrived (2025 vol=79 elsewhere),,,45.1,,
13261.0,Layne Pryor,TE,00-0040792,insufficient_history,,,False,False,False,,,,,,
812.0,Lee Smith,TE,,no_crosswalk_match,,,False,False,False,,,,,,
8660.0,Leroy Watson,TE,,no_crosswalk_match,,,False,False,False,,,,,,
1642.0,Levine Toilolo,TE,,no_crosswalk_match,,,False,False,False,,,,,,
12237.0,Lincoln Sefcik,TE,,no_crosswalk_match,,,False,False,False,,,,,,
587.0,Logan Paulsen,TE,,no_crosswalk_match,,,False,False,False,,,,,,
2996.0,Logan Stokes,TE,,no_crosswalk_match,,,False,False,False,,,,,,
2251.0,Logan Thomas,TE,,no_crosswalk_match,,,False,False,False,,,,,,
14055.0,Louis Hansen,TE,00-0041535,insufficient_history,,,False,False,False,,,,,,
11862.0,Luke Benson,TE,,no_crosswalk_match,,,False,False,False,,,,,,
13205.0,Luke Deal,TE,,no_crosswalk_match,,,False,False,False,,,,,,
12725.0,Luke Lachey,TE,,no_crosswalk_match,,,False,False,False,,,,,,
1603.0,Luke Willson,TE,,no_crosswalk_match,,,False,False,False,,,,,,
12187.0,Malcolm Epps,TE,,no_crosswalk_match,,,False,False,False,,,,,,
3905.0,Mandel Dixon,TE,,no_crosswalk_match,,,False,False,False,,,,,,
1985.0,Marcel Jensen,TE,,no_crosswalk_match,,,False,False,False,,,,,,
5233.0,Marcus Baugh,TE,,no_crosswalk_match,,,False,False,False,,,,,,
8589.0,Marcus Santos-Silva,TE,,no_crosswalk_match,,,False,False,False,,,,,,
8101.0,Mark Vital,TE,,no_crosswalk_match,,,False,False,False,,,,,,
1636.0,MarQueis Gray,TE,,no_crosswalk_match,,,False,False,False,,,,,,
13032.0,Marshall Lang,TE,,no_crosswalk_match,,,False,False,False,,,,,,
40.0,Martellus Bennett,TE,,no_crosswalk_match,,,False,False,False,,,,,,
12260.0,Mason Fairchild,TE,,no_crosswalk_match,,,False,False,False,,,,,,
12068.0,Mason Pline,TE,,no_crosswalk_match,,,False,False,False,,,,,,
4229.0,Mason Schreck,TE,,no_crosswalk_match,,,False,False,False,,,,,,
7992.0,Matt Bushman,TE,,no_crosswalk_match,,,False,False,False,,,,,,
5194.0,Matt Flanagan,TE,,no_crosswalk_match,,,False,False,False,,,,,,
13324.0,Matt Hibner,TE,,no_crosswalk_match,,,False,False,False,,14.0,"Real, structurally distinct gap, same class as Aiyuk's above: no gsis_id exists anywhere in the crosswalk for him (confirmed absent from both stats_player_reg_by_season/2025.csv and roster_2026.csv -- a real 2026 4th-round rookie TE, acquired via a trade with SF, so genuinely has no NFL history to key on regardless). Real, current context: a developmental depth piece behind Mark Andrews (00-0034753) and Isaiah Likely, not currently a target-earner. No Book price exists. Independently built: 10 targets (a token depth-role share) x 1.4 (generic TE proxy rate, no NFL history) = 14.0. (verified 2026-08-20)",,,
2944.0,Matt LaCosse,TE,,no_crosswalk_match,,,False,False,False,,,,,,
13806.0,Matt Lauter,TE,,no_crosswalk_match,,,False,False,False,,,,,,
3036.0,Matt Lengel,TE,,no_crosswalk_match,,,False,False,False,,,,,,
8074.0,Matt Seybert,TE,,no_crosswalk_match,,,False,False,False,,,,,,
6233.0,Matt Sokol,TE,,no_crosswalk_match,,,False,False,False,,,,,,
250.0,Matt Spaeth,TE,,no_crosswalk_match,,,False,False,False,,,,,,
3648.0,Matt Weiser,TE,,no_crosswalk_match,,,False,False,False,,,,,,
469.0,Matthew Mulligan,TE,,no_crosswalk_match,,,False,False,False,,,,,,
13162.0,Maximilian Mang,TE,,no_crosswalk_match,,,False,False,False,,,,,,
2360.0,Maxx Williams,TE,,no_crosswalk_match,,,False,False,False,,,,,,
12070.0,McCallan Castles,TE,,no_crosswalk_match,,,False,False,False,,,,,,
12154.0,Messiah Swinson,TE,00-0039275,insufficient_history,,,False,False,False,,,,,,
6590.0,Michael Colubiale,TE,,no_crosswalk_match,,,False,False,False,,,,,,
3649.0,Michael Cooper,TE,,no_crosswalk_match,,,False,False,False,,,,,,
1256.0,Michael Egnew,TE,,no_crosswalk_match,,,False,False,False,,,,,,
11126.0,Michael Ezeike,TE,,no_crosswalk_match,,,False,False,False,,,,,,
622.0,Michael Hoomanawanui,TE,,no_crosswalk_match,,,False,False,False,,,,,,
8094.0,Michael Jacobson,TE,,no_crosswalk_match,,,False,False,False,,,,,,
3588.0,Michael Miller,TE,,no_crosswalk_match,,,False,False,False,,,,,,
4164.0,Michael Roberts,TE,,no_crosswalk_match,,,False,False,False,,,,,,
1520.0,Michael Williams,TE,,no_crosswalk_match,,,False,False,False,,,,,,
737.0,Mickey Shuler,TE,,no_crosswalk_match,,,False,False,False,,,,,,
6737.0,Micky Crum,TE,,no_crosswalk_match,,,False,False,False,,,,,,
4807.0,Mike Estes,TE,,no_crosswalk_match,,,False,False,False,,,,,,
2867.0,Mike McFarland,TE,,no_crosswalk_match,,,False,False,False,,,,,,
12246.0,Mike Rigerman,TE,,no_crosswalk_match,,,False,False,False,,,,,,
6490.0,Mik'Quan Deane,TE,,no_crosswalk_match,,,False,False,False,,,,,,
2772.0,Mitchell Henry,TE,,no_crosswalk_match,,,False,False,False,,,,,,
6894.0,Mitchell Wilcox,TE,,no_crosswalk_match,,,False,False,False,,,,,,
3880.0,M.J. McFarland,TE,,no_crosswalk_match,,,False,False,False,,,,,,
6586.0,Moral Stephens,TE,,no_crosswalk_match,,,False,False,False,,,,,,
3336.0,Moritz Bohringer,TE,,no_crosswalk_match,,,False,False,False,,,,,,
1477.0,Mychal Rivera,TE,,no_crosswalk_match,,,False,False,False,,,,,,
7359.0,Nakia Griffin-Stewart,TE,,no_crosswalk_match,,,False,False,False,,,,,,
6535.0,Nate Becker,TE,,no_crosswalk_match,,,False,False,False,,,,,,
4803.0,Nate Iese,TE,,no_crosswalk_match,,,False,False,False,,,,,,
7245.0,Nate Wieting,TE,,no_crosswalk_match,,,False,False,False,,,,,,
8890.0,Naz Bohannon,TE,,no_crosswalk_match,,,False,False,False,,,,,,
2519.0,Neal Sterling,TE,,no_crosswalk_match,,,False,False,False,,,,,,
2203.0,Nic Jacobs,TE,,no_crosswalk_match,,,False,False,False,,,,,,
7308.0,Nick Bowers,TE,,no_crosswalk_match,,,False,False,False,,,,,,
5670.0,Nick DeLuca,TE,,no_crosswalk_match,,,False,False,False,,,,,,
7859.0,Nick Eubanks,TE,,no_crosswalk_match,,,False,False,False,,,,,,
8038.0,Nick Guggemos,TE,,no_crosswalk_match,,,False,False,False,,,,,,
13151.0,Nick Kallerup,TE,00-0040058,projected,0.676418797360661,11.5,False,False,False,,,,11.5,,
1473.0,Nick Kasa,TE,,no_crosswalk_match,,,False,False,False,,,,,,
5465.0,Nick Keizer,TE,,no_crosswalk_match,,,False,False,False,,,,,,
8523.0,Nick Muse,TE,,no_crosswalk_match,,,False,False,False,,,,,,
2495.0,Nick O'Leary,TE,,no_crosswalk_match,,,False,False,False,,,,,,
3921.0,Nick Truesdell,TE,,no_crosswalk_match,,,False,False,False,,,,,,
8107.0,Nikola Kalinic,TE,00-0037031,projected,0.8350926367779401,14.2,False,False,False,,,,14.2,,
918.0,Niles Paul,TE,,no_crosswalk_match,,,False,False,False,,,,,,
5878.0,N'Keal Harry,TE,,no_crosswalk_match,,,False,False,False,,,,,,
11225.0,Noah Gindorff,TE,,no_crosswalk_match,,,False,False,False,,,,,,
8817.0,Nolan Givan,TE,,no_crosswalk_match,,,False,False,False,,,,,,
4055.0,O.J. Howard,TE,,no_crosswalk_match,,,False,False,False,,,,,,
1065.0,Orson Charles,TE,,no_crosswalk_match,,,False,False,False,,,,,,
12800.0,Oscar Cardenas,TE,,no_crosswalk_match,,,False,False,False,,,,,,
64.0,Owen Daniels,TE,,no_crosswalk_match,,,False,False,False,,,,,,
6662.0,Parker Hesse,TE,,no_crosswalk_match,,,False,False,False,,,,,,
7397.0,Parker Houston,TE,,no_crosswalk_match,,,False,False,False,,,,,,
13014.0,Pat Conroy,TE,,no_crosswalk_match,,,False,False,False,,,,,,
13913.0,Patrick Gurd,TE,00-0041016,insufficient_history,,,False,False,False,,,,,,
12901.0,Patrick Herbert,TE,00-0040331,insufficient_history,,,False,False,False,,,,,,
11245.0,Patrick Murtagh,TE,,no_crosswalk_match,,,False,False,False,,,,,,
5588.0,Paul Butler,TE,,no_crosswalk_match,,,False,False,False,,,,,,
3897.0,Paul Lang,TE,,no_crosswalk_match,,,False,False,False,,,,,,
7499.0,Paul Quessenberry,TE,,no_crosswalk_match,,,False,False,False,,,,,,
8197.0,Peyton Hendershot,TE,,no_crosswalk_match,,,False,False,False,,,,,,
4443.0,Pharaoh Brown,TE,00-0033439,projected,1.057503142130654,18.0,True,False,False,,,,18.0,,
5280.0,Pharoah McKever,TE,,no_crosswalk_match,,,False,False,False,,,,,,
4725.0,Phazahn Odom,TE,,no_crosswalk_match,,,False,False,False,,,,,,
1787.0,Phillip Supernaw,TE,,no_crosswalk_match,,,False,False,False,,,,,,
8432.0,Player Invalid,TE,,no_crosswalk_match,,,False,False,False,,,,,,
11508.0,Princeton Fant,TE,00-0038735,projected,0.8163377131157947,13.9,False,False,False,,,,13.9,,
7985.0,Pro Wells,TE,,no_crosswalk_match,,,False,False,False,,,,,,
13870.0,Quentin Moore,TE,00-0041180,insufficient_history,,,False,False,False,,,,,,
2499.0,Randall Telfer,TE,,no_crosswalk_match,,,False,False,False,,,,,,
2268.0,Rashaun Allen,TE,,no_crosswalk_match,,,False,False,False,,,,,,
2870.0,Ray Hamilton,TE,,no_crosswalk_match,,,False,False,False,,,,,,
13160.0,Reggie Brown,TE,,no_crosswalk_match,,,False,False,False,,,,,,
1211.0,Rhett Ellison,TE,,no_crosswalk_match,,,False,False,False,,,,,,
885.0,Richard Gordon,TE,,no_crosswalk_match,,,False,False,False,,,,,,
2146.0,Richard Rodgers,TE,,no_crosswalk_match,,,False,False,False,,,,,,
1014.0,Richie Brockel,TE,,no_crosswalk_match,,,False,False,False,,,,,,
4531.0,Ricky Seals-Jones,TE,,no_crosswalk_match,,,False,False,False,,,,,,
3372.0,Rico Gathers,TE,,no_crosswalk_match,,,False,False,False,,,,,,
12250.0,Riley Sharp,TE,,no_crosswalk_match,,,False,False,False,,,,,,
12851.0,Rivaldo Fairweather,TE,00-0040046,insufficient_history,,,False,False,False,,,,,,
13430.0,RJ Maryland,TE,00-0040945,insufficient_history,,,False,False,False,,,,,,
1915.0,Rob Blanchflower,TE,,no_crosswalk_match,,,False,False,False,,,,,,
515.0,Rob Gronkowski,TE,,no_crosswalk_match,,,False,False,False,,,,,,
971.0,Rob Housler,TE,,no_crosswalk_match,,,False,False,False,,,,,,
8757.0,Rodney Williams,TE,,no_crosswalk_match,,,False,False,False,,,,,,
8747.0,Roger Carter,TE,,no_crosswalk_match,,,False,False,False,,,,,,
13810.0,Rohan Jones,TE,00-0041403,insufficient_history,,,False,False,False,,,,,,
6388.0,Romello Brooker,TE,,no_crosswalk_match,,,False,False,False,,,,,,
3100.0,Ronnie Shields,TE,,no_crosswalk_match,,,False,False,False,,,,,,
2553.0,Rory Anderson,TE,,no_crosswalk_match,,,False,False,False,,,,,,
5285.0,Ross Dwelley,TE,00-0034073,projected,0.9656471642345564,16.4,True,False,False,,,,16.4,,
3041.0,Ross Travis,TE,,no_crosswalk_match,,,False,False,False,,,,,,
7162.0,Ryan Becker,TE,,no_crosswalk_match,,,False,False,False,,,,,,
1891.0,Ryan Hewitt,TE,,no_crosswalk_match,,,False,False,False,,,,,,
5094.0,Ryan Izzo,TE,,no_crosswalk_match,,,False,False,False,,,,,,
11298.0,Ryan Jones,TE,,no_crosswalk_match,,,False,False,False,,,,,,
3506.0,Ryan Malleck,TE,,no_crosswalk_match,,,False,False,False,,,,,,
3842.0,Ryan O'Malley,TE,,no_crosswalk_match,,,False,False,False,,,,,,
1664.0,Ryan Otten,TE,,no_crosswalk_match,,,False,False,False,,,,,,
5547.0,Ryan Smith,TE,,no_crosswalk_match,,,False,False,False,,,,,,
934.0,Ryan Taylor,TE,,no_crosswalk_match,,,False,False,False,,,,,,
5718.0,Ryan Yurachek,TE,,no_crosswalk_match,,,False,False,False,,,,,,
7379.0,Rysen John,TE,,no_crosswalk_match,,,False,False,False,,,,,,
7576.0,Sage Surratt,TE,,no_crosswalk_match,,,False,False,False,,,,,,
8089.0,Sal Cannella,TE,00-0037015,projected,1.6442621879592951,28.0,True,True,False,departed teammate (2025 vol=48),,,28.0,,
4730.0,Sam Cotton,TE,,no_crosswalk_match,,,False,False,False,,,,,,
13158.0,Sam Pitz,TE,,no_crosswalk_match,,,False,False,False,,,,,,
7622.0,Sammis Reyes,TE,,no_crosswalk_match,,,False,False,False,,,,,,
7848.0,Scooter Harrington,TE,,no_crosswalk_match,,,False,False,False,,,,,,
768.0,Scott Chandler,TE,,no_crosswalk_match,,,False,False,False,,,,,,
4309.0,Scott Orndoff,TE,,no_crosswalk_match,,,False,False,False,,,,,,
2040.0,Scott Simonson,TE,,no_crosswalk_match,,,False,False,False,,,,,,
4660.0,Sean Culkin,TE,,no_crosswalk_match,,,False,False,False,,,,,,
1323.0,Sean McGrath,TE,,no_crosswalk_match,,,False,False,False,,,,,,
6964.0,Sean McKeon,TE,00-0036032,projected,0.8606217214654248,14.6,False,False,True,new teammate arrived (2025 vol=112 elsewhere),,,14.6,,
5834.0,Sean Ryan,TE,,no_crosswalk_match,,,False,False,False,,,,,,
3296.0,Seth DeValve,TE,,no_crosswalk_match,,,False,False,False,,,,,,
8539.0,Seth Green,TE,,no_crosswalk_match,,,False,False,False,,,,,,
8041.0,Shane Zylstra,TE,00-0036534,projected,2.907226376368809,49.4,True,False,False,,,,49.4,,
8018.0,Shaun Beyer,TE,,no_crosswalk_match,,,False,False,False,,,,,,
12217.0,Shawn Bowman,TE,,no_crosswalk_match,,,False,False,False,,,,,,
3496.0,Stephen Anderson,TE,,no_crosswalk_match,,,False,False,False,,,,,,
5609.0,Stephen Baggett,TE,,no_crosswalk_match,,,False,False,False,,,,,,
6451.0,Stephen Carlson,TE,00-0035039,insufficient_history,,,False,False,False,,,,,,
6970.0,Stephen Sullivan,TE,,no_crosswalk_match,,,False,False,False,,,,,,
716.0,Steve Maneri,TE,,no_crosswalk_match,,,False,False,False,,,,,,
3504.0,Steven Scheu,TE,,no_crosswalk_match,,,False,False,False,,,,,,
11960.0,Steven Stilianos,TE,,no_crosswalk_match,,,False,False,False,,,,,,
4535.0,Steven Wroblewski,TE,,no_crosswalk_match,,,False,False,False,,,,,,
4747.0,Stevie Donatell,TE,,no_crosswalk_match,,,False,False,False,,,,,,
12815.0,Stevo Klotz,TE,,no_crosswalk_match,,,False,False,False,,,,,,
13988.0,Stone Eby,TE,,no_crosswalk_match,,,False,False,False,,,,,,
13827.0,Tanner Arkin,TE,00-0041314,insufficient_history,,,False,False,False,,,,,,
11598.0,Tanner McLachlan,TE,,no_crosswalk_match,,,False,False,False,,,,,,
11415.0,Tanner Taula,TE,,no_crosswalk_match,,,False,False,False,,,,,,
4563.0,Taylor McNamara,TE,,no_crosswalk_match,,,False,False,False,,,,,,
2921.0,Taylor Sloat,TE,,no_crosswalk_match,,,False,False,False,,,,,,
1073.0,Taylor Thompson,TE,,no_crosswalk_match,,,False,False,False,,,,,,
2090.0,Ted Bolser,TE,,no_crosswalk_match,,,False,False,False,,,,,,
3333.0,Temarrick Hemingway,TE,,no_crosswalk_match,,,False,False,False,,,,,,
2845.0,Tevin Westbrook,TE,,no_crosswalk_match,,,False,False,False,,,,,,
6919.0,Thaddeus Moss,TE,,no_crosswalk_match,,,False,False,False,,,,,,
3386.0,Thomas Duarte,TE,,no_crosswalk_match,,,False,False,False,,,,,,
12715.0,Thomas Fidone,TE,00-0040225,projected,0.835888287738076,14.2,False,False,True,new teammate arrived (2025 vol=36 elsewhere),,,14.2,,
13249.0,Thomas Gordon,TE,00-0040697,insufficient_history,,,False,False,False,,,,,,
11351.0,Thomas Greaney,TE,,no_crosswalk_match,,,False,False,False,,,,,,
8924.0,Thomas Odukoya,TE,,no_crosswalk_match,,,False,False,False,,,,,,
12113.0,Thomas Yassmin,TE,,no_crosswalk_match,,,False,False,False,,,,,,
2595.0,Tim Semisch,TE,,no_crosswalk_match,,,False,False,False,,,,,,
559.0,Tim Tebow,TE,,no_crosswalk_match,,,False,False,False,,,,,,
1635.0,Timothy Wright,TE,,no_crosswalk_match,,,False,False,False,,,,,,
7439.0,Tommy Hudson,TE,,no_crosswalk_match,,,False,False,False,,,,,,
,Tommy Myers,TE,,no_crosswalk_match,,,False,False,False,,,,,,
7149.0,Tommy Stevens,TE,,no_crosswalk_match,,,False,False,False,,,,,,
6137.0,Tommy Sweeney,TE,,no_crosswalk_match,,,False,False,False,,,,,,
565.0,Tony Moeaki,TE,,no_crosswalk_match,,,False,False,False,,,,,,
7972.0,Tony Poljan,TE,,no_crosswalk_match,,,False,False,False,,,,,,
688.0,Tony Scheffler,TE,,no_crosswalk_match,,,False,False,False,,,,,,
8905.0,Travis Koontz,TE,,no_crosswalk_match,,,False,False,False,,,,,,
4031.0,Travis Wilson,TE,,no_crosswalk_match,,,False,False,False,,,,,,
7554.0,Tre' McKitty,TE,,no_crosswalk_match,,,False,False,False,,,,,,
13116.0,Tre Watson,TE,00-0040094,insufficient_history,,,False,False,False,,,,,,
12191.0,Trent Pennix,TE,,no_crosswalk_match,,,False,False,False,,,,,,
6181.0,Trevon Wesco,TE,,no_crosswalk_match,,,False,False,False,,,,,,
6263.0,Trevor Wood,TE,,no_crosswalk_match,,,False,False,False,,,,,,
1793.0,Trey Burton,TE,,no_crosswalk_match,,,False,False,False,,,,,,
12320.0,Treyton Pickering,TE,,no_crosswalk_match,,,False,False,False,,,,,,
12079.0,Treyton Welch,TE,00-0039518,insufficient_history,,,False,False,False,,,,,,
5092.0,Troy Fumagalli,TE,,no_crosswalk_match,,,False,False,False,,,,,,
5245.0,Troy Mangen,TE,,no_crosswalk_match,,,False,False,False,,,,,,
2245.0,Troy Niklas,TE,,no_crosswalk_match,,,False,False,False,,,,,,
8885.0,Tucker Fisk,TE,00-0037654,projected,1.2181997564426528,20.7,True,False,False,,,,20.7,,
13705.0,Ty Pezza,TE,,no_crosswalk_match,,,False,False,False,,,,,,
7131.0,Tyler Davis,TE,,no_crosswalk_match,,,False,False,False,,,,,,
1388.0,Tyler Eifert,TE,,no_crosswalk_match,,,False,False,False,,,,,,
5276.0,Tyler Hoppes,TE,,no_crosswalk_match,,,False,False,False,,,,,,
2390.0,Tyler Kroft,TE,,no_crosswalk_match,,,False,False,False,,,,,,
7427.0,Tyler Mabry,TE,,no_crosswalk_match,,,False,False,False,,,,,,
14062.0,Tyler Moore,TE,,no_crosswalk_match,,,False,False,False,,,,,,
12850.0,Tyler Neville,TE,,no_crosswalk_match,,,False,False,False,,,,,,
6238.0,Tyree Mayfield,TE,,no_crosswalk_match,,,False,False,False,,,,,,
4678.0,Tyrone Swoopes,TE,,no_crosswalk_match,,,False,False,False,,,,,,
1587.0,Vance McDonald,TE,,no_crosswalk_match,,,False,False,False,,,,,,
200.0,Vernon Davis,TE,,no_crosswalk_match,,,False,False,False,,,,,,
2428.0,Vince Mayle,TE,,no_crosswalk_match,,,False,False,False,,,,,,
868.0,Virgil Green,TE,,no_crosswalk_match,,,False,False,False,,,,,,
55.0,Visanthe Shiancoe,TE,,no_crosswalk_match,,,False,False,False,,,,,,
2596.0,Wes Saxton,TE,,no_crosswalk_match,,,False,False,False,,,,,,
5010.0,Will Dissly,TE,00-0034159,projected,2.777345684208658,47.2,True,False,False,,,,47.2,,
1250.0,Will Johnson,TE,,no_crosswalk_match,,,False,False,False,,,,,,
3043.0,Will Tye,TE,,no_crosswalk_match,,,False,False,False,,,,,,
4490.0,Wyatt Houston,TE,,no_crosswalk_match,,,False,False,False,,,,,,
2082.0,Xavier Grimble,TE,,no_crosswalk_match,,,False,False,False,,,,,,
6018.0,Zach Gentry,TE,,no_crosswalk_match,,,False,False,False,,,,,,
11864.0,Zach Heins,TE,,no_crosswalk_match,,,False,False,False,,,,,,
13110.0,Zach Horton,TE,00-0040387,insufficient_history,,,False,False,False,,,,,,
171.0,Zach Miller,TE,,no_crosswalk_match,,,False,False,False,,,,,,
1654.0,Zach Sudfeld,TE,,no_crosswalk_match,,,False,False,False,,,,,,
8799.0,Zaire Mitchell-Paden,TE,00-0037340,projected,1.386463745487431,23.6,False,False,True,new teammate arrived (2025 vol=41 elsewhere),,,23.6,,
4984.0,Josh Allen,QB,,book_anchored,,,False,False,False,,355.9,"Book 361.93 -> 355.9 (schedule -1.67%, player +0.0%). Schedule-only (BUF SOS 12, 4 real road cold games).",,,
11564.0,Drake Maye,QB,,book_anchored,,,False,False,False,,300.0,"Book 321.43 -> 300.0 (schedule +0.08%, player -6.7%). Real, decisive regression case: his real 2025 fired all three classic unsustainable-QB markers at once -- CPOE +10.78 (vs +2.84 in 2024, and more than double any other top-20 QB: Burrow 4.65, Hurts 3.18, Herbert 1.57, Williams -3.51), TD rate 4.44% -> 6.30%, INT rate 2.96% -> 1.63%, with passing EPA swinging -26.5 -> +165.2. CPOE that extreme is among the most regression-prone stats in football. A.J. Brown's real arrival at NE is the real offset keeping this from going lower. Even at 300.0 he sits ~15% under his real 2025 output (~353 fantasy pts); Book was already discounting ~9%.",,,
4881.0,Lamar Jackson,QB,,book_anchored,,,False,False,False,,311.4,"Book 306.43 -> 311.4 (schedule +1.63%, player +0.0%). Schedule-only (BAL SOS 28, real easy end). FLAGGED, not priced: John Harbaugh was really fired Jan 2026 after 18 seasons and a new HC/OC (Declan Doyle) is still building trust -- real scheme uncertainty, but no specific evidence found that Jackson's own output drops, so no player_pct applied.",,,
11566.0,Jayden Daniels,QB,,book_anchored,,,False,False,False,,301.3,"Book 306.93 -> 301.3 (schedule -1.85%, player +0.0%). Schedule-only (WAS SOS 8). Real 2025 was injury-wrecked (7 games: knee/hamstring/elbow/ankle) but verified fully healthy and mobile, 'no questions surrounding his health' -- Book already prices the bounce-back, no player_pct added.",,,
6904.0,Jalen Hurts,QB,,book_anchored,,,False,False,False,,304.0,"Book 313.43 -> 304.0 (schedule -3.01%, player +0.0%). Schedule-only, but the schedule hit independently reinforces a real per-player case left unpriced: PHI has the real 3rd-hardest schedule, stacking on a real new OC (Sean Mannion replacing Kevin Patullo), A.J. Brown's real trade to NE, and a real career-low rushing season (421 yds/8 TD in 2025 vs 630 yds/14 TD in 2024) in the exact skill driving his fantasy value.",,,
12508.0,Jaxson Dart,QB,,book_anchored,,,False,False,False,,277.9,"Book 281.97 -> 277.9 (schedule -1.46%, player +0.0%). Schedule-only (NYG SOS 10).",,,
6770.0,Joe Burrow,QB,,book_anchored,,,False,False,False,,324.0,"Book 315.78 -> 324.0 (schedule +2.60%, player +0.0%). Schedule-only. CIN grades 32/32 -- the real easiest schedule by this proxy, externally corroborated. Health verified directly earlier in this pass (confirmed practicing/connecting with Chase, Aug 2026).",,,
8183.0,Brock Purdy,QB,,book_anchored,,,False,False,False,,302.1,"Book 304.18 -> 302.1 (schedule -0.69%, player +0.0%). Schedule-only (SF SOS 15). Verified on the field and sharp in camp.",,,
3294.0,Dak Prescott,QB,,book_anchored,,,False,False,False,,284.7,"Book 291.18 -> 284.7 (schedule -2.23%, player +0.0%). Schedule-only (DAL SOS 6, real hard end). No negative camp reports found.",,,
7523.0,Trevor Lawrence,QB,,book_anchored,,,False,False,False,,315.3,"Book 316.88 -> 315.3 (schedule -0.50%, player +0.0%). Schedule-only (JAX SOS 17).",,,
4046.0,Patrick Mahomes,QB,,book_anchored,,,False,False,False,,299.8,"Book 300.68 -> 299.8 (schedule -0.31%, player +0.0%). Schedule-only (KC SOS 18) -- but this originally shipped with a blank rationale that missed a real, major fact: Mahomes suffered a real torn ACL and LCL (Dec 14, 2025 vs. LAC), with surgery and a real ~9-month recovery timeline landing right at Week 1 (Sept 10, 2026). Real, current, encouraging trajectory: cleared to practice Jul 24, 2026, walking unassisted by March, HC Andy Reid said he'd 'never bet against' him starting Week 1. No further number change proposed -- Book's 300.68 already looks like it reasonably prices this real, well-covered injury in -- but the note is corrected to actually disclose what was checked rather than leave it blank. Real, related context: KC signed Kenneth Walker III (00-0038134, see that RB entry) specifically to feature him and protect the run game while Mahomes ramps back.",,,
6797.0,Justin Herbert,QB,,book_anchored,,,False,False,False,,292.0,"Book 299.82 -> 292.0 (schedule -0.34%, player -2.3%). Companion to Caleb Williams' entry. Real: 13 real INTs in 2025 (2.54% rate, double Williams') is both a direct fantasy penalty and a real regression marker. Real LAC losses: Keenan Allen departed to IND (122 real 2025 targets, see CURRENT_TEAM_OVERRIDES) and Najee Harris to NYG, plus real LT Rashawn Slater missing half of camp injured.",,,
11560.0,Caleb Williams,QB,,book_anchored,,,False,False,False,,305.0,"Book 299.28 -> 305.0 (schedule -1.26%, player +3.2%). Real, user-directed to sit above Herbert, supported by real data: higher real 2025 passing EPA than Herbert (42.2 vs 16.1) despite a worse CPOE, and his real -3.51 CPOE is BELOW expectation -- positive regression room, the mirror image of Maye. Half Herbert's real INT rate (1.23% vs 2.54%). Real weapon upgrades already built this session: Odunze (00-0039919, +15.9%) and Burden (00-0040735, +54.2%) in year 2 of Ben Johnson's scheme.",,,
11563.0,Bo Nix,QB,,book_anchored,,,False,False,False,,295.8,"Book 294.98 -> 295.8 (schedule +0.27%, player +0.0%). Schedule-only (DEN SOS 21).",,,
421.0,Matthew Stafford,QB,,book_anchored,,,False,False,False,,275.3,"Book 281.88 -> 275.3 (schedule -2.35%, player +0.0%). Schedule-only (LAR SOS 5, real hard end).",,,
3163.0,Jared Goff,QB,,book_anchored,,,False,False,False,,296.8,"Book 293.28 -> 296.8 (schedule +1.21%, player +0.0%). Schedule-only (DET SOS 24, dome).",,,
12545.0,Tyler Shough,QB,,book_anchored,,,False,False,False,,278.2,"Book 272.28 -> 278.2 (schedule +2.18%, player +0.0%). Schedule-only (NO SOS 29, real easy end). Real, verified rapport with Olave (00-0037239) -- already reflected in that WR entry, not double-counted here.",,,
4892.0,Baker Mayfield,QB,,book_anchored,,,False,False,False,,290.5,"Book 288.58 -> 290.5 (schedule +0.66%, player +0.0%). Schedule-only (TB SOS 22).",,,
5849.0,Kyler Murray,QB,,book_anchored,,,False,False,False,,268.9,"Book 278.2 -> 268.9 (schedule -3.36%, player +0.0%). Schedule-only, the largest real penalty in the group: MIN grades SOS 1 -- the real hardest schedule by this proxy. Real, confirmed starter (won a real 2-week camp competition over J.J. McCarthy), already the basis for Jefferson's (00-0036322) boost.",,,
5870.0,Daniel Jones,QB,,book_anchored,,,False,False,False,,238.54,"Book-anchored QB value (sportsbook_half_ppr_points), used directly -- no QB model is run (see QB_TOP20_ADJUSTMENTS). Outside the top 20 by Book, no manual adjustment is applied.",,,
8161.0,Malik Willis,QB,,book_anchored,,,False,False,False,,268.3,"Book 277.18 -> 268.3 (schedule -3.22%, player +0.0%). Schedule-only (MIA SOS 4 plus 4 real road cold games). Real, confirmed starter after Tua's real release; Book already prices the real downgrade conservatively.",,,
6804.0,Jordan Love,QB,,book_anchored,,,False,False,False,,272.18,"Book-anchored QB value (sportsbook_half_ppr_points), used directly -- no QB model is run (see QB_TOP20_ADJUSTMENTS). Outside the top 20 by Book, no manual adjustment is applied.",,,
4943.0,Sam Darnold,QB,,book_anchored,,,False,False,False,,269.68,"Book-anchored QB value (sportsbook_half_ppr_points), used directly -- no QB model is run (see QB_TOP20_ADJUSTMENTS). Outside the top 20 by Book, no manual adjustment is applied.",,,
9758.0,C.J. Stroud,QB,,book_anchored,,,False,False,False,,267.98,"Book-anchored QB value (sportsbook_half_ppr_points), used directly -- no QB model is run (see QB_TOP20_ADJUSTMENTS). Outside the top 20 by Book, no manual adjustment is applied.",,,
9228.0,Bryce Young,QB,,book_anchored,,,False,False,False,,241.48,"Book-anchored QB value (sportsbook_half_ppr_points), used directly -- no QB model is run (see QB_TOP20_ADJUSTMENTS). Outside the top 20 by Book, no manual adjustment is applied.",,,
1373.0,Geno Smith,QB,,book_anchored,,,False,False,False,,244.48,"Book-anchored QB value (sportsbook_half_ppr_points), used directly -- no QB model is run (see QB_TOP20_ADJUSTMENTS). Outside the top 20 by Book, no manual adjustment is applied.",,,
3257.0,Jacoby Brissett,QB,,book_anchored,,,False,False,False,,173.0,"Book-anchored QB value (sportsbook_half_ppr_points), used directly -- no QB model is run (see QB_TOP20_ADJUSTMENTS). Outside the top 20 by Book, no manual adjustment is applied.",,,
12522.0,Cam Ward,QB,,book_anchored,,,False,False,False,,240.18,"Book-anchored QB value (sportsbook_half_ppr_points), used directly -- no QB model is run (see QB_TOP20_ADJUSTMENTS). Outside the top 20 by Book, no manual adjustment is applied.",,,
96.0,Aaron Rodgers,QB,,book_anchored,,,False,False,False,,217.98,"Book-anchored QB value (sportsbook_half_ppr_points), used directly -- no QB model is run (see QB_TOP20_ADJUSTMENTS). Outside the top 20 by Book, no manual adjustment is applied.",,,
13269.0,Fernando Mendoza,QB,,book_anchored,,,False,False,False,,177.38,"Book-anchored QB value (sportsbook_half_ppr_points), used directly -- no QB model is run (see QB_TOP20_ADJUSTMENTS). Outside the top 20 by Book, no manual adjustment is applied.",,,
6768.0,Tua Tagovailoa,QB,,book_anchored,,,False,False,False,,145.94,"Book-anchored QB value (sportsbook_half_ppr_points), used directly -- no QB model is run (see QB_TOP20_ADJUSTMENTS). Outside the top 20 by Book, no manual adjustment is applied.",,,
12524.0,Shedeur Sanders,QB,,book_anchored,,,False,False,False,,106.12,"Book-anchored QB value (sportsbook_half_ppr_points), used directly -- no QB model is run (see QB_TOP20_ADJUSTMENTS). Outside the top 20 by Book, no manual adjustment is applied.",,,
4017.0,Deshaun Watson,QB,,book_anchored,,,False,False,False,,112.06,"Book-anchored QB value (sportsbook_half_ppr_points), used directly -- no QB model is run (see QB_TOP20_ADJUSTMENTS). Outside the top 20 by Book, no manual adjustment is applied.",,,
11559.0,Michael Penix,QB,,book_anchored,,,False,False,False,,115.38,"Book-anchored QB value (sportsbook_half_ppr_points), used directly -- no QB model is run (see QB_TOP20_ADJUSTMENTS). Outside the top 20 by Book, no manual adjustment is applied.",,,
1166.0,Kirk Cousins,QB,,book_anchored,,,False,False,False,,46.16,"Book-anchored QB value (sportsbook_half_ppr_points), used directly -- no QB model is run (see QB_TOP20_ADJUSTMENTS). Outside the top 20 by Book, no manual adjustment is applied.",,,
13275.0,Ty Simpson,QB,,no_book_price,,,False,False,False,,,,,,
13272.0,Carson Beck,QB,,book_anchored,,,False,False,False,,60.92,"Book-anchored QB value (sportsbook_half_ppr_points), used directly -- no QB model is run (see QB_TOP20_ADJUSTMENTS). Outside the top 20 by Book, no manual adjustment is applied.",,,
11565.0,J.J. McCarthy,QB,,book_anchored,,,False,False,False,,20.62,"Book-anchored QB value (sportsbook_half_ppr_points), used directly -- no QB model is run (see QB_TOP20_ADJUSTMENTS). Outside the top 20 by Book, no manual adjustment is applied.",,,
9229.0,Anthony Richardson,QB,,no_book_price,,,False,False,False,,,,,,
2307.0,Marcus Mariota,QB,,no_book_price,,,False,False,False,,,,,,
12470.0,Riley Leonard,QB,,no_book_price,,,False,False,False,,,,,,
7585.0,Davis Mills,QB,,no_book_price,,,False,False,False,,,,,,
7591.0,Justin Fields,QB,,no_book_price,,,False,False,False,,,,,,
8002.0,Shane Buechele,QB,,no_book_price,,,False,False,False,,,,,,
2306.0,Jameis Winston,QB,,no_book_price,,,False,False,False,,,,,,
12500.0,Quinn Ewers,QB,,no_book_price,,,False,False,False,,,,,,
11256.0,Tyson Bagent,QB,,no_book_price,,,False,False,False,,,,,,
9999.0,Will Levis,QB,,no_book_price,,,False,False,False,,,,,,
6136.0,Jarrett Stidham,QB,,book_anchored,,,False,False,False,,13.22,"Book-anchored QB value (sportsbook_half_ppr_points), used directly -- no QB model is run (see QB_TOP20_ADJUSTMENTS). Outside the top 20 by Book, no manual adjustment is applied.",,,
6111.0,Jake Browning,QB,,no_book_price,,,False,False,False,,,,,,
2152.0,Teddy Bridgewater,QB,,no_book_price,,,False,False,False,,,,,,
827.0,Tyrod Taylor,QB,,no_book_price,,,False,False,False,,,,,,
11292.0,Tommy DeVito,QB,,no_book_price,,,False,False,False,,,,,,
7083.0,Tyler Huntley,QB,,no_book_price,,,False,False,False,,,,,,
7527.0,Mac Jones,QB,,no_book_price,,,False,False,False,,,,,,
7610.0,Trey Lance,QB,,no_book_price,,,False,False,False,,,,,,
9230.0,Tanner McKee,QB,,no_book_price,,,False,False,False,,,,,,
19.0,Joe Flacco,QB,,no_book_price,,,False,False,False,,,,,,
8160.0,Kenny Pickett,QB,,no_book_price,,,False,False,False,,,,,,
11562.0,Spencer Rattler,QB,,no_book_price,,,False,False,False,,,,,,
8162.0,Sam Howell,QB,,no_book_price,,,False,False,False,,,,,,
5854.0,Drew Lock,QB,,no_book_price,,,False,False,False,,,,,,
829.0,Andy Dalton,QB,,no_book_price,,,False,False,False,,,,,,
13295.0,Behren Morton,QB,,no_book_price,,,False,False,False,,,,,,
4464.0,Nick Mullens,QB,,no_book_price,,,False,False,False,,,,,,
8413.0,Chris Oladokun,QB,,no_book_price,,,False,False,False,,,,,,
6011.0,Gardner Minshew,QB,,no_book_price,,,False,False,False,,,,,,
13303.0,Cade Klubnik,QB,,no_book_price,,,False,False,False,,,,,,
13289.0,Drew Allar,QB,,no_book_price,,,False,False,False,,,,,,
11065.0,Adrian Martinez,QB,,no_book_price,,,False,False,False,,,,,,
13404.0,Garrett Nussmeier,QB,,no_book_price,,,False,False,False,,,,,,
13335.0,Cole Payton,QB,,no_book_price,,,False,False,False,,,,,,
5127.0,Kyle Allen,QB,,no_book_price,,,False,False,False,,,,,,
3976.0,Mitchell Trubisky,QB,,no_book_price,,,False,False,False,,,,,,
12510.0,Jalen Milroe,QB,,book_anchored,,,False,False,False,,14.86,"Book-anchored QB value (sportsbook_half_ppr_points), used directly -- no QB model is run (see QB_TOP20_ADJUSTMENTS). Outside the top 20 by Book, no manual adjustment is applied.",,,
11557.0,Joe Milton,QB,,no_book_price,,,False,False,False,,,,,,
12511.0,Will Howard,QB,,no_book_price,,,False,False,False,,,,,,
4972.0,Mason Rudolph,QB,,no_book_price,,,False,False,False,,,,,,
12538.0,Brady Cook,QB,,no_book_price,,,False,False,False,,,,,,
260.0,Josh Johnson,QB,,no_book_price,,,False,False,False,,,,,,
10857.0,Stetson Bennett,QB,,no_book_price,,,False,False,False,,,,,,
10866.0,Aidan O'Connell,QB,,no_book_price,,,False,False,False,,,,,,
5089.0,Mike White,QB,,no_book_price,,,False,False,False,,,,,,
11931.0,Austin Reed,QB,,no_book_price,,,False,False,False,,,,,,
12688.0,Cam Miller,QB,,no_book_price,,,False,False,False,,,,,,
3161.0,Carson Wentz,QB,,no_book_price,,,False,False,False,,,,,,
1737.0,Case Keenum,QB,,no_book_price,,,False,False,False,,,,,,
4574.0,Cooper Rush,QB,,no_book_price,,,False,False,False,,,,,,
2028.0,Derek Carr,QB,,no_book_price,,,False,False,False,,,,,,
13427.0,Diego Pavia,QB,,no_book_price,,,False,False,False,,,,,,
12486.0,Dillon Gabriel,QB,,no_book_price,,,False,False,False,,,,,,
11961.0,Emory Jones,QB,,no_book_price,,,False,False,False,,,,,,
9998.0,Hendon Hooker,QB,,no_book_price,,,False,False,False,,,,,,
1837.0,Jimmy Garoppolo,QB,,no_book_price,,,False,False,False,,,,,,
5128.0,Logan Woodside,QB,,no_book_price,,,False,False,False,,,,,,
10233.0,Max Duggan,QB,,no_book_price,,,False,False,False,,,,,,
11561.0,Michael Pratt,QB,,no_book_price,,,False,False,False,,,,,,
1234.0,Russell Wilson,QB,,no_book_price,,,False,False,False,,,,,,
12898.0,Seth Henigan,QB,,no_book_price,,,False,False,False,,,,,,
13306.0,Taylen Green,QB,,no_book_price,,,False,False,False,,,,,,
2711.0,Taylor Heinicke,QB,,no_book_price,,,False,False,False,,,,,,
,Trinidad Chambliss,QB,,no_book_price,,,False,False,False,,,,,,
7538.0,Zach Wilson,QB,,no_book_price,,,False,False,False,,,,,,
4683.0,Aaron Bailey,QB,,no_book_price,,,False,False,False,,,,,,
2019.0,Aaron Murray,QB,,no_book_price,,,False,False,False,,,,,,
12361.0,Aeneas Dennis,QB,,no_book_price,,,False,False,False,,,,,,
1895.0,AJ McCarron,QB,,no_book_price,,,False,False,False,,,,,,
4307.0,Alek Torgersen,QB,,no_book_price,,,False,False,False,,,,,,
5124.0,Alex McGough,QB,,no_book_price,,,False,False,False,,,,,,
268.0,Alex Smith,QB,,no_book_price,,,False,False,False,,,,,,
1262.0,Alex Tanney,QB,,no_book_price,,,False,False,False,,,,,,
1111.0,Andrew Luck,QB,,no_book_price,,,False,False,False,,,,,,
12270.0,Andrew Peasley,QB,,no_book_price,,,False,False,False,,,,,,
2561.0,Anthony Boone,QB,,no_book_price,,,False,False,False,,,,,,
8241.0,Anthony Brown,QB,,no_book_price,,,False,False,False,,,,,,
6898.0,Anthony Gordon,QB,,no_book_price,,,False,False,False,,,,,,
13557.0,Athan Kaliakmanis,QB,,no_book_price,,,False,False,False,,,,,,
4931.0,Austin Appleby,QB,,no_book_price,,,False,False,False,,,,,,
11491.0,Austin Aune,QB,,no_book_price,,,False,False,False,,,,,,
1200.0,Austin Davis,QB,,no_book_price,,,False,False,False,,,,,,
3953.0,Austin Trainor,QB,,no_book_price,,,False,False,False,,,,,,
8157.0,Bailey Zappe,QB,,no_book_price,,,False,False,False,,,,,,
4728.0,Bart Houston,QB,,no_book_price,,,False,False,False,,,,,,
12433.0,Ben Bryant,QB,,no_book_price,,,False,False,False,,,,,,
7143.0,Ben DiNucci,QB,,no_book_price,,,False,False,False,,,,,,
138.0,Ben Roethlisberger,QB,,no_book_price,,,False,False,False,,,,,,
13065.0,Ben Wooldridge,QB,,no_book_price,,,False,False,False,,,,,,
862.0,Blaine Gabbert,QB,,no_book_price,,,False,False,False,,,,,,
1979.0,Blake Bortles,QB,,no_book_price,,,False,False,False,,,,,,
3957.0,Blake Sims,QB,,no_book_price,,,False,False,False,,,,,,
4222.0,Brad Kaaya,QB,,no_book_price,,,False,False,False,,,,,,
1481.0,Brad Sorensen,QB,,no_book_price,,,False,False,False,,,,,,
671.0,Brady Quinn,QB,,no_book_price,,,False,False,False,,,,,,
3357.0,Brandon Allen,QB,,no_book_price,,,False,False,False,,,,,,
3378.0,Brandon Doughty,QB,,no_book_price,,,False,False,False,,,,,,
8579.0,Brandon Peters,QB,,no_book_price,,,False,False,False,,,,,,
6205.0,Brandon Silvers,QB,,no_book_price,,,False,False,False,,,,,,
1085.0,Brandon Weeden,QB,,no_book_price,,,False,False,False,,,,,,
462.0,Brett Favre,QB,,no_book_price,,,False,False,False,,,,,,
13221.0,Brett Gabbert,QB,,no_book_price,,,False,False,False,,,,,,
2450.0,Brett Hundley,QB,,no_book_price,,,False,False,False,,,,,,
6037.0,Brett Rypien,QB,,no_book_price,,,False,False,False,,,,,,
345.0,Brian Hoyer,QB,,no_book_price,,,False,False,False,,,,,,
7008.0,Brian Lewerke,QB,,no_book_price,,,False,False,False,,,,,,
761.0,Brian St Pierre,QB,,no_book_price,,,False,False,False,,,,,,
7418.0,Broc Rutter,QB,,no_book_price,,,False,False,False,,,,,,
1126.0,Brock Osweiler,QB,,no_book_price,,,False,False,False,,,,,,
5597.0,Brogan Roback,QB,,no_book_price,,,False,False,False,,,,,,
393.0,Bruce Gradkowski,QB,,no_book_price,,,False,False,False,,,,,,
2567.0,Bryan Bennett,QB,,no_book_price,,,False,False,False,,,,,,
7335.0,Bryce Perkins,QB,,no_book_price,,,False,False,False,,,,,,
2408.0,Bryce Petty,QB,,no_book_price,,,False,False,False,,,,,,
2007.0,Bryn Renner,QB,,no_book_price,,,False,False,False,,,,,,
5817.0,Byron Leftwich,QB,,no_book_price,,,False,False,False,,,,,,
12285.0,Cade Peterson,QB,,no_book_price,,,False,False,False,,,,,,
317.0,Caleb Hanie,QB,,no_book_price,,,False,False,False,,,,,,
954.0,Cam Newton,QB,,no_book_price,,,False,False,False,,,,,,
3210.0,Cardale Jones,QB,,no_book_price,,,False,False,False,,,,,,
91.0,Carson Palmer,QB,,no_book_price,,,False,False,False,,,,,,
8158.0,Carson Strong,QB,,no_book_price,,,False,False,False,,,,,,
11851.0,Carter Bradley,QB,,no_book_price,,,False,False,False,,,,,,
7376.0,Case Cookus,QB,,no_book_price,,,False,False,False,,,,,,
11848.0,Casey Bauman,QB,,no_book_price,,,False,False,False,,,,,,
89.0,Chad Henne,QB,,no_book_price,,,False,False,False,,,,,,
5237.0,Chad Kanoff,QB,,no_book_price,,,False,False,False,,,,,,
4051.0,Chad Kelly,QB,,no_book_price,,,False,False,False,,,,,,
1109.0,Chandler Harnish,QB,,no_book_price,,,False,False,False,,,,,,
13592.0,Chandler Morris,QB,,no_book_price,,,False,False,False,,,,,,
698.0,Charlie Whitehurst,QB,,no_book_price,,,False,False,False,,,,,,
490.0,Chase Daniel,QB,,no_book_price,,,False,False,False,,,,,,
8431.0,Chase Garbers,QB,,no_book_price,,,False,False,False,,,,,,
5263.0,Chase Litton,QB,,no_book_price,,,False,False,False,,,,,,
2145.0,Chase Rettig,QB,,no_book_price,,,False,False,False,,,,,,
12046.0,Chevan Cordeiro,QB,,no_book_price,,,False,False,False,,,,,,
6778.0,Chris Streveler,QB,,no_book_price,,,False,False,False,,,,,,
3168.0,Christian Hackenberg,QB,,no_book_price,,,False,False,False,,,,,,
941.0,Christian Ponder,QB,,no_book_price,,,False,False,False,,,,,,
4127.0,C.J. Beathard,QB,,no_book_price,,,False,False,False,,,,,,
6147.0,Clayton Thorson,QB,,no_book_price,,,False,False,False,,,,,,
10217.0,Clayton Tune,QB,,no_book_price,,,False,False,False,,,,,,
2576.0,Cody Fajardo,QB,,no_book_price,,,False,False,False,,,,,,
3205.0,Cody Kessler,QB,,no_book_price,,,False,False,False,,,,,,
12268.0,Colby Suits,QB,,no_book_price,,,False,False,False,,,,,,
8224.0,Cole Kelley,QB,,no_book_price,,,False,False,False,,,,,,
6954.0,Cole McDonald,QB,,no_book_price,,,False,False,False,,,,,,
2582.0,Cole Stoudt,QB,,no_book_price,,,False,False,False,,,,,,
980.0,Colin Kaepernick,QB,,no_book_price,,,False,False,False,,,,,,
7983.0,Collin Hill,QB,,no_book_price,,,False,False,False,,,,,,
13119.0,Collin Schlee,QB,,no_book_price,,,False,False,False,,,,,,
533.0,Colt McCoy,QB,,no_book_price,,,False,False,False,,,,,,
12776.0,Connor Bazelak,QB,,no_book_price,,,False,False,False,,,,,,
3171.0,Connor Cook,QB,,no_book_price,,,False,False,False,,,,,,
5808.0,Connor Jessop,QB,,no_book_price,,,False,False,False,,,,,,
1910.0,Connor Shaw,QB,,no_book_price,,,False,False,False,,,,,,
5167.0,Dalton Sturm,QB,,no_book_price,,,False,False,False,,,,,,
374.0,Dan Orlovsky,QB,,no_book_price,,,False,False,False,,,,,,
4767.0,Dane Evans,QB,,no_book_price,,,False,False,False,,,,,,
5120.0,Danny Etling,QB,,no_book_price,,,False,False,False,,,,,,
6450.0,David Blough,QB,,no_book_price,,,False,False,False,,,,,,
2106.0,David Fales,QB,,no_book_price,,,False,False,False,,,,,,
41.0,David Garrard,QB,,no_book_price,,,False,False,False,,,,,,
4775.0,David Olson,QB,,no_book_price,,,False,False,False,,,,,,
8560.0,Davis Cheek,QB,,no_book_price,,,False,False,False,,,,,,
4061.0,Davis Webb,QB,,no_book_price,,,False,False,False,,,,,,
665.0,Dennis Dixon,QB,,no_book_price,,,False,False,False,,,,,,
691.0,Derek Anderson,QB,,no_book_price,,,False,False,False,,,,,,
8199.0,D'Eriq King,QB,,no_book_price,,,False,False,False,,,,,,
4026.0,DeShone Kizer,QB,,no_book_price,,,False,False,False,,,,,,
8159.0,Desmond Ridder,QB,,no_book_price,,,False,False,False,,,,,,
11556.0,Devin Leary,QB,,no_book_price,,,False,False,False,,,,,,
6595.0,Devlin Hodges,QB,,no_book_price,,,False,False,False,,,,,,
12773.0,DJ Uiagalelei,QB,,no_book_price,,,False,False,False,,,,,,
1237.0,Dominique Davis,QB,,no_book_price,,,False,False,False,,,,,,
10862.0,Dorian Thompson-Robinson,QB,,no_book_price,,,False,False,False,,,,,,
11169.0,Dresser Winn,QB,,no_book_price,,,False,False,False,,,,,,
6371.0,Drew Anderson,QB,,no_book_price,,,False,False,False,,,,,,
289.0,Drew Brees,QB,,no_book_price,,,False,False,False,,,,,,
8915.0,Drew Plitt,QB,,no_book_price,,,False,False,False,,,,,,
181.0,Drew Stanton,QB,,no_book_price,,,False,False,False,,,,,,
8212.0,Dustin Crum,QB,,no_book_price,,,False,False,False,,,,,,
2075.0,Dustin Vaughan,QB,,no_book_price,,,False,False,False,,,,,,
5845.0,Dwayne Haskins,QB,,no_book_price,,,False,False,False,,,,,,
2586.0,Dylan Thompson,QB,,no_book_price,,,False,False,False,,,,,,
6185.0,Easton Stick,QB,,no_book_price,,,False,False,False,,,,,,
1349.0,E.J. Manuel,QB,,no_book_price,,,False,False,False,,,,,,
8193.0,E.J. Perry,QB,,no_book_price,,,False,False,False,,,,,,
13989.0,E.J. Warner,QB,,no_book_price,,,False,False,False,,,,,,
4665.0,Eli Jenkins,QB,,no_book_price,,,False,False,False,,,,,,
188.0,Eli Manning,QB,,no_book_price,,,False,False,False,,,,,,
6443.0,Eric Dungey,QB,,no_book_price,,,False,False,False,,,,,,
12965.0,Ethan Garbers,QB,,no_book_price,,,False,False,False,,,,,,
8798.0,Felix Harper,QB,,no_book_price,,,False,False,False,,,,,,
2229.0,Garrett Gilbert,QB,,no_book_price,,,False,False,False,,,,,,
2380.0,Garrett Grayson,QB,,no_book_price,,,False,False,False,,,,,,
12792.0,Garrett Greene,QB,,no_book_price,,,False,False,False,,,,,,
12149.0,Gavin Hardison,QB,,no_book_price,,,False,False,False,,,,,,
1.0,GJ Kinne,QB,,no_book_price,,,False,False,False,,,,,,
6769.0,Graham Harrell,QB,,no_book_price,,,False,False,False,,,,,,
12705.0,Graham Mertz,QB,,no_book_price,,,False,False,False,,,,,,
12003.0,Gunnar Watson,QB,,no_book_price,,,False,False,False,,,,,,
13017.0,Hajj-Malik Williams,QB,,no_book_price,,,False,False,False,,,,,,
13415.0,Haynes King,QB,,no_book_price,,,False,False,False,,,,,,
11216.0,Holton Ahlers,QB,,no_book_price,,,False,False,False,,,,,,
13217.0,Hunter Dekkers,QB,,no_book_price,,,False,False,False,,,,,,
7589.0,Ian Book,QB,,no_book_price,,,False,False,False,,,,,,
8201.0,Jack Coan,QB,,no_book_price,,,False,False,False,,,,,,
5392.0,Jack Heneghan,QB,,no_book_price,,,False,False,False,,,,,,
12009.0,Jack Plummer,QB,,no_book_price,,,False,False,False,,,,,,
13602.0,Jack Strand,QB,,no_book_price,,,False,False,False,,,,,,
13802.0,Jacob Clark,QB,,no_book_price,,,False,False,False,,,,,,
6317.0,Jacob Dolegala,QB,,no_book_price,,,False,False,False,,,,,,
6823.0,Jacob Eason,QB,,no_book_price,,,False,False,False,,,,,,
3978.0,Jacob Huesman,QB,,no_book_price,,,False,False,False,,,,,,
12278.0,Jacob Sirmon,QB,,no_book_price,,,False,False,False,,,,,,
7073.0,Jake Bentley,QB,,no_book_price,,,False,False,False,,,,,,
3410.0,Jake Coker,QB,,no_book_price,,,False,False,False,,,,,,
6822.0,Jake Fromm,QB,,no_book_price,,,False,False,False,,,,,,
10215.0,Jake Haener,QB,,no_book_price,,,False,False,False,,,,,,
2620.0,Jake Heaps,QB,,no_book_price,,,False,False,False,,,,,,
7084.0,Jake Luton,QB,,no_book_price,,,False,False,False,,,,,,
13685.0,Jake Retzlaff,QB,,no_book_price,,,False,False,False,,,,,,
3347.0,Jake Rudock,QB,,no_book_price,,,False,False,False,,,,,,
2569.0,Jake Waters,QB,,no_book_price,,,False,False,False,,,,,,
6596.0,Jalan McClendon,QB,,no_book_price,,,False,False,False,,,,,,
7262.0,Jalen Morton,QB,,no_book_price,,,False,False,False,,,,,,
13425.0,Jalon Daniels,QB,,no_book_price,,,False,False,False,,,,,,
11374.0,James Blackman,QB,,no_book_price,,,False,False,False,,,,,,
2119.0,James Franklin,QB,,no_book_price,,,False,False,False,,,,,,
7081.0,James Morgan,QB,,no_book_price,,,False,False,False,,,,,,
7555.0,Jamie Newman,QB,,no_book_price,,,False,False,False,,,,,,
9231.0,Jaren Hall,QB,,no_book_price,,,False,False,False,,,,,,
8442.0,Jarrett Guarantano,QB,,no_book_price,,,False,False,False,,,,,,
12190.0,Jason Bean,QB,,no_book_price,,,False,False,False,,,,,,
673.0,Jason Campbell,QB,,no_book_price,,,False,False,False,,,,,,
416.0,Jay Cutler,QB,,no_book_price,,,False,False,False,,,,,,
3362.0,Jeff Driskel,QB,,no_book_price,,,False,False,False,,,,,,
1644.0,Jeff Tuel,QB,,no_book_price,,,False,False,False,,,,,,
5356.0,Jeremiah Briscoe,QB,,no_book_price,,,False,False,False,,,,,,
12352.0,Jeremy Moussa,QB,,no_book_price,,,False,False,False,,,,,,
4853.0,Jerod Evans,QB,,no_book_price,,,False,False,False,,,,,,
3106.0,Jerrod Johnson,QB,,no_book_price,,,False,False,False,,,,,,
2557.0,Jerry Lovelocke,QB,,no_book_price,,,False,False,False,,,,,,
611.0,Jimmy Clausen,QB,,no_book_price,,,False,False,False,,,,,,
7156.0,J'Mar Smith,QB,,no_book_price,,,False,False,False,,,,,,
3717.0,Joe Callahan,QB,,no_book_price,,,False,False,False,,,,,,
13350.0,Joe Fagnano,QB,,no_book_price,,,False,False,False,,,,,,
3863.0,Joe Licata,QB,,no_book_price,,,False,False,False,,,,,,
606.0,Joe Webb,QB,,no_book_price,,,False,False,False,,,,,,
3456.0,Joel Stave,QB,,no_book_price,,,False,False,False,,,,,,
13428.0,Joey Aguilar,QB,,no_book_price,,,False,False,False,,,,,,
12277.0,John Matocha,QB,,no_book_price,,,False,False,False,,,,,,
12197.0,John Paddock,QB,,no_book_price,,,False,False,False,,,,,,
11859.0,John Rhys Plumlee,QB,,no_book_price,,,False,False,False,,,,,,
5806.0,John Wolford,QB,,no_book_price,,,False,False,False,,,,,,
1907.0,Johnny Manziel,QB,,no_book_price,,,False,False,False,,,,,,
404.0,Jon Kitna,QB,,no_book_price,,,False,False,False,,,,,,
50.0,Jordan Palmer,QB,,no_book_price,,,False,False,False,,,,,,
6730.0,Jordan Ta'amu,QB,,no_book_price,,,False,False,False,,,,,,
11567.0,Jordan Travis,QB,,no_book_price,,,False,False,False,,,,,,
448.0,Josh Freeman,QB,,no_book_price,,,False,False,False,,,,,,
7157.0,Josh Love,QB,,no_book_price,,,False,False,False,,,,,,
208.0,Josh McCown,QB,,no_book_price,,,False,False,False,,,,,,
4863.0,Josh Rosen,QB,,no_book_price,,,False,False,False,,,,,,
3440.0,Josh Woodrum,QB,,no_book_price,,,False,False,False,,,,,,
4179.0,Joshua Dobbs,QB,,no_book_price,,,False,False,False,,,,,,
5228.0,J.T. Barrett,QB,,no_book_price,,,False,False,False,,,,,,
13681.0,Kaidon Salter,QB,,no_book_price,,,False,False,False,,,,,,
7096.0,Kaleb Barker,QB,,no_book_price,,,False,False,False,,,,,,
11648.0,Kedon Slovis,QB,,no_book_price,,,False,False,False,,,,,,
1883.0,Keith Wenning,QB,,no_book_price,,,False,False,False,,,,,,
198.0,Kellen Clemens,QB,,no_book_price,,,False,False,False,,,,,,
7581.0,Kellen Mond,QB,,no_book_price,,,False,False,False,,,,,,
1158.0,Kellen Moore,QB,,no_book_price,,,False,False,False,,,,,,
7110.0,Kelly Bryant,QB,,no_book_price,,,False,False,False,,,,,,
13781.0,Ken Seals,QB,,no_book_price,,,False,False,False,,,,,,
8057.0,Kenji Bahar,QB,,no_book_price,,,False,False,False,,,,,,
7243.0,Kevin Davidson,QB,,no_book_price,,,False,False,False,,,,,,
3318.0,Kevin Hogan,QB,,no_book_price,,,False,False,False,,,,,,
278.0,Kevin Kolb,QB,,no_book_price,,,False,False,False,,,,,,
5833.0,Kevin O'Connell,QB,,no_book_price,,,False,False,False,,,,,,
13175.0,Kinkead Dent,QB,,no_book_price,,,False,False,False,,,,,,
8087.0,K.J. Costello,QB,,no_book_price,,,False,False,False,,,,,,
5142.0,Kurt Benkert,QB,,no_book_price,,,False,False,False,,,,,,
7.0,Kurt Warner,QB,,no_book_price,,,False,False,False,,,,,,
12477.0,Kurtis Rourke,QB,,no_book_price,,,False,False,False,,,,,,
4996.0,Kyle Lauletta,QB,,no_book_price,,,False,False,False,,,,,,
12494.0,Kyle McCord,QB,,no_book_price,,,False,False,False,,,,,,
388.0,Kyle Orton,QB,,no_book_price,,,False,False,False,,,,,,
6269.0,Kyle Shurmur,QB,,no_book_price,,,False,False,False,,,,,,
4588.0,Kyle Sloter,QB,,no_book_price,,,False,False,False,,,,,,
7605.0,Kyle Trask,QB,,no_book_price,,,False,False,False,,,,,,
13599.0,Kyron Drones,QB,,no_book_price,,,False,False,False,,,,,,
5239.0,Lamar Jordan,QB,,no_book_price,,,False,False,False,,,,,,
1411.0,Landry Jones,QB,,no_book_price,,,False,False,False,,,,,,
8429.0,Levi Lewis,QB,,no_book_price,,,False,False,False,,,,,,
2206.0,Logan Kilgore,QB,,no_book_price,,,False,False,False,,,,,,
5709.0,Luis Perez,QB,,no_book_price,,,False,False,False,,,,,,
13314.0,Luke Altmyer,QB,,no_book_price,,,False,False,False,,,,,,
5108.0,Luke Falk,QB,,no_book_price,,,False,False,False,,,,,,
248.0,Luke McCown,QB,,no_book_price,,,False,False,False,,,,,,
6343.0,Manny Wilkins,QB,,no_book_price,,,False,False,False,,,,,,
13816.0,Mark Gronowski,QB,,no_book_price,,,False,False,False,,,,,,
350.0,Mark Sanchez,QB,,no_book_price,,,False,False,False,,,,,,
3524.0,Marquise Williams,QB,,no_book_price,,,False,False,False,,,,,,
7102.0,Mason Fine,QB,,no_book_price,,,False,False,False,,,,,,
1338.0,Matt Barkley,QB,,no_book_price,,,False,False,False,,,,,,
1738.0,Matt Blanchard,QB,,no_book_price,,,False,False,False,,,,,,
389.0,Matt Cassel,QB,,no_book_price,,,False,False,False,,,,,,
8164.0,Matt Corral,QB,,no_book_price,,,False,False,False,,,,,,
144.0,Matt Flynn,QB,,no_book_price,,,False,False,False,,,,,,
36.0,Matt Hasselbeck,QB,,no_book_price,,,False,False,False,,,,,,
5208.0,Matt Linehan,QB,,no_book_price,,,False,False,False,,,,,,
233.0,Matt Moore,QB,,no_book_price,,,False,False,False,,,,,,
24.0,Matt Ryan,QB,,no_book_price,,,False,False,False,,,,,,
178.0,Matt Schaub,QB,,no_book_price,,,False,False,False,,,,,,
1807.0,Matt Simms,QB,,no_book_price,,,False,False,False,,,,,,
13597.0,Matthew Caldwell,QB,,no_book_price,,,False,False,False,,,,,,
1747.0,Matthew McGloin,QB,,no_book_price,,,False,False,False,,,,,,
12775.0,Max Brosmer,QB,,no_book_price,,,False,False,False,,,,,,
3551.0,Max Wittek,QB,,no_book_price,,,False,False,False,,,,,,
975.0,McLeod Bethel-Thompson,QB,,no_book_price,,,False,False,False,,,,,,
12408.0,Michael Hiers,QB,,no_book_price,,,False,False,False,,,,,,
461.0,Michael Vick,QB,,no_book_price,,,False,False,False,,,,,,
3495.0,Mike Bercovici,QB,,no_book_price,,,False,False,False,,,,,,
11932.0,Mike DiLiello,QB,,no_book_price,,,False,False,False,,,,,,
1559.0,Mike Glennon,QB,,no_book_price,,,False,False,False,,,,,,
3026.0,Mike Hartline,QB,,no_book_price,,,False,False,False,,,,,,
586.0,Mike Kafka,QB,,no_book_price,,,False,False,False,,,,,,
13310.0,Miller Moss,QB,,no_book_price,,,False,False,False,,,,,,
4839.0,Mitch Leidner,QB,,no_book_price,,,False,False,False,,,,,,
6892.0,Nate Stanley,QB,,no_book_price,,,False,False,False,,,,,,
3343.0,Nate Sudfeld,QB,,no_book_price,,,False,False,False,,,,,,
4183.0,Nathan Peterman,QB,,no_book_price,,,False,False,False,,,,,,
8938.0,Nathan Rourke,QB,,no_book_price,,,False,False,False,,,,,,
5265.0,Nic Shimonek,QB,,no_book_price,,,False,False,False,,,,,,
6606.0,Nick Fitzgerald,QB,,no_book_price,,,False,False,False,,,,,,
1029.0,Nick Foles,QB,,no_book_price,,,False,False,False,,,,,,
4926.0,Nick Schuessler,QB,,no_book_price,,,False,False,False,,,,,,
5745.0,Nick Stevens,QB,,no_book_price,,,False,False,False,,,,,,
7465.0,Nick Tiano,QB,,no_book_price,,,False,False,False,,,,,,
11388.0,Nolan Henderson,QB,,no_book_price,,,False,False,False,,,,,,
802.0,Pat Devlin,QB,,no_book_price,,,False,False,False,,,,,,
3170.0,Paxton Lynch,QB,,no_book_price,,,False,False,False,,,,,,
12762.0,Payton Thorne,QB,,no_book_price,,,False,False,False,,,,,,
12239.0,Peewee Jarrett,QB,,no_book_price,,,False,False,False,,,,,,
5403.0,Peter Pujals,QB,,no_book_price,,,False,False,False,,,,,,
294.0,Peyton Manning,QB,,no_book_price,,,False,False,False,,,,,,
331.0,Philip Rivers,QB,,no_book_price,,,False,False,False,,,,,,
2651.0,Phillip Sims,QB,,no_book_price,,,False,False,False,,,,,,
4335.0,P.J. Walker,QB,,no_book_price,,,False,False,False,,,,,,
5165.0,Quinton Flowers,QB,,no_book_price,,,False,False,False,,,,,,
7159.0,Reid Sinnett,QB,,no_book_price,,,False,False,False,,,,,,
679.0,Rex Grossman,QB,,no_book_price,,,False,False,False,,,,,,
881.0,Ricky Stanzi,QB,,no_book_price,,,False,False,False,,,,,,
5270.0,Riley Ferguson,QB,,no_book_price,,,False,False,False,,,,,,
7158.0,Riley Neal,QB,,no_book_price,,,False,False,False,,,,,,
2609.0,RJ Archer,QB,,no_book_price,,,False,False,False,,,,,,
1169.0,Robert Griffin,QB,,no_book_price,,,False,False,False,,,,,,
12063.0,Rocky Lombardi,QB,,no_book_price,,,False,False,False,,,,,,
7897.0,Roland Rivers,QB,,no_book_price,,,False,False,False,,,,,,
5885.0,Ryan Finley,QB,,no_book_price,,,False,False,False,,,,,,
333.0,Ryan Fitzpatrick,QB,,no_book_price,,,False,False,False,,,,,,
1550.0,Ryan Griffin,QB,,no_book_price,,,False,False,False,,,,,,
1221.0,Ryan Lindley,QB,,no_book_price,,,False,False,False,,,,,,
810.0,Ryan Mallett,QB,,no_book_price,,,False,False,False,,,,,,
1495.0,Ryan Nassib,QB,,no_book_price,,,False,False,False,,,,,,
1049.0,Ryan Tannehill,QB,,no_book_price,,,False,False,False,,,,,,
8103.0,Ryan Willis,QB,,no_book_price,,,False,False,False,,,,,,
621.0,Sam Bradford,QB,,no_book_price,,,False,False,False,,,,,,
7583.0,Sam Ehlinger,QB,,no_book_price,,,False,False,False,,,,,,
11558.0,Sam Hartman,QB,,no_book_price,,,False,False,False,,,,,,
13426.0,Sawyer Robertson,QB,,no_book_price,,,False,False,False,,,,,,
896.0,Scott Tolzien,QB,,no_book_price,,,False,False,False,,,,,,
10983.0,Sean Clifford,QB,,no_book_price,,,False,False,False,,,,,,
2394.0,Sean Mannion,QB,,no_book_price,,,False,False,False,,,,,,
1544.0,Sean Renfree,QB,,no_book_price,,,False,False,False,,,,,,
4475.0,Sefo Liufau,QB,,no_book_price,,,False,False,False,,,,,,
662.0,Seneca Wallace,QB,,no_book_price,,,False,False,False,,,,,,
1967.0,Seth Lobato,QB,,no_book_price,,,False,False,False,,,,,,
2903.0,Shane Carden,QB,,no_book_price,,,False,False,False,,,,,,
686.0,Shaun Hill,QB,,no_book_price,,,False,False,False,,,,,,
7063.0,Shea Patterson,QB,,no_book_price,,,False,False,False,,,,,,
8206.0,Skylar Thompson,QB,,no_book_price,,,False,False,False,,,,,,
4936.0,Skyler Howard,QB,,no_book_price,,,False,False,False,,,,,,
12165.0,Spencer Sanders,QB,,no_book_price,,,False,False,False,,,,,,
1990.0,Stephen Morris,QB,,no_book_price,,,False,False,False,,,,,,
7013.0,Steven Montez,QB,,no_book_price,,,False,False,False,,,,,,
1850.0,Tajh Boyd,QB,,no_book_price,,,False,False,False,,,,,,
5118.0,Tanner Lee,QB,,no_book_price,,,False,False,False,,,,,,
11924.0,Tanner Mordecai,QB,,no_book_price,,,False,False,False,,,,,,
11214.0,Tanner Morgan,QB,,no_book_price,,,False,False,False,,,,,,
154.0,Tarvaris Jackson,QB,,no_book_price,,,False,False,False,,,,,,
6489.0,Taryn Christion,QB,,no_book_price,,,False,False,False,,,,,,
12259.0,Taulia Tagovailoa,QB,,no_book_price,,,False,False,False,,,,,,
6428.0,Taylor Cornelius,QB,,no_book_price,,,False,False,False,,,,,,
13190.0,Taylor Elgersma,QB,,no_book_price,,,False,False,False,,,,,,
1022.0,Thaddeus Lewis,QB,,no_book_price,,,False,False,False,,,,,,
5257.0,Tim Boyle,QB,,no_book_price,,,False,False,False,,,,,,
11163.0,Tim DeMorat,QB,,no_book_price,,,False,False,False,,,,,,
6522.0,T.J. Linta,QB,,no_book_price,,,False,False,False,,,,,,
857.0,T.J. Yates,QB,,no_book_price,,,False,False,False,,,,,,
167.0,Tom Brady,QB,,no_book_price,,,False,False,False,,,,,,
7099.0,Tom Flacco,QB,,no_book_price,,,False,False,False,,,,,,
1957.0,Tom Savage,QB,,no_book_price,,,False,False,False,,,,,,
4794.0,Tommy Armstrong Jr.,QB,,no_book_price,,,False,False,False,,,,,,
142.0,Tony Romo,QB,,no_book_price,,,False,False,False,,,,,,
5974.0,Trace McSorley,QB,,no_book_price,,,False,False,False,,,,,,
8553.0,Tre Ford,QB,,no_book_price,,,False,False,False,,,,,,
739.0,Trent Edwards,QB,,no_book_price,,,False,False,False,,,,,,
3213.0,Trevone Boykin,QB,,no_book_price,,,False,False,False,,,,,,
4528.0,Trevor Knight,QB,,no_book_price,,,False,False,False,,,,,,
2549.0,Trevor Siemian,QB,,no_book_price,,,False,False,False,,,,,,
5281.0,Troy Williams,QB,,no_book_price,,,False,False,False,,,,,,
1612.0,Tyler Bray,QB,,no_book_price,,,False,False,False,,,,,,
4704.0,Tyler Ferguson,QB,,no_book_price,,,False,False,False,,,,,,
157.0,Vince Young,QB,,no_book_price,,,False,False,False,,,,,,
6723.0,Vincent Testaverde,QB,,no_book_price,,,False,False,False,,,,,,
4406.0,Wes Lunt,QB,,no_book_price,,,False,False,False,,,,,,
5903.0,Will Grier,QB,,no_book_price,,,False,False,False,,,,,,
12324.0,William Thompson,QB,,no_book_price,,,False,False,False,,,,,,
6237.0,Wilton Speight,QB,,no_book_price,,,False,False,False,,,,,,
1455.0,Zac Dysert,QB,,no_book_price,,,False,False,False,,,,,,
4607.0,Zach Conque,QB,,no_book_price,,,False,False,False,,,,,,
1935.0,Zach Mettenberger,QB,,no_book_price,,,False,False,False,,,,,,
4924.0,Zach Terrell,QB,,no_book_price,,,False,False,False,,,,,,
11995.0,Zack Annexstad,QB,,no_book_price,,,False,False,False,,,,,,
