"player_name","position","team","adp","adp_rank","age","injury_status","injury_risk","player_id","career_touches","snap_share","depth_chart_competition","target_share_rate","opportunity_share_rate","games_recent","target_share_data_quality_flag","redzone_target_share","redzone_carry_share","td_rate_vs_baseline","value_signal_market","volatility_diagnostic","target_share_percentile","opportunity_share_percentile","snap_share_percentile","epa_rank","pace_rank","scoring_rank","home_climate","road_cold_games","bye_week","season_sos_rank","short_week_or_primetime_games","injury_score","injury_acute_score","injury_chronic_score","games_missed_by_season","injury_severity_by_season","injury_override_note","role_usage_td_score","role_usage_td_override_note","offense_environment_score","schedule_weather_venue_score","risk_index"
"Jahmyr Gibbs","RB","DET","1.1","1.0","24.0","Questionable","65.0","00-0039139","856.0","0.6706096451319381","0.5","0.170909090909091","0.3291015625","17.0","","0.1666666666666666","0.5652173913043478","2.179948116304494","0.0","0.1262709860487113","0.9754098360655736","0.918032786885246","0.9453125","9.0","13.0","3.0","dome","2.0","6.0","24.0","5.0","1.0","1.0","1.0","{""2023"": 2, ""2024"": 0, ""2025"": 0}","{""2023"": ""minor"", ""2024"": ""minor"", ""2025"": ""minor""}","","1.0","","1.3","2.4","3.0"
"Puka Nacua","WR","LAR","4.0","4.0","25.0","Active","30.0","00-0039075","346.0","0.6405286343612335","1.5","0.3035714285714288","0.3035714285714288","16.0","","0.1559633027522936","0.0111111111111111","1.096912297340164","0.0","0.1680154142581889","0.9783783783783784","0.9783783783783784","0.8072916666666666","2.0","4.0","1.0","dome","1.0","11.0","5.0","6.0","3.5","1.4","1.0","{""2023"": 0, ""2024"": 6, ""2025"": 1}","{""2023"": ""minor"", ""2024"": ""moderate"", ""2025"": ""minor""}","Real, unresolved NFL suspension risk tied to a civil lawsuit -- Schefter says missing Week 1 ""can't be ruled out,"" nothing decided (reported 2026-08-26)","1.6","","1.0","2.8","21.8"
"Trey McBride","TE","ARI","29.0","28.0","26.0","Active","30.0","00-0037744","348.0","0.9101321585903084","0.5","0.273905996758509","0.273905996758509","17.0","","0.3238095238095238","0.0","1.169729558851096","1.0","0.0624516129032259","1.0","1.0","1.0","24.0","16.0","20.0","outdoor","1.0","14.0","7.0","0.0","1.0","1.0","1.0","{""2022"": 5, ""2023"": 0, ""2024"": 1, ""2025"": 0}","{""2022"": ""moderate"", ""2023"": ""minor"", ""2024"": ""minor"", ""2025"": ""minor""}","","1.0","","3.4","2.1","20.3"
"Josh Allen","QB","BUF","35.7","36.0","30.0","Active","30.0","00-0034857","872.0","0.913427561837456","0.5","0.0","0.1142034548944337","16.0","","0.0","0.282051282051282","2.0902938931267823","0.0","0.0279786958713034","0.4391891891891892","0.9594594594594594","0.8513513513513513","3.0","8.0","2.0","outdoor","4.0","7.0","12.0","5.0","1.0","1.0","1.0","{""2018"": 5, ""2019"": 1, ""2020"": 1, ""2021"": 0, ""2022"": 1, ""2023"": 0, ""2024"": 1, ""2025"": 1}","{""2018"": ""moderate"", ""2019"": ""minor"", ""2020"": ""minor"", ""2021"": ""minor"", ""2022"": ""minor"", ""2023"": ""minor"", ""2024"": ""minor"", ""2025"": ""minor""}","","1.4","","1.0","4.0","7.8"
"Bijan Robinson","RB","ATL","2.0","2.0","24.0","Active","30.0","00-0038542","1003.0","0.7846715328467153","0.5","0.198458574181118","0.3816046966731898","17.0","","0.203125","0.5","1.164756734880361","0.0","0.1717741276456648","0.9918032786885246","0.9754098360655736","0.984375","23.0","14.0","23.0","outdoor","2.0","11.0","26.0","3.0","1.0","1.0","1.0","{""2023"": 0, ""2024"": 0, ""2025"": 0}","{""2023"": ""minor"", ""2024"": ""minor"", ""2025"": ""minor""}","","1.0","","3.3","2.0","13.2"
"Ja'Marr Chase","WR","CIN","3.1","3.0","26.0","Active","30.0","00-0036900","541.0","0.8883888388838884","0.5","0.3232935855263161","0.3232935855263161","16.0","","0.2682926829268293","0.0","0.8663114166493341","0.0","0.0915131953673816","0.9945945945945946","0.9945945945945946","0.984375","18.0","15.0","10.0","outdoor","2.0","6.0","32.0","3.0","1.0","1.0","1.0","{""2021"": 0, ""2022"": 5, ""2023"": 1, ""2024"": 0, ""2025"": 1}","{""2021"": ""minor"", ""2022"": ""moderate"", ""2023"": ""minor"", ""2024"": ""minor"", ""2025"": ""minor""}","","1.0","","2.5","2.1","15.1"
"Brock Bowers","TE","LV","19.7","20.0","23.0","Active","30.0","00-0039338","183.0","0.6092648539778449","2.5","0.2466261808367072","0.2466261808367072","12.0","corrected","0.2903225806451613","0.0","1.42107640620753","-1.0","0.0797872340425532","0.9907407407407408","0.9907407407407408","0.8508771929824561","32.0","32.0","31.0","dome","4.0","13.0","20.0","0.0","2.7","2.7","1.0","{""2024"": 0, ""2025"": 5}","{""2024"": ""minor"", ""2025"": ""moderate""}","","2.3","","5.0","1.9","56.7"
"Drake Maye","QB","NE","66.7","66.0","23.0","Active","30.0","00-0039851","158.0","0.959780621572212","0.5","0.0020746887966805","0.1034136546184738","17.0","","0.0","0.231578947368421","1.8003649862501367","1.0","0.0168741227461322","0.9054054054054054","0.945945945945946","0.9054054054054054","1.0","18.0","4.0","outdoor","2.0","11.0","19.0","4.0","1.1","1.1","1.0","{""2024"": 4, ""2025"": 0}","{""2024"": ""moderate"", ""2025"": ""minor""}","","1.0","","1.0","2.6","3.3"
"Jaxon Smith-Njigba","WR","SEA","5.5","5.0","24.0","Active","30.0","00-0038543","294.0","0.7791353383458647","0.5","0.358241758241758","0.358241758241758","17.0","","0.2615384615384615","0.0","1.1000779893959798","0.0","0.1229006125271686","1.0","1.0","0.90625","15.0","20.0","13.0","outdoor","1.0","11.0","2.0","4.0","1.0","1.0","1.0","{""2023"": 0, ""2024"": 0, ""2025"": 0}","{""2023"": ""minor"", ""2024"": ""minor"", ""2025"": ""minor""}","","1.0","","2.4","3.2","15.3"
"Christian McCaffrey","RB","SF","6.0","6.0","30.0","Active","30.0","00-0033280","2284.0","0.8314005352363961","0.5","0.234545454545455","0.4170616113744075","17.0","","0.2777777777777778","0.75","1.5913738261804142","0.0","0.1108235923976087","1.0","1.0","1.0","6.0","6.0","8.0","outdoor","2.0","8.0","15.0","5.0","5.0","5.0","4.6","{""2017"": 1, ""2018"": 1, ""2019"": 1, ""2020"": 14, ""2021"": 10, ""2022"": 0, ""2023"": 1, ""2024"": 13, ""2025"": 0}","{""2017"": ""minor"", ""2018"": ""minor"", ""2019"": ""minor"", ""2020"": ""season_ending"", ""2021"": ""moderate"", ""2022"": ""minor"", ""2023"": ""minor"", ""2024"": ""season_ending"", ""2025"": ""minor""}","","1.0","","1.0","2.9","60.0"
"Colston Loveland","TE","CHI","46.0","46.0","22.0","Active","30.0","00-0040126","59.0","0.6074523396880416","1.5","0.1637687969924815","0.1637687969924815","16.0","","0.2112676056338028","0.0099009900990099","1.3625817357340966","0.0","0.1227796821439702","0.8240740740740741","0.8240740740740741","0.8421052631578947","8.0","2.0","9.0","outdoor","1.0","10.0","11.0","5.0","1.0","1.0","1.0","{""2025"": 1}","{""2025"": ""minor""}","","2.0","","1.1","2.6","10.9"
"Lamar Jackson","QB","BAL","55.2","55.0","29.0","Active","30.0","00-0034796","1081.0","0.6923076923076923","0.5","0.0","0.0943115012006293","13.0","","0.0","0.1226415094339622","1.910910045026471","-5.0","0.058818871450517","0.4391891891891892","0.8918918918918919","0.7027027027027027","11.0","29.0","11.0","outdoor","3.0","13.0","28.0","4.0","2.7","2.7","2.1","{""2018"": 1, ""2019"": 2, ""2020"": 2, ""2021"": 5, ""2022"": 5, ""2023"": 1, ""2024"": 0, ""2025"": 4}","{""2018"": ""minor"", ""2019"": ""minor"", ""2020"": ""minor"", ""2021"": ""moderate"", ""2022"": ""moderate"", ""2023"": ""minor"", ""2024"": ""minor"", ""2025"": ""moderate""}","","1.9","","2.3","2.5","32.3"
"Amon-Ra St. Brown","WR","DET","7.1","7.0","26.0","Active","30.0","00-0036963","572.0","0.8544131028207461","0.5","0.312727272727273","0.312727272727273","17.0","","0.3888888888888889","0.0108695652173913","1.2705900777523564","0.0","0.101831354397263","0.9891891891891892","0.9891891891891892","0.9583333333333334","9.0","13.0","3.0","dome","2.0","6.0","24.0","5.0","1.0","1.0","1.0","{""2021"": 1, ""2022"": 1, ""2023"": 1, ""2024"": 0, ""2025"": 0}","{""2021"": ""minor"", ""2022"": ""minor"", ""2023"": ""minor"", ""2024"": ""minor"", ""2025"": ""minor""}","","1.0","","1.3","2.4","4.2"
"Jonathan Taylor","RB","IND","8.1","8.0","27.0","Active","30.0","00-0036223","1738.0","0.8236940298507462","0.5","0.10377358490566","0.3822042467138524","17.0","","0.0602409638554216","0.6893203883495146","2.1005221235092986","0.0","0.1648464482404554","0.8278688524590164","0.9836065573770492","0.9921875","7.0","19.0","5.0","outdoor","2.0","13.0","30.0","2.0","2.1","1.7","2.1","{""2020"": 2, ""2021"": 0, ""2022"": 6, ""2023"": 7, ""2024"": 3, ""2025"": 0}","{""2020"": ""minor"", ""2021"": ""minor"", ""2022"": ""moderate"", ""2023"": ""moderate"", ""2024"": ""moderate"", ""2025"": ""minor""}","","1.0","","1.4","1.5","13.8"
"Tyler Warren","TE","IND","63.8","65.0","24.0","Active","30.0","00-0040128","82.0","0.8386194029850746","0.5","0.211320754716981","0.211320754716981","17.0","","0.2771084337349397","0.0388349514563106","0.8071518314087519","0.0","0.0715436674186271","0.9537037037037036","0.9537037037037036","0.9736842105263158","7.0","19.0","5.0","outdoor","2.0","13.0","30.0","2.0","1.0","1.0","1.0","{""2025"": 0}","{""2025"": ""minor""}","","1.0","","1.4","1.5","3.7"
"Jayden Daniels","QB","WAS","67.9","67.0","25.0","Active","30.0","00-0039910","206.0","0.3842504743833017","0.5","0.0","0.1478039274471593","7.0","","0.0","0.0744680851063829","1.2462456815390028","-2.0","0.0559593368486058","0.4391891891891892","1.0","0.527027027027027","19.0","26.0","19.0","outdoor","1.0","7.0","8.0","4.0","3.8","3.8","1.0","{""2024"": 0, ""2025"": 10}","{""2024"": ""minor"", ""2025"": ""moderate""}","","1.8","","3.2","2.8","48.4"
"Derrick Henry","RB","BAL","17.4","17.0","32.0","Active","30.0","00-0032764","2851.0","0.5473372781065089","0.5","0.0515970515970516","0.3530678148546824","17.0","","0.0357142857142857","0.5943396226415094","1.91973415126918","5.0","0.148185791238947","0.5327868852459017","0.9508196721311476","0.8828125","11.0","29.0","11.0","outdoor","3.0","13.0","28.0","4.0","1.2","1.0","1.2","{""2016"": 3, ""2017"": 1, ""2018"": 1, ""2019"": 2, ""2020"": 1, ""2021"": 9, ""2022"": 1, ""2023"": 0, ""2024"": 0, ""2025"": 0}","{""2016"": ""moderate"", ""2017"": ""minor"", ""2018"": ""minor"", ""2019"": ""minor"", ""2020"": ""minor"", ""2021"": ""moderate"", ""2022"": ""minor"", ""2023"": ""minor"", ""2024"": ""minor"", ""2025"": ""minor""}","","1.3","","2.3","2.5","13.0"
"Drake London","WR","ATL","21.0","21.0","25.0","Active","30.0","00-0037238","310.0","0.6468978102189781","0.5","0.3057161207450221","0.3057161207450221","12.0","corrected","0.25","0.0","1.4268658627165502","1.0","0.1732786137710898","0.9837837837837838","0.9837837837837838","0.8177083333333334","23.0","14.0","23.0","outdoor","2.0","11.0","26.0","3.0","2.7","2.7","1.0","{""2022"": 0, ""2023"": 1, ""2024"": 0, ""2025"": 5}","{""2022"": ""minor"", ""2023"": ""minor"", ""2024"": ""minor"", ""2025"": ""moderate""}","","1.0","","3.3","2.0","32.4"
"Jalen Hurts","QB","PHI","71.6","70.0","28.0","Active","30.0","00-0036389","780.0","0.9155597722960152","0.5","0.0","0.1144230769230769","16.0","","0.0","0.3","1.809843013011382","1.0","0.0226172263142123","0.4391891891891892","0.972972972972973","0.8648648648648649","17.0","24.0","16.0","outdoor","2.0","10.0","3.0","6.0","1.2","1.0","1.2","{""2020"": 3, ""2021"": 2, ""2022"": 2, ""2023"": 0, ""2024"": 2, ""2025"": 1}","{""2020"": ""moderate"", ""2021"": ""minor"", ""2022"": ""minor"", ""2023"": ""minor"", ""2024"": ""minor"", ""2025"": ""minor""}","","1.4","","2.8","3.6","29.1"
"Kyle Pitts","TE","ATL","103.8","103.0","25.0","Active","30.0","00-0036970","285.0","0.8768248175182481","0.5","0.227360308285164","0.227360308285164","17.0","","0.203125","0.0","0.761290931896891","3.0","0.1131819722128093","0.9814814814814816","0.9814814814814816","0.9912280701754386","23.0","14.0","23.0","outdoor","2.0","11.0","26.0","3.0","1.0","1.0","1.0","{""2021"": 0, ""2022"": 7, ""2023"": 0, ""2024"": 0, ""2025"": 0}","{""2021"": ""minor"", ""2022"": ""moderate"", ""2023"": ""minor"", ""2024"": ""minor"", ""2025"": ""minor""}","","1.0","","3.3","2.0","19.4"
"CeeDee Lamb","WR","DAL","9.6","9.0","27.0","Active","30.0","00-0036358","629.0","0.6172006745362564","2.5","0.2520593080724883","0.2520593080724883","13.0","corrected","0.1634615384615384","0.0","0.547144052620632","0.0","0.0545246277205039","0.918918918918919","0.918918918918919","0.7916666666666666","4.0","1.0","7.0","outdoor","1.0","14.0","6.0","7.0","1.5","2.5","1.0","{""2020"": 1, ""2021"": 1, ""2022"": 0, ""2023"": 0, ""2024"": 2, ""2025"": 4}","{""2020"": ""minor"", ""2021"": ""minor"", ""2022"": ""minor"", ""2023"": ""minor"", ""2024"": ""minor"", ""2025"": ""moderate""}","Real, specific, multi-faceted positive health news: private trainers, red light therapy specifically for inflammation/recovery, and a direct quote to ESPN's Ryan Clark that he 'hasn't felt this good or this healthy in two years,' with no missed camp time reported. His existing +8.4% projection correction already extrapolates from his OWN healthy-game rate to a full 17-game pace -- that assumption doesn't need to move, but the CONFIDENCE that he actually stays on the field for it does, and that's a risk-score question, not a points question. Current injury_score (2.5, presumably reflecting recent-seasons injury history) doesn't yet reflect this specific, current, corroborated health-commitment reporting. Proposes 1.5 -- a real reduction, not the absolute floor, since 'hasn't missed camp time' isn't the same guarantee as a full healthy season. (reported 2026-08-27)","2.5","","1.0","2.9","18.0"
"De'Von Achane","RB","MIA","18.1","18.0","24.0","Active","30.0","00-0039040","716.0","0.7074413863404689","0.5","0.1954816017316017","0.3767151481888035","16.0","","0.1641791044776119","0.4571428571428571","1.524772452934291","4.0","0.1932755339395221","0.9836065573770492","0.9672131147540984","0.9609375","20.0","30.0","22.0","outdoor","4.0","6.0","4.0","0.0","1.0","1.0","1.0","{""2023"": 6, ""2024"": 0, ""2025"": 1}","{""2023"": ""moderate"", ""2024"": ""minor"", ""2025"": ""minor""}","","1.0","","3.5","4.2","16.5"
"Jaxson Dart","QB","NYG","101.1","101.0","23.0","Active","30.0","00-0040691","86.0","0.6730434782608695","0.5","0.0","0.1007025761124121","14.0","","0.0","0.2244897959183673","1.731255177366182","-3.0","0.1004766155245296","0.4391891891891892","0.9324324324324323","0.6891891891891891","16.0","9.0","15.0","outdoor","1.0","8.0","10.0","4.0","2.3","2.3","1.0","{""2025"": 3}","{""2025"": ""moderate""}","","1.9","","2.2","2.7","29.5"
"Harold Fannin","TE","CLE","102.4","102.0","22.0","Active","30.0","00-0040663","79.0","0.7257617728531855","1.5","0.2177921455938693","0.2177921455938693","16.0","","0.1929824561403508","0.0327868852459016","1.1872283899961642","1.0","0.0798888502952414","0.9629629629629628","0.9629629629629628","0.912280701754386","31.0","22.0","29.0","outdoor","4.0","11.0","31.0","1.0","1.0","1.0","1.0","{""2025"": 1}","{""2025"": ""minor""}","","1.4","","4.5","2.3","32.7"
"James Cook","RB","BUF","11.4","11.0","26.0","Active","30.0","00-0037248","972.0","0.5644876325088339","0.5","0.0835073068893528","0.3349328214971209","17.0","","0.0384615384615384","0.4786324786324786","1.5864469722293912","0.0","0.0557526609224531","0.7213114754098361","0.9344262295081968","0.8984375","3.0","8.0","2.0","outdoor","4.0","7.0","12.0","5.0","1.0","1.0","1.0","{""2022"": 1, ""2023"": 0, ""2024"": 1, ""2025"": 0}","{""2022"": ""minor"", ""2023"": ""minor"", ""2024"": ""minor"", ""2025"": ""minor""}","","1.0","","1.0","4.0","3.0"
"Rashee Rice","WR","KC","25.1","24.0","26.0","Active","30.0","00-0039067","163.0","0.3728661275831087","0.5","0.30191256830601","0.30191256830601","8.0","corrected","0.2345679012345679","0.034090909090909","1.4338947585920012","2.0","0.1891033471781089","0.9675675675675676","0.9675675675675676","0.515625","12.0","17.0","21.0","outdoor","3.0","5.0","18.0","6.0","5.0","5.0","1.0","{""2023"": 1, ""2024"": 13, ""2025"": 9}","{""2023"": ""minor"", ""2024"": ""season_ending"", ""2025"": ""moderate""}","","1.5","","2.3","3.7","60.0"
"Joe Burrow","QB","CIN","68.5","69.0","29.0","Active","30.0","00-0036442","239.0","0.4302430243024302","0.5","0.0","0.0291380999020568","8.0","","0.0","0.032258064516129","1.90908404402788","1.0","0.015252560707106","0.4391891891891892","0.3378378378378378","0.5540540540540541","18.0","15.0","10.0","outdoor","2.0","6.0","32.0","3.0","3.6","3.6","3.3","{""2020"": 7, ""2021"": 1, ""2022"": 1, ""2023"": 7, ""2024"": 0, ""2025"": 9}","{""2020"": ""moderate"", ""2021"": ""minor"", ""2022"": ""minor"", ""2023"": ""moderate"", ""2024"": ""minor"", ""2025"": ""moderate""}","","3.4","","2.5","2.1","48.3"
"Sam LaPorta","TE","DET","91.7","93.0","25.0","Active","30.0","00-0039065","187.0","0.470427661510464","2.5","0.1682828282828282","0.1682828282828282","9.0","corrected","0.0666666666666666","0.0","1.004904030103896","-8.0","0.2075120862774266","0.8518518518518519","0.8518518518518519","0.6578947368421053","9.0","13.0","3.0","dome","2.0","6.0","24.0","5.0","3.2","3.2","1.0","{""2023"": 0, ""2024"": 1, ""2025"": 8}","{""2023"": ""minor"", ""2024"": ""minor"", ""2025"": ""moderate""}","","2.8","","1.3","2.4","35.6"
"Justin Jefferson","WR","MIN","10.3","10.0","27.0","Active","30.0","00-0036322","594.0","0.94005994005994","1.5","0.301282051282051","0.301282051282051","17.0","","0.2467532467532467","0.0","0.3223484341020778","0.0","0.0926145808596532","0.9621621621621622","0.9621621621621622","0.9947916666666666","28.0","31.0","27.0","dome","3.0","6.0","1.0","4.0","1.0","1.0","1.0","{""2020"": 1, ""2021"": 0, ""2022"": 0, ""2023"": 7, ""2024"": 0, ""2025"": 0}","{""2020"": ""minor"", ""2021"": ""minor"", ""2022"": ""minor"", ""2023"": ""moderate"", ""2024"": ""minor"", ""2025"": ""minor""}","","1.3","","4.4","4.1","37.4"
"Ashton Jeanty","RB","LV","11.5","12.0","22.0","Active","30.0","00-0040122","321.0","0.7764350453172205","0.5","0.147773279352227","0.3834841628959276","17.0","","0.1612903225806451","0.7446808510638298","1.207309444820765","-1.0","0.1278882321332617","0.9590163934426228","0.9918032786885246","0.9765625","32.0","32.0","31.0","dome","4.0","13.0","20.0","0.0","4.0","1.0","1.0","{""2025"": 0}","{""2025"": ""minor""}","Sprained ankle at practice (Aug 24) -- not considered long-term per reporting, but return timeline still unconfirmed (reported 2026-08-26)","1.0","","5.0","1.9","60.0"
"Brock Purdy","QB","SF","99.5","99.0","26.0","Active","30.0","00-0037834","160.0","0.5138269402319358","0.5","0.0","0.059083728278041","9.0","","0.0","0.07","2.2243716296995832","4.0","0.0105301023578271","0.4391891891891892","0.7027027027027027","0.6486486486486487","6.0","6.0","8.0","outdoor","2.0","8.0","15.0","5.0","3.2","3.2","3.1","{""2022"": 8, ""2023"": 1, ""2024"": 2, ""2025"": 8}","{""2022"": ""moderate"", ""2023"": ""minor"", ""2024"": ""minor"", ""2025"": ""moderate""}","","2.4","","1.0","2.9","23.7"
"Dallas Goedert","TE","PHI","134.6","135.0","31.0","Active","30.0","00-0034351","410.0","0.7466793168880456","0.5","0.2002873563218385","0.2002873563218385","15.0","corrected","0.2459016393442623","0.0","2.456432073587301","-5.0","0.2761701301223538","0.9351851851851852","0.9351851851851852","0.9210526315789472","17.0","24.0","16.0","outdoor","2.0","10.0","3.0","6.0","3.9","2.7","3.9","{""2018"": 2, ""2019"": 2, ""2020"": 6, ""2021"": 2, ""2022"": 5, ""2023"": 3, ""2024"": 7, ""2025"": 2}","{""2018"": ""minor"", ""2019"": ""minor"", ""2020"": ""moderate"", ""2021"": ""minor"", ""2022"": ""moderate"", ""2023"": ""moderate"", ""2024"": ""moderate"", ""2025"": ""minor""}","","1.0","","2.8","3.6","38.7"
"Chase Brown","RB","CIN","15.9","16.0","26.0","Active","30.0","00-0038597","642.0","0.6642664266426642","0.5","0.144736842105263","0.3134182174338883","17.0","","0.1463414634146341","0.5967741935483871","1.4162822756352564","-2.0","0.1871592299988872","0.9508196721311476","0.8934426229508197","0.9375","18.0","15.0","10.0","outdoor","2.0","6.0","32.0","3.0","1.0","1.0","1.0","{""2023"": 5, ""2024"": 1, ""2025"": 0}","{""2023"": ""moderate"", ""2024"": ""minor"", ""2025"": ""minor""}","","1.0","","2.5","2.1","9.1"
"A.J. Brown","WR","NE","18.6","19.0","29.0","Active","30.0","00-0035676","529.0","0.7998102466793169","1.5","0.2955459770114948","0.2955459770114948","15.0","corrected","0.2131147540983606","0.0","1.243934341855454","-1.0","0.0769980506822611","0.945945945945946","0.945945945945946","0.921875","1.0","18.0","4.0","outdoor","2.0","11.0","19.0","4.0","1.7","1.4","1.7","{""2019"": 1, ""2020"": 3, ""2021"": 4, ""2022"": 0, ""2023"": 0, ""2024"": 4, ""2025"": 2}","{""2019"": ""minor"", ""2020"": ""moderate"", ""2021"": ""moderate"", ""2022"": ""minor"", ""2023"": ""minor"", ""2024"": ""moderate"", ""2025"": ""minor""}","","1.5","","1.0","2.6","10.1"
"Tucker Kraft","TE","GB","79.5","78.0","25.0","Questionable","65.0","00-0038996","117.0","0.417697431018078","0.5","0.2032608695652174","0.2032608695652174","8.0","corrected","0.1739130434782608","0.0","2.4361309820700514","-3.0","0.0843351875112148","0.9444444444444444","0.9444444444444444","0.5964912280701754","5.0","21.0","12.0","outdoor","2.0","11.0","9.0","6.0","3.2","3.2","1.0","{""2023"": 3, ""2024"": 0, ""2025"": 9}","{""2023"": ""moderate"", ""2024"": ""minor"", ""2025"": ""moderate""}","","1.6","","1.5","3.2","27.8"
"Dak Prescott","QB","DAL","80.5","79.0","33.0","Active","30.0","00-0033077","474.0","0.9569983136593592","0.5","0.0","0.0486685032139577","17.0","","0.0","0.1333333333333333","1.502365391282547","-6.0","0.0499598178408787","0.4391891891891892","0.581081081081081","0.8918918918918919","4.0","1.0","7.0","outdoor","1.0","14.0","6.0","7.0","3.0","2.8","3.0","{""2016"": 1, ""2017"": 1, ""2018"": 1, ""2019"": 1, ""2020"": 12, ""2021"": 1, ""2022"": 5, ""2023"": 0, ""2024"": 9, ""2025"": 0}","{""2016"": ""minor"", ""2017"": ""minor"", ""2018"": ""minor"", ""2019"": ""minor"", ""2020"": ""season_ending"", ""2021"": ""minor"", ""2022"": ""moderate"", ""2023"": ""minor"", ""2024"": ""moderate"", ""2025"": ""minor""}","","1.9","","1.0","2.9","19.5"
"Saquon Barkley","RB","PHI","13.5","13.0","29.0","Active","30.0","00-0034844","2184.0","0.7333965844402277","0.5","0.1144935344827584","0.3596153846153846","16.0","","0.1311475409836065","0.4888888888888889","1.1002892700590503","-2.0","0.1398494600196355","0.9016393442622952","0.9590163934426228","0.96875","17.0","24.0","16.0","outdoor","2.0","10.0","3.0","6.0","4.1","2.1","4.1","{""2018"": 1, ""2019"": 4, ""2020"": 15, ""2021"": 4, ""2022"": 1, ""2023"": 3, ""2024"": 1, ""2025"": 1}","{""2018"": ""minor"", ""2019"": ""moderate"", ""2020"": ""season_ending"", ""2021"": ""moderate"", ""2022"": ""minor"", ""2023"": ""moderate"", ""2024"": ""minor"", ""2025"": ""minor""}","","1.0","","2.8","3.6","60.0"
"George Pickens","WR","DAL","23.5","23.0","25.0","Active","30.0","00-0037247","275.0","0.8161888701517707","2.5","0.225700164744646","0.225700164744646","17.0","","0.2307692307692307","0.0","1.341385419328001","-3.0","0.1726359185776861","0.8594594594594595","0.8594594594594595","0.9322916666666666","4.0","1.0","7.0","outdoor","1.0","14.0","6.0","7.0","1.0","1.0","1.0","{""2022"": 0, ""2023"": 0, ""2024"": 3, ""2025"": 0}","{""2022"": ""minor"", ""2023"": ""minor"", ""2024"": ""moderate"", ""2025"": ""minor""}","","2.5","","1.0","2.9","15.1"
"Trevor Lawrence","QB","JAX","85.7","85.0","26.0","Active","30.0","00-0036971","313.0","0.9686956521739132","0.5","0.0","0.0779467680608365","17.0","","0.0","0.208695652173913","1.8146268895680064","7.0","0.0414894987759309","0.4391891891891892","0.8243243243243243","0.9324324324324323","13.0","7.0","6.0","outdoor","3.0","7.0","17.0","3.0","1.2","1.2","1.0","{""2021"": 0, ""2022"": 0, ""2023"": 1, ""2024"": 7, ""2025"": 0}","{""2021"": ""minor"", ""2022"": ""minor"", ""2023"": ""minor"", ""2024"": ""moderate"", ""2025"": ""minor""}","","1.5","","1.6","3.0","14.7"
"Travis Kelce","TE","KC","121.3","121.0","36.0","Active","30.0","00-0030506","1090.0","0.8104222821203954","0.5","0.19672131147541","0.19672131147541","17.0","","0.1604938271604938","0.0113636363636363","0.8700467793107325","0.0","0.1227489893421536","0.925925925925926","0.925925925925926","0.9649122807017544","12.0","17.0","21.0","outdoor","3.0","5.0","18.0","6.0","2.4","1.0","2.4","{""2013"": 17, ""2014"": 1, ""2015"": 1, ""2016"": 1, ""2017"": 2, ""2018"": 1, ""2019"": 1, ""2020"": 2, ""2021"": 1, ""2022"": 0, ""2023"": 2, ""2024"": 1, ""2025"": 0}","{""2013"": ""season_ending"", ""2014"": ""minor"", ""2015"": ""minor"", ""2016"": ""minor"", ""2017"": ""minor"", ""2018"": ""minor"", ""2019"": ""minor"", ""2020"": ""minor"", ""2021"": ""minor"", ""2022"": ""minor"", ""2023"": ""minor"", ""2024"": ""minor"", ""2025"": ""minor""}","","1.0","","2.3","3.7","23.6"
"Chris Olave","WR","NO","30.0","30.0","26.0","Active","30.0","00-0037239","293.0","0.7891459074733096","0.5","0.2933628318584065","0.2933628318584065","16.0","","0.2884615384615384","0.0","1.2230278823284717","0.0","0.1716937354988398","0.9405405405405406","0.9405405405405406","0.9166666666666666","27.0","12.0","28.0","dome","2.0","8.0","29.0","1.0","1.9","1.9","1.0","{""2022"": 2, ""2023"": 1, ""2024"": 9, ""2025"": 1}","{""2022"": ""minor"", ""2023"": ""minor"", ""2024"": ""moderate"", ""2025"": ""minor""}","","1.0","","3.8","1.0","31.4"
"Josh Jacobs","RB","GB","41.1","42.0","28.0","Questionable","65.0","00-0035700","2109.0","0.527117031398668","0.5","0.1084057971014493","0.3211688752973157","15.0","","0.0869565217391304","0.5531914893617021","2.0094994981572287","2.0","0.2387640449438202","0.8688524590163934","0.9016393442622952","0.8671875","5.0","21.0","12.0","outdoor","2.0","11.0","9.0","6.0","3.5","1.1","1.7","{""2019"": 4, ""2020"": 2, ""2021"": 2, ""2022"": 0, ""2023"": 4, ""2024"": 0, ""2025"": 2}","{""2019"": ""moderate"", ""2020"": ""minor"", ""2021"": ""minor"", ""2022"": ""minor"", ""2023"": ""moderate"", ""2024"": ""minor"", ""2025"": ""minor""}","Groin injury (late Aug return) + formal charges filed 2026-08-27: 2 misdemeanors (battery, criminal damage to property, reduced from felony). Court date Nov 11. NFL suspension timeline undecided. [Updated 2026-08-28: auto-accept]","1.1","","1.5","3.2","31.1"
"Patrick Mahomes","QB","KC","95.2","95.0","30.0","Questionable","65.0","00-0033873","499.0","0.839173405211141","0.5","0.0022118136872235","0.0766413074105381","14.0","","0.0","0.1704545454545454","1.4598877983742606","2.0","0.0096643939895413","0.918918918918919","0.7972972972972973","0.7702702702702703","12.0","17.0","21.0","outdoor","3.0","5.0","18.0","6.0","3.7","2.4","3.7","{""2017"": 16, ""2018"": 1, ""2019"": 3, ""2020"": 2, ""2021"": 0, ""2022"": 0, ""2023"": 1, ""2024"": 1, ""2025"": 3}","{""2017"": ""season_ending"", ""2018"": ""minor"", ""2019"": ""moderate"", ""2020"": ""minor"", ""2021"": ""minor"", ""2022"": ""minor"", ""2023"": ""minor"", ""2024"": ""minor"", ""2025"": ""moderate""}","","1.3","","2.3","3.7","35.7"
"George Kittle","TE","SF","114.1","115.0","32.0","PUP","85.0","00-0033288","608.0","0.4942016057091882","1.5","0.1938842975206604","0.1938842975206604","11.0","corrected","0.1444444444444444","0.01","1.6170869449947756","2.0","0.0341221794166208","0.9166666666666666","0.9166666666666666","0.7105263157894737","6.0","6.0","8.0","outdoor","2.0","8.0","15.0","5.0","4.4","3.1","3.2","{""2017"": 2, ""2018"": 1, ""2019"": 3, ""2020"": 9, ""2021"": 3, ""2022"": 2, ""2023"": 1, ""2024"": 2, ""2025"": 6}","{""2017"": ""minor"", ""2018"": ""minor"", ""2019"": ""moderate"", ""2020"": ""moderate"", ""2021"": ""moderate"", ""2022"": ""minor"", ""2023"": ""minor"", ""2024"": ""minor"", ""2025"": ""moderate""}","","2.1","","1.0","2.9","60.0"
"Omarion Hampton","RB","LAC","14.6","14.0","23.0","Active","30.0","00-0040666","156.0","0.3359580052493438","1.5","0.1215277777777776","0.2901771336553945","9.0","corrected","0.0253164556962025","0.3421052631578947","1.2421356788059794","-2.0","0.1126541495389401","0.9098360655737704","0.8442622950819673","0.6796875","25.0","10.0","24.0","dome","2.0","7.0","16.0","3.0","3.2","3.2","1.0","{""2025"": 8}","{""2025"": ""moderate""}","","2.1","","3.4","2.2","45.7"
"Nico Collins","WR","HOU","22.7","22.0","27.0","Active","30.0","00-0036554","292.0","0.6706896551724137","0.5","0.2459312839059674","0.2459312839059674","15.0","corrected","0.240506329113924","0.0128205128205128","1.329135324174321","-2.0","0.1213207064243664","0.9135135135135136","0.9135135135135136","0.8333333333333334","22.0","5.0","26.0","outdoor","5.0","8.0","14.0","4.0","2.8","2.0","2.8","{""2021"": 3, ""2022"": 7, ""2023"": 2, ""2024"": 5, ""2025"": 2}","{""2021"": ""moderate"", ""2022"": ""moderate"", ""2023"": ""minor"", ""2024"": ""moderate"", ""2025"": ""minor""}","","1.0","","3.0","4.4","32.6"
"Justin Herbert","QB","LAC","82.8","82.0","28.0","Active","30.0","00-0036355","379.0","0.9125109361329834","0.5","0.0","0.0852053140096618","16.0","","0.0","0.1842105263157894","1.4427126478051515","-1.0","0.0012666244458517","0.4391891891891892","0.8513513513513513","0.8378378378378378","25.0","10.0","24.0","dome","2.0","7.0","16.0","3.0","1.0","1.0","1.0","{""2020"": 2, ""2021"": 0, ""2022"": 0, ""2023"": 4, ""2024"": 0, ""2025"": 1}","{""2020"": ""minor"", ""2021"": ""minor"", ""2022"": ""minor"", ""2023"": ""moderate"", ""2024"": ""minor"", ""2025"": ""minor""}","","1.6","","3.4","2.2","33.9"
"Mark Andrews","TE","BAL","126.1","125.0","30.0","Active","30.0","00-0034753","503.0","0.621301775147929","2.5","0.171990171990172","0.171990171990172","17.0","","0.2678571428571428","0.0283018867924528","1.386074524281236","-4.0","0.1097345132743362","0.8703703703703703","0.8703703703703703","0.8596491228070176","11.0","29.0","11.0","outdoor","3.0","13.0","28.0","4.0","1.5","1.1","1.5","{""2018"": 1, ""2019"": 2, ""2020"": 3, ""2021"": 0, ""2022"": 2, ""2023"": 7, ""2024"": 0, ""2025"": 0}","{""2018"": ""minor"", ""2019"": ""minor"", ""2020"": ""moderate"", ""2021"": ""minor"", ""2022"": ""minor"", ""2023"": ""moderate"", ""2024"": ""minor"", ""2025"": ""minor""}","","2.6","","2.3","2.5","29.3"
"Breece Hall","RB","NYJ","29.5","29.0","25.0","Active","30.0","00-0038120","943.0","0.6106870229007634","0.5","0.1080508474576268","0.3254605263157895","16.0","","0.1475409836065573","0.3809523809523809","0.8304564252588548","-3.0","0.2109440769693326","0.8524590163934426","0.9098360655737704","0.9140625","29.0","27.0","30.0","outdoor","2.0","13.0","13.0","0.0","1.1","1.1","1.0","{""2022"": 10, ""2023"": 0, ""2024"": 1, ""2025"": 1}","{""2022"": ""moderate"", ""2023"": ""minor"", ""2024"": ""minor"", ""2025"": ""minor""}","","1.0","","4.5","2.2","20.9"
"Zay Flowers","WR","BAL","30.3","31.0","25.0","Active","30.0","00-0039064","264.0","0.8658777120315582","0.5","0.28992628992629","0.28992628992629","17.0","","0.2142857142857142","0.0094339622641509","0.8663114166493341","0.0","0.1604675876726887","0.9351351351351352","0.9351351351351352","0.9739583333333334","11.0","29.0","11.0","outdoor","3.0","13.0","28.0","4.0","1.0","1.0","1.0","{""2023"": 1, ""2024"": 0, ""2025"": 0}","{""2023"": ""minor"", ""2024"": ""minor"", ""2025"": ""minor""}","","1.0","","2.3","2.5","13.6"
"Caleb Williams","QB","CHI","72.3","72.0","24.0","Active","30.0","00-0039918","160.0","0.9904679376083187","0.5","0.0037593984962405","0.0713623725671918","17.0","","0.0140845070422535","0.198019801980198","1.468913379817069","-4.0","0.0019398642095052","0.9324324324324323","0.7837837837837838","0.9864864864864864","8.0","2.0","9.0","outdoor","1.0","10.0","11.0","5.0","1.0","1.0","1.0","{""2024"": 0, ""2025"": 0}","{""2024"": ""minor"", ""2025"": ""minor""}","","1.0","","1.1","2.6","4.0"
"Isaiah Likely","TE","NYG","127.6","129.0","26.0","Active","30.0","00-0037838","135.0","0.480276134122288","2.5","0.1253071253071253","0.1253071253071253","12.0","corrected","0.1071428571428571","0.0","0.4962489037550104","2.0","0.0584166026133744","0.7129629629629629","0.7129629629629629","0.6842105263157895","16.0","9.0","15.0","outdoor","1.0","8.0","10.0","4.0","2.7","2.7","2.3","{""2022"": 3, ""2023"": 3, ""2024"": 2, ""2025"": 5}","{""2022"": ""moderate"", ""2023"": ""moderate"", ""2024"": ""minor"", ""2025"": ""moderate""}","","3.0","","2.2","2.7","41.1"
"Kenneth Walker","RB","KC","15.2","15.0","27.0","Active","30.0","00-0038134","954.0","0.4680451127819549","2.5","0.0791208791208791","0.2601214574898785","17.0","","0.0461538461538461","0.34","0.7689411344989396","-5.0","0.14565497830421","0.6885245901639344","0.7950819672131147","0.8046875","12.0","17.0","21.0","outdoor","3.0","5.0","18.0","6.0","1.5","1.3","1.5","{""2022"": 2, ""2023"": 2, ""2024"": 6, ""2025"": 0}","{""2022"": ""minor"", ""2023"": ""minor"", ""2024"": ""moderate"", ""2025"": ""minor""}","","2.8","","2.3","3.7","30.0"
"Garrett Wilson","WR","NYJ","40.0","40.0","26.0","Active","30.0","00-0037740","325.0","0.3654580152671756","0.5","0.3035714285714285","0.3035714285714285","7.0","corrected","0.081967213114754","0.0","1.5401091851543716","4.0","0.1271929824561402","0.972972972972973","0.972972972972973","0.5104166666666666","29.0","27.0","30.0","outdoor","2.0","13.0","13.0","0.0","3.2","3.2","1.0","{""2022"": 0, ""2023"": 0, ""2024"": 0, ""2025"": 10}","{""2022"": ""minor"", ""2023"": ""minor"", ""2024"": ""minor"", ""2025"": ""moderate""}","","1.6","","4.5","2.2","52.0"
"Bo Nix","QB","DEN","106.6","105.0","26.0","Active","30.0","00-0039732","176.0","0.9964912280701754","0.5","0.0017123287671232","0.0776426566884939","17.0","","0.0112359550561797","0.2207792207792207","1.32335152946156","3.0","0.0098502226420184","0.8783783783783784","0.8108108108108109","1.0","10.0","3.0","14.0","outdoor","3.0","10.0","21.0","5.0","1.0","1.0","1.0","{""2024"": 0, ""2025"": 0}","{""2024"": ""minor"", ""2025"": ""minor""}","","1.0","","1.5","3.0","9.3"
"Dalton Kincaid","TE","BUF","126.5","126.0","26.0","Active","30.0","00-0038933","156.0","0.2667844522968198","2.5","0.1449199721642307","0.1449199721642307","12.0","corrected","0.1153846153846153","0.0","1.717784666844267","-9.0","0.1853008536331458","0.7870370370370371","0.7870370370370371","0.4035087719298245","3.0","8.0","2.0","outdoor","4.0","7.0","12.0","5.0","2.7","2.7","1.0","{""2023"": 1, ""2024"": 4, ""2025"": 5}","{""2023"": ""minor"", ""2024"": ""moderate"", ""2025"": ""moderate""}","","4.1","","1.0","4.0","60.0"
"Jeremiyah Love","RB","ARI","26.8","25.0","21.0","Active","30.0","","","","","","","","","","","","-2.0","0.1659347181008901","","","","24.0","16.0","20.0","outdoor","1.0","14.0","7.0","0.0","1.0","1.0","1.0","{}","{}","","2.5","","3.4","2.1","26.7"
"DeVonta Smith","WR","PHI","27.4","26.0","27.0","Questionable","65.0","00-0036912","386.0","0.8425047438330171","1.5","0.243534482758621","0.243534482758621","17.0","","0.1967213114754098","0.0","0.7200510476046413","0.0","0.0781460522770142","0.9081081081081082","0.9081081081081082","0.9375","17.0","24.0","16.0","outdoor","2.0","10.0","3.0","6.0","1.0","1.0","1.0","{""2021"": 0, ""2022"": 0, ""2023"": 1, ""2024"": 4, ""2025"": 0}","{""2021"": ""minor"", ""2022"": ""minor"", ""2023"": ""minor"", ""2024"": ""moderate"", ""2025"": ""minor""}","","1.5","AJ Brown traded to NE -- Smith is Philly's clear WR1 now (ESPN/Yahoo, real 2026 offseason reporting, 2026-08-16)","2.8","3.6","23.8"
"Matthew Stafford","QB","LAR","105.9","104.0","38.0","Active","30.0","00-0026498","473.0","0.9841409691629956","0.5","0.0","0.0272812793979303","17.0","","0.0","0.0777777777777777","2.252798104200536","-3.0","0.0420921025213586","0.4391891891891892","0.3108108108108108","0.9594594594594594","2.0","4.0","1.0","dome","1.0","11.0","5.0","6.0","2.9","1.2","2.9","{""2009"": 7, ""2010"": 14, ""2011"": 1, ""2012"": 1, ""2013"": 1, ""2014"": 1, ""2015"": 1, ""2016"": 1, ""2017"": 1, ""2018"": 1, ""2019"": 9, ""2020"": 1, ""2021"": 0, ""2022"": 8, ""2023"": 2, ""2024"": 1, ""2025"": 0}","{""2009"": ""moderate"", ""2010"": ""season_ending"", ""2011"": ""minor"", ""2012"": ""minor"", ""2013"": ""minor"", ""2014"": ""minor"", ""2015"": ""minor"", ""2016"": ""minor"", ""2017"": ""minor"", ""2018"": ""minor"", ""2019"": ""moderate"", ""2020"": ""minor"", ""2021"": ""minor"", ""2022"": ""moderate"", ""2023"": ""minor"", ""2024"": ""minor"", ""2025"": ""minor""}","","2.4","","1.0","2.8","22.0"
"Jake Ferguson","TE","DAL","131.3","132.0","27.0","Active","30.0","00-0038041","232.0","0.6627318718381113","0.5","0.168039538714992","0.168039538714992","17.0","","0.2403846153846154","0.0","1.2914429302540031","-5.0","0.1471434443074393","0.8425925925925926","0.8425925925925926","0.8771929824561403","4.0","1.0","7.0","outdoor","1.0","14.0","6.0","7.0","1.1","1.1","1.0","{""2022"": 6, ""2023"": 0, ""2024"": 3, ""2025"": 0}","{""2022"": ""moderate"", ""2023"": ""minor"", ""2024"": ""moderate"", ""2025"": ""minor""}","","1.0","","1.0","2.9","2.6"
"Malik Nabers","WR","NYG","27.4","27.0","23.0","Questionable","65.0","00-0039337","132.0","0.1878260869565217","2.5","0.2957256461232603","0.2957256461232603","4.0","corrected","0.0588235294117647","0.0","1.5401091851543716","3.0","0.0424853956452469","0.9513513513513514","0.9513513513513514","0.3177083333333333","16.0","9.0","15.0","outdoor","1.0","8.0","10.0","4.0","5.0","5.0","1.0","{""2024"": 2, ""2025"": 13}","{""2024"": ""minor"", ""2025"": ""season_ending""}","","3.7","","2.2","2.7","60.2"
"Kyren Williams","RB","LAR","32.2","33.0","25.0","Active","30.0","00-0037840","949.0","0.6801762114537445","0.5","0.0860585197934596","0.2906867356538099","17.0","","0.091743119266055","0.5888888888888889","1.7078312926227297","4.0","0.0755901849052215","0.7377049180327869","0.8524590163934426","0.953125","2.0","4.0","1.0","dome","1.0","11.0","5.0","6.0","1.5","1.5","1.0","{""2022"": 9, ""2023"": 5, ""2024"": 1, ""2025"": 0}","{""2022"": ""moderate"", ""2023"": ""moderate"", ""2024"": ""minor"", ""2025"": ""minor""}","","1.1","","1.0","2.8","7.7"
"Jared Goff","QB","DET","109.7","110.0","31.0","Active","30.0","00-0033106","297.0","0.9854413102820746","0.5","0.0","0.0185546875","17.0","","0.0","0.0326086956521739","1.7459964623772564","3.0","0.0202521182062409","0.4391891891891892","0.1351351351351351","0.972972972972973","9.0","13.0","3.0","dome","2.0","6.0","24.0","5.0","1.5","1.0","1.5","{""2016"": 10, ""2017"": 2, ""2018"": 1, ""2019"": 1, ""2020"": 2, ""2021"": 3, ""2022"": 0, ""2023"": 0, ""2024"": 0, ""2025"": 0}","{""2016"": ""moderate"", ""2017"": ""minor"", ""2018"": ""minor"", ""2019"": ""minor"", ""2020"": ""minor"", ""2021"": ""moderate"", ""2022"": ""minor"", ""2023"": ""minor"", ""2024"": ""minor"", ""2025"": ""minor""}","","2.8","","1.3","2.4","20.1"
"Hunter Henry","TE","NE","152.6","153.0","31.0","Active","30.0","00-0033090","455.0","0.7943327239488117","0.5","0.180497925311203","0.180497925311203","17.0","","0.3333333333333333","0.0","1.563184046828283","7.0","0.008","0.8888888888888888","0.8888888888888888","0.956140350877193","1.0","18.0","4.0","outdoor","2.0","11.0","19.0","4.0","4.5","1.6","4.5","{""2016"": 4, ""2017"": 5, ""2018"": 17, ""2019"": 5, ""2020"": 3, ""2021"": 1, ""2022"": 1, ""2023"": 4, ""2024"": 1, ""2025"": 0}","{""2016"": ""moderate"", ""2017"": ""moderate"", ""2018"": ""season_ending"", ""2019"": ""moderate"", ""2020"": ""moderate"", ""2021"": ""minor"", ""2022"": ""minor"", ""2023"": ""moderate"", ""2024"": ""minor"", ""2025"": ""minor""}","","1.0","","1.0","2.6","60.0"
"Emeka Egbuka","WR","TB","31.8","32.0","23.0","Active","30.0","00-0040129","65.0","0.781305114638448","2.5","0.234750462107209","0.234750462107209","17.0","","0.1973684210526315","0.0140845070422535","1.2794753230513245","-3.0","0.1275651691625069","0.8702702702702703","0.8702702702702703","0.9114583333333334","21.0","11.0","18.0","outdoor","2.0","10.0","22.0","3.0","1.0","1.0","1.0","{""2025"": 0}","{""2025"": ""minor""}","","2.5","","2.9","2.2","32.1"
"Cam Skattebo","RB","NYG","43.6","43.0","24.0","Active","30.0","00-0040715","125.0","0.2565217391304348","2.5","0.1351888667992047","0.2725409836065574","8.0","corrected","0.0588235294117647","0.2448979591836734","2.170259458009807","0.0","0.200869025450031","0.9344262295081968","0.819672131147541","0.59375","16.0","9.0","15.0","outdoor","1.0","8.0","10.0","4.0","3.2","3.2","1.0","{""2025"": 9}","{""2025"": ""moderate""}","","3.4","","2.2","2.7","50.9"
"Tyler Shough","QB","NO","123.3","124.0","26.0","Active","30.0","00-0040743","45.0","0.5382562277580071","0.5","0.0","0.0677830940988835","11.0","","0.0","0.208955223880597","1.0713692713875622","0.0","0.0505477196248299","0.4391891891891892","0.7297297297297297","0.6756756756756757","27.0","12.0","28.0","dome","2.0","8.0","29.0","1.0","2.9","2.9","1.0","{""2025"": 6}","{""2025"": ""moderate""}","","1.8","","3.8","1.0","47.5"
"Juwan Johnson","TE","NO","156.3","159.0","29.0","Active","30.0","00-0036040","223.0","0.7562277580071174","0.5","0.180530973451327","0.180530973451327","17.0","","0.1538461538461538","0.0","0.5220280675864396","-2.0","0.116778814846972","0.8981481481481481","0.8981481481481481","0.9298245614035088","27.0","12.0","28.0","dome","2.0","8.0","29.0","1.0","4.5","2.0","4.5","{""2020"": 12, ""2021"": 4, ""2022"": 1, ""2023"": 4, ""2024"": 2, ""2025"": 0}","{""2020"": ""season_ending"", ""2021"": ""moderate"", ""2022"": ""minor"", ""2023"": ""moderate"", ""2024"": ""minor"", ""2025"": ""minor""}","","1.0","","3.8","1.0","60.0"
"Javonte Williams","RB","DAL","36.3","37.0","26.0","Active","30.0","00-0036997","1051.0","0.648397976391231","0.5","0.0892710049423394","0.2956267217630854","16.0","","0.1153846153846153","0.6","1.7554363460756282","3.0","0.0816277678037104","0.7622950819672131","0.8688524590163934","0.9296875","4.0","1.0","7.0","outdoor","1.0","14.0","6.0","7.0","2.0","2.0","1.0","{""2021"": 0, ""2022"": 13, ""2023"": 1, ""2024"": 0, ""2025"": 1}","{""2021"": ""minor"", ""2022"": ""season_ending"", ""2023"": ""minor"", ""2024"": ""minor"", ""2025"": ""minor""}","","1.1","","1.0","2.9","12.9"
"Tetairoa McMillan","WR","CAR","38.9","38.0","23.0","Active","30.0","00-0040124","70.0","0.8718190386427899","0.5","0.254166666666667","0.254166666666667","17.0","","0.2083333333333333","0.0","1.3860982666389343","1.0","0.0995827538247564","0.9243243243243244","0.9243243243243244","0.9791666666666666","26.0","23.0","25.0","outdoor","1.0","5.0","25.0","3.0","1.0","1.0","1.0","{""2025"": 0}","{""2025"": ""minor""}","","1.0","","3.9","2.0","28.0"
"Baker Mayfield","QB","TB","118.6","119.0","31.0","Active","30.0","00-0034855","367.0","0.9691358024691358","0.5","0.0","0.0533980582524271","17.0","","0.0","0.1267605633802817","1.384207996117401","4.0","0.021292988723121","0.4391891891891892","0.6351351351351351","0.945945945945946","21.0","11.0","18.0","outdoor","2.0","10.0","22.0","3.0","1.2","1.0","1.2","{""2018"": 3, ""2019"": 1, ""2020"": 1, ""2021"": 3, ""2022"": 5, ""2023"": 0, ""2024"": 0, ""2025"": 0}","{""2018"": ""moderate"", ""2019"": ""minor"", ""2020"": ""minor"", ""2021"": ""moderate"", ""2022"": ""moderate"", ""2023"": ""minor"", ""2024"": ""minor"", ""2025"": ""minor""}","","1.6","","2.9","2.2","29.1"
"Brenton Strange","TE","JAX","150.1","150.0","25.0","Active","30.0","00-0038935","91.0","0.5139130434782608","1.5","0.1553930530164532","0.1553930530164532","12.0","corrected","0.1149425287356321","0.0","0.8738295913946923","8.0","0.064567556795536","0.8055555555555556","0.8055555555555556","0.7368421052631579","13.0","7.0","6.0","outdoor","3.0","7.0","17.0","3.0","4.1","3.5","4.1","{""2023"": 10, ""2024"": 3, ""2025"": 5}","{""2023"": ""moderate"", ""2024"": ""moderate"", ""2025"": ""moderate""}","","2.0","","1.6","3.0","60.0"
"Travis Etienne","RB","NO","40.4","41.0","27.0","Active","30.0","00-0036973","1065.0","0.6008695652173913","0.5","0.0950639853747715","0.2965779467680608","17.0","","0.1149425287356321","0.4695652173913043","1.7020615923098152","-3.0","0.1819128171763174","0.7950819672131147","0.8770491803278688","0.90625","27.0","12.0","28.0","dome","2.0","8.0","29.0","1.0","1.9","1.9","1.0","{""2021"": 17, ""2022"": 0, ""2023"": 0, ""2024"": 2, ""2025"": 0}","{""2021"": ""season_ending"", ""2022"": ""minor"", ""2023"": ""minor"", ""2024"": ""minor"", ""2025"": ""minor""}","","1.1","","3.8","1.0","24.9"
"Davante Adams","WR","LAR","51.0","51.0","33.0","Active","30.0","00-0031381","1020.0","0.5594713656387665","1.5","0.2382591590853211","0.2382591590853211","14.0","corrected","0.2935779816513761","0.0","3.2342292888241806","4.0","0.1310638297872341","0.8864864864864865","0.8864864864864865","0.7291666666666666","2.0","4.0","1.0","dome","1.0","11.0","5.0","6.0","2.6","2.4","2.6","{""2014"": 3, ""2015"": 4, ""2016"": 1, ""2017"": 3, ""2018"": 2, ""2019"": 5, ""2020"": 3, ""2021"": 1, ""2022"": 0, ""2023"": 0, ""2024"": 3, ""2025"": 3}","{""2014"": ""moderate"", ""2015"": ""moderate"", ""2016"": ""minor"", ""2017"": ""moderate"", ""2018"": ""minor"", ""2019"": ""moderate"", ""2020"": ""moderate"", ""2021"": ""minor"", ""2022"": ""minor"", ""2023"": ""minor"", ""2024"": ""moderate"", ""2025"": ""moderate""}","","2.2","","1.0","2.8","21.8"
"Kyler Murray","QB","MIN","112.4","113.0","29.0","Active","30.0","00-0035228","532.0","0.2801762114537445","0.5","0.0","0.0971428571428571","5.0","","0.0","0.0769230769230769","1.129492138742191","-1.0","0.0075201432408237","0.4391891891891892","0.918918918918919","0.4594594594594595","28.0","31.0","27.0","dome","3.0","6.0","1.0","4.0","5.0","5.0","4.8","{""2019"": 1, ""2020"": 1, ""2021"": 3, ""2022"": 6, ""2023"": 9, ""2024"": 0, ""2025"": 12}","{""2019"": ""minor"", ""2020"": ""minor"", ""2021"": ""moderate"", ""2022"": ""moderate"", ""2023"": ""moderate"", ""2024"": ""minor"", ""2025"": ""season_ending""}","","2.0","","4.4","4.1","72.1"
"Dalton Schultz","TE","HOU","168.5","168.0","30.0","Active","30.0","00-0034383","405.0","0.7129310344827586","0.5","0.191681735985533","0.191681735985533","17.0","","0.1518987341772152","0.0","0.4901970878555591","-1.0","0.0875056382498872","0.9074074074074074","0.9074074074074074","0.9035087719298246","22.0","5.0","26.0","outdoor","5.0","8.0","14.0","4.0","2.4","1.0","2.4","{""2018"": 9, ""2019"": 11, ""2020"": 1, ""2021"": 0, ""2022"": 2, ""2023"": 2, ""2024"": 0, ""2025"": 0}","{""2018"": ""moderate"", ""2019"": ""moderate"", ""2020"": ""minor"", ""2021"": ""minor"", ""2022"": ""minor"", ""2023"": ""minor"", ""2024"": ""minor"", ""2025"": ""minor""}","","1.0","","3.0","4.4","29.9"
"Tee Higgins","WR","CIN","34.0","34.0","27.0","Active","30.0","00-0036410","394.0","0.6921692169216922","0.5","0.1826754385964914","0.1826754385964914","15.0","corrected","0.1951219512195122","0.0","2.5842510055980137","1.0","0.0833566433566432","0.7567567567567568","0.7567567567567568","0.84375","18.0","15.0","10.0","outdoor","2.0","6.0","32.0","3.0","2.7","2.0","2.7","{""2020"": 2, ""2021"": 3, ""2022"": 3, ""2023"": 5, ""2024"": 5, ""2025"": 2}","{""2020"": ""minor"", ""2021"": ""moderate"", ""2022"": ""moderate"", ""2023"": ""moderate"", ""2024"": ""moderate"", ""2025"": ""minor""}","","1.5","","2.5","2.1","29.5"
"D'Andre Swift","RB","CHI","49.8","49.0","27.0","Active","30.0","00-0036275","1340.0","0.5381282495667244","1.5","0.0958646616541353","0.2668558850787766","16.0","","0.0140845070422535","0.396039603960396","1.507962380495975","-1.0","0.1756524042919592","0.8114754098360656","0.8114754098360656","0.875","8.0","2.0","9.0","outdoor","1.0","10.0","11.0","5.0","1.3","1.0","1.3","{""2020"": 4, ""2021"": 4, ""2022"": 3, ""2023"": 1, ""2024"": 0, ""2025"": 1}","{""2020"": ""moderate"", ""2021"": ""moderate"", ""2022"": ""moderate"", ""2023"": ""minor"", ""2024"": ""minor"", ""2025"": ""minor""}","","2.0","","1.1","2.6","13.7"
"Daniel Jones","QB","IND","147.0","148.0","29.0","Active","30.0","00-0035710","445.0","0.7052238805970149","0.5","0.0","0.0595006611184568","13.0","","0.0","0.1553398058252427","1.7151129379501804","-2.0","0.1405464395681491","0.4391891891891892","0.7162162162162162","0.7162162162162162","7.0","19.0","5.0","outdoor","2.0","13.0","30.0","2.0","4.8","4.2","4.8","{""2019"": 4, ""2020"": 3, ""2021"": 6, ""2022"": 1, ""2023"": 11, ""2024"": 7, ""2025"": 4}","{""2019"": ""moderate"", ""2020"": ""moderate"", ""2021"": ""moderate"", ""2022"": ""minor"", ""2023"": ""moderate"", ""2024"": ""moderate"", ""2025"": ""moderate""}","","2.2","","1.4","1.5","60.0"
"T.J. Hockenson","TE","MIN","170.7","170.0","29.0","Active","30.0","00-0035229","435.0","0.6903096903096904","1.5","0.1598290598290598","0.1598290598290598","15.0","","0.1428571428571428","0.0172413793103448","0.7730031000799201","10.0","0.1153012570437797","0.8148148148148148","0.8148148148148148","0.8947368421052632","28.0","31.0","27.0","dome","3.0","6.0","1.0","4.0","2.8","2.2","2.8","{""2019"": 5, ""2020"": 1, ""2021"": 5, ""2022"": 0, ""2023"": 2, ""2024"": 7, ""2025"": 2}","{""2019"": ""moderate"", ""2020"": ""minor"", ""2021"": ""moderate"", ""2022"": ""minor"", ""2023"": ""minor"", ""2024"": ""moderate"", ""2025"": ""minor""}","","1.7","","4.4","4.1","49.7"
"Jameson Williams","WR","DET","51.9","52.0","25.0","Active","30.0","00-0037240","169.0","0.902638762511374","0.5","0.185454545454545","0.185454545454545","17.0","","0.1","0.0108695652173913","1.3665757558412028","0.0","0.1620674551029347","0.7675675675675676","0.7675675675675676","0.9895833333333334","9.0","13.0","3.0","dome","2.0","6.0","24.0","5.0","2.9","1.8","2.9","{""2022"": 11, ""2023"": 5, ""2024"": 2, ""2025"": 0}","{""2022"": ""moderate"", ""2023"": ""moderate"", ""2024"": ""minor"", ""2025"": ""minor""}","","1.0","","1.3","2.4","15.4"
"Bucky Irving","RB","TB","55.5","56.0","23.0","Active","30.0","00-0039361","457.0","0.3712522045855379","0.5","0.1099815157116451","0.3433009708737864","10.0","corrected","0.0526315789473684","0.2535211267605634","0.7636380921920504","7.0","0.1068938807126258","0.8770491803278688","0.9426229508196722","0.7109375","21.0","11.0","18.0","outdoor","2.0","10.0","22.0","3.0","3.1","3.1","1.0","{""2024"": 0, ""2025"": 7}","{""2024"": ""minor"", ""2025"": ""moderate""}","","1.0","","2.9","2.2","32.6"
"Malik Willis","QB","MIA","135.0","137.0","27.0","Active","30.0","00-0038128","74.0","0.0932445290199809","0.5","0.0","0.0953109072375127","4.0","","0.0","0.0531914893617021","2.689266997005217","2.0","0.0273551784669397","0.4391891891891892","0.9054054054054054","0.2837837837837837","20.0","30.0","22.0","outdoor","4.0","6.0","4.0","0.0","5.0","5.0","4.8","{""2022"": 10, ""2023"": 15, ""2024"": 11, ""2025"": 13}","{""2022"": ""moderate"", ""2023"": ""season_ending"", ""2024"": ""moderate"", ""2025"": ""season_ending""}","","2.9","","3.5","4.2","67.6"
"Pat Freiermuth","TE","PIT","193.9","195.0","27.0","Active","30.0","00-0036894","261.0","0.5063045586808923","2.5","0.1172413793103448","0.1172413793103448","15.0","","0.1153846153846153","0.0","1.307192234281491","4.0","0.042796005706134","0.7037037037037037","0.7037037037037037","0.7280701754385965","14.0","25.0","17.0","outdoor","3.0","9.0","27.0","5.0","1.3","1.1","1.3","{""2021"": 1, ""2022"": 2, ""2023"": 6, ""2024"": 0, ""2025"": 2}","{""2021"": ""minor"", ""2022"": ""minor"", ""2023"": ""moderate"", ""2024"": ""minor"", ""2025"": ""minor""}","","3.3","","2.6","2.6","36.2"
"Terry McLaurin","WR","WAS","44.2","45.0","30.0","Active","30.0","00-0035659","510.0","0.4108159392789374","2.5","0.2361111111111113","0.2361111111111113","10.0","corrected","0.1568627450980392","0.0","1.094288105241264","0.0","0.0980910425844345","0.8756756756756757","0.8756756756756757","0.609375","19.0","26.0","19.0","outdoor","1.0","7.0","8.0","4.0","3.2","3.2","1.3","{""2019"": 3, ""2020"": 2, ""2021"": 0, ""2022"": 0, ""2023"": 0, ""2024"": 0, ""2025"": 7}","{""2019"": ""moderate"", ""2020"": ""minor"", ""2021"": ""minor"", ""2022"": ""minor"", ""2023"": ""minor"", ""2024"": ""minor"", ""2025"": ""moderate""}","","2.9","","3.2","2.8","52.0"
"Quinshon Judkins","RB","CLE","53.7","54.0","22.0","Active","30.0","00-0040784","256.0","0.4173591874422899","0.5","0.083743842364532","0.3299284984678243","14.0","","0.0175438596491228","0.5409836065573771","1.0596970009813511","1.0","0.1300479123887748","0.7295081967213115","0.9262295081967212","0.765625","31.0","22.0","29.0","outdoor","4.0","11.0","31.0","1.0","2.3","2.3","1.0","{""2025"": 3}","{""2025"": ""moderate""}","","1.1","","4.5","2.3","34.0"
"Jordan Love","QB","GB","113.4","114.0","27.0","Active","30.0","00-0036264","135.0","0.8506184586108468","0.5","0.0","0.05429833503228","15.0","","0.0","0.0638297872340425","1.4508761452978762","-3.0","0.0165962806549604","0.4391891891891892","0.6486486486486487","0.7837837837837838","5.0","21.0","12.0","outdoor","2.0","11.0","9.0","6.0","4.8","3.8","4.8","{""2020"": 17, ""2021"": 11, ""2022"": 13, ""2023"": 0, ""2024"": 2, ""2025"": 2}","{""2020"": ""season_ending"", ""2021"": ""moderate"", ""2022"": ""season_ending"", ""2023"": ""minor"", ""2024"": ""minor"", ""2025"": ""minor""}","","2.0","","1.5","3.2","60.0"
"Greg Dulcich","TE","MIA","179.0","178.0","26.0","Questionable","65.0","00-0037252","68.0","0.2497451580020387","2.5","0.1349206349206348","0.1349206349206348","9.0","corrected","0.1044776119402985","0.0142857142857142","0.4962489037550104","-3.0","0.1942148760330578","0.7314814814814815","0.7314814814814815","0.3684210526315789","20.0","30.0","22.0","outdoor","4.0","6.0","4.0","0.0","5.0","5.0","4.8","{""2022"": 7, ""2023"": 15, ""2024"": 13, ""2025"": 8}","{""2022"": ""moderate"", ""2023"": ""season_ending"", ""2024"": ""season_ending"", ""2025"": ""moderate""}","","3.5","","3.5","4.2","74.4"
"Bhayshul Tuten","RB","JAX","50.6","50.0","23.0","Active","30.0","00-0040719","93.0","0.1869565217391304","0.5","0.0290067032297379","0.1044993662864385","15.0","","0.0229885057471264","0.2260869565217391","2.917015400550816","-3.0","0.2298288508557458","0.3524590163934426","0.4590163934426229","0.515625","13.0","7.0","6.0","outdoor","3.0","7.0","17.0","3.0","1.0","1.0","1.0","{""2025"": 2}","{""2025"": ""minor""}","","3.3","","1.6","3.0","24.8"
"Rome Odunze","WR","CHI","59.9","60.0","24.0","Active","30.0","00-0039919","101.0","0.6351819757365684","1.5","0.2396616541353382","0.2396616541353382","12.0","corrected","0.1830985915492957","0.0","1.890133999962184","0.0","0.1709584031692822","0.8918918918918919","0.8918918918918919","0.8020833333333334","8.0","2.0","9.0","outdoor","1.0","10.0","11.0","5.0","2.7","2.7","1.0","{""2024"": 0, ""2025"": 5}","{""2024"": ""minor"", ""2025"": ""moderate""}","","2.0","","1.1","2.6","21.3"
"Sam Darnold","QB","SEA","142.5","143.0","29.0","Active","30.0","00-0034869","310.0","0.9642857142857144","0.5","0.0","0.0354251012145749","17.0","","0.0","0.06","1.4969552620048572","1.0","0.0118616882390242","0.4391891891891892","0.4189189189189189","0.918918918918919","15.0","20.0","13.0","outdoor","1.0","11.0","2.0","4.0","4.4","2.5","4.4","{""2018"": 4, ""2019"": 4, ""2020"": 5, ""2021"": 5, ""2022"": 11, ""2023"": 7, ""2024"": 0, ""2025"": 0}","{""2018"": ""moderate"", ""2019"": ""moderate"", ""2020"": ""moderate"", ""2021"": ""moderate"", ""2022"": ""moderate"", ""2023"": ""moderate"", ""2024"": ""minor"", ""2025"": ""minor""}","","2.2","","2.4","3.2","60.0"
"Kenyon Sadiq","TE","NYJ","162.3","164.0","21.0","Questionable","65.0","","","","","","","","","","","","-3.0","0.0057251908396946","","","","29.0","27.0","30.0","outdoor","2.0","13.0","13.0","0.0","1.0","1.0","1.0","{}","{}","","2.5","","4.5","2.2","42.0"
"TreVeyon Henderson","RB","NE","53.6","53.0","23.0","Active","30.0","00-0040734","215.0","0.4579524680073126","2.5","0.0871369294605809","0.2228915662650602","17.0","","0.0606060606060606","0.3789473684210526","1.8025410780812352","-1.0","0.1421662025501978","0.7540983606557377","0.7377049180327869","0.7890625","1.0","18.0","4.0","outdoor","2.0","11.0","19.0","4.0","4.0","1.0","1.0","{""2025"": 0}","{""2025"": ""minor""}","Ankle/leg injury -- did not finish practice (late Aug 2026), return timeline unconfirmed (reported 2026-08-27)","3.3","","1.0","2.6","60.0"
"Alec Pierce","WR","IND","81.5","80.0","26.0","PUP","85.0","00-0037664","157.0","0.7583955223880597","2.5","0.1796226415094341","0.1796226415094341","15.0","corrected","0.108433734939759","0.0","1.7694871489007673","9.0","0.150735294117647","0.745945945945946","0.745945945945946","0.8958333333333334","7.0","19.0","5.0","outdoor","2.0","13.0","30.0","2.0","4.4","1.0","1.0","{""2022"": 1, ""2023"": 0, ""2024"": 1, ""2025"": 2}","{""2022"": ""minor"", ""2023"": ""minor"", ""2024"": ""minor"", ""2025"": ""minor""}","","3.0","","1.4","1.5","60.0"
"C.J. Stroud","QB","HOU","145.0","144.0","24.0","Active","30.0","00-0039163","140.0","0.7482758620689656","0.5","0.0","0.0551425868360589","14.0","","0.0","0.1025641025641025","1.3018107756203596","1.0","0.0275402890217145","0.4391891891891892","0.6621621621621622","0.7432432432432432","22.0","5.0","26.0","outdoor","5.0","8.0","14.0","4.0","2.3","2.3","1.0","{""2023"": 2, ""2024"": 0, ""2025"": 3}","{""2023"": ""minor"", ""2024"": ""minor"", ""2025"": ""moderate""}","","2.0","","3.0","4.4","42.4"
"Cade Otton","TE","TB","189.3","191.0","27.0","Active","30.0","00-0038129","208.0","0.8756613756613757","0.5","0.1696857670979672","0.1696857670979672","15.0","","0.0921052631578947","0.0","0.2270969559556827","1.0","0.0168567178978681","0.8611111111111112","0.8611111111111112","0.9824561403508772","21.0","11.0","18.0","outdoor","2.0","10.0","22.0","3.0","1.0","1.0","1.0","{""2022"": 1, ""2023"": 0, ""2024"": 3, ""2025"": 2}","{""2022"": ""minor"", ""2023"": ""minor"", ""2024"": ""moderate"", ""2025"": ""minor""}","","1.0","","2.9","2.2","16.4"
"Ladd McConkey","WR","LAC","34.7","35.0","24.0","Active","30.0","00-0039915","148.0","0.7322834645669292","2.5","0.2070312500000004","0.2070312500000004","16.0","","0.189873417721519","0.0","1.2600893333081222","-6.0","0.0881559220389804","0.8216216216216217","0.8216216216216217","0.8697916666666666","25.0","10.0","24.0","dome","2.0","7.0","16.0","3.0","1.0","1.0","1.0","{""2024"": 1, ""2025"": 1}","{""2024"": ""minor"", ""2025"": ""minor""}","","2.7","","3.4","2.2","38.5"
"David Montgomery","RB","HOU","48.5","48.0","29.0","Active","30.0","00-0035685","1708.0","0.3712465878070973","0.5","0.0527272727272727","0.1826171875","17.0","","0.0222222222222222","0.3804347826086957","1.8956070576560813","-1.0","0.0133807829181495","0.5409836065573771","0.6229508196721312","0.703125","22.0","5.0","26.0","outdoor","5.0","8.0","14.0","4.0","1.6","1.3","1.6","{""2019"": 1, ""2020"": 2, ""2021"": 4, ""2022"": 1, ""2023"": 3, ""2024"": 3, ""2025"": 0}","{""2019"": ""minor"", ""2020"": ""minor"", ""2021"": ""moderate"", ""2022"": ""minor"", ""2023"": ""moderate"", ""2024"": ""moderate"", ""2025"": ""minor""}","","2.4","","3.0","4.4","32.1"
"Bryce Young","QB","CAR","160.6","162.0","25.0","Active","30.0","00-0039150","136.0","0.9085768143261076","0.5","0.0","0.0587858606557376","16.0","","0.0","0.1571428571428571","1.4406787483956518","1.0","0.0306638395041592","0.4391891891891892","0.6891891891891891","0.8243243243243243","26.0","23.0","25.0","outdoor","1.0","5.0","25.0","3.0","1.0","1.0","1.0","{""2023"": 1, ""2024"": 3, ""2025"": 1}","{""2023"": ""minor"", ""2024"": ""moderate"", ""2025"": ""minor""}","","1.9","","3.9","2.0","41.3"
"AJ Barner","TE","SEA","174.8","174.0","24.0","Active","30.0","00-0039793","92.0","0.7772556390977443","1.5","0.149450549450549","0.149450549450549","17.0","","0.2","0.03","1.5127587549951125","6.0","0.1245901639344263","0.7962962962962963","0.7962962962962963","0.9473684210526316","15.0","20.0","13.0","outdoor","1.0","11.0","2.0","4.0","1.0","1.0","1.0","{""2024"": 2, ""2025"": 0}","{""2024"": ""minor"", ""2025"": ""minor""}","","1.9","","2.4","3.2","21.1"
"DJ Moore","WR","BUF","56.1","57.0","29.0","Active","30.0","00-0034827","680.0","0.8483535528596187","1.5","0.159774436090226","0.159774436090226","17.0","","0.1549295774647887","0.0198019801980198","1.6801191110774965","0.0","0.1172877214416616","0.6756756756756757","0.6756756756756757","0.9479166666666666","3.0","8.0","2.0","outdoor","4.0","7.0","12.0","5.0","1.0","1.0","1.0","{""2018"": 1, ""2019"": 2, ""2020"": 2, ""2021"": 0, ""2022"": 0, ""2023"": 0, ""2024"": 0, ""2025"": 0}","{""2018"": ""minor"", ""2019"": ""minor"", ""2020"": ""minor"", ""2021"": ""minor"", ""2022"": ""minor"", ""2023"": ""minor"", ""2024"": ""minor"", ""2025"": ""minor""}","","2.3","","1.0","4.0","14.4"
"Jadarian Price","RB","SEA","62.4","62.0","22.0","Active","30.0","","","","","","","","","","","","-2.0","0.2050881847978772","","","","15.0","20.0","13.0","outdoor","1.0","11.0","2.0","4.0","1.0","1.0","1.0","{}","{}","","2.5","","2.4","3.2","22.4"
"Chig Okonkwo","TE","WAS","139.5","139.0","26.0","Active","30.0","","","","","","","","","0.0980392156862745","0.0","","-1.0","0.1313320825515947","","","","19.0","26.0","19.0","outdoor","1.0","7.0","8.0","4.0","1.0","1.0","1.0","{}","{}","","2.5","","3.2","2.8","32.2"
"Geno Smith","QB","NYJ","186.5","186.0","35.0","Active","30.0","00-0030565","359.0","0.8690835850956697","0.5","0.0","0.0525641025641025","15.0","","0.0","0.1489361702127659","1.1911967925385072","5.0","0.047228269971529","0.4391891891891892","0.6081081081081081","0.7972972972972973","29.0","27.0","30.0","outdoor","2.0","13.0","13.0","0.0","4.8","4.8","4.8","{""2013"": 1, ""2014"": 3, ""2015"": 16, ""2016"": 15, ""2017"": 15, ""2018"": 13, ""2019"": 17, ""2020"": 16, ""2021"": 13, ""2022"": 0, ""2023"": 2, ""2024"": 0, ""2025"": 2}","{""2013"": ""minor"", ""2014"": ""moderate"", ""2015"": ""season_ending"", ""2016"": ""season_ending"", ""2017"": ""season_ending"", ""2018"": ""season_ending"", ""2019"": ""season_ending"", ""2020"": ""season_ending"", ""2021"": ""season_ending"", ""2022"": ""minor"", ""2023"": ""minor"", ""2024"": ""minor"", ""2025"": ""minor""}","","1.8","","4.5","2.2","67.6"
"Jaylen Waddle","WR","DEN","39.6","39.0","27.0","Questionable","65.0","00-0036613","387.0","0.7359836901121305","2.5","0.2299783549783545","0.2299783549783545","16.0","","0.1641791044776119","0.0","1.2412820298259115","-5.0","0.0814479638009049","0.8648648648648649","0.8648648648648649","0.875","10.0","3.0","14.0","outdoor","3.0","10.0","21.0","5.0","1.0","1.0","1.0","{""2021"": 1, ""2022"": 0, ""2023"": 3, ""2024"": 2, ""2025"": 1}","{""2021"": ""minor"", ""2022"": ""minor"", ""2023"": ""moderate"", ""2024"": ""minor"", ""2025"": ""minor""}","","2.6","","1.5","3.0","20.7"
"Tony Pollard","RB","TEN","75.0","75.0","29.0","Active","30.0","00-0035261","1514.0","0.6221590909090909","0.5","0.0773584905660377","0.2985232067510548","17.0","","0.0196078431372549","0.4222222222222222","0.7046296941590283","2.0","0.1435348125478193","0.6721311475409836","0.8852459016393442","0.921875","30.0","28.0","32.0","outdoor","1.0","9.0","23.0","0.0","1.0","1.0","1.0","{""2019"": 3, ""2020"": 1, ""2021"": 2, ""2022"": 1, ""2023"": 0, ""2024"": 1, ""2025"": 0}","{""2019"": ""moderate"", ""2020"": ""minor"", ""2021"": ""minor"", ""2022"": ""minor"", ""2023"": ""minor"", ""2024"": ""minor"", ""2025"": ""minor""}","","1.0","","4.7","1.1","19.8"
"Oronde Gadsden","TE","LAC","152.1","152.0","23.0","Active","30.0","00-0040189","49.0","0.5485564304461942","1.5","0.1437500000000004","0.1437500000000004","15.0","","0.189873417721519","0.0","0.8203298204929764","2.0","0.1624703087885985","0.7777777777777778","0.7777777777777778","0.8070175438596491","25.0","10.0","24.0","dome","2.0","7.0","16.0","3.0","1.0","1.0","1.0","{""2025"": 2}","{""2025"": ""minor""}","","1.9","","3.4","2.2","28.1"
"Jacoby Brissett","QB","ARI","192.4","193.0","33.0","Active","30.0","00-0033119","284.0","0.7154185022026431","0.5","0.0","0.0454609429978888","14.0","","0.0","0.0961538461538461","1.4068517215690772","0.0","0.2930439072520967","0.4391891891891892","0.5135135135135135","0.7297297297297297","24.0","16.0","20.0","outdoor","1.0","14.0","7.0","0.0","5.0","5.0","4.8","{""2016"": 14, ""2017"": 1, ""2018"": 13, ""2019"": 2, ""2020"": 6, ""2021"": 7, ""2022"": 3, ""2023"": 15, ""2024"": 10, ""2025"": 3}","{""2016"": ""season_ending"", ""2017"": ""minor"", ""2018"": ""season_ending"", ""2019"": ""minor"", ""2020"": ""moderate"", ""2021"": ""moderate"", ""2022"": ""moderate"", ""2023"": ""season_ending"", ""2024"": ""moderate"", ""2025"": ""moderate""}","","2.3","","3.4","2.1","60.0"
"Luther Burden","WR","CHI","43.7","44.0","22.0","Active","30.0","00-0040735","53.0","0.3483535528596187","0.5","0.1278195488721804","0.1278195488721804","15.0","","0.056338028169014","0.0","0.5230559496750696","2.0","0.02177110914975","0.5783783783783784","0.5783783783783784","0.4947916666666667","8.0","2.0","9.0","outdoor","1.0","10.0","11.0","5.0","3.5","1.0","1.0","{""2025"": 2}","{""2025"": ""minor""}","Groin injury at practice (Aug 8), missing rest of preseason -- team ""hopeful"" for Week 1 but no confirmed return date (reported 2026-08-26)","2.0","","1.1","2.6","26.0"
"Jaylen Warren","RB","PIT","71.9","71.0","27.0","Active","30.0","00-0037228","724.0","0.4742967992240543","1.5","0.0915948275862069","0.2842215256008359","16.0","","0.0641025641025641","0.5","1.2352074319919222","-2.0","0.1928357266845509","0.7704918032786885","0.8360655737704918","0.8125","14.0","25.0","17.0","outdoor","3.0","9.0","27.0","5.0","1.0","1.0","1.0","{""2022"": 1, ""2023"": 0, ""2024"": 2, ""2025"": 1}","{""2022"": ""minor"", ""2023"": ""minor"", ""2024"": ""minor"", ""2025"": ""minor""}","","2.0","","2.6","2.6","18.6"
"Cam Ward","QB","TEN","141.4","141.0","24.0","Active","30.0","00-0040676","39.0","0.9535984848484848","0.5","0.0","0.0411392405063291","17.0","","0.0","0.2222222222222222","0.9001380725727306","-4.0","0.0337863584402388","0.4391891891891892","0.4864864864864865","0.8783783783783784","30.0","28.0","32.0","outdoor","1.0","9.0","23.0","0.0","1.0","1.0","1.0","{""2025"": 0}","{""2025"": ""minor""}","","1.7","","4.7","1.1","47.7"
"Terrance Ferguson","TE","LAR","180.5","180.0","23.0","Active","30.0","00-0040737","12.0","0.3136563876651982","1.5","0.066499765294946","0.066499765294946","11.0","corrected","0.0275229357798165","0.0111111111111111","3.3496801003463204","-4.0","0.2791817087845969","0.4722222222222222","0.4722222222222222","0.4385964912280701","2.0","4.0","1.0","dome","1.0","11.0","5.0","6.0","2.9","2.9","1.0","{""2025"": 6}","{""2025"": ""moderate""}","","4.2","","1.0","2.8","60.0"
"Mike Evans","WR","SF","47.7","47.0","32.0","Questionable","65.0","00-0031408","867.0","0.3148148148148148","2.5","0.2435304990757862","0.2435304990757862","8.0","corrected","0.1184210526315789","0.0","1.3860982666389343","-4.0","0.1083926912356766","0.9027027027027028","0.9027027027027028","0.4427083333333333","6.0","6.0","8.0","outdoor","2.0","8.0","15.0","5.0","3.2","3.2","2.1","{""2014"": 2, ""2015"": 2, ""2016"": 1, ""2017"": 2, ""2018"": 1, ""2019"": 4, ""2020"": 1, ""2021"": 1, ""2022"": 2, ""2023"": 0, ""2024"": 3, ""2025"": 9}","{""2014"": ""minor"", ""2015"": ""minor"", ""2016"": ""minor"", ""2017"": ""minor"", ""2018"": ""minor"", ""2019"": ""moderate"", ""2020"": ""minor"", ""2021"": ""minor"", ""2022"": ""minor"", ""2023"": ""minor"", ""2024"": ""moderate"", ""2025"": ""moderate""}","","3.4","","1.0","2.9","35.9"
"Rico Dowdle","RB","PIT","87.3","88.0","28.0","Active","30.0","00-0036139","662.0","0.5570216776625825","1.5","0.104166666666667","0.2930327868852458","17.0","","0.0694444444444444","0.5","0.9864815718226396","5.0","0.1600880641610315","0.8360655737704918","0.860655737704918","0.890625","14.0","25.0","17.0","outdoor","3.0","9.0","27.0","5.0","5.0","5.0","4.3","{""2020"": 12, ""2021"": 17, ""2022"": 15, ""2023"": 1, ""2024"": 1, ""2025"": 0}","{""2020"": ""season_ending"", ""2021"": ""season_ending"", ""2022"": ""season_ending"", ""2023"": ""minor"", ""2024"": ""minor"", ""2025"": ""minor""}","","1.7","","2.6","2.6","60.0"
"Aaron Rodgers","QB","PIT","177.3","176.0","42.0","Active","30.0","00-0023459","767.0","0.8903976721629486","0.5","0.0020354406130267","0.0233150470219435","16.0","","0.0","0.0375","1.4739251810509362","-1.0","0.029470258542759","0.8918918918918919","0.2162162162162162","0.8108108108108109","14.0","25.0","17.0","outdoor","3.0","9.0","27.0","5.0","4.5","3.6","4.5","{""2005"": 14, ""2006"": 15, ""2007"": 15, ""2008"": 1, ""2009"": 1, ""2010"": 2, ""2011"": 2, ""2012"": 1, ""2013"": 8, ""2014"": 1, ""2015"": 1, ""2016"": 1, ""2017"": 10, ""2018"": 1, ""2019"": 1, ""2020"": 1, ""2021"": 1, ""2022"": 0, ""2023"": 16, ""2024"": 0, ""2025"": 1}","{""2005"": ""season_ending"", ""2006"": ""season_ending"", ""2007"": ""season_ending"", ""2008"": ""minor"", ""2009"": ""minor"", ""2010"": ""minor"", ""2011"": ""minor"", ""2012"": ""minor"", ""2013"": ""moderate"", ""2014"": ""minor"", ""2015"": ""minor"", ""2016"": ""minor"", ""2017"": ""moderate"", ""2018"": ""minor"", ""2019"": ""minor"", ""2020"": ""minor"", ""2021"": ""minor"", ""2022"": ""minor"", ""2023"": ""season_ending"", ""2024"": ""minor"", ""2025"": ""minor""}","","2.3","","2.6","2.6","60.0"
"Mike Gesicki","TE","CIN","207.2","206.0","30.0","Active","30.0","00-0034829","353.0","0.2889288928892889","2.5","0.0978618421052632","0.0978618421052632","12.0","corrected","0.0975609756097561","0.0","0.9570514572418058","1.0","0.0833809251856081","0.6296296296296297","0.6296296296296297","0.4122807017543859","18.0","15.0","10.0","outdoor","2.0","6.0","32.0","3.0","2.9","2.9","1.6","{""2018"": 3, ""2019"": 2, ""2020"": 2, ""2021"": 0, ""2022"": 0, ""2023"": 2, ""2024"": 1, ""2025"": 5}","{""2018"": ""moderate"", ""2019"": ""minor"", ""2020"": ""minor"", ""2021"": ""minor"", ""2022"": ""minor"", ""2023"": ""minor"", ""2024"": ""minor"", ""2025"": ""moderate""}","","3.6","","2.5","2.1","49.5"
"Chuba Hubbard","RB","CAR","83.4","83.0","27.0","Active","30.0","00-0036555","1040.0","0.4071630537229029","1.5","0.0920833333333333","0.2008879781420764","15.0","","0.0833333333333333","0.2714285714285714","0.9452349555791844","-1.0","0.1847702549115115","0.7786885245901639","0.6967213114754098","0.7421875","26.0","23.0","25.0","outdoor","1.0","5.0","25.0","3.0","4.0","1.0","1.1","{""2021"": 1, ""2022"": 3, ""2023"": 0, ""2024"": 2, ""2025"": 2}","{""2021"": ""minor"", ""2022"": ""moderate"", ""2023"": ""minor"", ""2024"": ""minor"", ""2025"": ""minor""}","Real, current, team-sourced injury note: Panthers.com's own training camp observations describe him as 'week-to-week' with a hamstring injury. The automated pipeline had him at 1.1/Active -- essentially the safe floor -- which does not reflect this at all. Matches the existing Jeanty precedent tier (4.0): real, current, meaningfully elevated near-term risk, without yet a specific missed-games number to build a projection cut from. (reported 2026-08-27)","2.1","","3.9","2.0","60.0"
"Courtland Sutton","WR","DEN","84.1","84.0","30.0","Active","30.0","00-0034348","458.0","0.8552631578947368","2.5","0.212328767123288","0.212328767123288","17.0","","0.2247191011235955","0.0","1.311174036009803","8.0","0.150483130049105","0.8432432432432433","0.8432432432432433","0.9635416666666666","10.0","3.0","14.0","outdoor","3.0","10.0","21.0","5.0","1.5","1.5","1.0","{""2018"": 1, ""2019"": 1, ""2020"": 16, ""2021"": 0, ""2022"": 2, ""2023"": 1, ""2024"": 1, ""2025"": 0}","{""2018"": ""minor"", ""2019"": ""minor"", ""2020"": ""season_ending"", ""2021"": ""minor"", ""2022"": ""minor"", ""2023"": ""minor"", ""2024"": ""minor"", ""2025"": ""minor""}","","2.5","","1.5","3.0","22.8"
"Fernando Mendoza","QB","LV","183.6","184.0","22.0","Active","30.0","","","","","","","","","","","","-1.0","0.0848628805873461","","","","32.0","32.0","31.0","dome","4.0","13.0","20.0","0.0","1.0","1.0","1.0","{}","{}","","2.5","","5.0","1.9","57.8"
"Evan Engram","TE","DEN","212.3","216.0","31.0","Active","30.0","00-0033881","563.0","0.4017543859649123","1.5","0.1382705479452056","0.1382705479452056","16.0","","0.1235955056179775","0.0","0.2627200078702996","-10.0","0.4793388429752066","0.7407407407407407","0.7407407407407407","0.5789473684210527","10.0","3.0","14.0","outdoor","3.0","10.0","21.0","5.0","2.8","2.0","2.8","{""2017"": 2, ""2018"": 6, ""2019"": 9, ""2020"": 1, ""2021"": 2, ""2022"": 0, ""2023"": 0, ""2024"": 8, ""2025"": 1}","{""2017"": ""minor"", ""2018"": ""moderate"", ""2019"": ""moderate"", ""2020"": ""minor"", ""2021"": ""minor"", ""2022"": ""minor"", ""2023"": ""minor"", ""2024"": ""moderate"", ""2025"": ""minor""}","","2.4","","1.5","3.0","31.4"
"Marvin Harrison","WR","ARI","68.3","68.0","23.0","Active","30.0","00-0039849","103.0","0.4986784140969163","2.5","0.1676121015667203","0.1676121015667203","12.0","corrected","0.1047619047619047","0.0","1.352290991842863","3.0","0.111236498468483","0.7135135135135136","0.7135135135135136","0.671875","24.0","16.0","20.0","outdoor","1.0","14.0","7.0","0.0","2.7","2.7","1.0","{""2024"": 0, ""2025"": 5}","{""2024"": ""minor"", ""2025"": ""moderate""}","","3.4","","3.4","2.1","54.6"
"Rhamondre Stevenson","RB","NE","75.8","76.0","28.0","Active","30.0","00-0036875","1022.0","0.4872029250457038","2.5","0.0932128037937166","0.203600114744693","14.0","","0.0909090909090909","0.2842105263157894","2.153035176597031","-3.0","0.1978021978021978","0.7868852459016393","0.7131147540983607","0.8359375","1.0","18.0","4.0","outdoor","2.0","11.0","19.0","4.0","2.5","2.4","2.5","{""2021"": 5, ""2022"": 0, ""2023"": 5, ""2024"": 2, ""2025"": 3}","{""2021"": ""moderate"", ""2022"": ""minor"", ""2023"": ""moderate"", ""2024"": ""minor"", ""2025"": ""moderate""}","","3.2","","1.0","2.6","35.6"
"Gunnar Helm","TE","TEN","180.9","181.0","23.0","Active","30.0","00-0040584","44.0","0.5047348484848485","2.5","0.1102594339622637","0.1102594339622637","16.0","","0.1568627450980392","0.0","0.6090327455175129","1.0","0.1567796610169491","0.6851851851851852","0.6851851851851852","0.7192982456140351","30.0","28.0","32.0","outdoor","1.0","9.0","23.0","0.0","1.0","1.0","1.0","{""2025"": 1}","{""2025"": ""minor""}","","3.1","","4.7","1.1","47.6"
"Tua Tagovailoa","QB","ATL","208.8","207.0","28.0","Questionable","65.0","00-0036212","174.0","0.7910295616717635","0.5","0.0","0.0266583032774031","14.0","","0.0","0.0285714285714285","1.5177051369237364","0.0","0.1195722200747326","0.4391891891891892","0.2837837837837837","0.7567567567567568","23.0","14.0","23.0","outdoor","2.0","11.0","26.0","3.0","3.9","2.8","3.9","{""2020"": 7, ""2021"": 4, ""2022"": 4, ""2023"": 0, ""2024"": 6, ""2025"": 3}","{""2020"": ""moderate"", ""2021"": ""moderate"", ""2022"": ""moderate"", ""2023"": ""minor"", ""2024"": ""moderate"", ""2025"": ""moderate""}","","2.8","","3.3","2.0","55.1"
"Christian Watson","WR","GB","57.1","58.0","27.0","Active","30.0","00-0038124","149.0","0.3977164605137964","2.5","0.2032608695652168","0.2032608695652168","10.0","corrected","0.0869565217391304","0.0106382978723404","2.3101637777315576","-7.0","0.1288002615233737","0.8054054054054054","0.8054054054054054","0.5885416666666666","5.0","21.0","12.0","outdoor","2.0","11.0","9.0","6.0","4.0","3.5","4.0","{""2022"": 3, ""2023"": 8, ""2024"": 3, ""2025"": 7}","{""2022"": ""moderate"", ""2023"": ""moderate"", ""2024"": ""moderate"", ""2025"": ""moderate""}","","3.6","","1.5","3.2","60.0"
"J.K. Dobbins","RB","DEN","97.0","97.0","27.0","Active","30.0","00-0036158","652.0","0.2982456140350877","1.5","0.0407534246575342","0.2655753040224509","10.0","","0.0","0.2597402597402597","0.9452349555791844","6.0","0.1342126957955483","0.4754098360655737","0.8032786885245902","0.640625","10.0","3.0","14.0","outdoor","3.0","10.0","21.0","5.0","5.0","5.0","4.8","{""2020"": 2, ""2021"": 17, ""2022"": 9, ""2023"": 16, ""2024"": 4, ""2025"": 7}","{""2020"": ""minor"", ""2021"": ""season_ending"", ""2022"": ""moderate"", ""2023"": ""season_ending"", ""2024"": ""moderate"", ""2025"": ""moderate""}","","2.5","","1.5","3.0","60.0"
"Shedeur Sanders","QB","CLE","212.1","215.0","24.0","Active","30.0","00-0040668","21.0","0.3951985226223453","0.5","0.0","0.045582226762002","8.0","","0.0","0.0327868852459016","1.0526229619179217","-2.0","0.2158708809683927","0.4391891891891892","0.527027027027027","0.5405405405405406","31.0","22.0","29.0","outdoor","4.0","11.0","31.0","1.0","3.2","3.2","1.0","{""2025"": 9}","{""2025"": ""moderate""}","","2.2","","4.5","2.3","62.1"
"Mason Taylor","TE","NYJ","215.8","271.0","22.0","Active","30.0","00-0040736","44.0","0.6240458015267175","0.5","0.1800847457627122","0.1800847457627122","13.0","corrected","0.1475409836065573","0.0","0.3045163727587564","2.0","0.2143906020558004","0.8796296296296297","0.8796296296296297","0.868421052631579","29.0","27.0","30.0","outdoor","2.0","13.0","13.0","0.0","2.5","2.5","1.0","{""2025"": 4}","{""2025"": ""moderate""}","","1.0","","4.5","2.2","40.4"
"DK Metcalf","WR","PIT","76.1","77.0","28.0","Active","30.0","00-0035640","502.0","0.7526673132880698","1.5","0.214942528735632","0.214942528735632","15.0","corrected","0.1666666666666666","0.0125","1.5906045682741872","4.0","0.1102464332036316","0.8486486486486486","0.8486486486486486","0.890625","14.0","25.0","17.0","outdoor","3.0","9.0","27.0","5.0","1.0","1.0","1.0","{""2019"": 1, ""2020"": 1, ""2021"": 0, ""2022"": 0, ""2023"": 1, ""2024"": 2, ""2025"": 2}","{""2019"": ""minor"", ""2020"": ""minor"", ""2021"": ""minor"", ""2022"": ""minor"", ""2023"": ""minor"", ""2024"": ""minor"", ""2025"": ""minor""}","","1.9","","2.6","2.6","24.4"
"RJ Harvey","RB","DEN","86.7","86.0","25.0","Active","30.0","00-0040730","193.0","0.4219298245614035","1.5","0.0993150684931507","0.1908325537885874","17.0","","0.1235955056179775","0.3766233766233766","2.397193804870921","-5.0","0.1913536498936924","0.819672131147541","0.6721311475409836","0.78125","10.0","3.0","14.0","outdoor","3.0","10.0","21.0","5.0","1.0","1.0","1.0","{""2025"": 0}","{""2025"": ""minor""}","","2.6","","1.5","3.0","18.3"
"Colby Parkinson","TE","LAR","210.8","213.0","27.0","Active","30.0","00-0036244","130.0","0.547136563876652","2.5","0.117039586919105","0.117039586919105","14.0","corrected","0.2018348623853211","0.0","2.4927851909554013","-3.0","0.1574007220216607","0.6944444444444444","0.6944444444444444","0.7982456140350878","2.0","4.0","1.0","dome","1.0","11.0","5.0","6.0","4.8","3.2","4.8","{""2020"": 16, ""2021"": 12, ""2022"": 3, ""2023"": 2, ""2024"": 1, ""2025"": 3}","{""2020"": ""season_ending"", ""2021"": ""season_ending"", ""2022"": ""moderate"", ""2023"": ""minor"", ""2024"": ""minor"", ""2025"": ""moderate""}","","3.4","","1.0","2.8","60.0"
"Deshaun Watson","QB","CLE","215.4","243.0","30.0","Active","30.0","00-0033537","401.0","","","","","","","","","","2.0","0.0368990275379442","","","","31.0","22.0","29.0","outdoor","4.0","11.0","31.0","1.0","5.0","5.0","4.8","{""2017"": 10, ""2018"": 1, ""2019"": 2, ""2020"": 1, ""2021"": 17, ""2022"": 11, ""2023"": 11, ""2024"": 10, ""2025"": 17}","{""2017"": ""moderate"", ""2018"": ""minor"", ""2019"": ""minor"", ""2020"": ""minor"", ""2021"": ""season_ending"", ""2022"": ""moderate"", ""2023"": ""moderate"", ""2024"": ""moderate"", ""2025"": ""season_ending""}","","2.5","","4.5","2.3","73.3"
"Jakobi Meyers","WR","JAX","107.5","107.0","29.0","Active","30.0","00-0034960","484.0","0.4026086956521739","2.5","0.236589068825911","0.236589068825911","16.0","","0.1034482758620689","0.017391304347826","0.5197868499896005","4.0","0.1149586922130426","0.8810810810810811","0.8810810810810811","0.5989583333333334","13.0","7.0","6.0","outdoor","3.0","7.0","17.0","3.0","2.2","1.1","2.2","{""2019"": 6, ""2020"": 5, ""2021"": 1, ""2022"": 3, ""2023"": 1, ""2024"": 2, ""2025"": 1}","{""2019"": ""moderate"", ""2020"": ""moderate"", ""2021"": ""minor"", ""2022"": ""moderate"", ""2023"": ""minor"", ""2024"": ""minor"", ""2025"": ""minor""}","","2.8","","1.6","3.0","30.5"
"Rachaad White","RB","WAS","108.7","109.0","27.0","Active","30.0","00-0037256","882.0","0.5061728395061729","0.5","0.0831792975970425","0.1718446601941747","17.0","","0.131578947368421","0.2676056338028169","0.9012705390406176","-3.0","0.2660022997316981","0.7131147540983607","0.5983606557377049","0.859375","19.0","26.0","19.0","outdoor","1.0","7.0","8.0","4.0","1.0","1.0","1.0","{""2022"": 0, ""2023"": 0, ""2024"": 2, ""2025"": 0}","{""2022"": ""minor"", ""2023"": ""minor"", ""2024"": ""minor"", ""2025"": ""minor""}","","1.3","","3.2","2.8","16.1"
"David Njoku","TE","LAC","212.9","220.0","30.0","Active","30.0","00-0033885","388.0","0.4746075715604801","1.5","0.1421107628004179","0.1421107628004179","11.0","corrected","0.1578947368421052","0.0","1.6240873213800342","0.0","0.1296431172614711","0.7592592592592593","0.7592592592592593","0.6754385964912281","25.0","10.0","24.0","dome","2.0","7.0","16.0","3.0","4.8","3.8","4.8","{""2017"": 1, ""2018"": 2, ""2019"": 14, ""2020"": 6, ""2021"": 2, ""2022"": 3, ""2023"": 1, ""2024"": 6, ""2025"": 6}","{""2017"": ""minor"", ""2018"": ""minor"", ""2019"": ""season_ending"", ""2020"": ""moderate"", ""2021"": ""minor"", ""2022"": ""moderate"", ""2023"": ""minor"", ""2024"": ""moderate"", ""2025"": ""moderate""}","","2.7","","3.4","2.2","63.3"
"Michael Penix","QB","ATL","215.3","242.0","26.0","Questionable","65.0","00-0039917","28.0","0.5045620437956204","0.5","0.0","0.0388127853881278","9.0","","0.0","0.0416666666666666","1.0322438978403865","2.0","0.319429088350588","0.4391891891891892","0.4729729729729729","0.6351351351351351","23.0","14.0","23.0","outdoor","2.0","11.0","26.0","3.0","5.0","5.0","1.0","{""2024"": 12, ""2025"": 8}","{""2024"": ""season_ending"", ""2025"": ""moderate""}","","2.1","","3.3","2.0","60.0"
"Michael Pittman","WR","PIT","99.2","98.0","28.0","Active","30.0","00-0036252","496.0","0.8563432835820896","2.5","0.209433962264151","0.209433962264151","17.0","","0.216867469879518","0.0","1.2128359833090676","5.0","0.0820584144645339","0.827027027027027","0.827027027027027","0.96875","14.0","25.0","17.0","outdoor","3.0","9.0","27.0","5.0","1.0","1.0","1.0","{""2020"": 4, ""2021"": 0, ""2022"": 1, ""2023"": 1, ""2024"": 1, ""2025"": 0}","{""2020"": ""moderate"", ""2021"": ""minor"", ""2022"": ""minor"", ""2023"": ""minor"", ""2024"": ""minor"", ""2025"": ""minor""}","","2.5","","2.6","2.6","29.7"
"Aaron Jones","RB","MIN","122.9","123.0","31.0","Active","30.0","00-0033293","1915.0","0.3656343656343656","1.5","0.1241096866096865","0.2741424310216256","12.0","corrected","0.0649350649350649","0.2413793103448276","0.7266493721014979","2.0","0.1865965834428383","0.9262295081967212","0.8278688524590164","0.6953125","28.0","31.0","27.0","dome","3.0","6.0","1.0","4.0","3.3","2.9","3.3","{""2017"": 7, ""2018"": 5, ""2019"": 1, ""2020"": 3, ""2021"": 2, ""2022"": 0, ""2023"": 6, ""2024"": 0, ""2025"": 5}","{""2017"": ""moderate"", ""2018"": ""moderate"", ""2019"": ""minor"", ""2020"": ""moderate"", ""2021"": ""minor"", ""2022"": ""minor"", ""2023"": ""moderate"", ""2024"": ""minor"", ""2025"": ""moderate""}","","1.9","","4.4","4.1","52.2"
"Kirk Cousins","QB","LV","214.8","232.0","37.0","Active","30.0","00-0029604","342.0","0.4954379562043796","0.5","0.0","0.0232876712328767","10.0","","0.0","0.0138888888888888","1.191639863690651","-3.0","0.0222793487574979","0.4391891891891892","0.2027027027027027","0.6216216216216216","32.0","32.0","31.0","dome","4.0","13.0","20.0","0.0","4.8","3.4","4.8","{""2012"": 14, ""2013"": 12, ""2014"": 11, ""2015"": 1, ""2016"": 1, ""2017"": 1, ""2018"": 1, ""2019"": 2, ""2020"": 1, ""2021"": 1, ""2022"": 0, ""2023"": 9, ""2024"": 3, ""2025"": 7}","{""2012"": ""season_ending"", ""2013"": ""season_ending"", ""2014"": ""moderate"", ""2015"": ""minor"", ""2016"": ""minor"", ""2017"": ""minor"", ""2018"": ""minor"", ""2019"": ""minor"", ""2020"": ""minor"", ""2021"": ""minor"", ""2022"": ""minor"", ""2023"": ""moderate"", ""2024"": ""moderate"", ""2025"": ""moderate""}","","2.7","","5.0","1.9","78.7"
"Michael Mayer","TE","LV","215.0","239.0","25.0","Active","30.0","00-0039066","83.0","0.4682779456193353","0.5","0.132357521021488","0.132357521021488","13.0","corrected","0.0967741935483871","0.0","0.3828205828967223","1.0","0.0941000746825989","0.7222222222222222","0.7222222222222222","0.6491228070175439","32.0","32.0","31.0","dome","4.0","13.0","20.0","0.0","3.2","3.0","3.2","{""2023"": 4, ""2024"": 6, ""2025"": 4}","{""2023"": ""moderate"", ""2024"": ""moderate"", ""2025"": ""moderate""}","","1.5","","5.0","1.9","53.6"
"Parker Washington","WR","JAX","63.4","63.0","24.0","Active","30.0","00-0038606","113.0","0.5843478260869566","1.5","0.1845292504570385","0.1845292504570385","16.0","","0.1839080459770115","0.008695652173913","1.0662294358761035","10.0","0.0983501521704308","0.7621621621621621","0.7621621621621621","0.765625","13.0","7.0","6.0","outdoor","3.0","7.0","17.0","3.0","2.1","2.1","1.0","{""2023"": 9, ""2024"": 3, ""2025"": 1}","{""2023"": ""moderate"", ""2024"": ""moderate"", ""2025"": ""minor""}","","2.1","","1.6","3.0","23.7"
"Kyle Monangai","RB","CHI","96.7","96.0","24.0","Active","30.0","00-0040236","187.0","0.41421143847487","1.5","0.056390977443609","0.1844300278035217","17.0","","0.0422535211267605","0.3762376237623762","1.0362201384691594","2.0","0.0683485417784935","0.5983606557377049","0.6311475409836066","0.7578125","8.0","2.0","9.0","outdoor","1.0","10.0","11.0","5.0","1.0","1.0","1.0","{""2025"": 0}","{""2025"": ""minor""}","","2.4","","1.1","2.6","14.1"
"Dawson Knox","TE","BUF","215.8","264.0","29.0","Active","30.0","00-0035689","230.0","0.5768551236749117","2.5","0.108689979123173","0.108689979123173","16.0","","0.1666666666666666","0.0","1.4887467112650312","5.0","0.0346456692913385","0.6759259259259259","0.6759259259259259","0.8245614035087719","3.0","8.0","2.0","outdoor","4.0","7.0","12.0","5.0","2.9","2.0","2.9","{""2019"": 2, ""2020"": 6, ""2021"": 2, ""2022"": 2, ""2023"": 7, ""2024"": 3, ""2025"": 1}","{""2019"": ""minor"", ""2020"": ""moderate"", ""2021"": ""minor"", ""2022"": ""minor"", ""2023"": ""moderate"", ""2024"": ""moderate"", ""2025"": ""minor""}","","3.3","","1.0","4.0","36.8"
"Ty Simpson","QB","LAR","216.0","652.0","23.0","Active","30.0","","","","","","","","","","","","","","","","","2.0","4.0","1.0","dome","1.0","11.0","5.0","6.0","1.0","1.0","1.0","{}","{}","","2.5","","1.0","2.8","12.8"
"Carnell Tate","WR","TEN","59.4","59.0","21.0","Active","30.0","","","","","","","","","","","","-8.0","0.065505226480836","","","","30.0","28.0","32.0","outdoor","1.0","9.0","23.0","0.0","1.0","1.0","1.0","{}","{}","","2.5","","4.7","1.1","47.8"
"Carson Beck","QB","ARI","215.7","259.0","23.0","Active","30.0","","","","","","","","","","","","1.0","0.9002618424184717","","","","24.0","16.0","20.0","outdoor","1.0","14.0","7.0","0.0","1.0","1.0","1.0","{}","{}","","2.5","","3.4","2.1","39.5"
"Theo Johnson","TE","NYG","215.7","262.0","25.0","Active","30.0","00-0039847","74.0","0.7582608695652174","1.5","0.1667329357190192","0.1667329357190192","15.0","","0.2058823529411764","0.0","1.4887467112650312","2.0","0.0145278450363195","0.8333333333333334","0.8333333333333334","0.9385964912280702","16.0","9.0","15.0","outdoor","1.0","8.0","10.0","4.0","2.1","2.1","1.0","{""2024"": 6, ""2025"": 2}","{""2024"": ""moderate"", ""2025"": ""minor""}","","1.8","","2.2","2.7","26.3"
"Kenny Gainwell","RB","TB","","","27.0","Active","30.0","","","","","","","","","0.2179487179487179","0.2875","","","","","","","21.0","11.0","18.0","outdoor","2.0","10.0","22.0","3.0","1.0","1.0","1.0","{}","{}","","2.5","","2.9","2.2","24.1"
"Brian Thomas","WR","JAX","62.3","61.0","23.0","Active","30.0","00-0039893","144.0","0.6443478260869565","2.5","0.2020109689213892","0.2020109689213892","14.0","corrected","0.0804597701149425","0.008695652173913","0.8153519215523144","-14.0","0.1111309630159012","0.7945945945945946","0.7945945945945946","0.8125","13.0","7.0","6.0","outdoor","3.0","7.0","17.0","3.0","2.3","2.3","1.0","{""2024"": 0, ""2025"": 3}","{""2024"": ""minor"", ""2025"": ""moderate""}","","2.7","","1.6","3.0","30.2"
"Jacory Croskey-Merritt","RB","WAS","118.1","118.0","25.0","Active","30.0","00-0040242","184.0","0.3851992409867172","2.5","0.0300925925925925","0.1972717733473242","17.0","","0.0196078431372549","0.3404255319148936","1.6849840512498504","0.0","0.1482778750729713","0.360655737704918","0.6885245901639344","0.7265625","19.0","26.0","19.0","outdoor","1.0","7.0","8.0","4.0","1.0","1.0","1.0","{""2025"": 0}","{""2025"": ""minor""}","","3.9","","3.2","2.8","38.2"
"Darnell Washington","TE","PIT","215.0","237.0","24.0","Active","30.0","00-0038558","57.0","0.5295829291949563","2.5","0.1077217801355732","0.1077217801355732","13.0","corrected","0.1153846153846153","0.0","0.4322167871414607","7.0","0.1969230769230769","0.6666666666666666","0.6666666666666666","0.7807017543859649","14.0","25.0","17.0","outdoor","3.0","9.0","27.0","5.0","3.9","3.3","3.9","{""2023"": 9, ""2024"": 4, ""2025"": 4}","{""2023"": ""moderate"", ""2024"": ""moderate"", ""2025"": ""moderate""}","","3.0","","2.6","2.6","53.1"
"J.J. McCarthy","QB","MIN","215.8","268.0","23.0","Active","30.0","00-0039923","37.0","0.5224775224775224","0.5","0.0","0.0703579418344519","10.0","","0.0","0.1034482758620689","1.642373773171043","-10.0","0.0871985157699442","0.4391891891891892","0.7567567567567568","0.6621621621621622","28.0","31.0","27.0","dome","3.0","6.0","1.0","4.0","5.0","5.0","1.0","{""2024"": 17, ""2025"": 7}","{""2024"": ""season_ending"", ""2025"": ""moderate""}","","2.3","","4.4","4.1","74.0"
"Jonathon Brooks","RB","CAR","91.6","92.0","23.0","Active","30.0","00-0039344","12.0","","","","","","","","","","-8.0","0.1727986771393138","","","","26.0","23.0","25.0","outdoor","1.0","5.0","25.0","3.0","5.0","5.0","1.0","{""2024"": 14, ""2025"": 17}","{""2024"": ""season_ending"", ""2025"": ""season_ending""}","","2.5","","3.9","2.0","69.8"
"Wan'Dale Robinson","WR","TEN","111.5","112.0","25.0","Active","30.0","00-0038117","285.0","0.8460869565217392","2.5","0.2957256461232607","0.2957256461232607","16.0","","0.2058823529411764","0.0","0.5836203227953408","-1.0","0.1296731081813257","0.9567567567567568","0.9567567567567568","0.9427083333333334","30.0","28.0","32.0","outdoor","1.0","9.0","23.0","0.0","1.3","1.3","1.0","{""2022"": 11, ""2023"": 2, ""2024"": 0, ""2025"": 1}","{""2022"": ""moderate"", ""2023"": ""minor"", ""2024"": ""minor"", ""2025"": ""minor""}","","2.2","","4.7","1.1","46.9"
"Anthony Richardson","QB","IND","216.0","323.0","24.0","Active","30.0","00-0039164","117.0","0.0130597014925373","0.5","0.0160377358490558","0.0343781597573306","2.0","","0.0","0.0","0.0","","","1.0","0.3648648648648648","0.0675675675675675","7.0","19.0","5.0","outdoor","2.0","13.0","30.0","2.0","5.0","5.0","4.8","{""2023"": 13, ""2024"": 6, ""2025"": 15}","{""2023"": ""season_ending"", ""2024"": ""moderate"", ""2025"": ""season_ending""}","","2.5","","1.4","1.5","60.0"
"Tyler Higbee","TE","LAR","216.0","656.0","33.0","Active","30.0","00-0033110","387.0","0.3224669603524229","2.5","0.1053356282271945","0.1053356282271945","10.0","corrected","0.073394495412844","0.0","1.6078464481662338","","","0.6574074074074074","0.6574074074074074","0.4561403508771929","2.0","4.0","1.0","dome","1.0","11.0","5.0","6.0","5.0","5.0","4.8","{""2016"": 5, ""2017"": 3, ""2018"": 3, ""2019"": 3, ""2020"": 2, ""2021"": 2, ""2022"": 1, ""2023"": 2, ""2024"": 14, ""2025"": 7}","{""2016"": ""moderate"", ""2017"": ""moderate"", ""2018"": ""moderate"", ""2019"": ""moderate"", ""2020"": ""minor"", ""2021"": ""minor"", ""2022"": ""minor"", ""2023"": ""minor"", ""2024"": ""season_ending"", ""2025"": ""moderate""}","","4.3","","1.0","2.8","60.0"
"Jayden Reed","WR","GB","82.5","81.0","26.0","Active","30.0","00-0039146","172.0","0.1607992388201712","2.5","0.1626086956521737","0.1626086956521737","5.0","corrected","0.0579710144927536","0.0","0.6300446666540611","5.0","0.0044959363652084","0.6864864864864865","0.6864864864864865","0.2760416666666667","5.0","21.0","12.0","outdoor","2.0","11.0","9.0","6.0","5.0","5.0","1.0","{""2023"": 1, ""2024"": 0, ""2025"": 12}","{""2023"": ""minor"", ""2024"": ""minor"", ""2025"": ""season_ending""}","","3.7","","1.5","3.2","60.0"
"Jordan Mason","RB","MIN","110.5","111.0","27.0","Active","30.0","00-0037525","423.0","0.4125874125874126","1.5","0.0363247863247863","0.2079837807606264","16.0","","0.0129870129870129","0.5","1.3440913241183776","5.0","0.0026692087702575","0.4180327868852459","0.7295081967213115","0.75","28.0","31.0","27.0","dome","3.0","6.0","1.0","4.0","1.6","1.6","1.0","{""2022"": 5, ""2023"": 1, ""2024"": 5, ""2025"": 1}","{""2022"": ""moderate"", ""2023"": ""minor"", ""2024"": ""moderate"", ""2025"": ""minor""}","","2.7","","4.4","4.1","41.8"
"Cole Kmet","TE","CHI","215.9","279.0","27.0","Active","30.0","00-0036290","295.0","0.6655112651646448","1.5","0.0958646616541353","0.0958646616541353","16.0","","0.0985915492957746","0.0","0.8644335742829214","7.0","0.1620689655172414","0.6203703703703703","0.6203703703703703","0.8859649122807017","8.0","2.0","9.0","outdoor","1.0","10.0","11.0","5.0","1.0","1.0","1.0","{""2020"": 2, ""2021"": 0, ""2022"": 0, ""2023"": 1, ""2024"": 1, ""2025"": 1}","{""2020"": ""minor"", ""2021"": ""minor"", ""2022"": ""minor"", ""2023"": ""minor"", ""2024"": ""minor"", ""2025"": ""minor""}","","2.1","","1.1","2.6","11.8"
"Marcus Mariota","QB","WAS","216.0","552.0","32.0","Active","30.0","00-0032268","427.0","0.4838709677419355","0.5","0.0","0.0891920251836306","10.0","","0.0","0.0851063829787234","1.2174515574890044","","","0.4391891891891892","0.8783783783783784","0.5945945945945946","19.0","26.0","19.0","outdoor","1.0","7.0","8.0","4.0","5.0","5.0","4.8","{""2015"": 5, ""2016"": 2, ""2017"": 2, ""2018"": 3, ""2019"": 10, ""2020"": 16, ""2021"": 10, ""2022"": 4, ""2023"": 15, ""2024"": 14, ""2025"": 7}","{""2015"": ""moderate"", ""2016"": ""minor"", ""2017"": ""minor"", ""2018"": ""moderate"", ""2019"": ""moderate"", ""2020"": ""season_ending"", ""2021"": ""moderate"", ""2022"": ""moderate"", ""2023"": ""season_ending"", ""2024"": ""season_ending"", ""2025"": ""moderate""}","","1.9","","3.2","2.8","60.0"
"Blake Corum","RB","LAR","90.6","91.0","25.0","Active","30.0","00-0039738","218.0","0.292511013215859","0.5","0.0240963855421687","0.1495766698024458","17.0","","0.0091743119266055","0.3","1.5197895364214336","-5.0","0.0717826690462026","0.3114754098360656","0.5573770491803278","0.625","2.0","4.0","1.0","dome","1.0","11.0","5.0","6.0","1.0","1.0","1.0","{""2024"": 2, ""2025"": 0}","{""2024"": ""minor"", ""2025"": ""minor""}","","2.7","","1.0","2.8","16.3"
"Deebo Samuel","WR","SF","139.4","138.0","30.0","Active","30.0","00-0035719","625.0","0.6764705882352942","2.5","0.2434895833333336","0.2434895833333336","16.0","","0.2549019607843137","0.0425531914893617","0.9344482696442254","10.0","0.1044939715016442","0.8972972972972973","0.8972972972972973","0.8385416666666666","6.0","6.0","8.0","outdoor","2.0","8.0","15.0","5.0","2.5","1.4","2.5","{""2019"": 2, ""2020"": 10, ""2021"": 1, ""2022"": 4, ""2023"": 2, ""2024"": 2, ""2025"": 1}","{""2019"": ""minor"", ""2020"": ""moderate"", ""2021"": ""minor"", ""2022"": ""moderate"", ""2023"": ""minor"", ""2024"": ""minor"", ""2025"": ""minor""}","","2.4","","1.0","2.9","23.0"
"Ja'Tavion Sanders","TE","CAR","215.9","288.0","23.0","Active","30.0","00-0039356","62.0","0.3704052780395853","2.5","0.1003472222222221","0.1003472222222221","12.0","corrected","0.1388888888888889","0.0","0.4620248414270786","-10.0","0.5811138014527845","0.6388888888888888","0.6388888888888888","0.5394736842105263","26.0","23.0","25.0","outdoor","1.0","5.0","25.0","3.0","2.7","2.7","1.0","{""2024"": 2, ""2025"": 5}","{""2024"": ""minor"", ""2025"": ""moderate""}","","3.4","","3.9","2.0","57.4"
"Riley Leonard","QB","IND","216.0","602.0","23.0","Active","30.0","00-0040206","6.0","0.1212686567164179","0.5","0.0","0.0206268958543983","5.0","","0.0","0.0194174757281553","1.6798708912799711","","","0.4391891891891892","0.1756756756756756","0.3378378378378378","7.0","19.0","5.0","outdoor","2.0","13.0","30.0","2.0","3.2","3.2","1.0","{""2025"": 12}","{""2025"": ""season_ending""}","","4.3","","1.4","1.5","60.0"
"Quentin Johnston","WR","LAC","74.9","74.0","24.0","Active","30.0","00-0038544","152.0","0.6325459317585301","2.5","0.2019230769230764","0.2019230769230764","13.0","corrected","0.189873417721519","0.0","2.0922237987002785","-16.0","0.1339302368961014","0.7891891891891892","0.7891891891891892","0.796875","25.0","10.0","24.0","dome","2.0","7.0","16.0","3.0","2.9","2.5","1.0","{""2023"": 0, ""2024"": 2, ""2025"": 4}","{""2023"": ""minor"", ""2024"": ""minor"", ""2025"": ""moderate""}","Real, now-corroborated event (previously too vague to act on): twisted ankle/foot during an Aug joint practice with the 49ers, confirmed by multiple outlets including Schefter, who reported he's 'not expected to miss much time, if any.' Clears the confidence bar now (multiple named outlets, one authoritative insider) that a single vague 'mildly scared' mention didn't. Sized modestly (3.0, current is 2.5) rather than at the Jeanty tier (4.0) specifically BECAUSE the same sourcing that confirms the event also says it's minor and resolving -- the bump reflects that a real event happened, not that it's a serious ongoing concern. (reported 2026-08-27)","3.1","","3.4","2.2","53.2"
"Alvin Kamara","RB","NO","164.1","166.0","31.0","Active","30.0","00-0033906","2280.0","0.4065836298932384","1.5","0.1066773934030571","0.2560694665957824","11.0","corrected","0.0961538461538461","0.2238805970149253","0.2363087388947961","-6.0","0.6974541148608645","0.8442622950819673","0.7868852459016393","0.734375","27.0","12.0","28.0","dome","2.0","8.0","29.0","1.0","3.3","3.1","3.3","{""2017"": 1, ""2018"": 2, ""2019"": 3, ""2020"": 2, ""2021"": 4, ""2022"": 2, ""2023"": 4, ""2024"": 3, ""2025"": 6}","{""2017"": ""minor"", ""2018"": ""minor"", ""2019"": ""moderate"", ""2020"": ""minor"", ""2021"": ""moderate"", ""2022"": ""minor"", ""2023"": ""moderate"", ""2024"": ""moderate"", ""2025"": ""moderate""}","","2.0","","3.8","1.0","46.8"
"Davis Mills","QB","HOU","216.0","389.0","27.0","Active","30.0","00-0036898","68.0","0.2517241379310345","0.5","0.0","0.0348470514033427","6.0","","0.0","0.0384615384615384","1.0694526895067258","","","0.4391891891891892","0.3918918918918919","0.4459459459459459","22.0","5.0","26.0","outdoor","5.0","8.0","14.0","4.0","5.0","5.0","4.8","{""2021"": 4, ""2022"": 2, ""2023"": 12, ""2024"": 13, ""2025"": 11}","{""2021"": ""moderate"", ""2022"": ""minor"", ""2023"": ""season_ending"", ""2024"": ""season_ending"", ""2025"": ""moderate""}","","2.5","","3.0","4.4","60.0"
"Noah Fant","TE","NO","216.0","587.0","28.0","Active","30.0","00-0035644","337.0","0.3411341134113411","2.5","0.0881831983805668","0.0881831983805668","13.0","corrected","0.048780487804878","0.0","1.1822400354163485","","","0.6111111111111112","0.6111111111111112","0.4912280701754385","27.0","12.0","28.0","dome","2.0","8.0","29.0","1.0","2.7","2.7","1.7","{""2019"": 1, ""2020"": 3, ""2021"": 1, ""2022"": 0, ""2023"": 2, ""2024"": 3, ""2025"": 4}","{""2019"": ""minor"", ""2020"": ""moderate"", ""2021"": ""minor"", ""2022"": ""minor"", ""2023"": ""minor"", ""2024"": ""moderate"", ""2025"": ""moderate""}","","3.8","","3.8","1.0","59.0"
"Michael Wilson","WR","ARI","95.0","94.0","26.0","Active","30.0","00-0038559","164.0","0.813215859030837","2.5","0.204213938411669","0.204213938411669","17.0","","0.1047619047619047","0.0","1.243934341855454","0.0","0.0751497549464512","0.8108108108108109","0.8108108108108109","0.9270833333333334","24.0","16.0","20.0","outdoor","1.0","14.0","7.0","0.0","1.0","1.0","1.0","{""2023"": 4, ""2024"": 1, ""2025"": 0}","{""2023"": ""moderate"", ""2024"": ""minor"", ""2025"": ""minor""}","","2.6","","3.4","2.1","37.6"
"Tyjae Spears","RB","TEN","153.1","154.0","25.0","Active","30.0","00-0039032","383.0","0.3541666666666667","0.5","0.1233671988388969","0.1682895163907822","13.0","corrected","0.1372549019607843","0.2222222222222222","0.6624723620298557","3.0","0.1345882352941177","0.918032786885246","0.5901639344262295","0.6875","30.0","28.0","32.0","outdoor","1.0","9.0","23.0","0.0","2.5","2.5","1.0","{""2023"": 0, ""2024"": 5, ""2025"": 4}","{""2023"": ""minor"", ""2024"": ""moderate"", ""2025"": ""moderate""}","","1.4","","4.7","1.1","38.4"
"Justin Fields","QB","KC","216.0","508.0","27.0","Active","30.0","00-0036945","489.0","0.4780534351145038","0.5","0.0040018832391713","0.1411695906432748","9.0","","0.0163934426229508","0.2063492063492063","1.2263057506343789","","","0.945945945945946","0.9864864864864864","0.581081081081081","12.0","17.0","21.0","outdoor","3.0","5.0","18.0","6.0","4.1","3.8","4.1","{""2021"": 5, ""2022"": 2, ""2023"": 4, ""2024"": 7, ""2025"": 8}","{""2021"": ""moderate"", ""2022"": ""minor"", ""2023"": ""moderate"", ""2024"": ""moderate"", ""2025"": ""moderate""}","","1.2","","2.3","3.7","60.0"
"Tommy Tremble","TE","CAR","216.0","638.0","26.0","Active","30.0","00-0037005","115.0","0.5994344957587182","2.5","0.087361111111111","0.087361111111111","15.0","","0.0694444444444444","0.0","0.9924978075100208","","","0.5925925925925926","0.5925925925925926","0.8333333333333334","26.0","23.0","25.0","outdoor","1.0","5.0","25.0","3.0","2.0","1.7","2.0","{""2021"": 2, ""2022"": 2, ""2023"": 2, ""2024"": 7, ""2025"": 2}","{""2021"": ""minor"", ""2022"": ""minor"", ""2023"": ""minor"", ""2024"": ""moderate"", ""2025"": ""minor""}","","3.1","","3.9","2.0","49.6"
"Chris Godwin","WR","TB","90.1","90.0","30.0","Active","30.0","00-0033921","625.0","0.3774250440917107","1.5","0.1780653111521873","0.1780653111521873","9.0","corrected","0.1052631578947368","0.0","0.8400595555387482","-3.0","0.0756993965990125","0.7297297297297297","0.7297297297297297","0.5364583333333334","21.0","11.0","18.0","outdoor","2.0","10.0","22.0","3.0","4.2","4.2","4.0","{""2017"": 2, ""2018"": 1, ""2019"": 3, ""2020"": 5, ""2021"": 3, ""2022"": 2, ""2023"": 0, ""2024"": 10, ""2025"": 8}","{""2017"": ""minor"", ""2018"": ""minor"", ""2019"": ""moderate"", ""2020"": ""moderate"", ""2021"": ""moderate"", ""2022"": ""minor"", ""2023"": ""minor"", ""2024"": ""moderate"", ""2025"": ""moderate""}","","2.4","","2.9","2.2","60.0"
"Zach Charbonnet","RB","SEA","161.6","163.0","25.0","PUP","85.0","00-0039165","522.0","0.4595864661654135","2.5","0.0560439560439561","0.2236842105263158","16.0","","0.0461538461538461","0.52","2.2796843046321507","2.0","0.5596382136800452","0.5901639344262295","0.7540983606557377","0.796875","15.0","20.0","13.0","outdoor","1.0","11.0","2.0","4.0","4.4","1.0","1.0","{""2023"": 1, ""2024"": 0, ""2025"": 1}","{""2023"": ""minor"", ""2024"": ""minor"", ""2025"": ""minor""}","","3.4","","2.4","3.2","64.6"
"Will Kacmarek","TE","MIA","216.0","667.0","23.0","Active","30.0","","","","","","","","","","","","","","","","","20.0","30.0","22.0","outdoor","4.0","6.0","4.0","0.0","1.0","1.0","1.0","{}","{}","","2.5","","3.5","4.2","36.0"
"Shane Buechele","QB","BUF","","","28.0","Active","30.0","00-0036679","1.0","0.0260557053009883","0.5","0.0","0.0167652859960552","1.0","","0.0","0.0","0.0","","","0.4391891891891892","0.0945945945945946","0.1081081081081081","3.0","8.0","2.0","outdoor","4.0","7.0","12.0","5.0","3.2","3.2","1.0","{""2025"": 16}","{""2025"": ""season_ending""}","","2.7","","1.0","4.0","27.6"
"Jordan Addison","WR","MIN","88.6","89.0","24.0","Questionable","65.0","00-0038994","181.0","0.7132867132867133","1.5","0.2049755799755802","0.2049755799755802","14.0","corrected","0.1688311688311688","0.0","1.2600893333081222","-7.0","0.0859937257796641","0.8162162162162162","0.8162162162162162","0.859375","28.0","31.0","27.0","dome","3.0","6.0","1.0","4.0","2.3","2.3","1.0","{""2023"": 0, ""2024"": 2, ""2025"": 3}","{""2023"": ""minor"", ""2024"": ""minor"", ""2025"": ""moderate""}","","1.9","","4.4","4.1","50.4"
"Woody Marks","RB","HOU","141.4","142.0","25.0","Active","30.0","00-0040583","220.0","0.4922413793103448","2.5","0.0691681735985533","0.2332071901608325","16.0","","0.1012658227848101","0.4230769230769231","0.8807871176987855","-2.0","0.3817603393425238","0.6557377049180327","0.7704918032786885","0.84375","22.0","5.0","26.0","outdoor","5.0","8.0","14.0","4.0","1.0","1.0","1.0","{""2025"": 1}","{""2025"": ""minor""}","","2.8","","3.0","4.4","29.4"
"Erick All","TE","CIN","215.5","247.0","25.0","Active","30.0","00-0039814","20.0","","","","","","","","","","","","","","","18.0","15.0","10.0","outdoor","2.0","6.0","32.0","3.0","5.0","5.0","1.0","{""2024"": 9, ""2025"": 17}","{""2024"": ""moderate"", ""2025"": ""season_ending""}","","2.5","","2.5","2.1","60.0"
"Jameis Winston","QB","NYG","216.0","464.0","32.0","Active","30.0","00-0031503","331.0","0.1356521739130435","0.5","0.0112657388999334","0.0382513661202185","3.0","","0.0","0.0204081632653061","1.6571699332897014","","","0.9864864864864864","0.4594594594594595","0.3648648648648648","16.0","9.0","15.0","outdoor","1.0","8.0","10.0","4.0","5.0","5.0","4.8","{""2015"": 1, ""2016"": 1, ""2017"": 4, ""2018"": 6, ""2019"": 1, ""2020"": 14, ""2021"": 10, ""2022"": 14, ""2023"": 11, ""2024"": 6, ""2025"": 14}","{""2015"": ""minor"", ""2016"": ""minor"", ""2017"": ""moderate"", ""2018"": ""moderate"", ""2019"": ""minor"", ""2020"": ""season_ending"", ""2021"": ""moderate"", ""2022"": ""season_ending"", ""2023"": ""moderate"", ""2024"": ""moderate"", ""2025"": ""season_ending""}","","3.0","","2.2","2.7","60.0"
"Jordyn Tyson","WR","NO","63.7","64.0","21.0","Active","30.0","","","","","","","","","","","","-9.0","0.0449927431059507","","","","27.0","12.0","28.0","dome","2.0","8.0","29.0","1.0","5.0","1.0","1.0","{}","{}","Hamstring re-injury -- real, decisive timeline: out until Week 9 (reported 2026-08-17)","2.5","","3.8","1.0","62.8"
"Tyrone Tracy","RB","NYG","134.4","134.0","26.0","Active","30.0","00-0039384","442.0","0.4765217391304348","2.5","0.1081510934393637","0.2448087431693989","15.0","","0.0735294117647058","0.2142857142857142","0.7312194939386143","0.0","0.0372315035799523","0.860655737704918","0.7786885245901639","0.828125","16.0","9.0","15.0","outdoor","1.0","8.0","10.0","4.0","1.0","1.0","1.0","{""2024"": 0, ""2025"": 2}","{""2024"": ""minor"", ""2025"": ""minor""}","","2.6","","2.2","2.7","21.7"
"Charlie Kolar","TE","LAC","214.9","234.0","27.0","Active","30.0","00-0038046","31.0","0.3964497041420118","0.5","0.0481950481950482","0.0481950481950482","13.0","","0.0535714285714285","0.0","2.6797440802770565","-18.0","0.3936591809775429","0.287037037037037","0.287037037037037","0.5614035087719298","25.0","10.0","24.0","dome","2.0","7.0","16.0","3.0","5.0","5.0","4.8","{""2022"": 16, ""2023"": 8, ""2024"": 7, ""2025"": 4}","{""2022"": ""season_ending"", ""2023"": ""moderate"", ""2024"": ""moderate"", ""2025"": ""moderate""}","","3.6","","3.4","2.2","72.5"
"Quinn Ewers","QB","MIA","216.0","595.0","23.0","Active","30.0","00-0040234","9.0","0.182466870540265","0.5","0.0091991341991339","0.0373216245883644","4.0","","0.0149253731343283","0.0","0.9997057749736784","","","0.972972972972973","0.4459459459459459","0.3783783783783784","20.0","30.0","22.0","outdoor","4.0","6.0","4.0","0.0","3.2","3.2","1.0","{""2025"": 13}","{""2025"": ""season_ending""}","","1.9","","3.5","4.2","51.9"
"Xavier Worthy","WR","KC","99.6","100.0","23.0","Questionable","65.0","00-0039894","132.0","0.5795148247978437","0.5","0.1614623991673173","0.1614623991673173","14.0","corrected","0.074074074074074","0.0","0.2615279748375348","-1.0","0.0608519269776876","0.6810810810810811","0.6810810810810811","0.7604166666666666","12.0","17.0","21.0","outdoor","3.0","5.0","18.0","6.0","2.3","2.3","1.0","{""2024"": 1, ""2025"": 3}","{""2024"": ""minor"", ""2025"": ""moderate""}","","1.4","","2.3","3.7","26.0"
"Isiah Pacheco","RB","DET","152.0","151.0","27.0","Active","30.0","00-0037197","664.0","0.3809523809523809","2.5","0.0619307832422587","0.1857077833409194","13.0","","0.0493827160493827","0.2272727272727272","0.5657610683028694","-19.0","0.7025641025641026","0.6147540983606558","0.6475409836065574","0.71875","9.0","13.0","3.0","dome","2.0","6.0","24.0","5.0","3.2","3.2","2.9","{""2022"": 0, ""2023"": 3, ""2024"": 10, ""2025"": 4}","{""2022"": ""minor"", ""2023"": ""moderate"", ""2024"": ""moderate"", ""2025"": ""moderate""}","","3.2","","1.3","2.4","44.1"
"Austin Hooper","TE","ATL","216.0","330.0","31.0","Active","30.0","00-0032392","430.0","0.4680073126142596","0.5","0.070539419087137","0.070539419087137","13.0","","0.0757575757575757","0.0","1.2760686096557412","","","0.5185185185185185","0.5185185185185185","0.6403508771929824","23.0","14.0","23.0","outdoor","2.0","11.0","26.0","3.0","2.7","2.7","2.0","{""2016"": 4, ""2017"": 1, ""2018"": 1, ""2019"": 4, ""2020"": 4, ""2021"": 2, ""2022"": 0, ""2023"": 1, ""2024"": 0, ""2025"": 4}","{""2016"": ""moderate"", ""2017"": ""minor"", ""2018"": ""minor"", ""2019"": ""moderate"", ""2020"": ""moderate"", ""2021"": ""minor"", ""2022"": ""minor"", ""2023"": ""minor"", ""2024"": ""minor"", ""2025"": ""moderate""}","","2.3","","3.3","2.0","43.2"
"Tyson Bagent","QB","CHI","216.0","663.0","26.0","Active","30.0","00-0038416","31.0","0.0121317157712305","0.5","0.0","0.015755329008341","2.0","","0.0","0.0","0.0","","","0.4391891891891892","0.027027027027027","0.054054054054054","8.0","2.0","9.0","outdoor","1.0","10.0","11.0","5.0","5.0","5.0","4.8","{""2023"": 12, ""2024"": 13, ""2025"": 15}","{""2023"": ""season_ending"", ""2024"": ""season_ending"", ""2025"": ""season_ending""}","","3.0","","1.1","2.6","60.0"
"Josh Downs","WR","IND","87.2","87.0","24.0","Active","30.0","00-0038997","201.0","0.5541044776119403","2.5","0.176415094339623","0.176415094339623","16.0","","0.180722891566265","0.0","0.924065511092623","5.0","0.0374100719424459","0.7243243243243244","0.7243243243243244","0.7135416666666666","7.0","19.0","5.0","outdoor","2.0","13.0","30.0","2.0","1.0","1.0","1.0","{""2023"": 0, ""2024"": 3, ""2025"": 1}","{""2023"": ""minor"", ""2024"": ""moderate"", ""2025"": ""minor""}","","3.0","","1.4","1.5","21.8"
"Justice Hill","RB","BAL","214.0","225.0","28.0","Active","30.0","00-0034975","384.0","0.2159763313609467","0.5","0.1127764127764127","0.0823466092572658","10.0","corrected","0.0178571428571428","0.0283018867924528","2.981125629134351","10.0","0.5588615782664942","0.8934426229508197","0.3442622950819672","0.5390625","11.0","29.0","11.0","outdoor","3.0","13.0","28.0","4.0","4.8","4.2","4.8","{""2019"": 1, ""2020"": 6, ""2021"": 17, ""2022"": 2, ""2023"": 1, ""2024"": 2, ""2025"": 7}","{""2019"": ""minor"", ""2020"": ""moderate"", ""2021"": ""season_ending"", ""2022"": ""minor"", ""2023"": ""minor"", ""2024"": ""minor"", ""2025"": ""moderate""}","","3.0","","2.3","2.5","64.0"
"Josh Oliver","TE","MIN","216.0","501.0","29.0","Active","30.0","00-0035249","85.0","0.3996003996003996","0.5","0.057514245014245","0.057514245014245","12.0","","0.0909090909090909","0.0","3.572992107036076","","","0.3981481481481481","0.3981481481481481","0.5701754385964912","28.0","31.0","27.0","dome","3.0","6.0","1.0","4.0","5.0","5.0","4.8","{""2019"": 14, ""2020"": 17, ""2021"": 6, ""2022"": 5, ""2023"": 4, ""2024"": 5, ""2025"": 5}","{""2019"": ""season_ending"", ""2020"": ""season_ending"", ""2021"": ""moderate"", ""2022"": ""moderate"", ""2023"": ""moderate"", ""2024"": ""moderate"", ""2025"": ""moderate""}","","3.3","","4.4","4.1","79.8"
"Will Levis","QB","TEN","216.0","668.0","27.0","Active","30.0","00-0039152","70.0","","","","","","","","","","","","","","","30.0","28.0","32.0","outdoor","1.0","9.0","23.0","0.0","5.0","5.0","4.8","{""2023"": 8, ""2024"": 5, ""2025"": 17}","{""2023"": ""moderate"", ""2024"": ""moderate"", ""2025"": ""season_ending""}","","2.5","","4.7","1.1","73.6"
"Khalil Shakir","WR","BUF","126.5","127.0","26.0","Active","30.0","00-0037261","201.0","0.5609540636042403","2.5","0.2107254697286013","0.2107254697286013","16.0","","0.1923076923076923","0.0","0.7595058995281833","1.0","0.1059988351776353","0.8324324324324325","0.8324324324324325","0.734375","3.0","8.0","2.0","outdoor","4.0","7.0","12.0","5.0","1.1","1.1","1.0","{""2022"": 7, ""2023"": 1, ""2024"": 2, ""2025"": 1}","{""2022"": ""moderate"", ""2023"": ""minor"", ""2024"": ""minor"", ""2025"": ""minor""}","","2.7","","1.0","4.0","18.5"
"Chris Rodriguez","RB","JAX","129.3","130.0","26.0","Active","30.0","00-0038611","204.0","0.2419354838709677","2.5","0.0131172839506171","0.1724379153550192","12.0","","0.0196078431372549","0.351063829787234","2.0219808614998205","5.0","0.3185759926973985","0.2295081967213114","0.6065573770491803","0.578125","13.0","7.0","6.0","outdoor","3.0","7.0","17.0","3.0","4.8","4.7","4.8","{""2023"": 8, ""2024"": 10, ""2025"": 5}","{""2023"": ""moderate"", ""2024"": ""moderate"", ""2025"": ""moderate""}","","4.6","","1.6","3.0","74.5"
"Eli Stowers","TE","PHI","210.7","212.0","23.0","Active","30.0","","","","","","","","","","","","-2.0","0.4317343173431735","","","","17.0","24.0","16.0","outdoor","2.0","10.0","3.0","6.0","1.0","1.0","1.0","{}","{}","","2.5","","2.8","3.6","29.8"
"Jarrett Stidham","QB","DEN","215.9","290.0","29.0","Active","30.0","00-0035264","37.0","0.0035087719298245","0.5","0.0","0.0159027128157156","1.0","","0.0","0.0","0.0","-30.0","0.1566068515497553","0.4391891891891892","0.0405405405405405","0.0405405405405405","10.0","3.0","14.0","outdoor","3.0","10.0","21.0","5.0","5.0","5.0","4.8","{""2019"": 14, ""2020"": 12, ""2021"": 17, ""2022"": 14, ""2023"": 15, ""2024"": 15, ""2025"": 16}","{""2019"": ""season_ending"", ""2020"": ""season_ending"", ""2021"": ""season_ending"", ""2022"": ""season_ending"", ""2023"": ""season_ending"", ""2024"": ""season_ending"", ""2025"": ""season_ending""}","","2.7","","1.5","3.0","60.0"
"Makai Lemon","WR","PHI","73.6","73.0","22.0","Questionable","65.0","","","","","","","","","","","","-4.0","0.0330275229357798","","","","17.0","24.0","16.0","outdoor","2.0","10.0","3.0","6.0","1.0","1.0","1.0","{}","{}","","2.5","","2.8","3.6","32.6"
"Brian Robinson","RB","ATL","175.9","175.0","27.0","Active","30.0","00-0037746","735.0","0.1694915254237288","0.5","0.0218181818181818","0.0985781990521327","17.0","","0.0444444444444444","0.13","0.7750926635749312","4.0","0.3435662965382104","0.2950819672131147","0.4426229508196721","0.4921875","23.0","14.0","23.0","outdoor","2.0","11.0","26.0","3.0","1.6","1.1","1.6","{""2022"": 5, ""2023"": 2, ""2024"": 3, ""2025"": 0}","{""2022"": ""moderate"", ""2023"": ""minor"", ""2024"": ""moderate"", ""2025"": ""minor""}","","2.4","","3.3","2.0","31.3"
"Daniel Bellinger","TE","TEN","216.0","381.0","25.0","Active","30.0","00-0038115","89.0","0.4826086956521739","1.5","0.0675944333996024","0.0675944333996024","13.0","","0.088235294117647","0.0","1.4103916211984506","","","0.5","0.5","0.6929824561403509","30.0","28.0","32.0","outdoor","1.0","9.0","23.0","0.0","3.4","2.8","3.4","{""2022"": 6, ""2023"": 3, ""2024"": 5, ""2025"": 4}","{""2022"": ""moderate"", ""2023"": ""moderate"", ""2024"": ""moderate"", ""2025"": ""moderate""}","","3.2","","4.7","1.1","66.4"
"Jake Browning","QB","TB","216.0","456.0","30.0","Active","30.0","00-0035100","39.0","0.1908190819081908","0.5","0.0","0.0299706170421155","5.0","","0.0","0.032258064516129","1.6015187041866887","","","0.4391891891891892","0.3513513513513513","0.3918918918918919","21.0","11.0","18.0","outdoor","2.0","10.0","22.0","3.0","5.0","5.0","4.8","{""2023"": 8, ""2024"": 15, ""2025"": 12}","{""2023"": ""moderate"", ""2024"": ""season_ending"", ""2025"": ""season_ending""}","","3.7","","2.9","2.2","62.3"
"Romeo Doubs","WR","NE","116.2","116.0","26.0","Active","30.0","00-0037816","203.0","0.7421503330161751","2.5","0.1963315217391302","0.1963315217391302","16.0","","0.2608695652173913","0.0","1.5121071999697466","-4.0","0.0952757461949001","0.7837837837837838","0.7837837837837838","0.8802083333333334","1.0","18.0","4.0","outdoor","2.0","11.0","19.0","4.0","1.2","1.2","1.0","{""2022"": 4, ""2023"": 0, ""2024"": 4, ""2025"": 1}","{""2022"": ""moderate"", ""2023"": ""minor"", ""2024"": ""moderate"", ""2025"": ""minor""}","","2.9","","1.0","2.6","19.5"
"Dylan Sampson","RB","CLE","171.9","171.0","21.0","Active","30.0","00-0040162","98.0","0.2299168975069252","0.5","0.086845466155811","0.1215526046986721","15.0","","0.1052631578947368","0.1147540983606557","0.7909108811989093","7.0","0.1131625967837998","0.7459016393442623","0.4918032786885246","0.5625","31.0","22.0","29.0","outdoor","4.0","11.0","31.0","1.0","1.0","1.0","1.0","{""2025"": 2}","{""2025"": ""minor""}","","1.8","","4.5","2.3","26.8"
"Brock Wright","TE","DET","216.0","348.0","27.0","Active","30.0","00-0036754","70.0","0.364877161055505","1.5","0.085","0.085","8.0","corrected","0.0222222222222222","0.0","1.914102914483612","","","0.5833333333333334","0.5833333333333334","0.5263157894736842","9.0","13.0","3.0","dome","2.0","6.0","24.0","5.0","4.8","4.7","4.8","{""2021"": 9, ""2022"": 3, ""2023"": 8, ""2024"": 6, ""2025"": 9}","{""2021"": ""moderate"", ""2022"": ""moderate"", ""2023"": ""moderate"", ""2024"": ""moderate"", ""2025"": ""moderate""}","","3.6","","1.3","2.4","60.0"
"Teddy Bridgewater","QB","DET","216.0","630.0","33.0","Active","30.0","00-0031237","224.0","0.0308641975308641","0.5","0.0","0.016504854368932","3.0","","0.0","0.0","0.0","","","0.4391891891891892","0.081081081081081","0.1351351351351351","9.0","13.0","3.0","dome","2.0","6.0","24.0","5.0","5.0","5.0","4.8","{""2014"": 4, ""2015"": 1, ""2016"": 17, ""2017"": 16, ""2018"": 13, ""2019"": 8, ""2020"": 2, ""2021"": 3, ""2022"": 12, ""2023"": 16, ""2024"": 17, ""2025"": 14}","{""2014"": ""moderate"", ""2015"": ""minor"", ""2016"": ""season_ending"", ""2017"": ""season_ending"", ""2018"": ""season_ending"", ""2019"": ""moderate"", ""2020"": ""minor"", ""2021"": ""moderate"", ""2022"": ""season_ending"", ""2023"": ""season_ending"", ""2024"": ""season_ending"", ""2025"": ""season_ending""}","","3.0","","1.3","2.4","60.0"
"Rashid Shaheed","WR","SEA","130.1","131.0","27.0","Active","30.0","00-0037545","179.0","0.3790035587188612","0.5","0.16283185840708","0.16283185840708","17.0","","0.0307692307692307","0.0","0.4076759607761572","-6.0","0.2633727175080558","0.6918918918918919","0.6918918918918919","0.5416666666666666","15.0","20.0","13.0","outdoor","1.0","11.0","2.0","4.0","2.9","2.5","2.9","{""2022"": 5, ""2023"": 2, ""2024"": 11, ""2025"": 0}","{""2022"": ""moderate"", ""2023"": ""minor"", ""2024"": ""moderate"", ""2025"": ""minor""}","","1.7","","2.4","3.2","32.6"
"Samaje Perine","RB","CIN","215.5","250.0","30.0","Active","30.0","00-0033526","754.0","0.3114311431143114","0.5","0.0391447368421052","0.1165523996082272","15.0","","0.0121951219512195","0.2580645161290322","1.1511277181805908","9.0","0.5151079136690648","0.4672131147540984","0.4836065573770491","0.6640625","18.0","15.0","10.0","outdoor","2.0","6.0","32.0","3.0","4.8","1.8","4.8","{""2017"": 4, ""2018"": 13, ""2019"": 13, ""2020"": 5, ""2021"": 2, ""2022"": 1, ""2023"": 0, ""2024"": 0, ""2025"": 2}","{""2017"": ""moderate"", ""2018"": ""season_ending"", ""2019"": ""season_ending"", ""2020"": ""moderate"", ""2021"": ""minor"", ""2022"": ""minor"", ""2023"": ""minor"", ""2024"": ""minor"", ""2025"": ""minor""}","","2.1","","2.5","2.1","60.0"
"Noah Gray","TE","KC","216.0","588.0","27.0","Active","30.0","00-0036637","127.0","0.4896675651392632","0.5","0.0818371064272703","0.0818371064272703","14.0","","0.037037037037037","0.0","0.0","","","0.5648148148148148","0.5648148148148148","0.7017543859649122","12.0","17.0","21.0","outdoor","3.0","5.0","18.0","6.0","2.3","2.3","1.0","{""2021"": 10, ""2022"": 0, ""2023"": 1, ""2024"": 1, ""2025"": 3}","{""2021"": ""moderate"", ""2022"": ""minor"", ""2023"": ""minor"", ""2024"": ""minor"", ""2025"": ""moderate""}","","1.7","","2.3","3.7","28.8"
"Tyrod Taylor","QB","GB","216.0","662.0","37.0","Active","30.0","00-0028118","436.0","0.2395038167938931","0.5","0.0","0.0805263157894736","6.0","","0.0","0.0476190476190476","1.142520885684204","","","0.4391891891891892","0.8378378378378378","0.4324324324324324","5.0","21.0","12.0","outdoor","2.0","11.0","9.0","6.0","5.0","5.0","4.8","{""2011"": 15, ""2012"": 12, ""2013"": 14, ""2014"": 16, ""2015"": 3, ""2016"": 2, ""2017"": 2, ""2018"": 13, ""2019"": 13, ""2020"": 15, ""2021"": 11, ""2022"": 15, ""2023"": 7, ""2024"": 15, ""2025"": 11}","{""2011"": ""season_ending"", ""2012"": ""season_ending"", ""2013"": ""season_ending"", ""2014"": ""season_ending"", ""2015"": ""moderate"", ""2016"": ""minor"", ""2017"": ""minor"", ""2018"": ""season_ending"", ""2019"": ""season_ending"", ""2020"": ""season_ending"", ""2021"": ""moderate"", ""2022"": ""season_ending"", ""2023"": ""moderate"", ""2024"": ""season_ending"", ""2025"": ""moderate""}","","2.1","","1.5","3.2","60.0"
"Tyler Allgeier","RB","ARI","156.0","158.0","26.0","Active","30.0","00-0037263","737.0","0.2992700729927007","0.5","0.0308285163776493","0.1555772994129158","17.0","","0.015625","0.4444444444444444","1.9747583785348568","0.0","0.2516212710765239","0.3770491803278688","0.5737704918032787","0.6484375","24.0","16.0","20.0","outdoor","1.0","14.0","7.0","0.0","1.0","1.0","1.0","{""2022"": 1, ""2023"": 0, ""2024"": 0, ""2025"": 0}","{""2022"": ""minor"", ""2023"": ""minor"", ""2024"": ""minor"", ""2025"": ""minor""}","","2.8","","3.4","2.1","29.2"
"John Metchie","WR","CAR","215.9","292.0","26.0","Active","30.0","00-0037614","77.0","0.3950381679389313","0.5","0.1352785145888594","0.1352785145888594","13.0","corrected","0.081967213114754","0.0","0.7700545925771858","-1.0","1.0827423167848702","0.6054054054054054","0.6054054054054054","0.578125","26.0","23.0","25.0","outdoor","1.0","5.0","25.0","3.0","5.0","5.0","4.8","{""2022"": 17, ""2023"": 3, ""2024"": 7, ""2025"": 4}","{""2022"": ""season_ending"", ""2023"": ""moderate"", ""2024"": ""moderate"", ""2025"": ""moderate""}","","1.8","","3.9","2.0","60.0"
"Luke Musgrave","TE","GB","216.0","543.0","25.0","PUP","85.0","00-0039144","65.0","0.4072312083729781","0.5","0.0881270903010033","0.0881270903010033","13.0","corrected","0.0144927536231884","0.0","0.0","","","0.6018518518518519","0.6018518518518519","0.5877192982456141","5.0","21.0","12.0","outdoor","2.0","11.0","9.0","6.0","4.5","4.1","4.5","{""2023"": 6, ""2024"": 10, ""2025"": 4}","{""2023"": ""moderate"", ""2024"": ""moderate"", ""2025"": ""moderate""}","","1.8","","1.5","3.2","60.0"
"Tommy DeVito","QB","NE","216.0","636.0","28.0","Active","30.0","00-0038476","44.0","","","","","","","","","","","","","","","1.0","18.0","4.0","outdoor","2.0","11.0","19.0","4.0","5.0","5.0","4.8","{""2023"": 8, ""2024"": 15, ""2025"": 17}","{""2023"": ""moderate"", ""2024"": ""season_ending"", ""2025"": ""season_ending""}","","2.5","","1.0","2.6","60.0"
"Matthew Golden","WR","GB","107.9","108.0","23.0","Active","30.0","00-0040667","39.0","0.4300666032350143","1.5","0.1161490683229814","0.1161490683229814","14.0","corrected","0.0289855072463768","0.0212765957446808","0.0","-3.0","0.0050495241794523","0.5351351351351351","0.5351351351351351","0.6302083333333334","5.0","21.0","12.0","outdoor","2.0","11.0","9.0","6.0","2.3","2.3","1.0","{""2025"": 3}","{""2025"": ""moderate""}","","2.7","","1.5","3.2","29.5"
"Elijah Arroyo","TE","SEA","215.9","281.0","23.0","Active","30.0","00-0040739","15.0","0.2969924812030075","1.5","0.0747252747252746","0.0747252747252746","13.0","","0.0769230769230769","0.0","0.8932480267590188","5.0","0.3941908713692946","0.5462962962962963","0.5462962962962963","0.4210526315789473","15.0","20.0","13.0","outdoor","1.0","11.0","2.0","4.0","2.5","2.5","1.0","{""2025"": 4}","{""2025"": ""moderate""}","","3.0","","2.4","3.2","41.7"
"AJ Dillon","RB","CAR","216.0","315.0","28.0","Active","30.0","00-0036265","698.0","0.0474383301707779","0.5","0.0183189655172413","0.0435897435897435","6.0","","0.0163934426229508","0.0222222222222222","0.0","","","0.2459016393442623","0.2459016393442623","0.2421875","26.0","23.0","25.0","outdoor","1.0","5.0","25.0","3.0","5.0","5.0","4.8","{""2020"": 8, ""2021"": 0, ""2022"": 0, ""2023"": 2, ""2024"": 17, ""2025"": 11}","{""2020"": ""moderate"", ""2021"": ""minor"", ""2022"": ""minor"", ""2023"": ""minor"", ""2024"": ""season_ending"", ""2025"": ""moderate""}","","3.0","","3.9","2.0","74.1"
"Tyler Huntley","QB","BAL","216.0","657.0","28.0","Active","30.0","00-0035993","165.0","0.1942800788954635","0.5","0.0","0.0878363832077502","5.0","","0.0","0.0660377358490566","0.6737943684804281","","","0.4391891891891892","0.8648648648648649","0.4189189189189189","11.0","29.0","11.0","outdoor","3.0","13.0","28.0","4.0","5.0","5.0","4.8","{""2020"": 15, ""2021"": 10, ""2022"": 12, ""2023"": 12, ""2024"": 12, ""2025"": 12}","{""2020"": ""season_ending"", ""2021"": ""moderate"", ""2022"": ""season_ending"", ""2023"": ""season_ending"", ""2024"": ""season_ending"", ""2025"": ""season_ending""}","","2.0","","2.3","2.5","60.0"
"Calvin Ridley","WR","TEN","188.3","188.0","31.0","Active","30.0","00-0034837","435.0","0.2367424242424242","2.5","0.1649595687331536","0.1649595687331536","7.0","corrected","0.0392156862745098","0.0","0.0","-18.0","0.6722164412070761","0.7081081081081081","0.7081081081081081","0.3645833333333333","30.0","28.0","32.0","outdoor","1.0","9.0","23.0","0.0","5.0","5.0","4.8","{""2018"": 1, ""2019"": 4, ""2020"": 2, ""2021"": 12, ""2022"": 17, ""2023"": 0, ""2024"": 0, ""2025"": 10}","{""2018"": ""minor"", ""2019"": ""moderate"", ""2020"": ""minor"", ""2021"": ""season_ending"", ""2022"": ""season_ending"", ""2023"": ""minor"", ""2024"": ""minor"", ""2025"": ""moderate""}","","3.5","","4.7","1.1","80.1"
"Ty Johnson","RB","BUF","215.6","256.0","28.0","Active","30.0","00-0035537","464.0","0.2959363957597173","0.5","0.0688935281837161","0.0796545105566218","17.0","","0.0512820512820512","0.1623931623931624","2.618556295861254","5.0","0.5568268497330282","0.6475409836065574","0.3360655737704918","0.6328125","3.0","8.0","2.0","outdoor","4.0","7.0","12.0","5.0","2.6","1.8","2.6","{""2019"": 1, ""2020"": 6, ""2021"": 2, ""2022"": 5, ""2023"": 8, ""2024"": 0, ""2025"": 0}","{""2019"": ""minor"", ""2020"": ""moderate"", ""2021"": ""minor"", ""2022"": ""moderate"", ""2023"": ""moderate"", ""2024"": ""minor"", ""2025"": ""minor""}","","3.0","","1.0","4.0","36.3"
"Adam Trautman","TE","DEN","216.0","317.0","29.0","Active","30.0","00-0036422","115.0","0.5710526315789474","1.5","0.0515015806111696","0.0515015806111696","13.0","","0.0112359550561797","0.0","0.6699360200692641","","","0.3148148148148148","0.3148148148148148","0.8157894736842105","10.0","3.0","14.0","outdoor","3.0","10.0","21.0","5.0","4.3","3.0","4.3","{""2020"": 7, ""2021"": 6, ""2022"": 5, ""2023"": 1, ""2024"": 4, ""2025"": 4}","{""2020"": ""moderate"", ""2021"": ""moderate"", ""2022"": ""moderate"", ""2023"": ""minor"", ""2024"": ""moderate"", ""2025"": ""moderate""}","","2.8","","1.5","3.0","60.0"
"Mac Jones","QB","SF","216.0","546.0","27.0","Active","30.0","00-0036972","181.0","0.4870651204281891","0.5","0.0","0.0527358897027143","11.0","","0.0","0.03","1.2263057506343789","","","0.4391891891891892","0.6216216216216216","0.6081081081081081","6.0","6.0","8.0","outdoor","2.0","8.0","15.0","5.0","3.4","3.4","3.3","{""2021"": 0, ""2022"": 3, ""2023"": 6, ""2024"": 7, ""2025"": 6}","{""2021"": ""minor"", ""2022"": ""moderate"", ""2023"": ""moderate"", ""2024"": ""moderate"", ""2025"": ""moderate""}","","2.2","","1.0","2.9","23.5"
"Jalen Coker","WR","CAR","127.4","128.0","24.0","Active","30.0","00-0039491","65.0","0.413760603204524","0.5","0.1384469696969696","0.1384469696969696","11.0","corrected","0.0694444444444444","0.0","1.2600893333081222","14.0","0.0867562380038388","0.6162162162162163","0.6162162162162163","0.6145833333333334","26.0","23.0","25.0","outdoor","1.0","5.0","25.0","3.0","3.8","3.8","1.0","{""2024"": 6, ""2025"": 6}","{""2024"": ""moderate"", ""2025"": ""moderate""}","","2.0","","3.9","2.0","53.3"
"Jordan James","RB","SF","214.0","224.0","22.0","Questionable","65.0","00-0040177","","0.0026761819803746","","","","","","","","","9.0","0.4278462654097171","","","0.09375","6.0","6.0","8.0","outdoor","2.0","8.0","15.0","5.0","3.2","3.2","1.0","{""2025"": 17}","{""2025"": ""season_ending""}","","2.5","","1.0","2.9","37.0"
"Eli Raridon","TE","NE","215.4","244.0","22.0","Active","30.0","","","","","","","","","","","","-24.0","0.3518225039619652","","","","1.0","18.0","4.0","outdoor","2.0","11.0","19.0","4.0","1.0","1.0","1.0","{}","{}","","2.5","","1.0","2.6","14.4"
"Trey Lance","QB","LAC","216.0","647.0","26.0","Active","30.0","00-0037012","82.0","0.0874890638670166","0.5","0.0","0.0698067632850241","4.0","","0.0","0.0","0.0","","","0.4391891891891892","0.7432432432432432","0.2567567567567567","25.0","10.0","24.0","dome","2.0","7.0","16.0","3.0","5.0","5.0","4.8","{""2021"": 11, ""2022"": 15, ""2023"": 17, ""2024"": 13, ""2025"": 13}","{""2021"": ""moderate"", ""2022"": ""season_ending"", ""2023"": ""season_ending"", ""2024"": ""season_ending"", ""2025"": ""season_ending""}","","2.3","","3.4","2.2","60.0"
"Braelon Allen","RB","NYJ","213.2","221.0","22.0","Active","30.0","00-0039794","131.0","0.0553435114503816","0.5","0.0270127118644066","0.0939473684210526","4.0","corrected","0.0327868852459016","0.1111111111111111","1.937731658937328","-5.0","0.5098658247829518","0.319672131147541","0.4016393442622951","0.2890625","29.0","27.0","30.0","outdoor","2.0","13.0","13.0","0.0","5.0","5.0","1.0","{""2024"": 0, ""2025"": 13}","{""2024"": ""minor"", ""2025"": ""season_ending""}","","4.1","","4.5","2.2","86.9"
"Davis Allen","TE","LAR","216.0","388.0","25.0","Questionable","65.0","00-0039074","40.0","0.5154185022026432","1.5","0.0643717728055077","0.0643717728055077","15.0","","0.0642201834862385","0.0","1.6748400501731602","","","0.4629629629629629","0.4629629629629629","0.7456140350877193","2.0","4.0","1.0","dome","1.0","11.0","5.0","6.0","4.8","3.8","4.8","{""2023"": 10, ""2024"": 10, ""2025"": 2}","{""2023"": ""moderate"", ""2024"": ""moderate"", ""2025"": ""minor""}","","3.4","","1.0","2.8","60.0"
"Tanner McKee","QB","PHI","216.0","627.0","26.0","Active","30.0","00-0038400","13.0","0.0844402277039848","0.5","0.0","0.0348717948717948","4.0","","0.0","0.0","0.6011302699188131","","","0.4391891891891892","0.4054054054054054","0.2297297297297297","17.0","24.0","16.0","outdoor","2.0","10.0","3.0","6.0","5.0","5.0","4.8","{""2023"": 17, ""2024"": 15, ""2025"": 13}","{""2023"": ""season_ending"", ""2024"": ""season_ending"", ""2025"": ""season_ending""}","","2.7","","2.8","3.6","60.0"
"Theo Wease","WR","MIA","216.0","633.0","25.0","Active","30.0","00-0040311","6.0","0.056065239551478","0.5","0.1226551226551223","0.1226551226551223","3.0","corrected","0.0149253731343283","0.0","2.3101637777315576","","","0.5675675675675675","0.5675675675675675","0.125","20.0","30.0","22.0","outdoor","4.0","6.0","4.0","0.0","3.2","3.2","1.0","{""2025"": 14}","{""2025"": ""season_ending""}","","3.5","","3.5","4.2","61.4"
"Tre Tucker","WR","LV","156.0","157.0","25.0","Active","30.0","00-0038563","153.0","0.9486404833836858","1.5","0.186234817813765","0.186234817813765","17.0","","0.1612903225806451","0.0212765957446808","1.019189901940393","3.0","0.1693342611922987","0.7783783783783784","0.7783783783783784","1.0","32.0","32.0","31.0","dome","4.0","13.0","20.0","0.0","1.0","1.0","1.0","{""2023"": 4, ""2024"": 0, ""2025"": 0}","{""2023"": ""moderate"", ""2024"": ""minor"", ""2025"": ""minor""}","","1.6","","5.0","1.9","43.5"
"Emari Demercado","RB","KC","215.8","266.0","27.0","Active","30.0","00-0038705","176.0","0.1726872246696035","0.5","0.0459211237169097","0.0893267651888341","12.0","","0.0380952380952381","0.0961538461538461","0.6799058452411676","-1.0","0.7891283973758202","0.5081967213114754","0.3934426229508196","0.5078125","12.0","17.0","21.0","outdoor","3.0","5.0","18.0","6.0","3.4","3.1","3.4","{""2023"": 6, ""2024"": 4, ""2025"": 5}","{""2023"": ""moderate"", ""2024"": ""moderate"", ""2025"": ""moderate""}","","2.2","","2.3","3.7","44.2"
"Ben Sims","TE","MIA","216.0","334.0","26.0","Active","30.0","00-0038809","11.0","0.0829170829170829","1.5","0.0726495726495725","0.0726495726495725","3.0","corrected","0.0129870129870129","0.0","0.0","","","0.5277777777777778","0.5277777777777778","0.175438596491228","20.0","30.0","22.0","outdoor","4.0","6.0","4.0","0.0","5.0","5.0","4.8","{""2023"": 11, ""2024"": 13, ""2025"": 14}","{""2023"": ""moderate"", ""2024"": ""season_ending"", ""2025"": ""season_ending""}","","3.2","","3.5","4.2","71.9"
"Joe Flacco","QB","CIN","216.0","483.0","41.0","Active","30.0","00-0026158","408.0","0.3762376237623762","0.5","0.0","0.0268967076018985","13.0","","0.0","0.0806451612903225","1.1224766596195688","","","0.4391891891891892","0.2972972972972973","0.5135135135135135","18.0","15.0","10.0","outdoor","2.0","6.0","32.0","3.0","5.0","5.0","4.8","{""2008"": 1, ""2009"": 1, ""2010"": 1, ""2011"": 1, ""2012"": 1, ""2013"": 1, ""2014"": 1, ""2015"": 7, ""2016"": 1, ""2017"": 1, ""2018"": 8, ""2019"": 9, ""2020"": 12, ""2021"": 15, ""2022"": 12, ""2023"": 12, ""2024"": 10, ""2025"": 4}","{""2008"": ""minor"", ""2009"": ""minor"", ""2010"": ""minor"", ""2011"": ""minor"", ""2012"": ""minor"", ""2013"": ""minor"", ""2014"": ""minor"", ""2015"": ""moderate"", ""2016"": ""minor"", ""2017"": ""minor"", ""2018"": ""moderate"", ""2019"": ""moderate"", ""2020"": ""season_ending"", ""2021"": ""season_ending"", ""2022"": ""season_ending"", ""2023"": ""season_ending"", ""2024"": ""moderate"", ""2025"": ""moderate""}","","2.6","","2.5","2.1","60.0"
"Tank Dell","WR","HOU","184.4","185.0","26.0","Questionable","65.0","00-0038977","118.0","","","","","","","","","","-25.0","0.6781807714450202","","","","22.0","5.0","26.0","outdoor","5.0","8.0","14.0","4.0","5.0","5.0","4.8","{""2023"": 7, ""2024"": 3, ""2025"": 17}","{""2023"": ""moderate"", ""2024"": ""moderate"", ""2025"": ""season_ending""}","","2.5","","3.0","4.4","60.0"
"Mike Washington","RB","LV","198.5","198.0","23.0","Active","30.0","","","","","","","","","","","","4.0","0.1974921630094043","","","","32.0","32.0","31.0","dome","4.0","13.0","20.0","0.0","1.0","1.0","1.0","{}","{}","","2.5","","5.0","1.9","35.0"
"Kenny Pickett","QB","CAR","216.0","523.0","28.0","Active","30.0","00-0038102","111.0","0.0795568982880161","0.5","0.0","0.016025641025641","6.0","","0.0","0.0","0.6131528753171894","","","0.4391891891891892","0.054054054054054","0.2162162162162162","26.0","23.0","25.0","outdoor","1.0","5.0","25.0","3.0","5.0","5.0","4.8","{""2022"": 4, ""2023"": 5, ""2024"": 12, ""2025"": 11}","{""2022"": ""moderate"", ""2023"": ""moderate"", ""2024"": ""season_ending"", ""2025"": ""moderate""}","","3.1","","3.9","2.0","69.7"
"Marlin Klein","TE","HOU","216.0","554.0","23.0","Active","30.0","","","","","","","","","","","","","","","","","22.0","5.0","26.0","outdoor","5.0","8.0","14.0","4.0","1.0","1.0","1.0","{}","{}","","2.5","","3.0","4.4","32.2"
"KC Concepcion","WR","CLE","117.6","117.0","21.0","Active","30.0","","","","","","","","","","","","-4.0","0.0252406417112298","","","","31.0","22.0","29.0","outdoor","4.0","11.0","31.0","1.0","1.0","1.0","1.0","{}","{}","","2.5","","4.5","2.3","47.1"
"Kaelon Black","RB","SF","202.2","200.0","24.0","Questionable","65.0","","","","","","","","","","","","-14.0","0.5430954587581094","","","","6.0","6.0","8.0","outdoor","2.0","8.0","15.0","5.0","1.0","1.0","1.0","{}","{}","","2.5","","1.0","2.9","14.7"
"John Bates","TE","WAS","216.0","488.0","28.0","Questionable","65.0","00-0036628","72.0","0.4544592030360531","0.5","0.0629629629629629","0.0629629629629629","10.0","corrected","0.0392156862745098","0.0","1.2180654910350257","","","0.4444444444444444","0.4444444444444444","0.631578947368421","19.0","26.0","19.0","outdoor","1.0","7.0","8.0","4.0","4.8","4.0","4.8","{""2021"": 5, ""2022"": 8, ""2023"": 2, ""2024"": 4, ""2025"": 7}","{""2021"": ""moderate"", ""2022"": ""moderate"", ""2023"": ""minor"", ""2024"": ""moderate"", ""2025"": ""moderate""}","","2.4","","3.2","2.8","60.0"
"Spencer Rattler","QB","NO","216.0","619.0","25.0","Active","30.0","00-0039376","50.0","0.4359430604982206","0.5","0.006686332350049","0.0570716915746155","9.0","","0.0192307692307692","0.0746268656716417","0.8486544987089127","","","0.9594594594594594","0.6756756756756757","0.5675675675675675","27.0","12.0","28.0","dome","2.0","8.0","29.0","1.0","5.0","5.0","1.0","{""2024"": 10, ""2025"": 8}","{""2024"": ""moderate"", ""2025"": ""moderate""}","","1.4","","3.8","1.0","60.0"
"Tank Bigsby","RB","PHI","159.8","160.0","23.0","Active","30.0","00-0038555","292.0","0.1185958254269449","0.5","0.0082876294942108","0.0778803418803418","15.0","","0.0163934426229508","0.1888888888888888","1.1743828235983806","-2.0","0.0372670807453414","0.2049180327868852","0.3114754098360656","0.4296875","17.0","24.0","16.0","outdoor","2.0","10.0","3.0","6.0","1.1","1.1","1.0","{""2023"": 4, ""2024"": 1, ""2025"": 2}","{""2023"": ""moderate"", ""2024"": ""minor"", ""2025"": ""minor""}","","3.1","","2.8","3.6","31.1"
"Jerry Jeudy","WR","CLE","178.5","177.0","27.0","Active","30.0","00-0036407","358.0","0.850415512465374","1.5","0.203065134099617","0.203065134099617","17.0","","0.1578947368421052","0.0","0.5435679477015429","11.0","0.1162951045736611","0.8","0.8","0.953125","31.0","22.0","29.0","outdoor","4.0","11.0","31.0","1.0","1.0","1.0","1.0","{""2020"": 1, ""2021"": 7, ""2022"": 2, ""2023"": 1, ""2024"": 0, ""2025"": 0}","{""2020"": ""minor"", ""2021"": ""moderate"", ""2022"": ""minor"", ""2023"": ""minor"", ""2024"": ""minor"", ""2025"": ""minor""}","","1.7","","4.5","2.3","40.1"
"Elijah Higgins","TE","ARI","216.0","417.0","25.0","Active","30.0","00-0039041","64.0","0.4185022026431718","0.5","0.0599675850891409","0.0599675850891409","17.0","","0.0476190476190476","0.0","0.0","","","0.4259259259259259","0.4259259259259259","0.6052631578947368","24.0","16.0","20.0","outdoor","1.0","14.0","7.0","0.0","1.1","1.1","1.0","{""2023"": 6, ""2024"": 2, ""2025"": 0}","{""2023"": ""moderate"", ""2024"": ""minor"", ""2025"": ""minor""}","","2.1","","3.4","2.1","30.4"
"Sam Howell","QB","DAL","216.0","611.0","25.0","Active","30.0","00-0037077","55.0","","","","","","","","","","","","","","","4.0","1.0","7.0","outdoor","1.0","14.0","6.0","7.0","5.0","5.0","4.8","{""2022"": 16, ""2023"": 0, ""2024"": 16, ""2025"": 17}","{""2022"": ""season_ending"", ""2023"": ""minor"", ""2024"": ""season_ending"", ""2025"": ""season_ending""}","","2.5","","1.0","2.9","60.0"
"Jayden Higgins","WR","HOU","122.3","122.0","23.0","Active","30.0","00-0040130","41.0","0.5784482758620689","0.5","0.122965641952984","0.122965641952984","17.0","","0.1139240506329113","0.0","2.0284364877642944","-3.0","0.0282793125951707","0.572972972972973","0.572972972972973","0.75","22.0","5.0","26.0","outdoor","5.0","8.0","14.0","4.0","5.0","1.0","1.0","{""2025"": 0}","{""2025"": ""minor""}","Confirmed torn ACL during joint practices with the Raiders -- season-ending (reported 2026-08-27)","2.3","","3.0","4.4","60.0"
"Keaton Mitchell","RB","LAC","134.8","136.0","24.0","Active","30.0","00-0038454","140.0","0.1301775147928994","0.5","0.0385560385560385","0.0999420385857415","13.0","","0.0","0.1320754716981132","0.5699210761580377","-1.0","0.3229974160206718","0.4590163934426229","0.4508196721311475","0.4453125","25.0","10.0","24.0","dome","2.0","7.0","16.0","3.0","5.0","5.0","4.8","{""2023"": 10, ""2024"": 13, ""2025"": 4}","{""2023"": ""moderate"", ""2024"": ""season_ending"", ""2025"": ""moderate""}","","2.3","","3.4","2.2","65.7"
"Jake Tonges","TE","SF","214.4","228.0","27.0","Active","30.0","00-0037112","34.0","0.3559322033898305","1.5","0.1421818181818181","0.1421818181818181","10.0","corrected","0.0777777777777777","0.0","1.970400059027248","-7.0","0.5106861642294712","0.7685185185185185","0.7685185185185185","0.5","6.0","6.0","8.0","outdoor","2.0","8.0","15.0","5.0","5.0","5.0","4.8","{""2022"": 16, ""2023"": 17, ""2024"": 15, ""2025"": 7}","{""2022"": ""season_ending"", ""2023"": ""season_ending"", ""2024"": ""season_ending"", ""2025"": ""moderate""}","","3.1","","1.0","2.9","60.0"
"Drew Lock","QB","SEA","216.0","409.0","29.0","Active","30.0","00-0035704","102.0","0.0357142857142857","0.5","0.0","0.034412955465587","3.0","","0.0","0.0","0.0","","","0.4391891891891892","0.3783783783783784","0.1621621621621621","15.0","20.0","13.0","outdoor","1.0","11.0","2.0","4.0","5.0","5.0","4.8","{""2019"": 12, ""2020"": 4, ""2021"": 11, ""2022"": 17, ""2023"": 13, ""2024"": 10, ""2025"": 14}","{""2019"": ""season_ending"", ""2020"": ""moderate"", ""2021"": ""moderate"", ""2022"": ""season_ending"", ""2023"": ""season_ending"", ""2024"": ""moderate"", ""2025"": ""season_ending""}","","2.7","","2.4","3.2","60.0"
"Rashod Bateman","WR","BAL","202.5","201.0","26.0","Active","30.0","00-0036550","158.0","0.5424063116370809","0.5","0.1220941220941221","0.1220941220941221","13.0","corrected","0.1607142857142857","0.0","1.459050806988352","-10.0","0.4694323144104804","0.5621621621621622","0.5621621621621622","0.6979166666666666","11.0","29.0","11.0","outdoor","3.0","13.0","28.0","4.0","3.3","2.5","3.3","{""2021"": 5, ""2022"": 11, ""2023"": 2, ""2024"": 1, ""2025"": 4}","{""2021"": ""moderate"", ""2022"": ""moderate"", ""2023"": ""minor"", ""2024"": ""minor"", ""2025"": ""moderate""}","","2.2","","2.3","2.5","37.7"
"Malik Davis","RB","DAL","215.9","299.0","27.0","Active","30.0","00-0037563","98.0","0.1306913996627318","0.5","0.0140032948929158","0.0889807162534435","10.0","","0.0","0.0888888888888888","1.4353567843980206","0.0","0.6809881847475833","0.2377049180327868","0.3852459016393442","0.453125","4.0","1.0","7.0","outdoor","1.0","14.0","6.0","7.0","5.0","5.0","4.8","{""2022"": 11, ""2023"": 16, ""2024"": 17, ""2025"": 7}","{""2022"": ""moderate"", ""2023"": ""season_ending"", ""2024"": ""season_ending"", ""2025"": ""moderate""}","","3.4","","1.0","2.9","63.0"
"Andy Dalton","QB","PHI","216.0","322.0","38.0","Active","30.0","00-0027973","490.0","0.0914231856738925","0.5","0.0","0.0217725409836065","4.0","","0.0","0.0","0.7299438991871303","","","0.4391891891891892","0.1891891891891892","0.2702702702702703","17.0","24.0","16.0","outdoor","2.0","10.0","3.0","6.0","5.0","5.0","4.8","{""2011"": 1, ""2012"": 1, ""2013"": 1, ""2014"": 1, ""2015"": 4, ""2016"": 1, ""2017"": 1, ""2018"": 6, ""2019"": 4, ""2020"": 6, ""2021"": 9, ""2022"": 3, ""2023"": 15, ""2024"": 11, ""2025"": 13}","{""2011"": ""minor"", ""2012"": ""minor"", ""2013"": ""minor"", ""2014"": ""minor"", ""2015"": ""moderate"", ""2016"": ""minor"", ""2017"": ""minor"", ""2018"": ""moderate"", ""2019"": ""moderate"", ""2020"": ""moderate"", ""2021"": ""moderate"", ""2022"": ""moderate"", ""2023"": ""season_ending"", ""2024"": ""moderate"", ""2025"": ""season_ending""}","","2.9","","2.8","3.6","60.0"
"Jeremy Ruckert","TE","NYJ","216.0","476.0","25.0","Active","30.0","00-0037805","58.0","0.4713740458015267","0.5","0.0746065375302663","0.0746065375302663","14.0","","0.0491803278688524","0.0","0.5825530609297949","","","0.5370370370370371","0.5370370370370371","0.6666666666666666","29.0","27.0","30.0","outdoor","2.0","13.0","13.0","0.0","4.8","4.4","4.8","{""2022"": 15, ""2023"": 7, ""2024"": 3, ""2025"": 3}","{""2022"": ""season_ending"", ""2023"": ""moderate"", ""2024"": ""moderate"", ""2025"": ""moderate""}","","1.8","","4.5","2.2","64.4"
"Jalen McMillan","WR","TB","145.9","147.0","24.0","Questionable","65.0","00-0039855","54.0","0.1216931216931216","0.5","0.1178373382624768","0.1178373382624768","4.0","corrected","0.0131578947368421","0.0140845070422535","0.0","4.0","0.048148148148148","0.5459459459459459","0.5459459459459459","0.2291666666666666","21.0","11.0","18.0","outdoor","2.0","10.0","22.0","3.0","5.0","5.0","1.0","{""2024"": 4, ""2025"": 13}","{""2024"": ""moderate"", ""2025"": ""season_ending""}","","2.5","","2.9","2.2","60.0"
"Adam Randall","RB","BAL","215.8","263.0","22.0","Active","30.0","","","","","","","","","","","","-11.0","0.801377726750861","","","","11.0","29.0","11.0","outdoor","3.0","13.0","28.0","4.0","1.0","1.0","1.0","{}","{}","","2.5","","2.3","2.5","21.2"
"Mitchell Evans","TE","CAR","215.9","302.0","23.0","Active","30.0","00-0040187","20.0","0.3704052780395853","2.5","0.0632440476190475","0.0632440476190475","14.0","","0.0555555555555555","0.0","1.3398720401385282","","","0.4537037037037037","0.4537037037037037","0.5394736842105263","26.0","23.0","25.0","outdoor","1.0","5.0","25.0","3.0","2.3","2.3","1.0","{""2025"": 3}","{""2025"": ""moderate""}","","4.3","","3.9","2.0","62.0"
"Behren Morton","QB","NE","","","24.0","Active","30.0","","","","","","","","","","","","","","","","","1.0","18.0","4.0","outdoor","2.0","11.0","19.0","4.0","1.0","1.0","1.0","{}","{}","","2.5","","1.0","2.6","12.5"
"Jauan Jennings","WR","MIN","155.6","156.0","29.0","Active","30.0","00-0036259","210.0","0.7091882247992863","2.5","0.1854545454545458","0.1854545454545458","15.0","corrected","0.2444444444444444","0.0","2.2681607999546203","-3.0","0.2390194075587333","0.772972972972973","0.772972972972973","0.8489583333333334","28.0","31.0","27.0","dome","3.0","6.0","1.0","4.0","4.8","2.7","4.8","{""2020"": 17, ""2021"": 4, ""2022"": 1, ""2023"": 4, ""2024"": 2, ""2025"": 2}","{""2020"": ""season_ending"", ""2021"": ""moderate"", ""2022"": ""minor"", ""2023"": ""moderate"", ""2024"": ""minor"", ""2025"": ""minor""}","","3.1","","4.4","4.1","75.6"
"Chris Brooks","RB","GB","216.0","366.0","26.0","PUP","85.0","00-0038685","106.0","0.1931493815413891","0.5","0.0369565217391304","0.0448521916411824","17.0","","0.0434782608695652","0.0319148936170212","0.0","","","0.4385245901639344","0.2540983606557377","0.5234375","5.0","21.0","12.0","outdoor","2.0","11.0","9.0","6.0","4.7","4.7","1.0","{""2023"": 14, ""2024"": 6, ""2025"": 0}","{""2023"": ""season_ending"", ""2024"": ""moderate"", ""2025"": ""minor""}","","2.4","","1.5","3.2","60.0"
"Drew Sample","TE","CIN","216.0","411.0","30.0","Active","30.0","00-0035631","117.0","0.5355535553555355","1.5","0.0466008771929825","0.0466008771929825","12.0","","0.0121951219512195","0.0","0.8374200250865801","","","0.2685185185185185","0.2685185185185185","0.7894736842105263","18.0","15.0","10.0","outdoor","2.0","6.0","32.0","3.0","5.0","5.0","4.8","{""2019"": 12, ""2020"": 1, ""2021"": 7, ""2022"": 15, ""2023"": 3, ""2024"": 6, ""2025"": 5}","{""2019"": ""season_ending"", ""2020"": ""minor"", ""2021"": ""moderate"", ""2022"": ""season_ending"", ""2023"": ""moderate"", ""2024"": ""moderate"", ""2025"": ""moderate""}","","3.0","","2.5","2.1","60.1"
"Nick Mullens","QB","JAX","216.0","582.0","31.0","Active","30.0","00-0033319","59.0","0.0313043478260869","0.5","0.0","0.0484790874524714","4.0","","0.0","0.0","0.0","","","0.4391891891891892","0.5675675675675675","0.1486486486486486","13.0","7.0","6.0","outdoor","3.0","7.0","17.0","3.0","5.0","5.0","4.8","{""2018"": 9, ""2019"": 16, ""2020"": 7, ""2021"": 16, ""2022"": 13, ""2023"": 12, ""2024"": 13, ""2025"": 13}","{""2018"": ""moderate"", ""2019"": ""season_ending"", ""2020"": ""moderate"", ""2021"": ""season_ending"", ""2022"": ""season_ending"", ""2023"": ""season_ending"", ""2024"": ""season_ending"", ""2025"": ""season_ending""}","","2.7","","1.6","3.0","60.0"
"Jalen Nailor","WR","LV","149.5","149.0","27.0","Active","30.0","00-0037291","74.0","0.6523476523476524","0.5","0.113247863247863","0.113247863247863","17.0","","0.1688311688311688","0.0","1.7885138924373347","6.0","0.008329477093938","0.5243243243243243","0.5243243243243243","0.8229166666666666","32.0","32.0","31.0","dome","4.0","13.0","20.0","0.0","4.6","4.0","4.6","{""2022"": 9, ""2023"": 14, ""2024"": 2, ""2025"": 0}","{""2022"": ""moderate"", ""2023"": ""season_ending"", ""2024"": ""minor"", ""2025"": ""minor""}","","2.3","","5.0","1.9","70.8"
"Kimani Vidal","RB","LAC","213.2","222.0","24.0","Active","30.0","00-0039391","219.0","0.42082239720035","1.5","0.0528846153846153","0.2236343366778149","13.0","","0.0759493670886076","0.3421052631578947","0.9065411269882236","4.0","0.0388529139685476","0.5573770491803278","0.7459016393442623","0.7734375","25.0","10.0","24.0","dome","2.0","7.0","16.0","3.0","3.6","3.6","1.0","{""2024"": 8, ""2025"": 4}","{""2024"": ""moderate"", ""2025"": ""moderate""}","","2.2","","3.4","2.2","50.6"
"Chris Oladokun","QB","KC","216.0","368.0","28.0","Active","30.0","00-0037324","6.0","0.0979335130278526","0.5","0.0","0.0279421433267587","3.0","","0.0","0.0113636363636363","0.5109607294309912","","","0.4391891891891892","0.3243243243243243","0.2972972972972973","12.0","17.0","21.0","outdoor","3.0","5.0","18.0","6.0","5.0","5.0","4.8","{""2022"": 17, ""2023"": 17, ""2024"": 16, ""2025"": 14}","{""2022"": ""season_ending"", ""2023"": ""season_ending"", ""2024"": ""season_ending"", ""2025"": ""season_ending""}","","2.7","","2.3","3.7","60.0"
"Nate Boerkircher","TE","JAX","216.0","577.0","24.0","Active","30.0","","","","","","","","","","","","","","","","","13.0","7.0","6.0","outdoor","3.0","7.0","17.0","3.0","1.0","1.0","1.0","{}","{}","","2.5","","1.6","3.0","19.6"
"De'Zhaun Stribling","WR","SF","145.3","146.0","23.0","Questionable","65.0","","","","","","","","","","","","2.0","0.0094428706326723","","","","6.0","6.0","8.0","outdoor","2.0","8.0","15.0","5.0","1.0","1.0","1.0","{}","{}","","2.5","","1.0","2.9","15.1"
"James Conner","RB","ARI","214.5","230.0","31.0","Questionable","65.0","00-0033553","1682.0","0.0819383259911894","2.5","0.0826580226904375","0.2288998357963875","3.0","corrected","0.0095238095238095","0.0961538461538461","1.937731658937328","9.0","0.0225988700564972","0.7049180327868853","0.7622950819672131","0.3671875","24.0","16.0","20.0","outdoor","1.0","14.0","7.0","0.0","5.0","5.0","4.8","{""2017"": 5, ""2018"": 4, ""2019"": 7, ""2020"": 4, ""2021"": 2, ""2022"": 4, ""2023"": 4, ""2024"": 1, ""2025"": 14}","{""2017"": ""moderate"", ""2018"": ""moderate"", ""2019"": ""moderate"", ""2020"": ""moderate"", ""2021"": ""minor"", ""2022"": ""moderate"", ""2023"": ""moderate"", ""2024"": ""minor"", ""2025"": ""season_ending""}","","3.9","","3.4","2.1","79.2"
"Connor Heyward","TE","LV","216.0","372.0","27.0","Active","30.0","00-0037304","62.0","0.08729388942774","","","","","","0.0256410256410256","0.075","","","","","","0.1929824561403508","32.0","32.0","31.0","dome","4.0","13.0","20.0","0.0","2.3","2.3","2.3","{""2022"": 2, ""2023"": 3, ""2024"": 5, ""2025"": 3}","{""2022"": ""minor"", ""2023"": ""moderate"", ""2024"": ""moderate"", ""2025"": ""moderate""}","","2.5","","5.0","1.9","55.4"
"Gardner Minshew","QB","ARI","216.0","427.0","30.0","Active","30.0","00-0035289","172.0","0.0368373764600179","0.5","0.0","0.0251479289940828","4.0","","0.0","0.0","0.0","","","0.4391891891891892","0.2702702702702703","0.1756756756756756","24.0","16.0","20.0","outdoor","1.0","14.0","7.0","0.0","5.0","5.0","4.8","{""2019"": 3, ""2020"": 8, ""2021"": 14, ""2022"": 12, ""2023"": 1, ""2024"": 7, ""2025"": 13}","{""2019"": ""moderate"", ""2020"": ""moderate"", ""2021"": ""season_ending"", ""2022"": ""season_ending"", ""2023"": ""minor"", ""2024"": ""moderate"", ""2025"": ""season_ending""}","","2.9","","3.4","2.1","62.8"
"Adonai Mitchell","WR","NYJ","172.2","172.0","23.0","Active","30.0","00-0039890","61.0","0.3568702290076336","0.5","0.1483490566037736","0.1483490566037736","16.0","","0.1311475409836065","0.0","0.8153519215523144","-2.0","0.2491874322860238","0.6432432432432432","0.6432432432432432","0.5","29.0","27.0","30.0","outdoor","2.0","13.0","13.0","0.0","1.0","1.0","1.0","{""2024"": 0, ""2025"": 1}","{""2024"": ""minor"", ""2025"": ""minor""}","","1.9","","4.5","2.2","41.8"
"Emanuel Wilson","RB","SEA","215.9","282.0","27.0","Active","30.0","00-0038797","272.0","0.3101807802093244","0.5","0.0369565217391304","0.1447502548419979","17.0","","0.0434782608695652","0.2553191489361702","0.8304564252588548","17.0","0.0731707317073171","0.4385245901639344","0.5491803278688525","0.65625","15.0","20.0","13.0","outdoor","1.0","11.0","2.0","4.0","3.0","3.0","1.0","{""2023"": 12, ""2024"": 0, ""2025"": 0}","{""2023"": ""season_ending"", ""2024"": ""minor"", ""2025"": ""minor""}","","1.9","","2.4","3.2","37.6"
"Cade Klubnik","QB","NYJ","216.0","355.0","22.0","Active","30.0","","","","","","","","","","","","","","","","","29.0","27.0","30.0","outdoor","2.0","13.0","13.0","0.0","1.0","1.0","1.0","{}","{}","","2.5","","4.5","2.2","52.5"
"Nick Vannett","TE","SEA","","","33.0","Active","30.0","00-0032394","108.0","0.0309690309690309","","","","","","","","","","","","","0.0964912280701754","15.0","20.0","13.0","outdoor","1.0","11.0","2.0","4.0","5.0","5.0","4.8","{""2016"": 14, ""2017"": 7, ""2018"": 2, ""2019"": 3, ""2020"": 6, ""2021"": 10, ""2022"": 12, ""2023"": 16, ""2024"": 5, ""2025"": 17}","{""2016"": ""season_ending"", ""2017"": ""moderate"", ""2018"": ""minor"", ""2019"": ""moderate"", ""2020"": ""moderate"", ""2021"": ""moderate"", ""2022"": ""season_ending"", ""2023"": ""season_ending"", ""2024"": ""moderate"", ""2025"": ""season_ending""}","","2.5","","2.4","3.2","60.0"
"Antonio Williams","WR","WAS","173.8","173.0","22.0","Active","30.0","","","","","","","","","","","","-25.0","0.5145631067961164","","","","19.0","26.0","19.0","outdoor","1.0","7.0","8.0","4.0","1.0","1.0","1.0","{}","{}","","2.5","","3.2","2.8","35.5"
"Jaylen Wright","RB","MIA","215.5","249.0","23.0","Active","30.0","00-0039874","146.0","0.1294597349643221","0.5","0.0367965367965368","0.163800463471155","9.0","","0.0","0.1714285714285714","1.033456884766575","-1.0","0.133938706015891","0.4262295081967213","0.5819672131147541","0.4375","20.0","30.0","22.0","outdoor","4.0","6.0","4.0","0.0","4.1","4.1","1.0","{""2024"": 4, ""2025"": 8}","{""2024"": ""moderate"", ""2025"": ""moderate""}","","2.3","","3.5","4.2","60.0"
"Drew Allar","QB","PIT","216.0","408.0","22.0","Active","30.0","","","","","","","","","","","","","","","","","14.0","25.0","17.0","outdoor","3.0","9.0","27.0","5.0","1.0","1.0","1.0","{}","{}","","2.5","","2.6","2.6","31.1"
"Nate Adkins","TE","DEN","216.0","576.0","27.0","Active","30.0","00-0038783","24.0","0.1745614035087719","1.5","0.0533675799086759","0.0533675799086759","6.0","corrected","0.0224719101123595","0.0","2.233120066897547","","","0.3611111111111111","0.3611111111111111","0.2631578947368421","10.0","3.0","14.0","outdoor","3.0","10.0","21.0","5.0","5.0","5.0","4.8","{""2023"": 12, ""2024"": 2, ""2025"": 11}","{""2023"": ""season_ending"", ""2024"": ""minor"", ""2025"": ""moderate""}","","5.0","","1.5","3.0","70.0"
"Cooper Kupp","WR","SEA","209.3","209.0","33.0","Active","30.0","00-0033908","707.0","0.7218045112781954","0.5","0.1634615384615386","0.1634615384615386","16.0","","0.2","0.0","0.5775409444328894","-5.0","0.3608847497089639","0.6972972972972973","0.6972972972972973","0.8645833333333334","15.0","20.0","13.0","outdoor","1.0","11.0","2.0","4.0","3.4","2.5","3.4","{""2017"": 2, ""2018"": 9, ""2019"": 1, ""2020"": 2, ""2021"": 0, ""2022"": 8, ""2023"": 5, ""2024"": 5, ""2025"": 1}","{""2017"": ""minor"", ""2018"": ""moderate"", ""2019"": ""minor"", ""2020"": ""minor"", ""2021"": ""minor"", ""2022"": ""moderate"", ""2023"": ""moderate"", ""2024"": ""moderate"", ""2025"": ""minor""}","","1.2","","2.4","3.2","31.1"
"Ben Sinnott","TE","WAS","215.9","275.0","24.0","Active","30.0","00-0039912","16.0","0.3235294117647059","0.5","0.0568415637860082","0.0568415637860082","9.0","corrected","0.0196078431372549","0.0","1.2180654910350257","-34.0","0.1551362683438154","0.3888888888888889","0.3888888888888889","0.4649122807017544","19.0","26.0","19.0","outdoor","1.0","7.0","8.0","4.0","5.0","5.0","1.0","{""2024"": 10, ""2025"": 8}","{""2024"": ""moderate"", ""2025"": ""moderate""}","","2.8","","3.2","2.8","64.6"
"Jawhar Jordan","RB","HOU","216.0","471.0","26.0","Active","30.0","00-0039405","50.0","0.068103448275862","2.5","0.0537974683544305","0.2010406811731315","4.0","corrected","0.0","0.0641025641025641","0.0","","","0.5655737704918032","0.7049180327868853","0.34375","22.0","5.0","26.0","outdoor","5.0","8.0","14.0","4.0","5.0","5.0","1.0","{""2024"": 17, ""2025"": 13}","{""2024"": ""season_ending"", ""2025"": ""season_ending""}","","3.7","","3.0","4.4","77.7"
"Adrian Martinez","QB","SF","","","26.0","Active","30.0","00-0038658","1.0","0.0008920606601248","0.5","0.0","0.0161137440758293","1.0","","0.0","0.0","0.0","","","0.4391891891891892","0.0675675675675675","0.0135135135135135","6.0","6.0","8.0","outdoor","2.0","8.0","15.0","5.0","3.2","3.2","1.0","{""2025"": 16}","{""2025"": ""season_ending""}","","2.7","","1.0","2.9","25.7"
"Denzel Boston","WR","CLE","154.3","155.0","22.0","Active","30.0","","","","","","","","","","","","-2.0","0.0689297745529929","","","","31.0","22.0","29.0","outdoor","4.0","11.0","31.0","1.0","1.0","1.0","1.0","{}","{}","","2.5","","4.5","2.3","47.1"
"Cade Stover","TE","HOU","216.0","356.0","26.0","Active","30.0","00-0039359","31.0","0.2267241379310345","0.5","0.0819770946353225","0.0819770946353225","6.0","corrected","0.0379746835443038","0.0384615384615384","0.0","","","0.5740740740740741","0.5740740740740741","0.3508771929824561","22.0","5.0","26.0","outdoor","5.0","8.0","14.0","4.0","4.9","4.9","1.0","{""2024"": 3, ""2025"": 11}","{""2024"": ""moderate"", ""2025"": ""moderate""}","","2.2","","3.0","4.4","60.0"
"Garrett Nussmeier","QB","KC","","","24.0","Active","30.0","","","","","","","","","","","","","","","","","12.0","17.0","21.0","outdoor","3.0","5.0","18.0","6.0","1.0","1.0","1.0","{}","{}","","2.5","","2.3","3.7","29.5"
"Omar Cooper","WR","NYJ","145.1","145.0","22.0","Active","30.0","","","","","","","","","","","","0.0","0.0723130262506191","","","","29.0","27.0","30.0","outdoor","2.0","13.0","13.0","0.0","1.0","1.0","1.0","{}","{}","","2.5","","4.5","2.2","47.0"
"Jaydon Blue","RB","DAL","181.7","183.0","22.0","Active","30.0","00-0040586","39.0","0.0657672849915683","0.5","0.0056013179571663","0.121763085399449","5.0","","0.0","0.0777777777777777","0.9937085430447836","-18.0","0.0167664670658683","0.1393442622950819","0.5","0.3359375","4.0","1.0","7.0","outdoor","1.0","14.0","6.0","7.0","3.2","3.2","1.0","{""2025"": 12}","{""2025"": ""season_ending""}","","2.8","","1.0","2.9","39.6"
"Cole Payton","QB","PHI","216.0","371.0","23.0","Active","30.0","","","","","","","","","","","","","","","","","17.0","24.0","16.0","outdoor","2.0","10.0","3.0","6.0","1.0","1.0","1.0","{}","{}","","2.5","","2.8","3.6","35.1"
"Jackson Hawes","TE","BUF","216.0","451.0","25.0","Active","30.0","00-0040194","16.0","0.4302120141342756","1.5","0.051870884856271","0.051870884856271","13.0","","0.0384615384615384","0.0","2.5122600752597406","","","0.324074074074074","0.324074074074074","0.6140350877192983","3.0","8.0","2.0","outdoor","4.0","7.0","12.0","5.0","2.5","2.5","1.0","{""2025"": 4}","{""2025"": ""moderate""}","","4.2","","1.0","4.0","60.0"
"MarShawn Lloyd","RB","GB","189.2","190.0","25.0","Active","30.0","00-0039811","7.0","","","","","","","","","","-11.0","0.1904761904761904","","","","5.0","21.0","12.0","outdoor","2.0","11.0","9.0","6.0","5.0","5.0","1.0","{""2024"": 16, ""2025"": 17}","{""2024"": ""season_ending"", ""2025"": ""season_ending""}","","2.5","","1.5","3.2","60.0"
"Germie Bernard","WR","PIT","193.7","194.0","22.0","Active","30.0","","","","","","","","","","","","7.0","0.1686474250141482","","","","14.0","25.0","17.0","outdoor","3.0","9.0","27.0","5.0","1.0","1.0","1.0","{}","{}","","2.5","","2.6","2.6","29.7"
"Jack Endries","TE","CIN","216.0","449.0","22.0","Active","30.0","","","","","","","","","","","","","","","","","18.0","15.0","10.0","outdoor","2.0","6.0","32.0","3.0","1.0","1.0","1.0","{}","{}","","2.5","","2.5","2.1","25.9"
"Kyle Allen","QB","BUF","216.0","530.0","30.0","Active","30.0","00-0034577","68.0","0.0145586897179253","0.5","0.0","0.02490234375","2.0","","0.0","0.0","0.0","","","0.4391891891891892","0.2567567567567567","0.081081081081081","3.0","8.0","2.0","outdoor","4.0","7.0","12.0","5.0","5.0","5.0","4.8","{""2018"": 15, ""2019"": 4, ""2020"": 13, ""2021"": 15, ""2022"": 15, ""2023"": 11, ""2024"": 16, ""2025"": 15}","{""2018"": ""season_ending"", ""2019"": ""moderate"", ""2020"": ""season_ending"", ""2021"": ""season_ending"", ""2022"": ""season_ending"", ""2023"": ""moderate"", ""2024"": ""season_ending"", ""2025"": ""season_ending""}","","2.8","","1.0","4.0","60.0"
"Travis Hunter","WR","JAX","140.7","140.0","23.0","Active","30.0","00-0040718","29.0","0.2817391304347826","","","","","","0.057471264367816","0.008695652173913","","-15.0","0.1377280753384344","","","0.4166666666666667","13.0","7.0","6.0","outdoor","3.0","7.0","17.0","3.0","3.2","3.2","1.0","{""2025"": 10}","{""2025"": ""moderate""}","","2.5","","1.6","3.0","33.7"
"Isaiah Davis","RB","NYJ","215.8","267.0","24.0","Questionable","65.0","00-0039798","103.0","0.2719465648854962","0.5","0.0630296610169491","0.0794078947368421","16.0","","0.0327868852459016","0.1428571428571428","0.605541143417915","19.0","0.3401950162513543","0.6229508196721312","0.3278688524590163","0.609375","29.0","27.0","30.0","outdoor","2.0","13.0","13.0","0.0","1.3","1.3","1.0","{""2024"": 4, ""2025"": 1}","{""2024"": ""moderate"", ""2025"": ""minor""}","","2.0","","4.5","2.2","31.4"
"Luke Schoonmaker","TE","DAL","216.0","544.0","27.0","Active","30.0","00-0038547","49.0","0.3296795952782462","0.5","0.0460108260767239","0.0460108260767239","14.0","","0.0192307692307692","0.0","0.0","","","0.2592592592592592","0.2592592592592592","0.4736842105263157","4.0","1.0","7.0","outdoor","1.0","14.0","6.0","7.0","3.0","2.6","3.0","{""2023"": 5, ""2024"": 5, ""2025"": 3}","{""2023"": ""moderate"", ""2024"": ""moderate"", ""2025"": ""moderate""}","","2.7","","1.0","2.9","31.3"
"Mitchell Trubisky","QB","TEN","216.0","571.0","31.0","Active","30.0","00-0033869","264.0","0.0865724381625441","0.5","0.0","0.0367082533589251","4.0","","0.0","0.0","2.787058524169043","","","0.4391891891891892","0.4324324324324324","0.2432432432432432","30.0","28.0","32.0","outdoor","1.0","9.0","23.0","0.0","5.0","5.0","4.8","{""2017"": 5, ""2018"": 3, ""2019"": 2, ""2020"": 7, ""2021"": 12, ""2022"": 10, ""2023"": 12, ""2024"": 9, ""2025"": 13}","{""2017"": ""moderate"", ""2018"": ""moderate"", ""2019"": ""minor"", ""2020"": ""moderate"", ""2021"": ""season_ending"", ""2022"": ""moderate"", ""2023"": ""season_ending"", ""2024"": ""moderate"", ""2025"": ""season_ending""}","","4.0","","4.7","1.1","83.2"
"George Holani","RB","SEA","212.4","217.0","26.0","Active","30.0","00-0039299","28.0","0.0338345864661654","0.5","0.0074725274725274","0.0412955465587044","10.0","","0.0","0.05","1.6147763824477732","-31.0","0.461028192371476","0.1885245901639344","0.2377049180327868","0.203125","15.0","20.0","13.0","outdoor","1.0","11.0","2.0","4.0","5.0","5.0","1.0","{""2024"": 14, ""2025"": 7}","{""2024"": ""season_ending"", ""2025"": ""moderate""}","","4.6","","2.4","3.2","80.9"
"Xavier Legette","WR","CAR","214.8","233.0","25.0","Active","30.0","00-0039342","91.0","0.6050895381715363","0.5","0.1511111111111107","0.1511111111111107","15.0","","0.1666666666666666","0.0","1.1550818888657788","-12.0","0.5082872928176795","0.654054054054054","0.654054054054054","0.7864583333333334","26.0","23.0","25.0","outdoor","1.0","5.0","25.0","3.0","1.0","1.0","1.0","{""2024"": 2, ""2025"": 2}","{""2024"": ""minor"", ""2025"": ""minor""}","","1.5","","3.9","2.0","32.4"
"Jalen Milroe","QB","SEA","215.9","289.0","23.0","Active","30.0","00-0040673","3.0","0.0028195488721804","0.5","0.0","0.0172064777327935","3.0","","0.0","0.0","0.0","-10.0","0.4911986588432522","0.4391891891891892","0.1081081081081081","0.027027027027027","15.0","20.0","13.0","outdoor","1.0","11.0","2.0","4.0","3.2","3.2","1.0","{""2025"": 14}","{""2025"": ""season_ending""}","","3.1","","2.4","3.2","45.1"
"Will Mallory","TE","IND","","","27.0","Active","30.0","00-0038394","23.0","0.0149253731343283","0.5","0.0320754716981117","0.0320754716981117","1.0","corrected","0.0","0.0","0.0","","","0.1759259259259259","0.1759259259259259","0.043859649122807","7.0","19.0","5.0","outdoor","2.0","13.0","30.0","2.0","5.0","5.0","4.8","{""2023"": 6, ""2024"": 10, ""2025"": 16}","{""2023"": ""moderate"", ""2024"": ""moderate"", ""2025"": ""season_ending""}","","2.8","","1.4","1.5","60.0"
"Kayshon Boutte","WR","HOU","195.6","196.0","24.0","Active","30.0","00-0038608","78.0","0.5548446069469836","1.5","0.1158861885002963","0.1158861885002963","14.0","corrected","0.0606060606060606","0.0","2.5201786666162445","4.0","0.1233689205219455","0.5297297297297298","0.5297297297297298","0.71875","1.0","18.0","4.0","outdoor","2.0","11.0","19.0","4.0","4.8","4.6","4.8","{""2023"": 14, ""2024"": 2, ""2025"": 3}","{""2023"": ""season_ending"", ""2024"": ""minor"", ""2025"": ""moderate""}","","3.3","","1.0","2.6","60.0"
"LeQuint Allen","RB","JAX","215.7","261.0","22.0","Active","30.0","00-0040238","33.0","0.2252173913043478","0.5","0.0213665447897623","0.0343393536121673","16.0","","0.0229885057471264","0.0347826086956521","0.0","5.0","0.2996345919610232","0.2786885245901639","0.2131147540983606","0.546875","13.0","7.0","6.0","outdoor","3.0","7.0","17.0","3.0","1.0","1.0","1.0","{""2025"": 1}","{""2025"": ""minor""}","","2.6","","1.6","3.0","18.8"
"Joe Milton","QB","DAL","216.0","484.0","26.0","Active","30.0","00-0039398","15.0","0.0430016863406408","0.5","0.0","0.0195133149678604","4.0","","0.0","0.0111111111111111","1.0571601298572233","","","0.4391891891891892","0.1621621621621621","0.1891891891891892","4.0","1.0","7.0","outdoor","1.0","14.0","6.0","7.0","5.0","5.0","1.0","{""2024"": 16, ""2025"": 13}","{""2024"": ""season_ending"", ""2025"": ""season_ending""}","","3.2","","1.0","2.9","60.0"
"Charlie Woerner","TE","ATL","","","28.0","Active","30.0","00-0036429","26.0","0.5155109489051095","0.5","0.0421139554087529","0.0421139554087529","7.0","corrected","0.015625","0.0","0.0","","","0.2314814814814814","0.2314814814814814","0.7543859649122807","23.0","14.0","23.0","outdoor","2.0","11.0","26.0","3.0","5.0","5.0","4.8","{""2020"": 13, ""2021"": 9, ""2022"": 12, ""2023"": 7, ""2024"": 5, ""2025"": 10}","{""2020"": ""season_ending"", ""2021"": ""moderate"", ""2022"": ""season_ending"", ""2023"": ""moderate"", ""2024"": ""moderate"", ""2025"": ""moderate""}","","2.3","","3.3","2.0","60.4"
"Sean Tucker","RB","TB","191.2","192.0","24.0","Active","30.0","00-0038951","170.0","0.156084656084656","0.5","0.0203327171903882","0.0941747572815534","17.0","","0.0394736842105263","0.2957746478873239","3.2982666535103453","-8.0","0.3792697290930507","0.2622950819672131","0.4098360655737705","0.46875","21.0","11.0","18.0","outdoor","2.0","10.0","22.0","3.0","3.5","3.5","1.0","{""2023"": 14, ""2024"": 0, ""2025"": 0}","{""2023"": ""season_ending"", ""2024"": ""minor"", ""2025"": ""minor""}","","3.6","","2.9","2.2","58.9"
"Darnell Mooney","WR","NYG","201.3","199.0","28.0","Active","30.0","00-0036309","322.0","0.7098540145985401","0.5","0.1572254335260116","0.1572254335260116","15.0","","0.125","0.0","0.433155708324667","-31.0","0.5622254758418741","0.6702702702702703","0.6702702702702703","0.8541666666666666","16.0","9.0","15.0","outdoor","1.0","8.0","10.0","4.0","1.7","1.4","1.7","{""2020"": 1, ""2021"": 0, ""2022"": 6, ""2023"": 3, ""2024"": 1, ""2025"": 2}","{""2020"": ""minor"", ""2021"": ""minor"", ""2022"": ""moderate"", ""2023"": ""moderate"", ""2024"": ""minor"", ""2025"": ""minor""}","","1.3","","2.2","2.7","19.6"
"Grant Calcaterra","TE","PHI","216.0","429.0","27.0","Active","30.0","00-0037086","42.0","0.3605313092979127","0.5","0.0529214559386972","0.0529214559386972","9.0","corrected","0.0491803278688524","0.0","1.4887467112650312","","","0.3425925925925926","0.3425925925925926","0.5175438596491229","17.0","24.0","16.0","outdoor","2.0","10.0","3.0","6.0","5.0","5.0","4.8","{""2022"": 11, ""2023"": 14, ""2024"": 2, ""2025"": 8}","{""2022"": ""moderate"", ""2023"": ""season_ending"", ""2024"": ""minor"", ""2025"": ""moderate""}","","3.3","","2.8","3.6","66.5"
"Will Howard","QB","PIT","216.0","666.0","24.0","Active","30.0","","","","","","","","","","","","","","","","","14.0","25.0","17.0","outdoor","3.0","9.0","27.0","5.0","1.0","1.0","1.0","{}","{}","","2.5","","2.6","2.6","31.1"
"Bub Means","WR","NO","216.0","351.0","25.0","Active","30.0","00-0039386","9.0","","","","","","","","","","","","","","","27.0","12.0","28.0","dome","2.0","8.0","29.0","1.0","5.0","5.0","1.0","{""2024"": 13, ""2025"": 17}","{""2024"": ""season_ending"", ""2025"": ""season_ending""}","","2.5","","3.8","1.0","62.8"
"Foster Moreau","TE","HOU","216.0","424.0","29.0","Active","30.0","00-0034981","151.0","0.2250889679715302","0.5","0.0429835651074589","0.0429835651074589","7.0","corrected","0.0192307692307692","0.0","0.0","","","0.2407407407407407","0.2407407407407407","0.3333333333333333","22.0","5.0","26.0","outdoor","5.0","8.0","14.0","4.0","4.8","4.0","4.8","{""2019"": 6, ""2020"": 9, ""2021"": 2, ""2022"": 3, ""2023"": 4, ""2024"": 1, ""2025"": 10}","{""2019"": ""moderate"", ""2020"": ""moderate"", ""2021"": ""minor"", ""2022"": ""moderate"", ""2023"": ""moderate"", ""2024"": ""minor"", ""2025"": ""moderate""}","","2.9","","3.0","4.4","64.0"
"Frank Gore","RB","BUF","216.0","426.0","38.0","Active","30.0","00-0023500","4220.0","","","","","","","","","","","","","","","3.0","8.0","2.0","outdoor","4.0","7.0","12.0","5.0","5.0","5.0","4.8","{""2005"": 3, ""2006"": 1, ""2007"": 2, ""2008"": 3, ""2009"": 3, ""2010"": 6, ""2011"": 1, ""2012"": 1, ""2013"": 1, ""2014"": 1, ""2015"": 1, ""2016"": 1, ""2017"": 1, ""2018"": 3, ""2019"": 2, ""2020"": 2, ""2021"": 17, ""2022"": 17, ""2023"": 17, ""2024"": 17, ""2025"": 17}","{""2005"": ""moderate"", ""2006"": ""minor"", ""2007"": ""minor"", ""2008"": ""moderate"", ""2009"": ""moderate"", ""2010"": ""moderate"", ""2011"": ""minor"", ""2012"": ""minor"", ""2013"": ""minor"", ""2014"": ""minor"", ""2015"": ""minor"", ""2016"": ""minor"", ""2017"": ""minor"", ""2018"": ""moderate"", ""2019"": ""minor"", ""2020"": ""minor"", ""2021"": ""season_ending"", ""2022"": ""season_ending"", ""2023"": ""season_ending"", ""2024"": ""season_ending"", ""2025"": ""season_ending""}","","2.5","","1.0","4.0","60.0"
"Mason Rudolph","QB","PIT","216.0","557.0","31.0","Active","30.0","00-0034771","75.0","0.1096023278370514","0.5","0.0","0.0248693834900731","5.0","","0.0","0.0125","1.0392421615545584","","","0.4391891891891892","0.2432432432432432","0.3108108108108108","14.0","25.0","17.0","outdoor","3.0","9.0","27.0","5.0","5.0","5.0","4.8","{""2018"": 17, ""2019"": 7, ""2020"": 13, ""2021"": 15, ""2022"": 17, ""2023"": 13, ""2024"": 9, ""2025"": 12}","{""2018"": ""season_ending"", ""2019"": ""moderate"", ""2020"": ""season_ending"", ""2021"": ""season_ending"", ""2022"": ""season_ending"", ""2023"": ""season_ending"", ""2024"": ""moderate"", ""2025"": ""season_ending""}","","2.8","","2.6","2.6","60.0"
"Malik Washington","WR","MIA","181.4","182.0","25.0","Active","30.0","00-0039880","94.0","0.5728848114169215","0.5","0.140692640692641","0.140692640692641","17.0","","0.1641791044776119","0.0428571428571428","0.8800623915167838","5.0","0.0370149253731342","0.6270270270270271","0.6270270270270271","0.7447916666666666","20.0","30.0","22.0","outdoor","4.0","6.0","4.0","0.0","1.0","1.0","1.0","{""2024"": 3, ""2025"": 0}","{""2024"": ""moderate"", ""2025"": ""minor""}","","1.5","","3.5","4.2","30.9"
"Brady Cook","QB","NYJ","216.0","338.0","24.0","Active","30.0","00-0040398","13.0","0.2824427480916031","0.5","0.0","0.0465263157894736","5.0","","0.0","0.0","0.3693692019983069","","","0.4391891891891892","0.5405405405405406","0.4729729729729729","29.0","27.0","30.0","outdoor","2.0","13.0","13.0","0.0","3.2","3.2","1.0","{""2025"": 12}","{""2025"": ""season_ending""}","","2.2","","4.5","2.2","61.9"
"Roschon Johnson","RB","CHI","216.0","608.0","25.0","Active","30.0","00-0039021","188.0","0.0034662045060658","0.5","0.0","0.0052517763361136","6.0","","0.0","0.0","0.0","","","0.0573770491803278","0.0737704918032786","0.1015625","8.0","2.0","9.0","outdoor","1.0","10.0","11.0","5.0","4.2","4.2","3.8","{""2023"": 2, ""2024"": 4, ""2025"": 11}","{""2023"": ""minor"", ""2024"": ""moderate"", ""2025"": ""moderate""}","","3.6","","1.1","2.6","60.0"
"Teagan Quitoriano","TE","ARI","","","26.0","Active","30.0","00-0037277","9.0","0.1213503649635036","0.5","0.0","0.0","2.0","","","","","","","0.0277777777777777","0.0277777777777777","0.219298245614035","24.0","16.0","20.0","outdoor","1.0","14.0","7.0","0.0","5.0","5.0","4.8","{""2022"": 10, ""2023"": 14, ""2024"": 17, ""2025"": 15}","{""2022"": ""moderate"", ""2023"": ""season_ending"", ""2024"": ""season_ending"", ""2025"": ""season_ending""}","","3.0","","3.4","2.1","67.2"
"Ja'Kobi Lane","WR","BAL","212.7","219.0","22.0","Active","30.0","","","","","","","","","","","","6.0","0.1370207416719045","","","","11.0","29.0","11.0","outdoor","3.0","13.0","28.0","4.0","1.0","1.0","1.0","{}","{}","","2.5","","2.3","2.5","26.8"
"Ollie Gordon","RB","MIA","215.6","255.0","22.0","Active","30.0","00-0040198","77.0","0.2262996941896024","0.5","0.0194805194805195","0.0867178924259056","17.0","","0.0298507462686567","0.2714285714285714","2.013227697597224","-23.0","0.4044117647058824","0.2540983606557377","0.3770491803278688","0.5546875","20.0","30.0","22.0","outdoor","4.0","6.0","4.0","0.0","1.0","1.0","1.0","{""2025"": 0}","{""2025"": ""minor""}","","3.5","","3.5","4.2","37.8"
"Bauer Sharp","TE","TB","","","23.0","Active","30.0","","","","","","","","","","","","","","","","","21.0","11.0","18.0","outdoor","2.0","10.0","22.0","3.0","1.0","1.0","1.0","{}","{}","","2.5","","2.9","2.2","29.2"
"Josh Johnson","QB","CIN","","","40.0","Active","30.0","00-0026300","94.0","0.1309297912713472","0.5","0.0","0.0713536201469045","3.0","","0.0","0.0212765957446808","0.9290195080563476","","","0.4391891891891892","0.7702702702702703","0.3513513513513513","18.0","15.0","10.0","outdoor","2.0","6.0","32.0","3.0","5.0","5.0","4.8","{""2008"": 17, ""2009"": 12, ""2010"": 9, ""2011"": 8, ""2012"": 16, ""2013"": 15, ""2014"": 17, ""2015"": 17, ""2016"": 17, ""2017"": 17, ""2018"": 13, ""2019"": 17, ""2020"": 17, ""2021"": 13, ""2022"": 16, ""2023"": 17, ""2024"": 13, ""2025"": 14}","{""2008"": ""season_ending"", ""2009"": ""season_ending"", ""2010"": ""moderate"", ""2011"": ""moderate"", ""2012"": ""season_ending"", ""2013"": ""season_ending"", ""2014"": ""season_ending"", ""2015"": ""season_ending"", ""2016"": ""season_ending"", ""2017"": ""season_ending"", ""2018"": ""season_ending"", ""2019"": ""season_ending"", ""2020"": ""season_ending"", ""2021"": ""season_ending"", ""2022"": ""season_ending"", ""2023"": ""season_ending"", ""2024"": ""season_ending"", ""2025"": ""season_ending""}","","2.3","","2.5","2.1","60.0"
"Ray Davis","RB","BUF","188.1","187.0","26.0","Active","30.0","00-0039875","198.0","0.1484098939929328","0.5","0.0271398747390397","0.0681381957773512","17.0","","0.0641025641025641","0.0598290598290598","1.139842152316075","2.0","0.6177105831533478","0.3278688524590163","0.2868852459016393","0.4609375","3.0","8.0","2.0","outdoor","4.0","7.0","12.0","5.0","1.0","1.0","1.0","{""2024"": 0, ""2025"": 0}","{""2024"": ""minor"", ""2025"": ""minor""}","","2.9","","1.0","4.0","19.2"
"Darius Slayton","WR","NYG","215.6","253.0","29.0","Active","30.0","00-0035535","301.0","0.6565217391304348","0.5","0.1520874751491052","0.1520874751491052","14.0","corrected","0.1176470588235294","0.0","0.3746211531456579","18.0","0.1360718870346599","0.6648648648648648","0.6648648648648648","0.828125","16.0","9.0","15.0","outdoor","1.0","8.0","10.0","4.0","2.4","2.4","2.0","{""2019"": 3, ""2020"": 1, ""2021"": 4, ""2022"": 4, ""2023"": 0, ""2024"": 1, ""2025"": 3}","{""2019"": ""moderate"", ""2020"": ""minor"", ""2021"": ""moderate"", ""2022"": ""moderate"", ""2023"": ""minor"", ""2024"": ""minor"", ""2025"": ""moderate""}","","1.3","","2.2","2.7","23.8"
"Stetson Bennett","QB","LAR","216.0","621.0","28.0","Active","30.0","","","","","","","","","","","","","","","","","2.0","4.0","1.0","dome","1.0","11.0","5.0","6.0","1.0","1.0","1.0","{}","{}","","2.5","","1.0","2.8","12.8"
"Tanner Hudson","TE","CIN","216.0","625.0","31.0","Active","30.0","00-0034613","93.0","0.1332133213321332","2.5","0.0671052631578947","0.0671052631578947","10.0","corrected","0.073170731707317","0.0","1.4103916211984506","","","0.4907407407407407","0.4907407407407407","0.2280701754385964","18.0","15.0","10.0","outdoor","2.0","6.0","32.0","3.0","5.0","5.0","4.8","{""2019"": 13, ""2020"": 13, ""2021"": 17, ""2022"": 11, ""2023"": 5, ""2024"": 8, ""2025"": 7}","{""2019"": ""season_ending"", ""2020"": ""season_ending"", ""2021"": ""season_ending"", ""2022"": ""moderate"", ""2023"": ""moderate"", ""2024"": ""moderate"", ""2025"": ""moderate""}","","5.0","","2.5","2.1","77.1"
"Emmett Johnson","RB","KC","198.3","197.0","22.0","Active","30.0","","","","","","","","","","","","7.0","0.6294307196562837","","","","12.0","17.0","21.0","outdoor","3.0","5.0","18.0","6.0","1.0","1.0","1.0","{}","{}","","2.5","","2.3","3.7","22.4"
"Troy Franklin","WR","DEN","213.8","223.0","23.0","Active","30.0","00-0039868","100.0","0.5877192982456141","2.5","0.178082191780822","0.178082191780822","17.0","","0.2359550561797752","0.0","1.188084228547658","2.0","0.1445466491458607","0.7351351351351352","0.7351351351351352","0.7708333333333334","10.0","3.0","14.0","outdoor","3.0","10.0","21.0","5.0","1.0","1.0","1.0","{""2024"": 1, ""2025"": 0}","{""2024"": ""minor"", ""2025"": ""minor""}","","3.0","","1.5","3.0","24.3"
"Aidan O'Connell","QB","LV","216.0","318.0","27.0","Active","30.0","00-0038579","39.0","0.0513595166163142","0.5","0.0","0.0192307692307692","1.0","","0.0","0.0","0.0","","","0.4391891891891892","0.1486486486486486","0.2027027027027027","32.0","32.0","31.0","dome","4.0","13.0","20.0","0.0","5.0","5.0","4.8","{""2023"": 6, ""2024"": 8, ""2025"": 16}","{""2023"": ""moderate"", ""2024"": ""moderate"", ""2025"": ""season_ending""}","","2.6","","5.0","1.9","79.1"
"Cam Grandy","TE","CIN","","","26.0","Active","30.0","00-0039631","7.0","0.0252025202520252","1.5","0.0279605263157892","0.0279605263157892","2.0","corrected","0.0","0.0","0.0","","","0.1574074074074074","0.1574074074074074","0.0701754385964912","18.0","15.0","10.0","outdoor","2.0","6.0","32.0","3.0","5.0","5.0","1.0","{""2024"": 13, ""2025"": 15}","{""2024"": ""season_ending"", ""2025"": ""season_ending""}","","3.4","","2.5","2.1","63.5"
"Tyquan Thornton","WR","KC","210.6","211.0","26.0","Active","30.0","00-0038104","64.0","0.3306379155435759","0.5","0.0954766241651487","0.0954766241651487","12.0","corrected","0.0493827160493827","0.0","2.188576210482528","-20.0","0.4132730015082956","0.4324324324324324","0.4324324324324324","0.4791666666666667","12.0","17.0","21.0","outdoor","3.0","5.0","18.0","6.0","5.0","5.0","4.8","{""2022"": 5, ""2023"": 8, ""2024"": 13, ""2025"": 5}","{""2022"": ""moderate"", ""2023"": ""moderate"", ""2024"": ""season_ending"", ""2025"": ""moderate""}","","3.4","","2.3","3.7","60.0"
"DJ Giddens","RB","IND","214.7","231.0","22.0","Active","30.0","00-0040179","26.0","0.0652985074626865","0.5","0.012830188679245","0.0962588473205257","5.0","","0.0120481927710843","0.0485436893203883","0.0","-17.0","0.1569965870307167","0.221311475409836","0.4262295081967213","0.3203125","7.0","19.0","5.0","outdoor","2.0","13.0","30.0","2.0","3.2","3.2","1.0","{""2025"": 12}","{""2025"": ""season_ending""}","","2.8","","1.4","1.5","40.3"
"Dallen Bentley","TE","DEN","216.0","376.0","25.0","Active","30.0","","","","","","","","","","","","","","","","","10.0","3.0","14.0","outdoor","3.0","10.0","21.0","5.0","1.0","1.0","1.0","{}","{}","","2.5","","1.5","3.0","18.8"
"Zachariah Branch","WR","ATL","180.3","179.0","22.0","Active","30.0","","","","","","","","","","","","3.0","0.0334365325077398","","","","23.0","14.0","23.0","outdoor","2.0","11.0","26.0","3.0","1.0","1.0","1.0","{}","{}","","2.5","","3.3","2.0","35.6"
"Tanner Conner","TE","NYG","216.0","624.0","28.0","Active","30.0","00-0037348","12.0","0.1845056065239551","1.5","0.0689935064935065","0.0689935064935065","8.0","corrected","0.044776119402985","0.0","0.0","","","0.5092592592592593","0.5092592592592593","0.2807017543859649","16.0","9.0","15.0","outdoor","1.0","8.0","10.0","4.0","5.0","5.0","4.8","{""2022"": 15, ""2023"": 17, ""2024"": 13, ""2025"": 9}","{""2022"": ""season_ending"", ""2023"": ""season_ending"", ""2024"": ""season_ending"", ""2025"": ""moderate""}","","3.3","","2.2","2.7","60.8"
"Ty Chandler","RB","NO","216.0","651.0","28.0","Active","30.0","00-0037276","211.0","0.0419580419580419","0.5","0.0484330484330481","0.1331096196868009","3.0","corrected","0.0259740259740259","0.0172413793103448","0.0","","","0.5245901639344263","0.5245901639344263","0.2265625","27.0","12.0","28.0","dome","2.0","8.0","29.0","1.0","5.0","5.0","4.8","{""2022"": 15, ""2023"": 1, ""2024"": 3, ""2025"": 14}","{""2022"": ""season_ending"", ""2023"": ""minor"", ""2024"": ""moderate"", ""2025"": ""season_ending""}","","2.5","","3.8","1.0","68.3"
"Jonah Coleman","RB","DEN","159.9","161.0","22.0","Active","30.0","","","","","","","","","","","","-3.0","0.7187500000000001","","","","10.0","3.0","14.0","outdoor","3.0","10.0","21.0","5.0","1.0","1.0","1.0","{}","{}","","2.5","","1.5","3.0","17.5"
"Tory Horton","WR","SEA","212.6","218.0","23.0","Active","30.0","00-0040648","13.0","0.212406015037594","0.5","0.1027472527472528","0.1027472527472528","8.0","corrected","0.0615384615384615","0.0","5.331147179380517","11.0","0.0359435173299101","0.4702702702702703","0.4702702702702703","0.3489583333333333","15.0","20.0","13.0","outdoor","1.0","11.0","2.0","4.0","3.2","3.2","1.0","{""2025"": 9}","{""2025"": ""moderate""}","","3.6","","2.4","3.2","51.1"
"Mo Alie-Cox","TE","IND","216.0","572.0","32.0","Active","30.0","00-0033217","127.0","0.3908582089552239","0.5","0.0583190394511149","0.0583190394511149","11.0","corrected","0.072289156626506","0.0","1.0306708001065603","","","0.4166666666666667","0.4166666666666667","0.5526315789473685","7.0","19.0","5.0","outdoor","2.0","13.0","30.0","2.0","4.8","3.4","4.8","{""2018"": 9, ""2019"": 7, ""2020"": 3, ""2021"": 0, ""2022"": 3, ""2023"": 3, ""2024"": 5, ""2025"": 6}","{""2018"": ""moderate"", ""2019"": ""moderate"", ""2020"": ""moderate"", ""2021"": ""minor"", ""2022"": ""moderate"", ""2023"": ""moderate"", ""2024"": ""moderate"", ""2025"": ""moderate""}","","2.3","","1.4","1.5","60.0"
"Christian Kirk","WR","SF","215.1","240.0","29.0","Questionable","65.0","00-0034775","454.0","0.3732758620689655","0.5","0.1453230313989808","0.1453230313989808","11.0","corrected","0.0886075949367088","0.0","0.4950350952281908","-19.0","0.70298769771529","0.6378378378378379","0.6378378378378379","0.5208333333333334","6.0","6.0","8.0","outdoor","2.0","8.0","15.0","5.0","4.2","3.9","4.2","{""2018"": 5, ""2019"": 4, ""2020"": 3, ""2021"": 0, ""2022"": 0, ""2023"": 5, ""2024"": 9, ""2025"": 6}","{""2018"": ""moderate"", ""2019"": ""moderate"", ""2020"": ""moderate"", ""2021"": ""minor"", ""2022"": ""minor"", ""2023"": ""moderate"", ""2024"": ""moderate"", ""2025"": ""moderate""}","","1.8","","1.0","2.9","60.0"
"Brashard Smith","RB","KC","216.0","342.0","23.0","Active","30.0","00-0040078","69.0","0.1716082659478885","0.5","0.063752276867031","0.0779092702169625","17.0","","0.0864197530864197","0.1136363636363636","0.5616613504166168","","","0.639344262295082","0.319672131147541","0.5","12.0","17.0","21.0","outdoor","3.0","5.0","18.0","6.0","1.0","1.0","1.0","{""2025"": 0}","{""2025"": ""minor""}","","2.2","","2.3","3.7","19.9"
"Jared Wiley","TE","KC","216.0","469.0","25.0","Active","30.0","00-0039824","2.0","0.0251572327044025","0.5","0.0154826958105645","0.0154826958105645","2.0","","0.0","0.0","0.0","","","0.0694444444444444","0.0694444444444444","0.0614035087719298","12.0","17.0","21.0","outdoor","3.0","5.0","18.0","6.0","5.0","5.0","1.0","{""2024"": 16, ""2025"": 15}","{""2024"": ""season_ending"", ""2025"": ""season_ending""}","","3.1","","2.3","3.7","60.9"
"Devaughn Vele","WR","NO","214.9","235.0","28.0","Active","30.0","00-0039424","66.0","0.3887900355871886","0.5","0.1303834808259587","0.1303834808259587","9.0","corrected","0.0961538461538461","0.0","1.1088786133111477","12.0","0.0291005291005291","0.5945945945945946","0.5945945945945946","0.5520833333333334","27.0","12.0","28.0","dome","2.0","8.0","29.0","1.0","4.9","4.9","1.0","{""2024"": 4, ""2025"": 8}","{""2024"": ""moderate"", ""2025"": ""moderate""}","","2.0","","3.8","1.0","60.0"
"Phil Mafah","RB","DAL","216.0","593.0","23.0","Active","30.0","00-0040021","7.0","0.0084317032040472","0.5","0.0560131795716634","0.1092745638200183","1.0","corrected","0.0","0.0111111111111111","5.536376168392366","","","0.5737704918032787","0.4713114754098361","0.140625","4.0","1.0","7.0","outdoor","1.0","14.0","6.0","7.0","3.2","3.2","1.0","{""2025"": 16}","{""2025"": ""season_ending""}","","2.9","","1.0","2.9","40.4"
"Jaheim Bell","TE","PIT","","","25.0","Active","30.0","00-0039420","2.0","","","","","","","","","","","","","","","14.0","25.0","17.0","outdoor","3.0","9.0","27.0","5.0","5.0","5.0","1.0","{""2024"": 13, ""2025"": 17}","{""2024"": ""season_ending"", ""2025"": ""season_ending""}","","2.5","","2.6","2.6","60.0"
"Hollywood Brown","WR","PHI","215.9","285.0","","","","00-0035662","376.0","0.4950584007187781","0.5","0.1432149362477229","0.1432149362477229","16.0","","0.1234567901234567","0.0","1.4143859863662598","12.0","0.2932505818463926","0.6324324324324324","0.6324324324324324","0.6666666666666666","17.0","24.0","16.0","outdoor","2.0","10.0","3.0","6.0","4.9","4.9","4.1","{""2019"": 3, ""2020"": 1, ""2021"": 1, ""2022"": 5, ""2023"": 4, ""2024"": 15, ""2025"": 1}","{""2019"": ""moderate"", ""2020"": ""minor"", ""2021"": ""minor"", ""2022"": ""moderate"", ""2023"": ""moderate"", ""2024"": ""season_ending"", ""2025"": ""minor""}","","2.1","","2.8","3.6","60.0"
"Elijah Mitchell","RB","PHI","216.0","418.0","28.0","Active","30.0","00-0036567","355.0","0.0062893081761006","0.5","0.0309653916211291","0.0167652859960552","1.0","corrected","0.0","0.0","","","","0.3852459016393442","0.1229508196721311","0.1171875","17.0","24.0","16.0","outdoor","2.0","10.0","3.0","6.0","5.0","5.0","4.8","{""2021"": 6, ""2022"": 12, ""2023"": 6, ""2024"": 17, ""2025"": 16}","{""2021"": ""moderate"", ""2022"": ""season_ending"", ""2023"": ""moderate"", ""2024"": ""season_ending"", ""2025"": ""season_ending""}","","2.7","","2.8","3.6","67.3"
"Zack Kuntz","TE","DAL","","","27.0","Active","30.0","00-0038406","","","","","","","","","","","","","","","","4.0","1.0","7.0","outdoor","1.0","14.0","6.0","7.0","5.0","5.0","4.8","{""2023"": 17, ""2024"": 17, ""2025"": 17}","{""2023"": ""season_ending"", ""2024"": ""season_ending"", ""2025"": ""season_ending""}","","2.5","","1.0","2.9","60.0"
"Andrei Iosivas","WR","CIN","215.2","241.0","26.0","Active","30.0","00-0038619","87.0","0.765976597659766","0.5","0.1081140350877193","0.1081140350877193","15.0","","0.0853658536585365","0.0","0.7700545925771858","18.0","0.0201207243460764","0.4972972972972973","0.4972972972972973","0.9010416666666666","18.0","15.0","10.0","outdoor","2.0","6.0","32.0","3.0","1.2","1.2","1.0","{""2023"": 6, ""2024"": 0, ""2025"": 2}","{""2023"": ""moderate"", ""2024"": ""minor"", ""2025"": ""minor""}","","1.6","","2.5","2.1","21.5"
"Jam Miller","RB","NE","216.0","463.0","","Active","30.0","","","","","","","","","","","","","","","","","1.0","18.0","4.0","outdoor","2.0","11.0","19.0","4.0","1.0","1.0","1.0","{}","{}","","2.5","","1.0","2.6","14.4"
"Seydou Traore","TE","MIA","216.0","616.0","23.0","Active","30.0","","","","","","","","","","","","","","","","","20.0","30.0","22.0","outdoor","4.0","6.0","4.0","0.0","1.0","1.0","1.0","{}","{}","","2.5","","3.5","4.2","36.0"
"Ryan Flournoy","WR","DAL","162.8","165.0","26.0","Active","30.0","00-0039410","54.0","0.4038785834738617","0.5","0.1045579352004393","0.1045579352004393","15.0","","0.0673076923076923","0.0","1.2600893333081222","3.0","0.297472075249853","0.4810810810810811","0.4810810810810811","0.6041666666666666","4.0","1.0","7.0","outdoor","1.0","14.0","6.0","7.0","2.6","2.6","1.0","{""2024"": 8, ""2025"": 2}","{""2024"": ""moderate"", ""2025"": ""minor""}","","2.4","","1.0","2.9","23.6"
"Durham Smythe","TE","BAL","216.0","412.0","30.0","Active","30.0","00-0034798","140.0","0.2538994800693241","0.5","0.0273899033297529","0.0273899033297529","7.0","","0.0","0.0","0.0","","","0.1388888888888889","0.1388888888888889","0.3859649122807017","11.0","29.0","11.0","outdoor","3.0","13.0","28.0","4.0","4.8","4.3","4.8","{""2018"": 9, ""2019"": 5, ""2020"": 4, ""2021"": 1, ""2022"": 4, ""2023"": 4, ""2024"": 3, ""2025"": 10}","{""2018"": ""moderate"", ""2019"": ""moderate"", ""2020"": ""moderate"", ""2021"": ""minor"", ""2022"": ""moderate"", ""2023"": ""moderate"", ""2024"": ""moderate"", ""2025"": ""moderate""}","","3.0","","2.3","2.5","60.0"
"Jeremy McNichols","RB","WAS","216.0","475.0","30.0","Active","30.0","00-0033955","263.0","0.3197343453510436","0.5","0.076244212962963","0.0836175236096537","16.0","","0.0588235294117647","0.0638297872340425","0.5616613504166168","","","0.6639344262295082","0.360655737704918","0.671875","19.0","26.0","19.0","outdoor","1.0","7.0","8.0","4.0","5.0","5.0","4.6","{""2017"": 16, ""2018"": 16, ""2019"": 17, ""2020"": 2, ""2021"": 4, ""2022"": 17, ""2023"": 15, ""2024"": 2, ""2025"": 1}","{""2017"": ""season_ending"", ""2018"": ""season_ending"", ""2019"": ""season_ending"", ""2020"": ""minor"", ""2021"": ""moderate"", ""2022"": ""season_ending"", ""2023"": ""season_ending"", ""2024"": ""minor"", ""2025"": ""minor""}","","1.9","","3.2","2.8","61.8"
"Isaac TeSlaa","WR","DET","169.3","169.0","24.0","Active","30.0","00-0040669","16.0","0.3967242948134667","0.5","0.0596103896103896","0.0596103896103896","14.0","","0.1222222222222222","0.0","5.197868499896004","2.0","0.2045877247365158","0.2810810810810811","0.2810810810810811","0.5833333333333334","9.0","13.0","3.0","dome","2.0","6.0","24.0","5.0","2.3","2.3","1.0","{""2025"": 3}","{""2025"": ""moderate""}","","3.6","","1.3","2.4","34.7"
"Payne Durham","TE","TB","216.0","592.0","26.0","Active","30.0","00-0039050","17.0","0.3121693121693121","0.5","0.0157116451016635","0.0157116451016635","8.0","","0.0131578947368421","0.0","0.0","","","0.0833333333333333","0.0833333333333333","0.4298245614035088","21.0","11.0","18.0","outdoor","2.0","10.0","22.0","3.0","5.0","5.0","4.8","{""2023"": 11, ""2024"": 9, ""2025"": 9}","{""2023"": ""moderate"", ""2024"": ""moderate"", ""2025"": ""moderate""}","","3.1","","2.9","2.2","64.2"
"Salvon Ahmed","RB","CHI","216.0","610.0","27.0","Active","30.0","00-0036020","203.0","","","","","","","","","","","","","","","8.0","2.0","9.0","outdoor","1.0","10.0","11.0","5.0","5.0","5.0","4.8","{""2020"": 11, ""2021"": 6, ""2022"": 11, ""2023"": 10, ""2024"": 17, ""2025"": 17}","{""2020"": ""moderate"", ""2021"": ""moderate"", ""2022"": ""moderate"", ""2023"": ""moderate"", ""2024"": ""season_ending"", ""2025"": ""season_ending""}","","2.5","","1.1","2.6","60.0"
"Tre' Harris","WR","LAC","165.1","167.0","24.0","Active","30.0","00-0040727","32.0","0.4855643044619422","0.5","0.0839843749999999","0.0839843749999999","16.0","","0.0632911392405063","0.0131578947368421","0.433155708324667","3.0","0.2560386473429952","0.4","0.4","0.6614583333333334","25.0","10.0","24.0","dome","2.0","7.0","16.0","3.0","1.0","1.0","1.0","{""2025"": 1}","{""2025"": ""minor""}","","2.1","","3.4","2.2","33.3"
"Jarquez Hunter","RB","LAR","216.0","470.0","23.0","Active","30.0","00-0040692","","0.0","","","","","","","","","","","","","0.03515625","2.0","4.0","1.0","dome","1.0","11.0","5.0","6.0","3.2","3.2","1.0","{""2025"": 17}","{""2025"": ""season_ending""}","","2.5","","1.0","2.8","36.9"
"Max Klare","TE","LAR","216.0","562.0","23.0","Active","30.0","","","","","","","","","","","","","","","","","2.0","4.0","1.0","dome","1.0","11.0","5.0","6.0","1.0","1.0","1.0","{}","{}","","2.5","","1.0","2.8","14.6"
"Jalen Tolbert","WR","MIA","215.5","248.0","27.0","Active","30.0","00-0037666","91.0","0.3912310286677909","0.5","0.0793520043931905","0.0793520043931905","12.0","corrected","0.048076923076923","0.0","0.7700545925771858","-30.0","0.88643216080402","0.3783783783783784","0.3783783783783784","0.5677083333333334","20.0","30.0","22.0","outdoor","4.0","6.0","4.0","0.0","4.8","3.8","4.8","{""2022"": 14, ""2023"": 3, ""2024"": 0, ""2025"": 5}","{""2022"": ""season_ending"", ""2023"": ""moderate"", ""2024"": ""minor"", ""2025"": ""moderate""}","","2.3","","3.5","4.2","60.3"
"Israel Abanikanda","RB","DAL","216.0","441.0","23.0","Active","30.0","00-0038389","29.0","","","","","","","","","","","","","","","4.0","1.0","7.0","outdoor","1.0","14.0","6.0","7.0","5.0","5.0","4.8","{""2023"": 11, ""2024"": 17, ""2025"": 17}","{""2023"": ""moderate"", ""2024"": ""season_ending"", ""2025"": ""season_ending""}","","2.5","","1.0","2.9","60.0"
"Justin Joly","TE","DEN","216.0","509.0","22.0","Active","30.0","","","","","","","","","","","","","","","","","10.0","3.0","14.0","outdoor","3.0","10.0","21.0","5.0","1.0","1.0","1.0","{}","{}","","2.5","","1.5","3.0","18.8"
"Chris Bell","WR","MIA","215.0","236.0","22.0","PUP","85.0","","","","","","","","","","","","14.0","0.0465753424657535","","","","20.0","30.0","22.0","outdoor","4.0","6.0","4.0","0.0","4.4","1.0","1.0","{}","{}","","2.5","","3.5","4.2","60.0"
"Brevyn Spann-Ford","TE","DAL","216.0","346.0","26.0","Active","30.0","00-0039530","18.0","0.2529510961214165","0.5","0.0227553542009884","0.0227553542009884","16.0","","0.0192307692307692","0.0","1.4887467112650312","","","0.1203703703703703","0.1203703703703703","0.3771929824561403","4.0","1.0","7.0","outdoor","1.0","14.0","6.0","7.0","1.8","1.8","1.0","{""2024"": 6, ""2025"": 1}","{""2024"": ""moderate"", ""2025"": ""minor""}","","4.2","","1.0","2.9","60.0"
"Dameon Pierce","RB","PHI","216.0","378.0","26.0","Active","30.0","00-0037258","464.0","0.0198275862068965","0.5","0.0061482820976489","0.0502958579881656","5.0","","0.0","0.0","0.0","","","0.1475409836065573","0.2622950819672131","0.171875","17.0","24.0","16.0","outdoor","2.0","10.0","3.0","6.0","5.0","5.0","4.8","{""2022"": 4, ""2023"": 3, ""2024"": 7, ""2025"": 12}","{""2022"": ""moderate"", ""2023"": ""moderate"", ""2024"": ""moderate"", ""2025"": ""season_ending""}","","3.2","","2.8","3.6","71.5"
"Caleb Douglas","WR","MIA","214.1","226.0","22.0","Active","30.0","","","","","","","","","","","","-44.0","0.916155419222904","","","","20.0","30.0","22.0","outdoor","4.0","6.0","4.0","0.0","1.0","1.0","1.0","{}","{}","","2.5","","3.5","4.2","39.7"
"Demond Claiborne","RB","MIN","214.3","227.0","22.0","Active","30.0","","","","","","","","","","","","-10.0","0.3396226415094339","","","","28.0","31.0","27.0","dome","3.0","6.0","1.0","4.0","1.0","1.0","1.0","{}","{}","","2.5","","4.4","4.1","34.0"
"Devin Culp","TE","TB","216.0","399.0","26.0","Active","30.0","00-0039754","6.0","0.0493827160493827","0.5","0.0078558225508316","0.0078558225508316","4.0","","0.0131578947368421","0.0","13.39872040138528","","","0.0555555555555555","0.0555555555555555","0.1228070175438596","21.0","11.0","18.0","outdoor","2.0","10.0","22.0","3.0","5.0","5.0","1.0","{""2024"": 15, ""2025"": 13}","{""2024"": ""season_ending"", ""2025"": ""season_ending""}","","5.0","","2.9","2.2","80.4"
"Dyami Brown","WR","WAS","216.0","414.0","26.0","Active","30.0","00-0036626","91.0","0.3095652173913043","0.5","0.1045371447565231","0.1045371447565231","11.0","corrected","0.1034482758620689","0.008695652173913","0.5331147179380518","","","0.4756756756756757","0.4756756756756757","0.4322916666666667","19.0","26.0","19.0","outdoor","1.0","7.0","8.0","4.0","3.4","2.9","3.4","{""2021"": 7, ""2022"": 8, ""2023"": 1, ""2024"": 2, ""2025"": 6}","{""2021"": ""moderate"", ""2022"": ""moderate"", ""2023"": ""minor"", ""2024"": ""minor"", ""2025"": ""moderate""}","","2.3","","3.2","2.8","47.9"
"Donovan Edwards","RB","MIA","","","23.0","Active","30.0","","","","","","","","","","","","","","","","","20.0","30.0","22.0","outdoor","4.0","6.0","4.0","0.0","1.0","1.0","1.0","{}","{}","","2.5","","3.5","4.2","29.3"
"Tip Reiman","TE","ARI","","","24.0","PUP","85.0","00-0039737","9.0","0.0863436123348017","0.5","0.0459211237169093","0.0459211237169093","3.0","corrected","0.0","0.0","0.0","","","0.25","0.25","0.1842105263157894","24.0","16.0","20.0","outdoor","1.0","14.0","7.0","0.0","5.0","5.0","1.0","{""2024"": 9, ""2025"": 14}","{""2024"": ""moderate"", ""2025"": ""season_ending""}","","3.0","","3.4","2.1","67.2"
"Ted Hurst","WR","TB","204.7","204.0","22.0","Active","30.0","","","","","","","","","","","","10.0","0.1565452091767882","","","","21.0","11.0","18.0","outdoor","2.0","10.0","22.0","3.0","1.0","1.0","1.0","{}","{}","","2.5","","2.9","2.2","32.1"
"Josh Cuevas","TE","BAL","216.0","500.0","22.0","Active","30.0","","","","","","","","","","","","","","","","","11.0","29.0","11.0","outdoor","3.0","13.0","28.0","4.0","1.0","1.0","1.0","{}","{}","","2.5","","2.3","2.5","24.7"
"Carlos Washington","RB","MIA","","","27.0","Active","30.0","00-0038930","","0.0","","","","","","","","","","","","","0.03515625","20.0","30.0","22.0","outdoor","4.0","6.0","4.0","0.0","1.0","1.0","1.0","{}","{}","","2.5","","3.5","4.2","29.3"
"Treylon Burks","WR","WAS","215.8","273.0","26.0","Active","30.0","00-0037742","74.0","0.2770398481973434","0.5","0.1082175925925925","0.1082175925925925","8.0","corrected","0.0784313725490196","0.0","1.3860982666389343","-20.0","0.794979079497908","0.5027027027027027","0.5027027027027027","0.40625","19.0","26.0","19.0","outdoor","1.0","7.0","8.0","4.0","5.0","5.0","4.8","{""2022"": 6, ""2023"": 8, ""2024"": 12, ""2025"": 9}","{""2022"": ""moderate"", ""2023"": ""moderate"", ""2024"": ""season_ending"", ""2025"": ""moderate""}","","2.9","","3.2","2.8","62.5"
"Jack Stoll","TE","CLE","216.0","450.0","28.0","Active","30.0","00-0036741","28.0","0.1859430604982206","0.5","0.0367748279252704","0.0367748279252704","9.0","","0.0192307692307692","0.0","2.233120066897547","","","0.1944444444444444","0.1944444444444444","0.2894736842105263","31.0","22.0","29.0","outdoor","4.0","11.0","31.0","1.0","5.0","5.0","4.8","{""2021"": 11, ""2022"": 8, ""2023"": 11, ""2024"": 12, ""2025"": 8}","{""2021"": ""moderate"", ""2022"": ""moderate"", ""2023"": ""moderate"", ""2024"": ""season_ending"", ""2025"": ""moderate""}","","4.6","","4.5","2.3","89.9"
"Will Shipley","RB","PHI","216.0","670.0","23.0","Active","30.0","00-0039746","57.0","0.1100569259962049","0.5","0.0314039408866994","0.0323809523809523","14.0","","0.0163934426229508","0.0","0.0","","","0.4016393442622951","0.180327868852459","0.40625","17.0","24.0","16.0","outdoor","2.0","10.0","3.0","6.0","2.3","2.3","1.0","{""2024"": 4, ""2025"": 3}","{""2024"": ""moderate"", ""2025"": ""moderate""}","","2.7","","2.8","3.6","39.9"
"Seth McGowan","RB","IND","215.9","308.0","24.0","Active","30.0","","","","","","","","","","","","","","","","","7.0","19.0","5.0","outdoor","2.0","13.0","30.0","2.0","1.0","1.0","1.0","{}","{}","","2.5","","1.4","1.5","15.4"
"Ashton Dulin","WR","IND","216.0","327.0","29.0","Active","30.0","00-0035021","55.0","0.1520522388059701","0.5","0.0267295597484276","0.0267295597484276","12.0","","0.0120481927710843","0.0194174757281553","0.0","","","0.1243243243243243","0.1243243243243243","0.2552083333333333","7.0","19.0","5.0","outdoor","2.0","13.0","30.0","2.0","5.0","5.0","4.8","{""2019"": 9, ""2020"": 7, ""2021"": 1, ""2022"": 7, ""2023"": 17, ""2024"": 4, ""2025"": 5}","{""2019"": ""moderate"", ""2020"": ""moderate"", ""2021"": ""minor"", ""2022"": ""moderate"", ""2023"": ""season_ending"", ""2024"": ""moderate"", ""2025"": ""moderate""}","","3.3","","1.4","1.5","60.0"
"Ian Thomas","TE","LV","216.0","436.0","30.0","Active","30.0","00-0034365","132.0","0.3202416918429003","0.5","0.0497076023391812","0.0497076023391812","9.0","corrected","0.0","0.0","0.0","","","0.3055555555555556","0.3055555555555556","0.4473684210526316","32.0","32.0","31.0","dome","4.0","13.0","20.0","0.0","5.0","5.0","4.8","{""2018"": 7, ""2019"": 7, ""2020"": 4, ""2021"": 3, ""2022"": 4, ""2023"": 9, ""2024"": 14, ""2025"": 8}","{""2018"": ""moderate"", ""2019"": ""moderate"", ""2020"": ""moderate"", ""2021"": ""moderate"", ""2022"": ""moderate"", ""2023"": ""moderate"", ""2024"": ""season_ending"", ""2025"": ""moderate""}","","2.6","","5.0","1.9","76.4"
"Dontayvion Wicks","WR","PHI","188.6","189.0","25.0","Active","30.0","00-0038393","110.0","0.3882017126546147","1.5","0.1307692307692307","0.1307692307692307","13.0","corrected","0.0579710144927536","0.0","0.8942569462186674","-24.0","0.1302931596091206","0.6","0.6","0.546875","17.0","24.0","16.0","outdoor","2.0","10.0","3.0","6.0","2.5","2.5","1.0","{""2023"": 2, ""2024"": 0, ""2025"": 4}","{""2023"": ""minor"", ""2024"": ""minor"", ""2025"": ""moderate""}","","2.7","","2.8","3.6","43.2"
"Hunter Long","TE","JAX","","","27.0","Active","30.0","00-0037004","20.0","0.2243478260869565","1.5","0.0754766257508488","0.0754766257508488","7.0","corrected","0.0459770114942528","0.0","2.233120066897547","","","0.5555555555555556","0.5555555555555556","0.3245614035087719","13.0","7.0","6.0","outdoor","3.0","7.0","17.0","3.0","5.0","5.0","4.8","{""2021"": 14, ""2022"": 16, ""2023"": 16, ""2024"": 6, ""2025"": 10}","{""2021"": ""season_ending"", ""2022"": ""season_ending"", ""2023"": ""season_ending"", ""2024"": ""moderate"", ""2025"": ""moderate""}","","4.2","","1.6","3.0","64.0"
"Kaytron Allen","RB","WAS","204.2","202.0","23.0","Active","30.0","","","","","","","","","","","","-10.0","0.7523510971786834","","","","19.0","26.0","19.0","outdoor","1.0","7.0","8.0","4.0","1.0","1.0","1.0","{}","{}","","2.5","","3.2","2.8","26.3"
"Jack Bech","WR","LV","215.4","245.0","23.0","Active","30.0","00-0040729","20.0","0.3454179254783484","0.5","0.0712839791787159","0.0712839791787159","14.0","","0.064516129032258","0.0","0.0","12.0","0.0949598246895544","0.3405405405405405","0.3405405405405405","0.4895833333333333","32.0","32.0","31.0","dome","4.0","13.0","20.0","0.0","2.3","2.3","1.0","{""2025"": 3}","{""2025"": ""moderate""}","","2.5","","5.0","1.9","59.0"
"Joe Royer","TE","CLE","216.0","486.0","24.0","Active","30.0","","","","","","","","","","","","","","","","","31.0","22.0","29.0","outdoor","4.0","11.0","31.0","1.0","1.0","1.0","1.0","{}","{}","","2.5","","4.5","2.3","42.1"
"Elic Ayomanor","WR","TEN","215.7","260.0","23.0","Questionable","65.0","00-0040170","41.0","0.7452651515151515","2.5","0.1784198113207549","0.1784198113207549","16.0","","0.1568627450980392","0.0","1.352290991842863","-6.0","0.3049001814882032","0.7405405405405405","0.7405405405405405","0.8854166666666666","30.0","28.0","32.0","outdoor","1.0","9.0","23.0","0.0","1.0","1.0","1.0","{""2025"": 1}","{""2025"": ""minor""}","","2.9","","4.7","1.1","51.3"
"Tahj Brooks","RB","CIN","215.9","309.0","24.0","Active","30.0","00-0040208","17.0","0.0423042304230423","0.5","0.0046600877192982","0.0249755142017629","12.0","","0.0","0.0","0.0","","","0.1311475409836065","0.1557377049180328","0.234375","18.0","15.0","10.0","outdoor","2.0","6.0","32.0","3.0","2.7","2.7","1.0","{""2025"": 5}","{""2025"": ""moderate""}","","3.3","","2.5","2.1","46.0"
"Chris Manhertz","TE","NYG","","","34.0","Active","30.0","00-0031484","30.0","0.1808695652173913","0.5","0.0168986083499002","0.0168986083499002","4.0","","0.0147058823529411","0.0","0.0","","","0.0925925925925925","0.0925925925925925","0.2719298245614035","16.0","9.0","15.0","outdoor","1.0","8.0","10.0","4.0","5.0","5.0","4.8","{""2016"": 16, ""2017"": 12, ""2018"": 10, ""2019"": 14, ""2020"": 10, ""2021"": 7, ""2022"": 10, ""2023"": 10, ""2024"": 9, ""2025"": 13}","{""2016"": ""season_ending"", ""2017"": ""season_ending"", ""2018"": ""moderate"", ""2019"": ""season_ending"", ""2020"": ""moderate"", ""2021"": ""moderate"", ""2022"": ""moderate"", ""2023"": ""moderate"", ""2024"": ""moderate"", ""2025"": ""season_ending""}","","3.3","","2.2","2.7","60.8"
"Chimere Dike","WR","TEN","215.9","276.0","24.0","Active","30.0","00-0040705","59.0","0.5975378787878788","2.5","0.139622641509434","0.139622641509434","17.0","","0.2745098039215686","0.0444444444444444","0.9397276383992776","30.0","0.1579731743666171","0.6216216216216216","0.6216216216216216","0.7760416666666666","30.0","28.0","32.0","outdoor","1.0","9.0","23.0","0.0","1.0","1.0","1.0","{""2025"": 0}","{""2025"": ""minor""}","","3.1","","4.7","1.1","53.1"
"Devin Neal","RB","NO","216.0","401.0","22.0","Active","30.0","00-0040202","74.0","0.2384341637010676","0.5","0.063520157325467","0.139917695473251","9.0","corrected","0.0192307692307692","0.0746268656716417","1.0474225183445016","","","0.6311475409836066","0.5409836065573771","0.5703125","27.0","12.0","28.0","dome","2.0","8.0","29.0","1.0","3.2","3.2","1.0","{""2025"": 8}","{""2025"": ""moderate""}","","1.9","","3.8","1.0","44.9"
"Luke Farrell","TE","SF","216.0","542.0","28.0","Active","30.0","00-0036887","47.0","0.360392506690455","0.5","0.0332867132867133","0.0332867132867133","13.0","","0.0444444444444444","0.0","2.4361309820700514","","","0.1851851851851851","0.1851851851851851","0.5087719298245614","6.0","6.0","8.0","outdoor","2.0","8.0","15.0","5.0","5.0","5.0","4.8","{""2021"": 9, ""2022"": 13, ""2023"": 7, ""2024"": 5, ""2025"": 4}","{""2021"": ""moderate"", ""2022"": ""season_ending"", ""2023"": ""moderate"", ""2024"": ""moderate"", ""2025"": ""moderate""}","","4.1","","1.0","2.9","60.0"
"Jahan Dotson","WR","ATL","215.6","254.0","26.0","Active","30.0","00-0037741","124.0","0.5683111954459203","0.5","0.0879310344827585","0.0879310344827585","15.0","","0.081967213114754","0.0","0.7700545925771858","-3.0","0.1500441306266549","0.4108108108108108","0.4108108108108108","0.7395833333333334","23.0","14.0","23.0","outdoor","2.0","11.0","26.0","3.0","1.7","1.3","1.7","{""2022"": 5, ""2023"": 0, ""2024"": 3, ""2025"": 2}","{""2022"": ""moderate"", ""2023"": ""minor"", ""2024"": ""moderate"", ""2025"": ""minor""}","","2.0","","3.3","2.0","35.4"
"Devin Singletary","RB","NYG","216.0","402.0","28.0","Active","30.0","00-0035250","1334.0","0.2704347826086956","0.5","0.0377733598409543","0.133076181292189","17.0","","0.0294117647058823","0.2244897959183673","1.4144026707571735","","","0.4508196721311475","0.5163934426229508","0.6015625","16.0","9.0","15.0","outdoor","1.0","8.0","10.0","4.0","1.0","1.0","1.0","{""2019"": 5, ""2020"": 1, ""2021"": 0, ""2022"": 1, ""2023"": 0, ""2024"": 2, ""2025"": 0}","{""2019"": ""moderate"", ""2020"": ""minor"", ""2021"": ""minor"", ""2022"": ""minor"", ""2023"": ""minor"", ""2024"": ""minor"", ""2025"": ""minor""}","","2.6","","2.2","2.7","21.7"
"Ko Kieft","TE","TB","","","28.0","Active","30.0","00-0037311","8.0","0.0255731922398589","0.5","0.0","0.0","2.0","","","","","","","0.0277777777777777","0.0277777777777777","0.0789473684210526","21.0","11.0","18.0","outdoor","2.0","10.0","22.0","3.0","5.0","5.0","4.8","{""2022"": 4, ""2023"": 7, ""2024"": 14, ""2025"": 15}","{""2022"": ""moderate"", ""2023"": ""moderate"", ""2024"": ""season_ending"", ""2025"": ""season_ending""}","","3.1","","2.9","2.2","64.2"
"Nicholas Singleton","RB","TEN","208.9","208.0","22.0","Active","30.0","","","","","","","","","","","","8.0","1.093264248704663","","","","30.0","28.0","32.0","outdoor","1.0","9.0","23.0","0.0","1.0","1.0","1.0","{}","{}","","2.5","","4.7","1.1","32.6"
"Jaylin Noel","WR","HOU","215.0","238.0","23.0","Questionable","65.0","00-0040138","32.0","0.2620689655172414","0.5","0.0632911392405063","0.0632911392405063","17.0","","0.0632911392405063","0.0256410256410256","0.8663114166493341","4.0","0.119496855345912","0.3027027027027027","0.3027027027027027","0.3958333333333333","22.0","5.0","26.0","outdoor","5.0","8.0","14.0","4.0","1.0","1.0","1.0","{""2025"": 0}","{""2025"": ""minor""}","","2.7","","3.0","4.4","37.0"
"CJ Dippre","TE","NE","","","24.0","Active","30.0","00-0040566","","0.0182815356489945","","","","","","","","","","","","","0.0526315789473684","1.0","18.0","4.0","outdoor","2.0","11.0","19.0","4.0","1.0","1.0","1.0","{}","{}","","2.5","","1.0","2.6","14.4"
"Pat Bryant","WR","DEN","204.5","203.0","23.0","Active","30.0","00-0040134","31.0","0.4166666666666667","0.5","0.1097207586933614","0.1097207586933614","13.0","corrected","0.0898876404494382","0.0","0.4471284731093337","6.0","0.3002915451895045","0.5135135135135135","0.5135135135135135","0.6197916666666666","10.0","3.0","14.0","outdoor","3.0","10.0","21.0","5.0","2.5","2.5","1.0","{""2025"": 4}","{""2025"": ""moderate""}","","1.9","","1.5","3.0","23.4"
"Jerome Ford","RB","WAS","216.0","480.0","26.0","Active","30.0","00-0037267","447.0","0.2483841181902123","0.5","0.0801650456822871","0.0748016028914905","13.0","","0.1052631578947368","0.0655737704918032","0.0","","","0.6967213114754098","0.3032786885245901","0.5859375","19.0","26.0","19.0","outdoor","1.0","7.0","8.0","4.0","2.5","2.5","2.0","{""2022"": 4, ""2023"": 0, ""2024"": 3, ""2025"": 4}","{""2022"": ""moderate"", ""2023"": ""minor"", ""2024"": ""moderate"", ""2025"": ""moderate""}","","2.0","","3.2","2.8","37.3"
"Tanner Koziol","TE","JAX","216.0","626.0","22.0","Active","30.0","","","","","","","","","","","","","","","","","13.0","7.0","6.0","outdoor","3.0","7.0","17.0","3.0","1.0","1.0","1.0","{}","{}","","2.5","","1.6","3.0","19.6"
"Savion Williams","WR","GB","215.9","307.0","24.0","Active","30.0","00-0040009","21.0","0.0865842055185537","0.5","0.0307971014492753","0.0307971014492753","12.0","","0.0579710144927536","0.0106382978723404","0.6600467936375878","","","0.1513513513513513","0.1513513513513513","0.1770833333333333","5.0","21.0","12.0","outdoor","2.0","11.0","9.0","6.0","2.7","2.7","1.0","{""2025"": 5}","{""2025"": ""moderate""}","","3.3","","1.5","3.2","37.1"
"Tyler Badie","RB","DEN","215.9","313.0","26.0","Active","30.0","00-0037085","43.0","0.1684210526315789","0.5","0.0563998287671232","0.0387628624883068","16.0","","0.0449438202247191","0.0259740259740259","0.0","","","0.6065573770491803","0.221311475409836","0.484375","10.0","3.0","14.0","outdoor","3.0","10.0","21.0","5.0","5.0","5.0","4.6","{""2022"": 16, ""2023"": 17, ""2024"": 14, ""2025"": 1}","{""2022"": ""season_ending"", ""2023"": ""season_ending"", ""2024"": ""season_ending"", ""2025"": ""minor""}","","2.3","","1.5","3.0","60.0"
"Tyler Conklin","TE","DET","216.0","654.0","31.0","Active","30.0","00-0034270","275.0","0.147856517935258","1.5","0.0520833333333334","0.0520833333333334","6.0","corrected","0.0","0.0","0.0","","","0.3333333333333333","0.3333333333333333","0.2368421052631578","9.0","13.0","3.0","dome","2.0","6.0","24.0","5.0","4.8","3.8","4.8","{""2018"": 13, ""2019"": 8, ""2020"": 8, ""2021"": 0, ""2022"": 0, ""2023"": 0, ""2024"": 1, ""2025"": 11}","{""2018"": ""season_ending"", ""2019"": ""moderate"", ""2020"": ""moderate"", ""2021"": ""minor"", ""2022"": ""minor"", ""2023"": ""minor"", ""2024"": ""minor"", ""2025"": ""moderate""}","","3.7","","1.3","2.4","60.0"
"Joshua Palmer","WR","BUF","215.8","269.0","26.0","Active","30.0","","","","","","","","","","","","-24.0","0.7165259348612785","","","","3.0","8.0","2.0","outdoor","4.0","7.0","12.0","5.0","1.0","1.0","1.0","{}","{}","","2.5","","1.0","4.0","16.2"
"Oscar Delp","TE","NO","215.9","305.0","23.0","Active","30.0","","","","","","","","","","","","","","","","","27.0","12.0","28.0","dome","2.0","8.0","29.0","1.0","1.0","1.0","1.0","{}","{}","","2.5","","3.8","1.0","35.2"
"Isaac Guerendo","RB","SF","216.0","437.0","26.0","PUP","85.0","00-0039363","99.0","0.0","0.5","0.0","0.0","7.0","","","","","","","0.0573770491803278","0.0286885245901639","0.03515625","6.0","6.0","8.0","outdoor","2.0","8.0","15.0","5.0","4.4","3.9","1.0","{""2024"": 1, ""2025"": 10}","{""2024"": ""minor"", ""2025"": ""moderate""}","","3.8","","1.0","2.9","60.3"
"Luke McCaffrey","WR","WAS","215.9","297.0","25.0","Active","30.0","00-0039355","29.0","0.1650853889943074","0.5","0.0655864197530863","0.0655864197530863","9.0","corrected","0.0588235294117647","0.0","3.780267999924367","-52.0","1.5290322580645164","0.3135135135135135","0.3135135135135135","0.2916666666666667","19.0","26.0","19.0","outdoor","1.0","7.0","8.0","4.0","4.1","4.1","1.0","{""2024"": 4, ""2025"": 8}","{""2024"": ""moderate"", ""2025"": ""moderate""}","","4.2","","3.2","2.8","68.7"
"Eric Saubert","TE","SEA","216.0","423.0","32.0","Active","30.0","00-0033576","51.0","0.2593984962406015","0.5","0.029059829059829","0.029059829059829","9.0","","0.0615384615384615","0.0","0.0","","","0.1666666666666666","0.1666666666666666","0.3947368421052631","15.0","20.0","13.0","outdoor","1.0","11.0","2.0","4.0","5.0","5.0","4.8","{""2017"": 14, ""2018"": 10, ""2019"": 15, ""2020"": 11, ""2021"": 7, ""2022"": 3, ""2023"": 14, ""2024"": 5, ""2025"": 8}","{""2017"": ""season_ending"", ""2018"": ""moderate"", ""2019"": ""season_ending"", ""2020"": ""moderate"", ""2021"": ""moderate"", ""2022"": ""moderate"", ""2023"": ""season_ending"", ""2024"": ""moderate"", ""2025"": ""moderate""}","","3.0","","2.4","3.2","60.4"
"Marvin Mims","WR","DEN","215.8","270.0","24.0","Active","30.0","00-0038976","132.0","0.3324561403508771","0.5","0.098972602739726","0.098972602739726","15.0","","0.0337078651685393","0.0259740259740259","0.5657543945465038","13.0","0.0654288240495136","0.4540540540540541","0.4540540540540541","0.484375","10.0","3.0","14.0","outdoor","3.0","10.0","21.0","5.0","1.0","1.0","1.0","{""2023"": 1, ""2024"": 0, ""2025"": 2}","{""2023"": ""minor"", ""2024"": ""minor"", ""2025"": ""minor""}","","2.3","","1.5","3.0","18.1"
"Drew Ogletree","TE","IND","216.0","410.0","28.0","Active","30.0","","","","","","","","","","","","","","","","","7.0","19.0","5.0","outdoor","2.0","13.0","30.0","2.0","1.0","1.0","1.0","{}","{}","","2.5","","1.4","1.5","16.5"
"Trevor Etienne","RB","CAR","216.0","644.0","22.0","Active","30.0","00-0040644","23.0","0.05937794533459","0.5","0.00625","0.0235655737704918","17.0","","0.0","0.0571428571428571","0.0","","","0.1557377049180328","0.1475409836065573","0.3046875","26.0","23.0","25.0","outdoor","1.0","5.0","25.0","3.0","1.0","1.0","1.0","{""2025"": 0}","{""2025"": ""minor""}","","3.1","","3.9","2.0","34.3"
"KaVontae Turpin","WR","DAL","215.9","294.0","30.0","Active","30.0","00-0037801","117.0","0.3204047217537942","0.5","0.0709500274574409","0.0709500274574409","15.0","","0.048076923076923","0.0","0.6446968682041556","25.0","0.1446808510638297","0.3351351351351351","0.3351351351351351","0.453125","4.0","1.0","7.0","outdoor","1.0","14.0","6.0","7.0","1.0","1.0","1.0","{""2022"": 0, ""2023"": 1, ""2024"": 0, ""2025"": 2}","{""2022"": ""minor"", ""2023"": ""minor"", ""2024"": ""minor"", ""2025"": ""minor""}","","2.6","","1.0","2.9","16.0"
"Sam Roush","TE","CHI","216.0","612.0","22.0","Active","30.0","","","","","","","","","","","","","","","","","8.0","2.0","9.0","outdoor","1.0","10.0","11.0","5.0","1.0","1.0","1.0","{}","{}","","2.5","","1.1","2.6","15.2"
"Andrew Beck","RB","NYJ","","","30.0","Active","30.0","00-0034959","40.0","0.1049618320610687","","","","","","0.0327868852459016","0.0158730158730158","","","","","","0.390625","29.0","27.0","30.0","outdoor","2.0","13.0","13.0","0.0","5.0","5.0","4.8","{""2019"": 6, ""2020"": 17, ""2021"": 16, ""2022"": 8, ""2023"": 5, ""2024"": 15, ""2025"": 6}","{""2019"": ""moderate"", ""2020"": ""season_ending"", ""2021"": ""season_ending"", ""2022"": ""moderate"", ""2023"": ""moderate"", ""2024"": ""season_ending"", ""2025"": ""moderate""}","","2.5","","4.5","2.2","73.2"
"Olamide Zaccheaus","WR","ATL","216.0","591.0","29.0","Active","30.0","00-0035208","197.0","0.5025996533795494","1.5","0.1483619763694957","0.1483619763694957","14.0","corrected","0.1830985915492957","0.0","0.6446968682041556","","","0.6486486486486487","0.6486486486486487","0.6770833333333334","23.0","14.0","23.0","outdoor","2.0","11.0","26.0","3.0","4.1","2.4","4.1","{""2019"": 11, ""2020"": 7, ""2021"": 2, ""2022"": 1, ""2023"": 6, ""2024"": 1, ""2025"": 3}","{""2019"": ""moderate"", ""2020"": ""moderate"", ""2021"": ""minor"", ""2022"": ""minor"", ""2023"": ""moderate"", ""2024"": ""minor"", ""2025"": ""moderate""}","","2.4","","3.3","2.0","60.0"
"Johnny Mundt","TE","PHI","","","31.0","Active","30.0","00-0033246","74.0","0.3382608695652174","0.5","0.0492078001218769","0.0492078001218769","12.0","","0.0114942528735632","0.0","0.0","","","0.2962962962962963","0.2962962962962963","0.4824561403508772","17.0","24.0","16.0","outdoor","2.0","10.0","3.0","6.0","5.0","5.0","4.8","{""2018"": 16, ""2019"": 11, ""2020"": 12, ""2021"": 14, ""2022"": 4, ""2023"": 7, ""2024"": 3, ""2025"": 5}","{""2018"": ""season_ending"", ""2019"": ""moderate"", ""2020"": ""season_ending"", ""2021"": ""season_ending"", ""2022"": ""moderate"", ""2023"": ""moderate"", ""2024"": ""moderate"", ""2025"": ""moderate""}","","2.6","","2.8","3.6","60.5"
"Xavier Hutchinson","WR","HOU","216.0","672.0","26.0","Active","30.0","00-0038618","63.0","0.5793103448275863","0.5","0.1095162748643765","0.1095162748643765","16.0","","0.0886075949367088","0.0128205128205128","1.094288105241264","","","0.5081081081081081","0.5081081081081081","0.7552083333333334","22.0","5.0","26.0","outdoor","5.0","8.0","14.0","4.0","1.5","1.5","1.0","{""2023"": 5, ""2024"": 3, ""2025"": 1}","{""2023"": ""moderate"", ""2024"": ""moderate"", ""2025"": ""minor""}","","1.9","","3.0","4.4","32.9"
"Quintin Morris","TE","JAX","","","27.0","Active","30.0","00-0036590","21.0","0.1860869565217391","0.5","0.0254279541299651","0.0254279541299651","11.0","","0.0229885057471264","0.0","2.233120066897547","","","0.1296296296296296","0.1296296296296296","0.2982456140350877","13.0","7.0","6.0","outdoor","3.0","7.0","17.0","3.0","5.0","5.0","4.8","{""2022"": 8, ""2023"": 15, ""2024"": 7, ""2025"": 6}","{""2022"": ""moderate"", ""2023"": ""season_ending"", ""2024"": ""moderate"", ""2025"": ""moderate""}","","4.8","","1.6","3.0","69.1"
"Calvin Austin","WR","NYG","216.0","358.0","27.0","Active","30.0","00-0037837","95.0","0.4325897187196896","1.5","0.1279419813902578","0.1279419813902578","14.0","corrected","0.0512820512820512","0.0","1.341385419328001","","","0.5837837837837838","0.5837837837837838","0.6354166666666666","16.0","9.0","15.0","outdoor","1.0","8.0","10.0","4.0","3.4","3.4","1.0","{""2022"": 17, ""2023"": 1, ""2024"": 0, ""2025"": 3}","{""2022"": ""season_ending"", ""2023"": ""minor"", ""2024"": ""minor"", ""2025"": ""moderate""}","","3.0","","2.2","2.7","44.6"
"Cole Turner","TE","MIA","","","26.0","Active","30.0","00-0037078","13.0","0.0","","","","","","","","","","","","","0.0131578947368421","20.0","30.0","22.0","outdoor","4.0","6.0","4.0","0.0","5.0","5.0","4.8","{""2022"": 10, ""2023"": 9, ""2024"": 17, ""2025"": 17}","{""2022"": ""moderate"", ""2023"": ""moderate"", ""2024"": ""season_ending"", ""2025"": ""season_ending""}","","2.5","","3.5","4.2","65.9"
"DeMario Douglas","WR","NE","215.9","280.0","25.0","Active","30.0","00-0038621","164.0","0.2294332723948811","0.5","0.1014004149377593","0.1014004149377593","16.0","","0.106060606060606","0.0105263157894736","1.094288105241264","11.0","0.0120967741935484","0.4648648648648649","0.4648648648648649","0.359375","1.0","18.0","4.0","outdoor","2.0","11.0","19.0","4.0","1.0","1.0","1.0","{""2023"": 3, ""2024"": 1, ""2025"": 1}","{""2023"": ""moderate"", ""2024"": ""minor"", ""2025"": ""minor""}","","2.6","","1.0","2.6","15.7"
"Max Bredeson","TE","MIN","","","23.0","Active","30.0","","","","","","","","","","","","","","","","","28.0","31.0","27.0","dome","3.0","6.0","1.0","4.0","1.0","1.0","1.0","{}","{}","","2.5","","4.4","4.1","43.1"
"Jelani Woods","TE","NYJ","","","27.0","Active","30.0","00-0037755","26.0","0.0572519083969465","0.5","0.0540254237288133","0.0540254237288133","2.0","corrected","0.0163934426229508","0.0","0.0","","","0.3703703703703703","0.3703703703703703","0.131578947368421","29.0","27.0","30.0","outdoor","2.0","13.0","13.0","0.0","5.0","5.0","4.8","{""2022"": 5, ""2023"": 17, ""2024"": 17, ""2025"": 15}","{""2022"": ""moderate"", ""2023"": ""season_ending"", ""2024"": ""season_ending"", ""2025"": ""season_ending""}","","2.8","","4.5","2.2","74.4"
"Elijah Sarratt","WR","BAL","210.5","210.0","23.0","Active","30.0","","","","","","","","","","","","1.0","0.386938775510204","","","","11.0","29.0","11.0","outdoor","3.0","13.0","28.0","4.0","1.0","1.0","1.0","{}","{}","","2.5","","2.3","2.5","26.8"
"Kendre Miller","RB","NO","216.0","521.0","24.0","Questionable","65.0","00-0038551","147.0","0.1005338078291814","0.5","0.0214917825537292","0.1230854915065441","7.0","","0.0","0.0746268656716417","0.7452814072835877","","","0.2868852459016393","0.5081967213114754","0.375","27.0","12.0","28.0","dome","2.0","8.0","29.0","1.0","5.0","5.0","4.8","{""2023"": 10, ""2024"": 11, ""2025"": 10}","{""2023"": ""moderate"", ""2024"": ""moderate"", ""2025"": ""moderate""}","","2.5","","3.8","1.0","68.3"
"Lucas Krull","TE","DEN","216.0","541.0","28.0","Active","30.0","00-0037539","29.0","0.0464912280701754","1.5","0.0582191780821913","0.0582191780821913","2.0","corrected","0.0","0.0","0.0","","","0.4074074074074074","0.4074074074074074","0.1140350877192982","10.0","3.0","14.0","outdoor","3.0","10.0","21.0","5.0","5.0","5.0","4.8","{""2023"": 10, ""2024"": 7, ""2025"": 15}","{""2023"": ""moderate"", ""2024"": ""moderate"", ""2025"": ""season_ending""}","","3.1","","1.5","3.0","60.0"
"Keon Coleman","WR","BUF","211.3","214.0","23.0","Active","30.0","00-0039901","68.0","0.508833922261484","2.5","0.1744954766875429","0.1744954766875429","12.0","corrected","0.1538461538461538","0.0","1.459050806988352","-34.0","0.4334975369458127","0.7189189189189189","0.7189189189189189","0.6822916666666666","3.0","8.0","2.0","outdoor","4.0","7.0","12.0","5.0","2.9","2.9","1.0","{""2024"": 4, ""2025"": 5}","{""2024"": ""moderate"", ""2025"": ""moderate""}","","3.5","","1.0","4.0","36.2"
"Riley Nowakowski","TE","PIT","","","24.0","Active","30.0","","","","","","","","","","","","","","","","","14.0","25.0","17.0","outdoor","3.0","9.0","27.0","5.0","1.0","1.0","1.0","{}","{}","","2.5","","2.6","2.6","27.2"
"Blake Whiteheart","TE","CLE","","","26.0","Active","30.0","00-0038710","8.0","0.2262234533702677","0.5","0.0217113665389527","0.0217113665389527","9.0","","0.0","0.0","0.0","","","0.1111111111111111","0.1111111111111111","0.3421052631578947","31.0","22.0","29.0","outdoor","4.0","11.0","31.0","1.0","5.0","5.0","1.0","{""2024"": 10, ""2025"": 8}","{""2024"": ""moderate"", ""2025"": ""moderate""}","","3.2","","4.5","2.3","78.0"
"Jaylin Lane","WR","WAS","216.0","474.0","24.0","Active","30.0","00-0040164","17.0","0.3301707779886148","0.5","0.0839506172839506","0.0839506172839506","15.0","","0.0392156862745098","0.0","0.0","","","0.3945945945945946","0.3945945945945946","0.46875","19.0","26.0","19.0","outdoor","1.0","7.0","8.0","4.0","1.0","1.0","1.0","{""2025"": 2}","{""2025"": ""minor""}","","2.4","","3.2","2.8","34.6"
"Julian Hill","TE","NE","216.0","506.0","26.0","IR","85.0","00-0038720","33.0","0.4475025484199796","1.5","0.0669027941755214","0.0669027941755214","11.0","corrected","0.0597014925373134","0.0","0.0","","","0.4814814814814814","0.4814814814814814","0.6228070175438597","1.0","18.0","4.0","outdoor","2.0","11.0","19.0","4.0","4.4","3.4","3.6","{""2023"": 7, ""2024"": 3, ""2025"": 6}","{""2023"": ""moderate"", ""2024"": ""moderate"", ""2025"": ""moderate""}","","2.8","","1.0","2.6","60.0"
"Reggie Gilliam","RB","NE","","","28.0","Active","30.0","00-0036187","24.0","0.2075971731448763","0.5","0.0064528373505408","0.005932647007503","11.0","","0.0128205128205128","0.0085470085470085","0.0","","","0.1639344262295081","0.081967213114754","0.53125","1.0","18.0","4.0","outdoor","2.0","11.0","19.0","4.0","5.0","5.0","4.8","{""2020"": 13, ""2021"": 9, ""2022"": 10, ""2023"": 12, ""2024"": 10, ""2025"": 6}","{""2020"": ""season_ending"", ""2021"": ""moderate"", ""2022"": ""moderate"", ""2023"": ""season_ending"", ""2024"": ""moderate"", ""2025"": ""moderate""}","","2.9","","1.0","2.6","60.0"
"Nick Westbrook-Ikhine","WR","IND","216.0","584.0","29.0","Active","30.0","00-0036182","137.0","0.3934760448521916","0.5","0.0566100566100566","0.0566100566100566","13.0","","0.0298507462686567","0.0","0.0","","","0.2702702702702703","0.2702702702702703","0.5729166666666666","7.0","19.0","5.0","outdoor","2.0","13.0","30.0","2.0","3.4","2.7","3.4","{""2020"": 8, ""2021"": 2, ""2022"": 1, ""2023"": 4, ""2024"": 3, ""2025"": 4}","{""2020"": ""moderate"", ""2021"": ""minor"", ""2022"": ""minor"", ""2023"": ""moderate"", ""2024"": ""moderate"", ""2025"": ""moderate""}","","2.5","","1.4","1.5","31.5"
"Kaleb Johnson","RB","PIT","216.0","512.0","22.0","Active","30.0","00-0040142","29.0","0.049466537342386","0.5","0.0065134099616856","0.0532915360501567","10.0","","0.0","0.05","0.0","","","0.1721311475409836","0.2704918032786885","0.265625","14.0","25.0","17.0","outdoor","3.0","9.0","27.0","5.0","3.1","3.1","1.0","{""2025"": 7}","{""2025"": ""moderate""}","","3.1","","2.6","2.6","49.3"
"Jahdae Walker","WR","CHI","","","24.0","Active","30.0","00-0040277","6.0","0.0745233968804159","0.5","0.0532581453634085","0.0532581453634085","6.0","corrected","0.028169014084507","0.0","4.620327555463115","","","0.254054054054054","0.254054054054054","0.15625","8.0","2.0","9.0","outdoor","1.0","10.0","11.0","5.0","3.2","3.2","1.0","{""2025"": 11}","{""2025"": ""moderate""}","","4.7","","1.1","2.6","60.0"
"Demarcus Robinson","WR","SF","216.0","393.0","31.0","Active","30.0","00-0032775","274.0","0.3746654772524532","0.5","0.0772727272727272","0.0772727272727272","14.0","","0.0444444444444444","0.0","0.6026514202777976","","","0.3675675675675676","0.3675675675675676","0.5260416666666666","6.0","6.0","8.0","outdoor","2.0","8.0","15.0","5.0","4.4","2.4","4.4","{""2016"": 10, ""2017"": 7, ""2018"": 3, ""2019"": 2, ""2020"": 2, ""2021"": 3, ""2022"": 1, ""2023"": 9, ""2024"": 0, ""2025"": 3}","{""2016"": ""moderate"", ""2017"": ""moderate"", ""2018"": ""moderate"", ""2019"": ""minor"", ""2020"": ""minor"", ""2021"": ""moderate"", ""2022"": ""minor"", ""2023"": ""moderate"", ""2024"": ""minor"", ""2025"": ""moderate""}","","2.4","","1.0","2.9","60.0"
"British Brooks","RB","HOU","","","26.0","Questionable","65.0","00-0039603","18.0","0.0612068965517241","0.5","0.0","0.0341769157994323","8.0","","0.0","0.0256410256410256","0.0","","","0.0573770491803278","0.2049180327868852","0.3125","22.0","5.0","26.0","outdoor","5.0","8.0","14.0","4.0","5.0","5.0","1.0","{""2024"": 15, ""2025"": 9}","{""2024"": ""season_ending"", ""2025"": ""moderate""}","","3.2","","3.0","4.4","73.4"
"Cedric Tillman","WR","CLE","216.0","363.0","26.0","Active","30.0","00-0038979","73.0","0.4755309325946445","1.5","0.1058429118773946","0.1058429118773946","12.0","corrected","0.0701754385964912","0.0","1.3200935872751756","","","0.4864864864864865","0.4864864864864865","0.65625","31.0","22.0","29.0","outdoor","4.0","11.0","31.0","1.0","4.4","4.0","4.4","{""2023"": 6, ""2024"": 8, ""2025"": 5}","{""2023"": ""moderate"", ""2024"": ""moderate"", ""2025"": ""moderate""}","","3.2","","4.5","2.3","73.3"
"DeeJay Dallas","RB","JAX","216.0","391.0","27.0","Active","30.0","00-0036425","188.0","0.0150801131008482","0.5","0.0070833333333332","0.0129277566539923","5.0","","0.0","0.0","0.0","","","0.180327868852459","0.0983606557377049","0.1640625","13.0","7.0","6.0","outdoor","3.0","7.0","17.0","3.0","5.0","5.0","3.5","{""2020"": 8, ""2021"": 0, ""2022"": 2, ""2023"": 0, ""2024"": 1, ""2025"": 12}","{""2020"": ""moderate"", ""2021"": ""minor"", ""2022"": ""minor"", ""2023"": ""minor"", ""2024"": ""minor"", ""2025"": ""season_ending""}","","3.4","","1.6","3.0","66.3"
"Tutu Atwell","WR","MIA","215.9","312.0","26.0","Active","30.0","00-0036849","121.0","0.1647577092511013","0.5","0.0548623063683305","0.0548623063683305","8.0","corrected","0.0091743119266055","0.0","2.3101637777315576","","","0.2594594594594595","0.2594594594594595","0.2864583333333333","20.0","30.0","22.0","outdoor","4.0","6.0","4.0","0.0","4.6","3.6","4.6","{""2021"": 11, ""2022"": 5, ""2023"": 3, ""2024"": 2, ""2025"": 9}","{""2021"": ""moderate"", ""2022"": ""moderate"", ""2023"": ""moderate"", ""2024"": ""minor"", ""2025"": ""moderate""}","","4.4","","3.5","4.2","77.6"
"Kene Nwangwu","RB","NYJ","","","28.0","Active","30.0","00-0036842","46.0","0.0267175572519083","0.5","0.0036016949152542","0.0250526315789473","10.0","","0.0","0.0476190476190476","0.0","","","0.1147540983606557","0.1639344262295081","0.1796875","29.0","27.0","30.0","outdoor","2.0","13.0","13.0","0.0","5.0","5.0","4.8","{""2021"": 8, ""2022"": 3, ""2023"": 9, ""2024"": 15, ""2025"": 7}","{""2021"": ""moderate"", ""2022"": ""moderate"", ""2023"": ""moderate"", ""2024"": ""season_ending"", ""2025"": ""moderate""}","","3.4","","4.5","2.2","80.9"
"Bam Knight","RB","ARI","216.0","332.0","","","","","","","","","","","","0.0571428571428571","0.3269230769230769","","","","","","","24.0","16.0","20.0","outdoor","1.0","14.0","7.0","0.0","1.0","1.0","1.0","{}","{}","","2.5","","3.4","2.1","26.7"
"Kevin Coleman","WR","MIA","216.0","525.0","22.0","Active","30.0","","","","","","","","","","","","","","","","","20.0","30.0","22.0","outdoor","4.0","6.0","4.0","0.0","1.0","1.0","1.0","{}","{}","","2.5","","3.5","4.2","39.7"
"Kendrick Bourne","WR","ARI","215.9","296.0","31.0","Active","30.0","00-0033307","349.0","0.5298840321141838","1.5","0.117012987012987","0.117012987012987","14.0","corrected","0.0222222222222222","0.0","0.0","21.0","0.3825363825363825","0.5405405405405406","0.5405405405405406","0.6875","24.0","16.0","20.0","outdoor","1.0","14.0","7.0","0.0","2.9","2.8","2.9","{""2017"": 7, ""2018"": 1, ""2019"": 1, ""2020"": 2, ""2021"": 0, ""2022"": 1, ""2023"": 9, ""2024"": 5, ""2025"": 3}","{""2017"": ""moderate"", ""2018"": ""minor"", ""2019"": ""minor"", ""2020"": ""minor"", ""2021"": ""minor"", ""2022"": ""minor"", ""2023"": ""moderate"", ""2024"": ""moderate"", ""2025"": ""moderate""}","","2.6","","3.4","2.1","48.7"
"Trey Benson","RB","ARI","216.0","645.0","24.0","Active","30.0","00-0039921","111.0","0.1083700440528634","2.5","0.1102106969205834","0.188423645320197","4.0","corrected","0.019047619047619","0.0576923076923076","0.0","","","0.8852459016393442","0.6639344262295082","0.3984375","24.0","16.0","20.0","outdoor","1.0","14.0","7.0","0.0","5.0","5.0","1.0","{""2024"": 5, ""2025"": 13}","{""2024"": ""moderate"", ""2025"": ""season_ending""}","","3.4","","3.4","2.1","74.9"
"Kalif Raymond","WR","CHI","215.9","295.0","31.0","Active","30.0","00-0032464","215.0","0.3257506824385805","0.5","0.0618181818181817","0.0618181818181817","15.0","","0.0222222222222222","0.0","0.5331147179380518","-29.0","0.4559068219633944","0.2972972972972973","0.2972972972972973","0.4583333333333333","8.0","2.0","9.0","outdoor","1.0","10.0","11.0","5.0","4.8","2.4","4.8","{""2016"": 13, ""2017"": 9, ""2018"": 17, ""2019"": 9, ""2020"": 2, ""2021"": 1, ""2022"": 0, ""2023"": 0, ""2024"": 5, ""2025"": 2}","{""2016"": ""season_ending"", ""2017"": ""moderate"", ""2018"": ""season_ending"", ""2019"": ""moderate"", ""2020"": ""minor"", ""2021"": ""minor"", ""2022"": ""minor"", ""2023"": ""minor"", ""2024"": ""moderate"", ""2025"": ""minor""}","","2.6","","1.1","2.6","60.0"
"Jacob Saylors","RB","DET","216.0","453.0","25.0","Active","30.0","00-0038896","2.0","0.0072793448589626","0.5","0.0","0.0030184659090909","11.0","","0.0","0.0","0.0","","","0.0573770491803278","0.0655737704918032","0.1328125","9.0","13.0","3.0","dome","2.0","6.0","24.0","5.0","2.9","2.9","1.0","{""2025"": 6}","{""2025"": ""moderate""}","","3.6","","1.3","2.4","44.4"
"Zavier Scott","RB","MIN","216.0","679.0","27.0","Active","30.0","00-0038440","46.0","0.1048951048951049","0.5","0.0528360528360528","0.0829774252593044","11.0","","0.0389610389610389","0.0517241379310344","0.8424920256249252","","","0.5491803278688525","0.3524590163934426","0.3828125","28.0","31.0","27.0","dome","3.0","6.0","1.0","4.0","2.9","2.9","1.0","{""2025"": 6}","{""2025"": ""moderate""}","","2.4","","4.4","4.1","52.4"
"Cyrus Allen","WR","KC","","","23.0","Active","30.0","","","","","","","","","","","","","","","","","12.0","17.0","21.0","outdoor","3.0","5.0","18.0","6.0","1.0","1.0","1.0","{}","{}","","2.5","","2.3","3.7","28.0"
"Skyler Bell","WR","BUF","215.5","251.0","24.0","Active","30.0","","","","","","","","","","","","24.0","0.7410071942446044","","","","3.0","8.0","2.0","outdoor","4.0","7.0","12.0","5.0","1.0","1.0","1.0","{}","{}","","2.5","","1.0","4.0","16.2"
"Rasheen Ali","RB","BAL","216.0","599.0","25.0","Active","30.0","00-0039796","26.0","0.1173570019723865","0.5","0.0306306306306306","0.0219590958019375","15.0","","0.0178571428571428","0.0188679245283018","2.42216457367166","","","0.3688524590163934","0.1393442622950819","0.421875","11.0","29.0","11.0","outdoor","3.0","13.0","28.0","4.0","5.0","5.0","1.0","{""2024"": 12, ""2025"": 2}","{""2024"": ""season_ending"", ""2025"": ""minor""}","","4.2","","2.3","2.5","76.3"
"Bryce Lance","WR","NO","216.0","350.0","23.0","Active","30.0","","","","","","","","","","","","","","","","","27.0","12.0","28.0","dome","2.0","8.0","29.0","1.0","1.0","1.0","1.0","{}","{}","","2.5","","3.8","1.0","39.3"
"Dylan Laube","RB","LV","216.0","415.0","26.0","Active","30.0","00-0039407","11.0","0.0271903323262839","0.5","0.0080971659919028","0.0124434389140271","17.0","","0.0","0.0","0.0","","","0.1967213114754098","0.0901639344262295","0.1875","32.0","32.0","31.0","dome","4.0","13.0","20.0","0.0","2.9","2.9","1.0","{""2024"": 11, ""2025"": 0}","{""2024"": ""moderate"", ""2025"": ""minor""}","","3.3","","5.0","1.9","61.1"
"Jordan Whittington","WR","LAR","216.0","498.0","25.0","Active","30.0","00-0039751","45.0","0.3903083700440529","0.5","0.0487664945496271","0.0487664945496271","15.0","","0.0091743119266055","0.0111111111111111","0.0","","","0.227027027027027","0.227027027027027","0.5625","2.0","4.0","1.0","dome","1.0","11.0","5.0","6.0","1.3","1.3","1.0","{""2024"": 3, ""2025"": 2}","{""2024"": ""moderate"", ""2025"": ""minor""}","","2.6","","1.0","2.8","17.6"
"Chris Collier","RB","LV","","","26.0","IR","85.0","00-0039244","6.0","","","","","","","","","","","","","","","32.0","32.0","31.0","dome","4.0","13.0","20.0","0.0","5.0","5.0","1.0","{""2024"": 11, ""2025"": 17}","{""2024"": ""moderate"", ""2025"": ""season_ending""}","","2.5","","5.0","1.9","75.6"
"Devontez Walker","WR","BAL","215.8","265.0","25.0","Active","30.0","00-0039792","7.0","0.160749506903353","0.5","0.0417690417690418","0.0417690417690418","8.0","corrected","0.0178571428571428","0.0","6.930491333194673","-56.0","1.005128205128205","0.1945945945945946","0.1945945945945946","0.2708333333333333","11.0","29.0","11.0","outdoor","3.0","13.0","28.0","4.0","5.0","5.0","1.0","{""2024"": 14, ""2025"": 9}","{""2024"": ""season_ending"", ""2025"": ""moderate""}","","4.6","","2.3","2.5","68.8"
"Josh Williams","RB","TB","","","25.0","Active","30.0","00-0040429","4.0","0.0070546737213403","0.5","0.0","0.033009708737864","2.0","","0.0","0.0","0.0","","","0.0573770491803278","0.1885245901639344","0.125","21.0","11.0","18.0","outdoor","2.0","10.0","22.0","3.0","3.2","3.2","1.0","{""2025"": 15}","{""2025"": ""season_ending""}","","3.0","","2.9","2.2","50.7"
"Zavion Thomas","WR","CHI","215.6","257.0","22.0","Active","30.0","","","","","","","","","","","","-7.0","0.4874835309617918","","","","8.0","2.0","9.0","outdoor","1.0","10.0","11.0","5.0","1.0","1.0","1.0","{}","{}","","2.5","","1.1","2.6","15.7"
"Odell Beckham","WR","NYG","215.9","304.0","33.0","Active","30.0","00-0031235","598.0","","","","","","","","","","","","","","","16.0","9.0","15.0","outdoor","1.0","8.0","10.0","4.0","5.0","5.0","4.8","{""2014"": 5, ""2015"": 2, ""2016"": 1, ""2017"": 13, ""2018"": 5, ""2019"": 1, ""2020"": 10, ""2021"": 3, ""2022"": 17, ""2023"": 3, ""2024"": 9, ""2025"": 17}","{""2014"": ""moderate"", ""2015"": ""minor"", ""2016"": ""minor"", ""2017"": ""season_ending"", ""2018"": ""moderate"", ""2019"": ""minor"", ""2020"": ""moderate"", ""2021"": ""moderate"", ""2022"": ""season_ending"", ""2023"": ""moderate"", ""2024"": ""moderate"", ""2025"": ""season_ending""}","","2.5","","2.2","2.7","60.0"
"Malachi Fields","WR","NYG","214.4","229.0","22.0","Active","30.0","","","","","","","","","","","","1.0","0.8463157894736841","","","","16.0","9.0","15.0","outdoor","1.0","8.0","10.0","4.0","1.0","1.0","1.0","{}","{}","","2.5","","2.2","2.7","26.1"
"Dont'e Thornton","WR","LV","216.0","406.0","23.0","Active","30.0","00-0040581","10.0","0.4018126888217522","1.5","0.0938535149061465","0.0938535149061465","11.0","corrected","0.032258064516129","0.0","0.0","","","0.427027027027027","0.427027027027027","0.59375","32.0","32.0","31.0","dome","4.0","13.0","20.0","0.0","2.9","2.9","1.0","{""2025"": 6}","{""2025"": ""moderate""}","","3.0","","5.0","1.9","67.0"
"Isaiah Bond","WR","CLE","215.9","286.0","22.0","Active","30.0","00-0040782","23.0","0.4561403508771929","0.5","0.095530012771392","0.095530012771392","15.0","","0.0701754385964912","0.0","0.0","28.0","0.7933491686460808","0.4378378378378378","0.4378378378378378","0.6510416666666666","31.0","22.0","29.0","outdoor","4.0","11.0","31.0","1.0","1.0","1.0","1.0","{""2025"": 2}","{""2025"": ""minor""}","","2.0","","4.5","2.3","42.7"
"Konata Mumpfield","WR","LAR","216.0","528.0","23.0","Active","30.0","00-0040590","10.0","0.3303964757709251","0.5","0.0672977624784853","0.0672977624784853","10.0","corrected","0.036697247706422","0.0","1.3860982666389343","","","0.3297297297297297","0.3297297297297297","0.4739583333333333","2.0","4.0","1.0","dome","1.0","11.0","5.0","6.0","3.1","3.1","1.0","{""2025"": 7}","{""2025"": ""moderate""}","","3.2","","1.0","2.8","33.5"
"Brenen Thompson","WR","LAC","215.7","258.0","23.0","Active","30.0","","","","","","","","","","","","-12.0","0.3443223443223442","","","","25.0","10.0","24.0","dome","2.0","7.0","16.0","3.0","1.0","1.0","1.0","{}","{}","","2.5","","3.4","2.2","36.8"
"Mack Hollins","WR","NE","215.9","298.0","32.0","Active","30.0","00-0033555","213.0","0.6023765996343693","2.5","0.1637522228808531","0.1637522228808531","14.0","corrected","0.0757575757575757","0.0","0.5898290496335892","18.0","0.7444444444444444","0.7027027027027027","0.7027027027027027","0.78125","1.0","18.0","4.0","outdoor","2.0","11.0","19.0","4.0","4.8","2.4","4.8","{""2017"": 5, ""2018"": 17, ""2019"": 5, ""2020"": 6, ""2021"": 2, ""2022"": 0, ""2023"": 5, ""2024"": 0, ""2025"": 3}","{""2017"": ""moderate"", ""2018"": ""season_ending"", ""2019"": ""moderate"", ""2020"": ""moderate"", ""2021"": ""minor"", ""2022"": ""minor"", ""2023"": ""moderate"", ""2024"": ""minor"", ""2025"": ""moderate""}","","2.9","","1.0","2.6","60.0"
"KeAndre Lambert-Smith","WR","LAC","216.0","517.0","24.0","Active","30.0","00-0040184","5.0","0.1076115485564304","0.5","0.0375","0.0375","10.0","","0.0253164556962025","0.0","2.772196533277869","","","0.1729729729729729","0.1729729729729729","0.21875","25.0","10.0","24.0","dome","2.0","7.0","16.0","3.0","3.1","3.1","1.0","{""2025"": 7}","{""2025"": ""moderate""}","","4.8","","3.4","2.2","69.4"
"Kyle Williams","WR","NE","216.0","531.0","23.0","Inactive","30.0","00-0024348","2.0","0.3071297989031079","0.5","0.0529045643153527","0.0529045643153527","14.0","","0.0","0.0","3.4652456665973363","","","0.2378378378378378","0.2378378378378378","0.4270833333333333","1.0","18.0","4.0","outdoor","2.0","11.0","19.0","4.0","5.0","5.0","4.8","{""2006"": 1, ""2007"": 1, ""2008"": 2, ""2009"": 4, ""2010"": 1, ""2011"": 13, ""2012"": 1, ""2013"": 1, ""2014"": 3, ""2015"": 11, ""2016"": 2, ""2017"": 1, ""2018"": 1, ""2019"": 17, ""2020"": 17, ""2021"": 17, ""2022"": 17, ""2023"": 17, ""2024"": 17, ""2025"": 17}","{""2006"": ""minor"", ""2007"": ""minor"", ""2008"": ""minor"", ""2009"": ""moderate"", ""2010"": ""minor"", ""2011"": ""season_ending"", ""2012"": ""minor"", ""2013"": ""minor"", ""2014"": ""moderate"", ""2015"": ""moderate"", ""2016"": ""minor"", ""2017"": ""minor"", ""2018"": ""minor"", ""2019"": ""season_ending"", ""2020"": ""season_ending"", ""2021"": ""season_ending"", ""2022"": ""season_ending"", ""2023"": ""season_ending"", ""2024"": ""season_ending"", ""2025"": ""season_ending""}","","4.1","","1.0","2.6","60.0"
"Tez Johnson","WR","TB","215.9","311.0","24.0","Questionable","65.0","00-0040237","35.0","0.4365079365079365","0.5","0.0921749845964263","0.0921749845964263","15.0","","0.0921052631578947","0.028169014084507","1.980140380912764","","","0.4216216216216216","0.4216216216216216","0.6432291666666666","21.0","11.0","18.0","outdoor","2.0","10.0","22.0","3.0","1.0","1.0","1.0","{""2025"": 2}","{""2025"": ""minor""}","","3.0","","2.9","2.2","36.5"
"Jimmy Horn","WR","CAR","215.9","291.0","23.0","Active","30.0","00-0040218","19.0","0.1394910461828463","0.5","0.053125","0.053125","10.0","corrected","0.0416666666666666","0.0","0.0","-14.0","0.3279445727482678","0.2432432432432432","0.2432432432432432","0.2395833333333333","26.0","23.0","25.0","outdoor","1.0","5.0","25.0","3.0","3.1","3.1","1.0","{""2025"": 7}","{""2025"": ""moderate""}","","3.1","","3.9","2.0","58.9"
"Mitch Tinsley","WR","CIN","216.0","570.0","26.0","Active","30.0","","","","","","","","","","","","","","","","","18.0","15.0","10.0","outdoor","2.0","6.0","32.0","3.0","1.0","1.0","1.0","{}","{}","","2.5","","2.5","2.1","28.3"
"Jalen Royals","WR","KC","216.0","460.0","23.0","Active","30.0","00-0040646","2.0","0.0772686433063791","0.5","0.0464480874316936","0.0464480874316936","2.0","corrected","0.0","0.0","0.0","","","0.2216216216216216","0.2216216216216216","0.1666666666666666","12.0","17.0","21.0","outdoor","3.0","5.0","18.0","6.0","3.2","3.2","1.0","{""2025"": 15}","{""2025"": ""season_ending""}","","2.9","","2.3","3.7","44.5"
"Anthony Gould","WR","IND","","","25.0","Active","30.0","00-0039816","3.0","0.0541044776119402","0.5","0.0058319039451113","0.0058319039451113","11.0","","0.0","0.0","0.0","","","0.0486486486486486","0.0486486486486486","0.1197916666666666","7.0","19.0","5.0","outdoor","2.0","13.0","30.0","2.0","4.6","4.6","1.0","{""2024"": 9, ""2025"": 6}","{""2024"": ""moderate"", ""2025"": ""moderate""}","","3.6","","1.4","1.5","60.0"
"Malik Benson","WR","LV","","","23.0","Active","30.0","","","","","","","","","","","","","","","","","32.0","32.0","31.0","dome","4.0","13.0","20.0","0.0","1.0","1.0","1.0","{}","{}","","2.5","","5.0","1.9","51.4"
"Greg Dortch","WR","DET","216.0","430.0","28.0","Active","30.0","00-0035500","166.0","0.2572687224669603","0.5","0.0757698541329011","0.0757698541329011","12.0","corrected","0.0666666666666666","0.0576923076923076","1.5401091851543716","","","0.3567567567567568","0.3567567567567568","0.3854166666666667","9.0","13.0","3.0","dome","2.0","6.0","24.0","5.0","4.8","4.7","4.8","{""2019"": 15, ""2020"": 17, ""2021"": 12, ""2022"": 1, ""2023"": 1, ""2024"": 0, ""2025"": 5}","{""2019"": ""season_ending"", ""2020"": ""season_ending"", ""2021"": ""season_ending"", ""2022"": ""minor"", ""2023"": ""minor"", ""2024"": ""minor"", ""2025"": ""moderate""}","","3.6","","1.3","2.4","60.0"
"Bo Melton","WR","GB","","","27.0","Active","30.0","00-0037091","44.0","0.0913415794481446","","","","","","0.0","0.0","","","","","","0.1822916666666666","5.0","21.0","12.0","outdoor","2.0","11.0","9.0","6.0","5.0","5.0","4.8","{""2022"": 17, ""2023"": 13, ""2024"": 4, ""2025"": 4}","{""2022"": ""season_ending"", ""2023"": ""season_ending"", ""2024"": ""moderate"", ""2025"": ""moderate""}","","2.5","","1.5","3.2","60.0"
"Ben Skowronek","WR","PIT","216.0","335.0","29.0","Active","30.0","00-0036862","70.0","0.1542192046556741","0.5","0.0122126436781609","0.0122126436781609","16.0","","0.0128205128205128","0.0","3.4652456665973363","","","0.0756756756756756","0.0756756756756756","0.2604166666666667","14.0","25.0","17.0","outdoor","3.0","9.0","27.0","5.0","3.5","2.9","3.5","{""2021"": 5, ""2022"": 3, ""2023"": 4, ""2024"": 8, ""2025"": 1}","{""2021"": ""moderate"", ""2022"": ""moderate"", ""2023"": ""moderate"", ""2024"": ""moderate"", ""2025"": ""minor""}","","5.0","","2.6","2.6","66.4"
"Tyrell Shavers","WR","BUF","216.0","661.0","26.0","PUP","85.0","00-0038679","16.0","0.3895759717314487","0.5","0.0742076295312204","0.0742076295312204","11.0","corrected","0.0","0.0","0.924065511092623","","","0.3513513513513513","0.3513513513513513","0.5572916666666666","3.0","8.0","2.0","outdoor","4.0","7.0","12.0","5.0","5.0","5.0","1.0","{""2024"": 16, ""2025"": 6}","{""2024"": ""season_ending"", ""2025"": ""moderate""}","","2.4","","1.0","4.0","60.0"
"Derius Davis","WR","LAC","216.0","398.0","25.0","Active","30.0","00-0038573","58.0","0.0734908136482939","0.5","0.0085227272727272","0.0085227272727272","11.0","","0.0","0.0","0.0","","","0.054054054054054","0.054054054054054","0.1510416666666666","25.0","10.0","24.0","dome","2.0","7.0","16.0","3.0","2.9","2.9","1.0","{""2023"": 0, ""2024"": 2, ""2025"": 6}","{""2023"": ""minor"", ""2024"": ""minor"", ""2025"": ""moderate""}","","3.6","","3.4","2.2","57.6"
"Malachi Corley","WR","CLE","216.0","547.0","24.0","Active","30.0","00-0039920","29.0","0.1791320406278855","0.5","0.0379948914431672","0.0379948914431672","12.0","","0.0175438596491228","0.0327868852459016","0.0","","","0.1783783783783784","0.1783783783783784","0.3072916666666667","31.0","22.0","29.0","outdoor","4.0","11.0","31.0","1.0","5.0","5.0","1.0","{""2024"": 12, ""2025"": 5}","{""2024"": ""season_ending"", ""2025"": ""moderate""}","","3.1","","4.5","2.3","75.9"
"Xavier Smith","WR","LAR","216.0","674.0","28.0","Active","30.0","00-0038359","24.0","0.2052863436123348","0.5","0.0438898450946643","0.0438898450946643","16.0","","0.0275229357798165","0.0","0.0","","","0.2054054054054054","0.2054054054054054","0.3385416666666667","2.0","4.0","1.0","dome","1.0","11.0","5.0","6.0","1.2","1.2","1.0","{""2024"": 3, ""2025"": 1}","{""2024"": ""moderate"", ""2025"": ""minor""}","","3.0","","1.0","2.8","20.6"
"Isaiah Williams","WR","NYJ","216.0","440.0","25.0","Active","30.0","00-0039451","31.0","0.3139312977099237","0.5","0.0864406779661017","0.0864406779661017","15.0","","0.0163934426229508","0.0","0.0","","","0.4054054054054054","0.4054054054054054","0.4375","29.0","27.0","30.0","outdoor","2.0","13.0","13.0","0.0","2.8","2.8","1.0","{""2024"": 9, ""2025"": 2}","{""2024"": ""moderate"", ""2025"": ""minor""}","","2.4","","4.5","2.2","56.7"
"Colbie Young","WR","CIN","216.0","369.0","24.0","Active","30.0","","","","","","","","","","","","","","","","","18.0","15.0","10.0","outdoor","2.0","6.0","32.0","3.0","1.0","1.0","1.0","{}","{}","","2.5","","2.5","2.1","28.3"
"CJ Daniels","WR","LAR","216.0","353.0","24.0","Active","30.0","","","","","","","","","","","","","","","","","2.0","4.0","1.0","dome","1.0","11.0","5.0","6.0","1.0","1.0","1.0","{}","{}","","2.5","","1.0","2.8","15.0"
"Justin Watson","WR","HOU","","","30.0","Active","30.0","00-0034386","90.0","0.0586206896551724","0.5","0.0409885473176608","0.0409885473176608","3.0","corrected","0.0253164556962025","0.0","0.0","","","0.1837837837837838","0.1837837837837838","0.1354166666666666","22.0","5.0","26.0","outdoor","5.0","8.0","14.0","4.0","5.0","5.0","4.8","{""2018"": 10, ""2019"": 8, ""2020"": 10, ""2021"": 17, ""2022"": 0, ""2023"": 2, ""2024"": 2, ""2025"": 14}","{""2018"": ""moderate"", ""2019"": ""moderate"", ""2020"": ""moderate"", ""2021"": ""season_ending"", ""2022"": ""minor"", ""2023"": ""minor"", ""2024"": ""minor"", ""2025"": ""season_ending""}","","3.1","","3.0","4.4","64.0"
"Jonathan Mingo","WR","DAL","","","25.0","Active","30.0","00-0039062","63.0","0.0674536256323777","0.5","0.0280065897858316","0.0280065897858316","5.0","","0.0","0.0","0.0","","","0.1351351351351351","0.1351351351351351","0.1458333333333333","4.0","1.0","7.0","outdoor","1.0","14.0","6.0","7.0","5.0","5.0","4.8","{""2023"": 2, ""2024"": 3, ""2025"": 12}","{""2023"": ""minor"", ""2024"": ""moderate"", ""2025"": ""season_ending""}","","3.4","","1.0","2.9","60.0"
"Tai Felton","WR","MIN","216.0","623.0","23.0","Active","30.0","00-0040154","3.0","0.0459540459540459","0.5","0.0090811965811965","0.0090811965811965","12.0","","0.0","0.0","0.0","","","0.0594594594594594","0.0594594594594594","0.1041666666666666","28.0","31.0","27.0","dome","3.0","6.0","1.0","4.0","2.7","2.7","1.0","{""2025"": 5}","{""2025"": ""moderate""}","","3.6","","4.4","4.1","67.7"
"Darius Cooper","WR","PHI","216.0","385.0","24.0","Active","30.0","00-0040024","9.0","0.2011385199240986","0.5","0.0671695402298849","0.0671695402298849","6.0","corrected","0.0","0.0","0.0","","","0.3243243243243243","0.3243243243243243","0.328125","17.0","24.0","16.0","outdoor","2.0","10.0","3.0","6.0","3.2","3.2","1.0","{""2025"": 11}","{""2025"": ""moderate""}","","2.8","","2.8","3.6","48.1"
"Barion Brown","WR","NO","216.0","333.0","22.0","Active","30.0","","","","","","","","","","","","","","","","","27.0","12.0","28.0","dome","2.0","8.0","29.0","1.0","1.0","1.0","1.0","{}","{}","","2.5","","3.8","1.0","39.3"
"Laquon Treadwell","WR","IND","216.0","535.0","31.0","Questionable","65.0","00-0032951","111.0","0.0335820895522388","0.5","0.0","0.0","6.0","","","","","","","0.0162162162162162","0.0162162162162162","0.0833333333333333","7.0","19.0","5.0","outdoor","2.0","13.0","30.0","2.0","5.0","5.0","4.8","{""2016"": 13, ""2017"": 4, ""2018"": 2, ""2019"": 7, ""2020"": 13, ""2021"": 5, ""2022"": 14, ""2023"": 14, ""2024"": 17, ""2025"": 11}","{""2016"": ""season_ending"", ""2017"": ""moderate"", ""2018"": ""minor"", ""2019"": ""moderate"", ""2020"": ""season_ending"", ""2021"": ""moderate"", ""2022"": ""season_ending"", ""2023"": ""season_ending"", ""2024"": ""season_ending"", ""2025"": ""moderate""}","","3.7","","1.4","1.5","60.0"
"Reggie Virgil","WR","ARI","216.0","600.0","22.0","Active","30.0","","","","","","","","","","","","","","","","","24.0","16.0","20.0","outdoor","1.0","14.0","7.0","0.0","1.0","1.0","1.0","{}","{}","","2.5","","3.4","2.1","36.7"
"Brycen Tremayne","WR","CAR","","","26.0","Active","30.0","00-0038840","15.0","0.2488218661639962","0.5","0.0424999999999999","0.0424999999999999","15.0","","0.0138888888888888","0.0","0.0","","","0.2","0.2","0.3802083333333333","26.0","23.0","25.0","outdoor","1.0","5.0","25.0","3.0","5.0","5.0","1.0","{""2024"": 15, ""2025"": 2}","{""2024"": ""season_ending"", ""2025"": ""minor""}","","2.9","","3.9","2.0","68.3"
"Kaden Wetjen","WR","PIT","216.0","511.0","24.0","Active","30.0","","","","","","","","","","","","","","","","","14.0","25.0","17.0","outdoor","3.0","9.0","27.0","5.0","1.0","1.0","1.0","{}","{}","","2.5","","2.6","2.6","29.7"
"Arian Smith","WR","NYJ","216.0","326.0","24.0","Active","30.0","00-0040582","11.0","0.3587786259541984","0.5","0.0443285528031291","0.0443285528031291","13.0","","0.0","0.0","0.0","","","0.2108108108108108","0.2108108108108108","0.5052083333333334","29.0","27.0","30.0","outdoor","2.0","13.0","13.0","0.0","2.5","2.5","1.0","{""2025"": 4}","{""2025"": ""moderate""}","","2.7","","4.5","2.2","57.6"
"Kameron Johnson","WR","TB","","","24.0","Active","30.0","00-0039589","8.0","0.0925925925925925","0.5","0.0129390018484288","0.0129390018484288","17.0","","0.0","0.0","2.3101637777315576","","","0.0864864864864864","0.0864864864864864","0.1875","21.0","11.0","18.0","outdoor","2.0","10.0","22.0","3.0","5.0","5.0","1.0","{""2024"": 13, ""2025"": 0}","{""2024"": ""season_ending"", ""2025"": ""minor""}","","5.0","","2.9","2.2","77.6"
"JuJu Smith-Schuster","WR","NYG","216.0","505.0","29.0","Active","30.0","00-0033857","485.0","0.5570530098831986","0.5","0.0819672131147541","0.0819672131147541","17.0","","0.1111111111111111","0.0","0.4200297777693741","","","0.3837837837837838","0.3837837837837838","0.7239583333333334","16.0","9.0","15.0","outdoor","1.0","8.0","10.0","4.0","4.5","3.2","4.5","{""2017"": 3, ""2018"": 1, ""2019"": 5, ""2020"": 1, ""2021"": 12, ""2022"": 1, ""2023"": 6, ""2024"": 6, ""2025"": 0}","{""2017"": ""moderate"", ""2018"": ""minor"", ""2019"": ""moderate"", ""2020"": ""minor"", ""2021"": ""season_ending"", ""2022"": ""minor"", ""2023"": ""moderate"", ""2024"": ""moderate"", ""2025"": ""minor""}","","2.0","","2.2","2.7","60.0"
"David Moore","WR","CAR","216.0","387.0","31.0","Active","30.0","00-0033589","130.0","0.0763430725730443","0.5","0.0118055555555553","0.0118055555555553","3.0","","0.0","0.0","0.0","","","0.0702702702702702","0.0702702702702702","0.1614583333333333","26.0","23.0","25.0","outdoor","1.0","5.0","25.0","3.0","5.0","5.0","4.8","{""2017"": 17, ""2018"": 3, ""2019"": 3, ""2020"": 1, ""2021"": 15, ""2022"": 17, ""2023"": 11, ""2024"": 2, ""2025"": 14}","{""2017"": ""season_ending"", ""2018"": ""moderate"", ""2019"": ""moderate"", ""2020"": ""minor"", ""2021"": ""season_ending"", ""2022"": ""season_ending"", ""2023"": ""moderate"", ""2024"": ""minor"", ""2025"": ""season_ending""}","","3.2","","3.9","2.0","70.9"
"Braxton Berrios","WR","NYG","","","30.0","Active","30.0","00-0034419","160.0","0.0517241379310344","0.5","0.0614828209764917","0.0614828209764917","4.0","corrected","0.0253164556962025","0.0","0.0","","","0.2918918918918919","0.2918918918918919","0.1145833333333333","16.0","9.0","15.0","outdoor","1.0","8.0","10.0","4.0","5.0","5.0","4.8","{""2018"": 17, ""2019"": 1, ""2020"": 1, ""2021"": 1, ""2022"": 0, ""2023"": 1, ""2024"": 11, ""2025"": 13}","{""2018"": ""season_ending"", ""2019"": ""minor"", ""2020"": ""minor"", ""2021"": ""minor"", ""2022"": ""minor"", ""2023"": ""minor"", ""2024"": ""moderate"", ""2025"": ""season_ending""}","","3.1","","2.2","2.7","60.0"
"Devin Duvernay","WR","ARI","216.0","400.0","28.0","Active","30.0","00-0036331","138.0","0.0346620450606585","0.5","0.0093984962406015","0.0093984962406015","17.0","","0.0140845070422535","0.0","0.0","","","0.0648648648648648","0.0648648648648648","0.09375","24.0","16.0","20.0","outdoor","1.0","14.0","7.0","0.0","1.8","1.6","1.8","{""2020"": 2, ""2021"": 1, ""2022"": 3, ""2023"": 4, ""2024"": 4, ""2025"": 0}","{""2020"": ""minor"", ""2021"": ""minor"", ""2022"": ""moderate"", ""2023"": ""moderate"", ""2024"": ""moderate"", ""2025"": ""minor""}","","3.6","","3.4","2.1","51.1"
"Mason Kinsey","WR","TEN","","","27.0","Active","30.0","00-0036176","6.0","0.0643939393939393","0.5","0.0213836477987419","0.0213836477987419","6.0","","0.0","0.0","0.0","","","0.1135135135135135","0.1135135135135135","0.140625","30.0","28.0","32.0","outdoor","1.0","9.0","23.0","0.0","5.0","5.0","4.8","{""2021"": 16, ""2022"": 15, ""2023"": 11, ""2024"": 11, ""2025"": 11}","{""2021"": ""season_ending"", ""2022"": ""season_ending"", ""2023"": ""moderate"", ""2024"": ""moderate"", ""2025"": ""moderate""}","","3.5","","4.7","1.1","80.1"
"Michael Bandy","WR","DEN","","","28.0","Active","30.0","00-0036959","14.0","0.0140350877192982","0.5","0.0291095890410956","0.0291095890410956","4.0","corrected","0.0112359550561797","0.0","3.4652456665973363","","","0.1405405405405405","0.1405405405405405","0.046875","10.0","3.0","14.0","outdoor","3.0","10.0","21.0","5.0","5.0","5.0","4.8","{""2021"": 16, ""2022"": 9, ""2023"": 16, ""2024"": 17, ""2025"": 13}","{""2021"": ""season_ending"", ""2022"": ""moderate"", ""2023"": ""season_ending"", ""2024"": ""season_ending"", ""2025"": ""season_ending""}","","5.0","","1.5","3.0","65.4"
"Skyy Moore","WR","GB","216.0","618.0","25.0","Active","30.0","00-0038090","56.0","0.0981266726137377","0.5","0.0127272727272727","0.0127272727272727","17.0","","0.0","0.0","0.0","","","0.081081081081081","0.081081081081081","0.203125","5.0","21.0","12.0","outdoor","2.0","11.0","9.0","6.0","4.9","4.9","1.0","{""2022"": 1, ""2023"": 4, ""2024"": 14, ""2025"": 0}","{""2022"": ""minor"", ""2023"": ""moderate"", ""2024"": ""season_ending"", ""2025"": ""minor""}","","3.4","","1.5","3.2","60.0"
"Britain Covey","WR","PHI","","","29.0","Questionable","65.0","00-0037132","13.0","0.0379506641366223","0.5","0.0244252873563218","0.0244252873563218","6.0","","0.0","0.0","0.0","","","0.1189189189189189","0.1189189189189189","0.0989583333333333","17.0","24.0","16.0","outdoor","2.0","10.0","3.0","6.0","5.0","5.0","4.8","{""2022"": 0, ""2023"": 2, ""2024"": 12, ""2025"": 11}","{""2022"": ""minor"", ""2023"": ""minor"", ""2024"": ""season_ending"", ""2025"": ""moderate""}","","3.5","","2.8","3.6","64.9"
"Dareke Young","WR","LV","216.0","384.0","27.0","Active","30.0","00-0037093","4.0","0.0498120300751879","0.5","0.0140109890109888","0.0140109890109888","8.0","","0.0","0.0","0.0","","","0.0972972972972973","0.0972972972972973","0.109375","32.0","32.0","31.0","dome","4.0","13.0","20.0","0.0","5.0","5.0","4.8","{""2022"": 11, ""2023"": 16, ""2024"": 10, ""2025"": 9}","{""2022"": ""moderate"", ""2023"": ""season_ending"", ""2024"": ""moderate"", ""2025"": ""moderate""}","","3.5","","5.0","1.9","83.7"
"Jacob Cowing","WR","SF","216.0","452.0","25.0","Questionable","65.0","00-0039365","5.0","","","","","","","","","","","","","","","6.0","6.0","8.0","outdoor","2.0","8.0","15.0","5.0","5.0","5.0","1.0","{""2024"": 2, ""2025"": 17}","{""2024"": ""minor"", ""2025"": ""season_ending""}","","2.5","","1.0","2.9","60.0"
"Charlie Jones","WR","CIN","","","27.0","Active","30.0","00-0038576","10.0","0.018001800180018","0.5","0.0019971804511277","0.0019971804511277","14.0","","0.0","0.0","","","","0.0324324324324324","0.0324324324324324","0.0625","18.0","15.0","10.0","outdoor","2.0","6.0","32.0","3.0","4.4","3.8","4.4","{""2023"": 6, ""2024"": 10, ""2025"": 3}","{""2023"": ""moderate"", ""2024"": ""moderate"", ""2025"": ""moderate""}","","3.7","","2.5","2.1","60.0"
"Jalen Brooks","WR","ARI","216.0","458.0","26.0","Active","30.0","00-0038640","21.0","0.0942731277533039","0.5","0.033607907742998","0.033607907742998","5.0","corrected","0.0","0.0","0.0","","","0.1567567567567567","0.1567567567567567","0.1927083333333333","24.0","16.0","20.0","outdoor","1.0","14.0","7.0","0.0","5.0","5.0","4.8","{""2023"": 14, ""2024"": 5, ""2025"": 12}","{""2023"": ""season_ending"", ""2024"": ""moderate"", ""2025"": ""season_ending""}","","3.3","","3.4","2.1","67.2"
"Nikko Remigio","WR","KC","216.0","585.0","26.0","Active","30.0","00-0038519","4.0","0.0278526504941599","0.5","0.0022118136872235","0.0022118136872235","14.0","","0.0","0.0","0.0","","","0.0378378378378378","0.0378378378378378","0.0729166666666666","12.0","17.0","21.0","outdoor","3.0","5.0","18.0","6.0","5.0","5.0","1.0","{""2024"": 12, ""2025"": 3}","{""2024"": ""season_ending"", ""2025"": ""moderate""}","","3.7","","2.3","3.7","62.1"
"Jeshaun Jones","WR","MIN","","","26.0","Active","30.0","00-0039710","0.0","0.0","0.5","0.0","0.0","1.0","","","","","","","0.0162162162162162","0.0162162162162162","0.0104166666666666","28.0","31.0","27.0","dome","3.0","6.0","1.0","4.0","3.2","3.2","1.0","{""2025"": 16}","{""2025"": ""season_ending""}","","2.9","","4.4","4.1","64.5"
"Mason Tipton","WR","NO","216.0","558.0","25.0","PUP","85.0","00-0039623","29.0","0.2642348754448398","0.5","0.063938053097345","0.063938053097345","8.0","corrected","0.0384615384615384","0.0","0.0","","","0.3081081081081081","0.3081081081081081","0.4010416666666667","27.0","12.0","28.0","dome","2.0","8.0","29.0","1.0","5.0","5.0","1.0","{""2024"": 8, ""2025"": 9}","{""2024"": ""moderate"", ""2025"": ""moderate""}","","2.7","","3.8","1.0","64.6"
"Efton Chism","WR","NE","216.0","416.0","24.0","Active","30.0","00-0040563","3.0","0.0840950639853747","0.5","0.0132261410788379","0.0132261410788379","8.0","","0.0151515151515151","0.0","4.620327555463115","","","0.0918918918918919","0.0918918918918919","0.171875","1.0","18.0","4.0","outdoor","2.0","11.0","19.0","4.0","3.2","3.2","1.0","{""2025"": 9}","{""2025"": ""moderate""}","","5.0","","1.0","2.6","60.0"
"LaJohntay Wester","WR","BAL","216.0","533.0","24.0","Active","30.0","00-0040075","0.0","0.0571992110453648","0.5","0.0","0.0","14.0","","","","","","","0.0162162162162162","0.0162162162162162","0.1302083333333333","11.0","29.0","11.0","outdoor","3.0","13.0","28.0","4.0","2.3","2.3","1.0","{""2025"": 3}","{""2025"": ""moderate""}","","3.7","","2.3","2.5","45.0"
"Ke'Shawn Williams","WR","CIN","","","24.0","Active","30.0","00-0040534","3.0","0.0126012601260126","0.5","0.0029606408916753","0.0029606408916753","11.0","","0.0","0.0","0.0","","","0.0432432432432432","0.0432432432432432","0.0416666666666666","18.0","15.0","10.0","outdoor","2.0","6.0","32.0","3.0","2.9","2.9","1.0","{""2025"": 6}","{""2025"": ""moderate""}","","3.8","","2.5","2.1","50.9"
"Myles Price","WR","MIN","","","24.0","Active","30.0","00-0040506","0.0","0.0169830169830169","0.5","0.0","0.0","16.0","","","","","","","0.0162162162162162","0.0162162162162162","0.0520833333333333","28.0","31.0","27.0","dome","3.0","6.0","1.0","4.0","1.0","1.0","1.0","{""2025"": 1}","{""2025"": ""minor""}","","3.8","","4.4","4.1","59.4"
"Gage Larvadain","WR","CLE","","","24.0","Active","30.0","00-0040259","8.0","0.1717451523545706","0.5","0.0350722074860005","0.0350722074860005","13.0","","0.0175438596491228","0.0","0.0","","","0.1621621621621621","0.1621621621621621","0.3020833333333333","31.0","22.0","29.0","outdoor","4.0","11.0","31.0","1.0","2.5","2.5","1.0","{""2025"": 4}","{""2025"": ""moderate""}","","3.1","","4.5","2.3","61.2"
"Josh Cameron","WR","JAX","216.0","499.0","23.0","Active","30.0","","","","","","","","","","","","","","","","","13.0","7.0","6.0","outdoor","3.0","7.0","17.0","3.0","1.0","1.0","1.0","{}","{}","","2.5","","1.6","3.0","20.8"
"Kenneth Gainwell","RB","TB","107.4","106.0","","","","00-0036919","569.0","0.501454898157129","1.5","0.162835249042146","0.2079414838035527","17.0","","","","1.6579522215506548","","","0.9672131147540984","0.7213114754098361","0.8515625","21.0","11.0","18.0","outdoor","2.0","10.0","22.0","3.0","1.0","1.0","1.0","{""2021"": 1, ""2022"": 0, ""2023"": 1, ""2024"": 0, ""2025"": 0}","{""2021"": ""minor"", ""2022"": ""minor"", ""2023"": ""minor"", ""2024"": ""minor"", ""2025"": ""minor""}","","2.2","","2.9","2.2","21.5"
"Ricky Pearsall","WR","SF","119.1","120.0","25.0","IR","85.0","00-0039916","72.0","0.4281891168599465","2.5","0.182020202020202","0.182020202020202","9.0","corrected","0.0444444444444444","0.0","0.0","","","0.7513513513513513","0.7513513513513513","0.625","6.0","6.0","8.0","outdoor","2.0","8.0","15.0","5.0","4.6","4.6","1.0","{""2024"": 6, ""2025"": 8}","{""2024"": ""moderate"", ""2025"": ""moderate""}","","3.1","","1.0","2.9","60.0"
"Stefon Diggs","WR","WAS","132.1","133.0","32.0","Active","30.0","00-0031588","977.0","0.5365630712979891","2.5","0.211618257261411","0.211618257261411","17.0","","0.1818181818181818","0.0","0.6522815372418516","19.0","","0.8378378378378378","0.8378378378378378","0.6927083333333334","19.0","26.0","19.0","outdoor","1.0","7.0","8.0","4.0","2.3","1.7","2.3","{""2015"": 4, ""2016"": 4, ""2017"": 3, ""2018"": 2, ""2019"": 2, ""2020"": 1, ""2021"": 0, ""2022"": 1, ""2023"": 0, ""2024"": 9, ""2025"": 0}","{""2015"": ""moderate"", ""2016"": ""moderate"", ""2017"": ""moderate"", ""2018"": ""minor"", ""2019"": ""minor"", ""2020"": ""minor"", ""2021"": ""minor"", ""2022"": ""minor"", ""2023"": ""minor"", ""2024"": ""moderate"", ""2025"": ""minor""}","","2.8","","3.2","2.8","45.8"
"Keenan Allen","WR","LAC","206.7","205.0","33.0","Active","30.0","00-0030279","1073.0","0.5511811023622047","2.5","0.224264705882353","0.224264705882353","17.0","","0.2025316455696202","0.0","0.6844929711797207","4.0","","0.8540540540540541","0.8540540540540541","0.703125","25.0","10.0","24.0","dome","2.0","7.0","16.0","3.0","4.6","1.8","4.6","{""2013"": 2, ""2014"": 3, ""2015"": 9, ""2016"": 16, ""2017"": 1, ""2018"": 2, ""2019"": 1, ""2020"": 3, ""2021"": 1, ""2022"": 7, ""2023"": 4, ""2024"": 2, ""2025"": 0}","{""2013"": ""minor"", ""2014"": ""moderate"", ""2015"": ""moderate"", ""2016"": ""season_ending"", ""2017"": ""minor"", ""2018"": ""minor"", ""2019"": ""minor"", ""2020"": ""moderate"", ""2021"": ""minor"", ""2022"": ""moderate"", ""2023"": ""moderate"", ""2024"": ""minor"", ""2025"": ""minor""}","","2.7","","3.4","2.2","60.0"
"Tyreek Hill","WR","FA","215.4","246.0","31.0","Questionable","65.0","00-0033040","933.0","0.1580020387359837","2.5","0.2667748917748919","0.2667748917748919","4.0","corrected","0.0298507462686567","0.0","0.6600467936375878","24.0","","0.9297297297297298","0.9297297297297298","0.265625","","","","","","","","","5.0","5.0","2.9","{""2016"": 1, ""2017"": 2, ""2018"": 1, ""2019"": 5, ""2020"": 2, ""2021"": 0, ""2022"": 0, ""2023"": 1, ""2024"": 0, ""2025"": 13}","{""2016"": ""minor"", ""2017"": ""minor"", ""2018"": ""minor"", ""2019"": ""moderate"", ""2020"": ""minor"", ""2021"": ""minor"", ""2022"": ""minor"", ""2023"": ""minor"", ""2024"": ""minor"", ""2025"": ""season_ending""}","","3.2","","","","73.0"
"Brandon Aiyuk","WR","SF","215.6","252.0","28.0","DNR","50.0","00-0036261","307.0","","","","","","","","","","-8.0","","","","","6.0","6.0","8.0","outdoor","2.0","8.0","15.0","5.0","5.0","5.0","4.8","{""2020"": 5, ""2021"": 0, ""2022"": 0, ""2023"": 1, ""2024"": 10, ""2025"": 17}","{""2020"": ""moderate"", ""2021"": ""minor"", ""2022"": ""minor"", ""2023"": ""minor"", ""2024"": ""moderate"", ""2025"": ""season_ending""}","","2.5","","1.0","2.9","60.0"
"Roman Wilson","WR","PIT","215.8","272.0","25.0","Active","30.0","00-0039739","12.0","0.2453928225024248","0.5","0.0759897828863346","0.0759897828863346","9.0","corrected","0.0128205128205128","0.0","2.3101637777315576","-46.0","","0.3621621621621622","0.3621621621621622","0.375","14.0","25.0","17.0","outdoor","3.0","9.0","27.0","5.0","5.0","5.0","1.0","{""2024"": 17, ""2025"": 8}","{""2024"": ""season_ending"", ""2025"": ""moderate""}","","3.9","","2.6","2.6","65.5"
"Avery Williams","RB","","215.9","274.0","27.0","Active","30.0","00-0036950","35.0","0.0","0.5","0.0","0.0","1.0","","","","","","","0.0573770491803278","0.0286885245901639","0.03515625","","","","","","","","","5.0","5.0","4.8","{""2021"": 2, ""2022"": 0, ""2023"": 17, ""2024"": 0, ""2025"": 16}","{""2021"": ""minor"", ""2022"": ""minor"", ""2023"": ""season_ending"", ""2024"": ""minor"", ""2025"": ""season_ending""}","","2.8","","","","74.9"
"Chris Brazzell","WR","CAR","215.9","277.0","22.0","IR","85.0","","","","","","","","","","","","","","","","","26.0","23.0","25.0","outdoor","1.0","5.0","25.0","3.0","4.4","1.0","1.0","{}","{}","","2.5","","3.9","2.0","61.2"
"Chris Myarick","TE","LV","215.9","278.0","30.0","Active","30.0","00-0035345","10.0","","","","","","","","","","","","","","","32.0","32.0","31.0","dome","4.0","13.0","20.0","0.0","5.0","5.0","4.8","{""2021"": 13, ""2022"": 7, ""2023"": 17, ""2024"": 17, ""2025"": 17}","{""2021"": ""season_ending"", ""2022"": ""moderate"", ""2023"": ""season_ending"", ""2024"": ""season_ending"", ""2025"": ""season_ending""}","","2.5","","5.0","1.9","75.6"
"Erik Ezukanma","WR","PHI","215.9","283.0","26.0","Active","30.0","00-0038092","6.0","","","","","","","","","","","","","","","17.0","24.0","16.0","outdoor","2.0","10.0","3.0","6.0","5.0","5.0","4.8","{""2022"": 16, ""2023"": 15, ""2024"": 16, ""2025"": 17}","{""2022"": ""season_ending"", ""2023"": ""season_ending"", ""2024"": ""season_ending"", ""2025"": ""season_ending""}","","2.5","","2.8","3.6","60.0"
"Feleipe Franks","TE","CAR","215.9","284.0","28.0","Active","30.0","00-0036825","7.0","0.0136861313868613","0.5","0.0","0.0","10.0","","0.0","0.0","0.0","-74.0","","0.0277777777777777","0.0277777777777777","0.0350877192982456","26.0","23.0","25.0","outdoor","1.0","5.0","25.0","3.0","5.0","5.0","4.8","{""2021"": 13, ""2022"": 12, ""2023"": 17, ""2024"": 8, ""2025"": 7}","{""2021"": ""season_ending"", ""2022"": ""season_ending"", ""2023"": ""season_ending"", ""2024"": ""moderate"", ""2025"": ""moderate""}","","3.8","","3.9","2.0","78.0"
"Isaiah Spiller","RB","","215.9","287.0","23.0","Active","30.0","00-0038045","64.0","","","","","","","","","","","","","","","","","","","","","","","5.0","5.0","4.8","{""2022"": 12, ""2023"": 8, ""2024"": 17, ""2025"": 17}","{""2022"": ""season_ending"", ""2023"": ""moderate"", ""2024"": ""season_ending"", ""2025"": ""season_ending""}","","2.5","","","","71.5"
"Joshua Cephus","WR","","215.9","293.0","25.0","Active","30.0","00-0039552","","","","","","","","","","","","","","","","","","","","","","","","1.0","1.0","1.0","{}","{}","","2.5","","","","22.5"
"Mike White","QB","","215.9","300.0","30.0","Active","30.0","00-0034401","19.0","","","","","","","","","","","","","","","","","","","","","","","5.0","5.0","4.8","{""2018"": 17, ""2019"": 17, ""2020"": 17, ""2021"": 13, ""2022"": 13, ""2023"": 11, ""2024"": 16, ""2025"": 17}","{""2018"": ""season_ending"", ""2019"": ""season_ending"", ""2020"": ""season_ending"", ""2021"": ""season_ending"", ""2022"": ""season_ending"", ""2023"": ""moderate"", ""2024"": ""season_ending"", ""2025"": ""season_ending""}","","2.5","","","","65.3"
"Miles Boykin","WR","","215.9","301.0","29.0","Active","30.0","00-0035703","38.0","","","","","","","","","","","","","","","","","","","","","","","5.0","5.0","4.8","{""2019"": 5, ""2020"": 3, ""2021"": 16, ""2022"": 7, ""2023"": 9, ""2024"": 17, ""2025"": 17}","{""2019"": ""moderate"", ""2020"": ""moderate"", ""2021"": ""season_ending"", ""2022"": ""moderate"", ""2023"": ""moderate"", ""2024"": ""season_ending"", ""2025"": ""season_ending""}","","2.5","","","","62.5"
"Najee Harris","RB","LAC","215.9","303.0","27.0","Questionable","65.0","00-0036893","1295.0","0.0376202974628171","0.5","0.0312499999999997","0.0985507246376811","3.0","corrected","0.0","0.0131578947368421","0.0","","","0.3934426229508196","0.4344262295081967","0.2109375","25.0","10.0","24.0","dome","2.0","7.0","16.0","3.0","5.0","5.0","1.0","{""2021"": 0, ""2022"": 0, ""2023"": 0, ""2024"": 0, ""2025"": 14}","{""2021"": ""minor"", ""2022"": ""minor"", ""2023"": ""minor"", ""2024"": ""minor"", ""2025"": ""season_ending""}","","2.7","","3.4","2.2","69.1"
"Rashaad Penny","RB","","215.9","306.0","28.0","Active","30.0","00-0034750","376.0","","","","","","","","","","","","","","","","","","","","","","","5.0","5.0","4.8","{""2018"": 4, ""2019"": 8, ""2020"": 14, ""2021"": 7, ""2022"": 12, ""2023"": 14, ""2024"": 17, ""2025"": 17}","{""2018"": ""moderate"", ""2019"": ""moderate"", ""2020"": ""season_ending"", ""2021"": ""moderate"", ""2022"": ""season_ending"", ""2023"": ""season_ending"", ""2024"": ""season_ending"", ""2025"": ""season_ending""}","","2.5","","","","71.5"
"Taysom Hill","TE","","215.9","310.0","35.0","Active","30.0","00-0033357","599.0","0.1868327402135231","0.5","0.0370319945541185","0.0370319945541185","13.0","","0.0","0.1940298507462686","0.3883687072865299","","","0.2222222222222222","0.2222222222222222","0.3070175438596491","","","","","","","","","4.8","3.3","4.8","{""2017"": 14, ""2018"": 2, ""2019"": 1, ""2020"": 1, ""2021"": 5, ""2022"": 1, ""2023"": 1, ""2024"": 9, ""2025"": 4}","{""2017"": ""season_ending"", ""2018"": ""minor"", ""2019"": ""minor"", ""2020"": ""minor"", ""2021"": ""moderate"", ""2022"": ""minor"", ""2023"": ""minor"", ""2024"": ""moderate"", ""2025"": ""moderate""}","","3.0","","","","71.0"
"A.T. Perry","WR","PIT","216.0","314.0","26.0","Active","30.0","00-0038612","12.0","","","","","","","","","","","","","","","14.0","25.0","17.0","outdoor","3.0","9.0","27.0","5.0","5.0","5.0","4.8","{""2023"": 9, ""2024"": 17, ""2025"": 17}","{""2023"": ""moderate"", ""2024"": ""season_ending"", ""2025"": ""season_ending""}","","2.5","","2.6","2.6","60.0"
"Aaron Shampklin","RB","","216.0","316.0","25.0","Active","30.0","00-0037609","6.0","","","","","","","","","","","","","","","","","","","","","","","5.0","5.0","1.0","{""2024"": 14, ""2025"": 17}","{""2024"": ""season_ending"", ""2025"": ""season_ending""}","","2.5","","","","71.5"
"Alexander Mattison","RB","","216.0","319.0","27.0","Active","30.0","00-0034972","852.0","","","","","","","","","","","","","","","","","","","","","","","5.0","5.0","4.4","{""2019"": 4, ""2020"": 4, ""2021"": 1, ""2022"": 0, ""2023"": 1, ""2024"": 3, ""2025"": 17}","{""2019"": ""moderate"", ""2020"": ""moderate"", ""2021"": ""minor"", ""2022"": ""minor"", ""2023"": ""minor"", ""2024"": ""moderate"", ""2025"": ""season_ending""}","","2.5","","","","71.5"
"Ameer Abdullah","RB","JAX","216.0","320.0","33.0","Active","30.0","00-0032104","727.0","0.0802238805970149","0.5","0.0419448476052249","0.040989344326048","13.0","","0.0120481927710843","0.029126213592233","1.2918211059582183","","","0.4918032786885246","0.2295081967213114","0.359375","13.0","7.0","6.0","outdoor","3.0","7.0","17.0","3.0","4.8","2.7","4.8","{""2015"": 1, ""2016"": 15, ""2017"": 3, ""2018"": 8, ""2019"": 2, ""2020"": 6, ""2021"": 0, ""2022"": 1, ""2023"": 1, ""2024"": 2, ""2025"": 4}","{""2015"": ""minor"", ""2016"": ""season_ending"", ""2017"": ""moderate"", ""2018"": ""moderate"", ""2019"": ""minor"", ""2020"": ""moderate"", ""2021"": ""minor"", ""2022"": ""minor"", ""2023"": ""minor"", ""2024"": ""minor"", ""2025"": ""moderate""}","","3.3","","1.6","3.0","63.4"
"Andrew Armstrong","WR","KC","216.0","321.0","25.0","Active","30.0","","","","","","","","","","","","","","","","","12.0","17.0","21.0","outdoor","3.0","5.0","18.0","6.0","1.0","1.0","1.0","{}","{}","","2.5","","2.3","3.7","28.0"
"Anthony Tyus","RB","CAR","216.0","324.0","23.0","Active","30.0","","","","","","","","","","","","","","","","","26.0","23.0","25.0","outdoor","1.0","5.0","25.0","3.0","1.0","1.0","1.0","{}","{}","","2.5","","3.9","2.0","29.2"
"Antonio Gibson","RB","FA","216.0","325.0","27.0","Questionable","65.0","00-0036328","984.0","0.0475319926873857","0.5","0.0211618257261407","0.095582329317269","5.0","","0.0","0.0421052631578947","1.4353567843980206","","","0.2704918032786885","0.4180327868852459","0.25","","","","","","","","","4.9","4.9","3.0","{""2020"": 3, ""2021"": 1, ""2022"": 2, ""2023"": 1, ""2024"": 0, ""2025"": 12}","{""2020"": ""moderate"", ""2021"": ""minor"", ""2022"": ""minor"", ""2023"": ""minor"", ""2024"": ""minor"", ""2025"": ""season_ending""}","","3.7","","","","83.8"
"Audric Estime","RB","NO","216.0","328.0","22.0","Active","30.0","00-0039373","139.0","0.1610320284697509","1.5","0.0782300884955751","0.1955165692007797","5.0","corrected","0.0","0.0895522388059701","0.6681833306680441","","","0.680327868852459","0.680327868852459","0.4765625","27.0","12.0","28.0","dome","2.0","8.0","29.0","1.0","5.0","5.0","1.0","{""2024"": 4, ""2025"": 12}","{""2024"": ""moderate"", ""2025"": ""season_ending""}","","2.6","","3.8","1.0","69.2"
"Austin Ekeler","RB","FA","216.0","329.0","30.0","Active","30.0","00-0033699","1561.0","0.0654648956356736","2.5","0.1377314814814814","0.1873032528856243","2.0","corrected","0.0","0.0212765957446808","0.0","","","0.9426229508196722","0.6557377049180327","0.328125","","","","","","","","","5.0","5.0","4.8","{""2017"": 3, ""2018"": 3, ""2019"": 1, ""2020"": 7, ""2021"": 1, ""2022"": 0, ""2023"": 3, ""2024"": 5, ""2025"": 15}","{""2017"": ""moderate"", ""2018"": ""moderate"", ""2019"": ""minor"", ""2020"": ""moderate"", ""2021"": ""minor"", ""2022"": ""minor"", ""2023"": ""moderate"", ""2024"": ""moderate"", ""2025"": ""season_ending""}","","3.0","","","","77.2"
"Austin Reed","QB","","216.0","331.0","25.0","Active","30.0","","","","","","","","","","","","","","","","","","","","","","","","","1.0","1.0","1.0","{}","{}","","2.5","","","","20.8"
"Ben Yurosek","TE","MIN","216.0","336.0","24.0","Active","30.0","00-0040509","2.0","0.1158841158841158","0.5","0.0181623931623931","0.0181623931623931","6.0","","0.0","0.0","0.0","","","0.1018518518518518","0.1018518518518518","0.2017543859649122","28.0","31.0","27.0","dome","3.0","6.0","1.0","4.0","3.2","3.2","1.0","{""2025"": 11}","{""2025"": ""moderate""}","","3.4","","4.4","4.1","67.2"
"Benny Snell","RB","","216.0","337.0","25.0","Active","30.0","00-0035217","292.0","","","","","","","","","","","","","","","","","","","","","","","5.0","5.0","4.8","{""2019"": 6, ""2020"": 2, ""2021"": 1, ""2022"": 8, ""2023"": 17, ""2024"": 17, ""2025"": 17}","{""2019"": ""moderate"", ""2020"": ""minor"", ""2021"": ""minor"", ""2022"": ""moderate"", ""2023"": ""season_ending"", ""2024"": ""season_ending"", ""2025"": ""season_ending""}","","2.5","","","","71.5"
"Brandin Cooks","WR","FA","216.0","339.0","32.0","Active","30.0","00-0031236","792.0","0.3754448398576512","0.5","0.0833219877467664","0.0833219877467664","13.0","","0.0","0.0","0.0","","","0.3891891891891892","0.3891891891891892","0.53125","","","","","","","","","3.1","2.7","3.1","{""2014"": 7, ""2015"": 1, ""2016"": 2, ""2017"": 1, ""2018"": 2, ""2019"": 3, ""2020"": 2, ""2021"": 1, ""2022"": 4, ""2023"": 1, ""2024"": 7, ""2025"": 4}","{""2014"": ""moderate"", ""2015"": ""minor"", ""2016"": ""minor"", ""2017"": ""minor"", ""2018"": ""minor"", ""2019"": ""moderate"", ""2020"": ""minor"", ""2021"": ""minor"", ""2022"": ""moderate"", ""2023"": ""minor"", ""2024"": ""moderate"", ""2025"": ""moderate""}","","2.3","","","","40.5"
"Brandon Dillon","TE","","216.0","340.0","26.0","Inactive","30.0","00-0035102","1.0","","","","","","","","","","","","","","","","","","","","","","","5.0","5.0","4.8","{""2020"": 16, ""2021"": 17, ""2022"": 17, ""2023"": 17, ""2024"": 17, ""2025"": 17}","{""2020"": ""season_ending"", ""2021"": ""season_ending"", ""2022"": ""season_ending"", ""2023"": ""season_ending"", ""2024"": ""season_ending"", ""2025"": ""season_ending""}","","2.5","","","","66.7"
"Brandon Smith","WR","PIT","216.0","341.0","27.0","Active","30.0","00-0038113","0.0","0.0076335877862595","","","","","","","","","","","","","0.03125","14.0","25.0","17.0","outdoor","3.0","9.0","27.0","5.0","5.0","5.0","4.8","{""2022"": 12, ""2023"": 16, ""2024"": 17, ""2025"": 17}","{""2022"": ""season_ending"", ""2023"": ""season_ending"", ""2024"": ""season_ending"", ""2025"": ""season_ending""}","","2.5","","2.6","2.6","60.0"
"Brenden Rice","WR","","216.0","343.0","24.0","Questionable","65.0","00-0039415","","","","","","","","","","","","","","","","","","","","","","","","5.0","5.0","1.0","{""2024"": 17, ""2025"": 17}","{""2024"": ""season_ending"", ""2025"": ""season_ending""}","","2.5","","","","62.5"
"Brennan Presley","WR","LAR","216.0","344.0","24.0","Active","30.0","00-0040597","","0.0","","","","","","","","","","","","","0.0104166666666666","2.0","4.0","1.0","dome","1.0","11.0","5.0","6.0","1.0","1.0","1.0","{}","{}","","2.5","","1.0","2.8","15.0"
"Brevin Jordan","TE","HOU","216.0","345.0","26.0","Active","30.0","00-0036556","53.0","","","","","","","","","","","","","","","22.0","5.0","26.0","outdoor","5.0","8.0","14.0","4.0","5.0","5.0","4.8","{""2021"": 9, ""2022"": 8, ""2023"": 7, ""2024"": 15, ""2025"": 17}","{""2021"": ""moderate"", ""2022"": ""moderate"", ""2023"": ""moderate"", ""2024"": ""season_ending"", ""2025"": ""season_ending""}","","2.5","","3.0","4.4","62.1"
"Brian Hill","RB","","216.0","347.0","27.0","Active","30.0","00-0033567","247.0","","","","","","","","","","","","","","","","","","","","","","","5.0","5.0","4.8","{""2017"": 13, ""2018"": 12, ""2019"": 7, ""2020"": 1, ""2021"": 16, ""2022"": 17, ""2023"": 17, ""2024"": 17, ""2025"": 17}","{""2017"": ""season_ending"", ""2018"": ""season_ending"", ""2019"": ""moderate"", ""2020"": ""minor"", ""2021"": ""season_ending"", ""2022"": ""season_ending"", ""2023"": ""season_ending"", ""2024"": ""season_ending"", ""2025"": ""season_ending""}","","2.5","","","","71.5"
"Bryant Koback","RB","","216.0","349.0","26.0","Inactive","30.0","","","","","","","","","","","","","","","","","","","","","","","","","1.0","1.0","1.0","{}","{}","","2.5","","","","17.1"
"C.J. Uzomah","TE","","216.0","352.0","32.0","Active","30.0","00-0032134","192.0","","","","","","","","","","","","","","","","","","","","","","","5.0","5.0","4.8","{""2015"": 14, ""2016"": 9, ""2017"": 5, ""2018"": 1, ""2019"": 3, ""2020"": 15, ""2021"": 1, ""2022"": 3, ""2023"": 9, ""2024"": 15, ""2025"": 17}","{""2015"": ""season_ending"", ""2016"": ""moderate"", ""2017"": ""moderate"", ""2018"": ""minor"", ""2019"": ""moderate"", ""2020"": ""season_ending"", ""2021"": ""minor"", ""2022"": ""moderate"", ""2023"": ""moderate"", ""2024"": ""season_ending"", ""2025"": ""season_ending""}","","2.5","","","","66.7"
"CJ Donaldson","RB","NO","216.0","354.0","22.0","Active","30.0","","","","","","","","","","","","","","","","","27.0","12.0","28.0","dome","2.0","8.0","29.0","1.0","1.0","1.0","1.0","{}","{}","","2.5","","3.8","1.0","27.7"
"Caleb Lohner","TE","DEN","216.0","357.0","24.0","Questionable","65.0","","","","","","","","","","","","","","","","","10.0","3.0","14.0","outdoor","3.0","10.0","21.0","5.0","1.0","1.0","1.0","{}","{}","","2.5","","1.5","3.0","18.8"
"Cam Miller","QB","MIA","216.0","359.0","25.0","Active","30.0","","","","","","","","","","","","","","","","","20.0","30.0","22.0","outdoor","4.0","6.0","4.0","0.0","1.0","1.0","1.0","{}","{}","","2.5","","3.5","4.2","44.3"
"Carson Wentz","QB","MIN","216.0","360.0","33.0","Active","30.0","00-0032950","370.0","0.2997002997002997","0.5","0.0","0.041834451901566","5.0","","0.0","0.0344827586206896","1.0219214588619825","","","0.4391891891891892","0.5","0.4864864864864865","28.0","31.0","27.0","dome","3.0","6.0","1.0","4.0","5.0","5.0","4.8","{""2016"": 1, ""2017"": 4, ""2018"": 6, ""2019"": 1, ""2020"": 5, ""2021"": 0, ""2022"": 9, ""2023"": 16, ""2024"": 15, ""2025"": 12}","{""2016"": ""minor"", ""2017"": ""moderate"", ""2018"": ""moderate"", ""2019"": ""minor"", ""2020"": ""moderate"", ""2021"": ""minor"", ""2022"": ""moderate"", ""2023"": ""season_ending"", ""2024"": ""season_ending"", ""2025"": ""season_ending""}","","2.3","","4.4","4.1","74.0"
"Case Keenum","QB","CHI","216.0","361.0","38.0","Active","30.0","00-0028986","150.0","","","","","","","","","","","","","","","8.0","2.0","9.0","outdoor","1.0","10.0","11.0","5.0","5.0","5.0","4.8","{""2013"": 9, ""2014"": 15, ""2015"": 12, ""2016"": 7, ""2017"": 2, ""2018"": 1, ""2019"": 7, ""2020"": 16, ""2021"": 12, ""2022"": 15, ""2023"": 15, ""2024"": 17, ""2025"": 17}","{""2013"": ""moderate"", ""2014"": ""season_ending"", ""2015"": ""season_ending"", ""2016"": ""moderate"", ""2017"": ""minor"", ""2018"": ""minor"", ""2019"": ""moderate"", ""2020"": ""season_ending"", ""2021"": ""season_ending"", ""2022"": ""season_ending"", ""2023"": ""season_ending"", ""2024"": ""season_ending"", ""2025"": ""season_ending""}","","2.5","","1.1","2.6","60.0"
"Casey Washington","WR","CAR","216.0","362.0","25.0","Active","30.0","00-0039394","7.0","0.1651459854014598","0.5","0.0917148362235068","0.0917148362235068","5.0","corrected","0.0","0.0","0.0","","","0.4162162162162162","0.4162162162162162","0.296875","26.0","23.0","25.0","outdoor","1.0","5.0","25.0","3.0","5.0","5.0","1.0","{""2024"": 15, ""2025"": 12}","{""2024"": ""season_ending"", ""2025"": ""season_ending""}","","2.6","","3.9","2.0","65.6"
"Cedrick Wilson","WR","DET","216.0","364.0","30.0","Active","30.0","00-0034418","132.0","0.2099898063200815","0.5","0.0551948051948052","0.0551948051948052","6.0","corrected","0.044776119402985","0.0","0.0","","","0.2648648648648649","0.2648648648648649","0.34375","9.0","13.0","3.0","dome","2.0","6.0","24.0","5.0","5.0","5.0","4.8","{""2018"": 17, ""2019"": 13, ""2020"": 4, ""2021"": 3, ""2022"": 4, ""2023"": 6, ""2024"": 4, ""2025"": 11}","{""2018"": ""season_ending"", ""2019"": ""season_ending"", ""2020"": ""moderate"", ""2021"": ""moderate"", ""2022"": ""moderate"", ""2023"": ""moderate"", ""2024"": ""moderate"", ""2025"": ""moderate""}","","2.9","","1.3","2.4","60.0"
"Chase Roberts","WR","LV","216.0","365.0","25.0","Active","30.0","","","","","","","","","","","","","","","","","32.0","32.0","31.0","dome","4.0","13.0","20.0","0.0","1.0","1.0","1.0","{}","{}","","2.5","","5.0","1.9","51.4"
"Chris Herndon","TE","","216.0","367.0","26.0","Active","30.0","00-0034766","75.0","","","","","","","","","","","","","","","","","","","","","","","5.0","5.0","4.8","{""2018"": 3, ""2019"": 16, ""2020"": 5, ""2021"": 11, ""2022"": 17, ""2023"": 17, ""2024"": 17, ""2025"": 17}","{""2018"": ""moderate"", ""2019"": ""season_ending"", ""2020"": ""moderate"", ""2021"": ""moderate"", ""2022"": ""season_ending"", ""2023"": ""season_ending"", ""2024"": ""season_ending"", ""2025"": ""season_ending""}","","2.5","","","","66.7"
"Cole Beasley","WR","","216.0","370.0","34.0","Inactive","30.0","00-0029000","557.0","","","","","","","","","","","","","","","","","","","","","","","5.0","5.0","4.8","{""2012"": 9, ""2013"": 3, ""2014"": 2, ""2015"": 1, ""2016"": 1, ""2017"": 2, ""2018"": 1, ""2019"": 2, ""2020"": 2, ""2021"": 1, ""2022"": 13, ""2023"": 17, ""2024"": 17, ""2025"": 17}","{""2012"": ""moderate"", ""2013"": ""moderate"", ""2014"": ""minor"", ""2015"": ""minor"", ""2016"": ""minor"", ""2017"": ""minor"", ""2018"": ""minor"", ""2019"": ""minor"", ""2020"": ""minor"", ""2021"": ""minor"", ""2022"": ""season_ending"", ""2023"": ""season_ending"", ""2024"": ""season_ending"", ""2025"": ""season_ending""}","","2.5","","","","62.5"
"Cooper Rush","QB","ATL","216.0","373.0","32.0","Active","30.0","00-0033662","62.0","0.1134122287968441","0.5","0.0","0.0182992465016146","4.0","","0.0","0.0","0.0","","","0.4391891891891892","0.1216216216216216","0.3243243243243243","23.0","14.0","23.0","outdoor","2.0","11.0","26.0","3.0","5.0","5.0","4.8","{""2017"": 15, ""2018"": 17, ""2019"": 17, ""2020"": 17, ""2021"": 13, ""2022"": 9, ""2023"": 10, ""2024"": 5, ""2025"": 13}","{""2017"": ""season_ending"", ""2018"": ""season_ending"", ""2019"": ""season_ending"", ""2020"": ""season_ending"", ""2021"": ""season_ending"", ""2022"": ""moderate"", ""2023"": ""moderate"", ""2024"": ""moderate"", ""2025"": ""season_ending""}","","2.9","","3.3","2.0","61.4"
"Curtis Samuel","WR","","216.0","374.0","29.0","Active","30.0","00-0033282","481.0","0.1333922261484099","0.5","0.0532359081419624","0.0532359081419624","6.0","corrected","0.0128205128205128","0.0","1.980140380912764","","","0.2486486486486486","0.2486486486486486","0.234375","","","","","","","","","4.8","4.7","4.8","{""2017"": 9, ""2018"": 4, ""2019"": 1, ""2020"": 2, ""2021"": 12, ""2022"": 0, ""2023"": 1, ""2024"": 3, ""2025"": 11}","{""2017"": ""moderate"", ""2018"": ""moderate"", ""2019"": ""minor"", ""2020"": ""minor"", ""2021"": ""season_ending"", ""2022"": ""minor"", ""2023"": ""minor"", ""2024"": ""moderate"", ""2025"": ""moderate""}","","4.6","","","","92.0"
"D'Onta Foreman","RB","","216.0","375.0","28.0","Active","30.0","00-0033925","663.0","","","","","","","","","","","","","","","","","","","","","","","5.0","5.0","4.8","{""2017"": 8, ""2018"": 16, ""2019"": 17, ""2020"": 12, ""2021"": 8, ""2022"": 1, ""2023"": 8, ""2024"": 7, ""2025"": 17}","{""2017"": ""moderate"", ""2018"": ""season_ending"", ""2019"": ""season_ending"", ""2020"": ""season_ending"", ""2021"": ""moderate"", ""2022"": ""minor"", ""2023"": ""moderate"", ""2024"": ""moderate"", ""2025"": ""season_ending""}","","2.5","","","","71.5"
"Dallin Holker","TE","","216.0","377.0","25.0","Active","30.0","","","","","","","","","","","","","","","","","","","","","","","","","1.0","1.0","1.0","{}","{}","","2.5","","","","20.0"
"Damien Harris","RB","","216.0","379.0","27.0","Active","30.0","00-0035657","514.0","","","","","","","","","","","","","","","","","","","","","","","5.0","5.0","4.8","{""2019"": 16, ""2020"": 7, ""2021"": 2, ""2022"": 6, ""2023"": 11, ""2024"": 17, ""2025"": 17}","{""2019"": ""season_ending"", ""2020"": ""moderate"", ""2021"": ""minor"", ""2022"": ""moderate"", ""2023"": ""moderate"", ""2024"": ""season_ending"", ""2025"": ""season_ending""}","","2.5","","","","71.5"
"Damien Martinez","RB","GB","216.0","380.0","22.0","Active","30.0","","","","","","","","","","","","","","","","","5.0","21.0","12.0","outdoor","2.0","11.0","9.0","6.0","1.0","1.0","1.0","{}","{}","","2.5","","1.5","3.2","17.7"
"Dante Pettis","WR","BUF","216.0","382.0","30.0","Active","30.0","00-0034860","95.0","0.1014234875444839","0.5","0.0413716814159292","0.0413716814159292","8.0","corrected","0.0","0.0","0.0","","","0.1891891891891892","0.1891891891891892","0.2083333333333333","3.0","8.0","2.0","outdoor","4.0","7.0","12.0","5.0","5.0","5.0","4.8","{""2018"": 5, ""2019"": 8, ""2020"": 11, ""2021"": 14, ""2022"": 0, ""2023"": 17, ""2024"": 9, ""2025"": 9}","{""2018"": ""moderate"", ""2019"": ""moderate"", ""2020"": ""moderate"", ""2021"": ""season_ending"", ""2022"": ""minor"", ""2023"": ""season_ending"", ""2024"": ""moderate"", ""2025"": ""moderate""}","","3.2","","1.0","4.0","60.0"
"Dare Ogunbowale","RB","LV","216.0","383.0","32.0","Active","30.0","00-0033854","286.0","0.1112068965517241","0.5","0.0285455954533712","0.0275712934180294","14.0","","0.0379746835443038","0.0769230769230769","1.845458722797455","","","0.3360655737704918","0.1721311475409836","0.4140625","32.0","32.0","31.0","dome","4.0","13.0","20.0","0.0","4.8","3.0","4.8","{""2018"": 16, ""2019"": 1, ""2020"": 7, ""2021"": 4, ""2022"": 2, ""2023"": 8, ""2024"": 1, ""2025"": 3}","{""2018"": ""season_ending"", ""2019"": ""minor"", ""2020"": ""moderate"", ""2021"": ""moderate"", ""2022"": ""minor"", ""2023"": ""moderate"", ""2024"": ""minor"", ""2025"": ""moderate""}","","4.2","","5.0","1.9","88.1"
"Darren Waller","TE","FA","216.0","386.0","33.0","Questionable","65.0","00-0031610","378.0","0.2079510703363914","2.5","0.139009139009139","0.139009139009139","9.0","corrected","0.1194029850746268","0.0","3.215692896332468","","","0.75","0.75","0.3157894736842105","","","","","","","","","5.0","5.0","4.8","{""2015"": 13, ""2016"": 7, ""2017"": 17, ""2018"": 13, ""2019"": 1, ""2020"": 1, ""2021"": 6, ""2022"": 9, ""2023"": 5, ""2024"": 17, ""2025"": 8}","{""2015"": ""season_ending"", ""2016"": ""moderate"", ""2017"": ""season_ending"", ""2018"": ""season_ending"", ""2019"": ""minor"", ""2020"": ""minor"", ""2021"": ""moderate"", ""2022"": ""moderate"", ""2023"": ""moderate"", ""2024"": ""season_ending"", ""2025"": ""moderate""}","","4.5","","","","93.3"
"DeAndre Hopkins","WR","BAL","216.0","390.0","33.0","Active","30.0","00-0030564","1012.0","0.3293885601577909","0.5","0.0958230958230958","0.0958230958230958","17.0","","0.0535714285714285","0.0","1.2600893333081222","","","0.4432432432432432","0.4432432432432432","0.4635416666666667","11.0","29.0","11.0","outdoor","3.0","13.0","28.0","4.0","1.5","1.2","1.5","{""2013"": 1, ""2014"": 1, ""2015"": 1, ""2016"": 1, ""2017"": 2, ""2018"": 1, ""2019"": 2, ""2020"": 1, ""2021"": 7, ""2022"": 8, ""2023"": 0, ""2024"": 1, ""2025"": 0}","{""2013"": ""minor"", ""2014"": ""minor"", ""2015"": ""minor"", ""2016"": ""minor"", ""2017"": ""minor"", ""2018"": ""minor"", ""2019"": ""minor"", ""2020"": ""minor"", ""2021"": ""moderate"", ""2022"": ""moderate"", ""2023"": ""minor"", ""2024"": ""minor"", ""2025"": ""minor""}","","2.7","","2.3","2.5","31.5"
"Deion Burks","WR","IND","216.0","392.0","23.0","Active","30.0","","","","","","","","","","","","","","","","","7.0","19.0","5.0","outdoor","2.0","13.0","30.0","2.0","1.0","1.0","1.0","{}","{}","","2.5","","1.4","1.5","17.4"
"Deneric Prince","RB","","216.0","394.0","25.0","Active","30.0","00-0038518","","","","","","","","","","","","","","","","","","","","","","","","1.0","1.0","1.0","{}","{}","","2.5","","","","17.1"
"Dennis Houston","WR","TB","216.0","395.0","27.0","Active","30.0","00-0037570","2.0","","","","","","","","","","","","","","","21.0","11.0","18.0","outdoor","2.0","10.0","22.0","3.0","5.0","5.0","4.8","{""2022"": 15, ""2023"": 17, ""2024"": 17, ""2025"": 17}","{""2022"": ""season_ending"", ""2023"": ""season_ending"", ""2024"": ""season_ending"", ""2025"": ""season_ending""}","","2.5","","2.9","2.2","60.0"
"Deontay Burnett","WR","","216.0","396.0","26.0","Active","30.0","00-0034653","15.0","","","","","","","","","","","","","","","","","","","","","","","5.0","5.0","4.8","{""2018"": 12, ""2019"": 16, ""2020"": 16, ""2021"": 17, ""2022"": 17, ""2023"": 17, ""2024"": 17, ""2025"": 17}","{""2018"": ""season_ending"", ""2019"": ""season_ending"", ""2020"": ""season_ending"", ""2021"": ""season_ending"", ""2022"": ""season_ending"", ""2023"": ""season_ending"", ""2024"": ""season_ending"", ""2025"": ""season_ending""}","","2.5","","","","62.5"
"Derek Carr","QB","","216.0","397.0","34.0","","50.0","00-0031280","328.0","","","","","","","","","","","","","","","","","","","","","","","5.0","5.0","3.5","{""2014"": 1, ""2015"": 1, ""2016"": 2, ""2017"": 2, ""2018"": 1, ""2019"": 1, ""2020"": 1, ""2021"": 0, ""2022"": 2, ""2023"": 0, ""2024"": 7, ""2025"": 17}","{""2014"": ""minor"", ""2015"": ""minor"", ""2016"": ""minor"", ""2017"": ""minor"", ""2018"": ""minor"", ""2019"": ""minor"", ""2020"": ""minor"", ""2021"": ""minor"", ""2022"": ""minor"", ""2023"": ""minor"", ""2024"": ""moderate"", ""2025"": ""season_ending""}","","2.5","","","","65.3"
"Diego Pavia","QB","","216.0","403.0","24.0","Active","30.0","","","","","","","","","","","","","","","","","","","","","","","","","1.0","1.0","1.0","{}","{}","","2.5","","","","20.8"
"Dillon Bell","WR","MIN","216.0","404.0","22.0","Active","30.0","","","","","","","","","","","","","","","","","28.0","31.0","27.0","dome","3.0","6.0","1.0","4.0","1.0","1.0","1.0","{}","{}","","2.5","","4.4","4.1","48.0"
"Dillon Gabriel","QB","CLE","216.0","405.0","25.0","Active","30.0","00-0040704","14.0","0.3434903047091412","0.5","0.0","0.0243105209397344","10.0","","0.0","0.0327868852459016","1.0784095797035995","","","0.4391891891891892","0.2297297297297297","0.5","31.0","22.0","29.0","outdoor","4.0","11.0","31.0","1.0","3.1","3.1","1.0","{""2025"": 7}","{""2025"": ""moderate""}","","2.6","","4.5","2.3","64.2"
"Dontae Fleming","WR","MIN","216.0","407.0","24.0","Active","30.0","","","","","","","","","","","","","","","","","28.0","31.0","27.0","dome","3.0","6.0","1.0","4.0","1.0","1.0","1.0","{}","{}","","2.5","","4.4","4.1","48.0"
"Dwayne Washington","RB","","216.0","413.0","30.0","Active","30.0","00-0032450","184.0","","","","","","","","","","","","","","","","","","","","","","","5.0","5.0","4.8","{""2016"": 6, ""2017"": 12, ""2018"": 10, ""2019"": 11, ""2020"": 11, ""2021"": 9, ""2022"": 10, ""2023"": 14, ""2024"": 17, ""2025"": 17}","{""2016"": ""moderate"", ""2017"": ""season_ending"", ""2018"": ""moderate"", ""2019"": ""moderate"", ""2020"": ""moderate"", ""2021"": ""moderate"", ""2022"": ""moderate"", ""2023"": ""season_ending"", ""2024"": ""season_ending"", ""2025"": ""season_ending""}","","2.5","","","","71.5"
"Elijah Moore","WR","PHI","216.0","419.0","26.0","Active","30.0","00-0036980","235.0","0.1643109540636042","0.5","0.0670378102528416","0.0670378102528416","9.0","corrected","0.0","0.0085470085470085","0.924065511092623","","","0.3189189189189189","0.3189189189189189","0.28125","17.0","24.0","16.0","outdoor","2.0","10.0","3.0","6.0","3.2","3.2","2.4","{""2021"": 6, ""2022"": 3, ""2023"": 1, ""2024"": 0, ""2025"": 8}","{""2021"": ""moderate"", ""2022"": ""moderate"", ""2023"": ""minor"", ""2024"": ""minor"", ""2025"": ""moderate""}","","2.8","","2.8","3.6","48.1"
"Emory Jones","QB","","216.0","420.0","25.0","Active","30.0","","","","","","","","","","","","","","","","","","","","","","","","","1.0","1.0","1.0","{}","{}","","2.5","","","","20.8"
"Equanimeous St. Brown","WR","","216.0","421.0","28.0","Questionable","65.0","00-0034279","74.0","","","","","","","","","","","","","","","","","","","","","","","5.0","5.0","4.8","{""2018"": 6, ""2019"": 17, ""2020"": 9, ""2021"": 5, ""2022"": 1, ""2023"": 12, ""2024"": 17, ""2025"": 17}","{""2018"": ""moderate"", ""2019"": ""season_ending"", ""2020"": ""moderate"", ""2021"": ""moderate"", ""2022"": ""minor"", ""2023"": ""season_ending"", ""2024"": ""season_ending"", ""2025"": ""season_ending""}","","2.5","","","","62.5"
"Eric Gray","RB","NYG","216.0","422.0","26.0","Active","30.0","00-0038396","47.0","0.0026086956521739","0.5","0.0","0.0","1.0","","","","","","","0.0573770491803278","0.0286885245901639","0.0859375","16.0","9.0","15.0","outdoor","1.0","8.0","10.0","4.0","5.0","5.0","4.8","{""2023"": 7, ""2024"": 3, ""2025"": 16}","{""2023"": ""moderate"", ""2024"": ""moderate"", ""2025"": ""season_ending""}","","2.8","","2.2","2.7","64.0"
"Frank Darby","WR","","216.0","425.0","26.0","Active","30.0","00-0036951","2.0","","","","","","","","","","","","","","","","","","","","","","","5.0","5.0","4.8","{""2021"": 13, ""2022"": 16, ""2023"": 17, ""2024"": 17, ""2025"": 17}","{""2021"": ""season_ending"", ""2022"": ""season_ending"", ""2023"": ""season_ending"", ""2024"": ""season_ending"", ""2025"": ""season_ending""}","","2.5","","","","62.5"
"Gary Brightwell","RB","CIN","216.0","428.0","28.0","Active","30.0","00-0036569","52.0","0.0","0.5","0.0","0.0","2.0","","","","","","","0.0573770491803278","0.0286885245901639","0.03515625","18.0","15.0","10.0","outdoor","2.0","6.0","32.0","3.0","5.0","5.0","4.8","{""2021"": 10, ""2022"": 2, ""2023"": 13, ""2024"": 16, ""2025"": 15}","{""2021"": ""moderate"", ""2022"": ""minor"", ""2023"": ""season_ending"", ""2024"": ""season_ending"", ""2025"": ""season_ending""}","","3.1","","2.5","2.1","67.6"
"Gunner Olszewski","WR","NYG","216.0","431.0","29.0","IR","85.0","00-0035645","39.0","0.1026086956521739","0.5","0.0274602385685884","0.0274602385685884","16.0","","0.0294117647058823","0.0","2.3101637777315576","","","0.1297297297297297","0.1297297297297297","0.2135416666666666","16.0","9.0","15.0","outdoor","1.0","8.0","10.0","4.0","5.0","5.0","4.6","{""2019"": 9, ""2020"": 4, ""2021"": 1, ""2022"": 2, ""2023"": 5, ""2024"": 17, ""2025"": 1}","{""2019"": ""moderate"", ""2020"": ""moderate"", ""2021"": ""minor"", ""2022"": ""minor"", ""2023"": ""moderate"", ""2024"": ""season_ending"", ""2025"": ""minor""}","","5.0","","2.2","2.7","71.6"
"Hakeem Butler","TE","DEN","216.0","432.0","30.0","Active","30.0","00-0035529","0.0","","","","","","","","","","","","","","","10.0","3.0","14.0","outdoor","3.0","10.0","21.0","5.0","5.0","5.0","4.8","{""2019"": 17, ""2020"": 16, ""2021"": 17, ""2022"": 17, ""2023"": 17, ""2024"": 17, ""2025"": 17}","{""2019"": ""season_ending"", ""2020"": ""season_ending"", ""2021"": ""season_ending"", ""2022"": ""season_ending"", ""2023"": ""season_ending"", ""2024"": ""season_ending"", ""2025"": ""season_ending""}","","2.5","","1.5","3.0","60.0"
"Harrison Bryant","TE","","216.0","433.0","28.0","Questionable","65.0","00-0036232","106.0","0.1491379310344827","0.5","0.0368896925858951","0.0368896925858951","5.0","corrected","0.0","0.0","0.0","","","0.2037037037037037","0.2037037037037037","0.2456140350877192","","","","","","","","","5.0","5.0","4.8","{""2020"": 5, ""2021"": 2, ""2022"": 3, ""2023"": 3, ""2024"": 11, ""2025"": 12}","{""2020"": ""moderate"", ""2021"": ""minor"", ""2022"": ""moderate"", ""2023"": ""moderate"", ""2024"": ""moderate"", ""2025"": ""season_ending""}","","3.1","","","","74.7"
"Hendon Hooker","QB","TEN","216.0","434.0","28.0","Active","30.0","00-0038550","5.0","","","","","","","","","","","","","","","30.0","28.0","32.0","outdoor","1.0","9.0","23.0","0.0","5.0","5.0","4.8","{""2023"": 17, ""2024"": 14, ""2025"": 17}","{""2023"": ""season_ending"", ""2024"": ""season_ending"", ""2025"": ""season_ending""}","","2.5","","4.7","1.1","73.6"
"Isaiah Hodgins","WR","NYG","216.0","438.0","27.0","Active","30.0","00-0036165","70.0","0.3156521739130434","0.5","0.1070245195493705","0.1070245195493705","6.0","corrected","0.0588235294117647","0.0","1.3860982666389343","","","0.4918918918918919","0.4918918918918919","0.4479166666666667","16.0","9.0","15.0","outdoor","1.0","8.0","10.0","4.0","5.0","5.0","4.8","{""2020"": 17, ""2021"": 17, ""2022"": 8, ""2023"": 3, ""2024"": 15, ""2025"": 11}","{""2020"": ""season_ending"", ""2021"": ""season_ending"", ""2022"": ""moderate"", ""2023"": ""moderate"", ""2024"": ""season_ending"", ""2025"": ""moderate""}","","2.9","","2.2","2.7","60.0"
"Isaiah Neyor","WR","GB","216.0","439.0","25.0","Active","30.0","","","","","","","","","","","","","","","","","5.0","21.0","12.0","outdoor","2.0","11.0","9.0","6.0","1.0","1.0","1.0","{}","{}","","2.5","","1.5","3.2","20.1"
"J'Mari Taylor","RB","JAX","216.0","442.0","24.0","Active","30.0","","","","","","","","","","","","","","","","","13.0","7.0","6.0","outdoor","3.0","7.0","17.0","3.0","1.0","1.0","1.0","{}","{}","","2.5","","1.6","3.0","18.0"
"J.Michael Sturdivant","WR","","216.0","443.0","","","","","","","","","","","","","","","","","","","","","","","","","","","","1.0","1.0","1.0","{}","{}","","2.5","","","","22.5"
"J.P. Holtz","TE","","216.0","444.0","30.0","Active","30.0","00-0032986","7.0","","","","","","","","","","","","","","","","","","","","","","","5.0","5.0","4.8","{""2019"": 9, ""2020"": 8, ""2021"": 12, ""2022"": 16, ""2023"": 17, ""2024"": 17, ""2025"": 17}","{""2019"": ""moderate"", ""2020"": ""moderate"", ""2021"": ""season_ending"", ""2022"": ""season_ending"", ""2023"": ""season_ending"", ""2024"": ""season_ending"", ""2025"": ""season_ending""}","","2.5","","","","66.7"
"JP Richardson","WR","CHI","216.0","445.0","24.0","Active","30.0","00-0040275","","0.0","","","","","","","","","","","","","0.0104166666666666","8.0","2.0","9.0","outdoor","1.0","10.0","11.0","5.0","1.0","1.0","1.0","{}","{}","","2.5","","1.1","2.6","15.7"
"Ja'Lynn Polk","WR","","216.0","446.0","24.0","","50.0","00-0039907","13.0","","","","","","","","","","","","","","","","","","","","","","","5.0","5.0","1.0","{""2024"": 3, ""2025"": 17}","{""2024"": ""moderate"", ""2025"": ""season_ending""}","","2.5","","","","62.5"
"Ja'Quinden Jackson","RB","","216.0","447.0","24.0","Active","30.0","","","","","","","","","","","","","","","","","","","","","","","","","1.0","1.0","1.0","{}","{}","","2.5","","","","17.1"
"JaMycal Hasty","RB","","216.0","448.0","29.0","Active","30.0","00-0035806","181.0","","","","","","","","","","","","","","","","","","","","","","","5.0","5.0","4.8","{""2020"": 11, ""2021"": 6, ""2022"": 3, ""2023"": 16, ""2024"": 5, ""2025"": 17}","{""2020"": ""moderate"", ""2021"": ""moderate"", ""2022"": ""moderate"", ""2023"": ""season_ending"", ""2024"": ""moderate"", ""2025"": ""season_ending""}","","2.5","","","","71.5"
"Jake Bobo","WR","SEA","216.0","454.0","28.0","Questionable","65.0","00-0038752","35.0","0.1099624060150376","0.5","0.0149450549450549","0.0149450549450549","5.0","","0.0","0.0","0.0","","","0.1027027027027027","0.1027027027027027","0.2239583333333333","15.0","20.0","13.0","outdoor","1.0","11.0","2.0","4.0","5.0","5.0","4.8","{""2023"": 3, ""2024"": 5, ""2025"": 12}","{""2023"": ""moderate"", ""2024"": ""moderate"", ""2025"": ""season_ending""}","","3.4","","2.4","3.2","60.0"
"Jake Briningstool","TE","KC","216.0","455.0","23.0","Active","30.0","","","","","","","","","","","","","","","","","12.0","17.0","21.0","outdoor","3.0","5.0","18.0","6.0","1.0","1.0","1.0","{}","{}","","2.5","","2.3","3.7","25.9"
"Jaleel McLaughlin","RB","DEN","216.0","457.0","25.0","Active","30.0","00-0038794","285.0","0.0745614035087719","0.5","0.0218321917808218","0.0854770813844714","8.0","","0.0","0.0649350649350649","0.9452349555791844","","","0.3032786885245901","0.3688524590163934","0.3515625","10.0","3.0","14.0","outdoor","3.0","10.0","21.0","5.0","3.2","3.2","1.0","{""2023"": 0, ""2024"": 1, ""2025"": 9}","{""2023"": ""minor"", ""2024"": ""minor"", ""2025"": ""moderate""}","","2.7","","1.5","3.0","41.5"
"Jalen Reagor","WR","MIA","216.0","459.0","27.0","Active","30.0","00-0036387","108.0","","","","","","","","","","","","","","","20.0","30.0","22.0","outdoor","4.0","6.0","4.0","0.0","5.0","5.0","4.8","{""2020"": 6, ""2021"": 0, ""2022"": 0, ""2023"": 8, ""2024"": 10, ""2025"": 17}","{""2020"": ""moderate"", ""2021"": ""minor"", ""2022"": ""minor"", ""2023"": ""moderate"", ""2024"": ""moderate"", ""2025"": ""season_ending""}","","2.5","","3.5","4.2","63.2"
"Jalen White","RB","","216.0","461.0","23.0","Active","30.0","","","","","","","","","","","","","","","","","","","","","","","","","1.0","1.0","1.0","{}","{}","","2.5","","","","17.1"
"Jalin Hyatt","WR","NYG","216.0","462.0","24.0","Active","30.0","00-0038938","36.0","0.148695652173913","0.5","0.0788601722995362","0.0788601722995362","6.0","corrected","0.0147058823529411","0.0","0.0","","","0.372972972972973","0.372972972972973","0.25","16.0","9.0","15.0","outdoor","1.0","8.0","10.0","4.0","5.0","5.0","4.8","{""2023"": 4, ""2024"": 7, ""2025"": 11}","{""2023"": ""moderate"", ""2024"": ""moderate"", ""2025"": ""moderate""}","","2.8","","2.2","2.7","60.0"
"James Mitchell","TE","CAR","216.0","465.0","26.0","Active","30.0","00-0037282","16.0","0.0442978322337417","2.5","0.053125","0.053125","2.0","corrected","0.0","0.0","0.0","","","0.3518518518518518","0.3518518518518518","0.1052631578947368","26.0","23.0","25.0","outdoor","1.0","5.0","25.0","3.0","5.0","5.0","4.8","{""2022"": 9, ""2023"": 15, ""2024"": 17, ""2025"": 15}","{""2022"": ""moderate"", ""2023"": ""season_ending"", ""2024"": ""season_ending"", ""2025"": ""season_ending""}","","3.5","","3.9","2.0","75.4"
"James Washington","WR","","216.0","466.0","28.0","Active","30.0","00-0034676","116.0","","","","","","","","","","","","","","","","","","","","","","","5.0","5.0","4.8","{""2018"": 5, ""2019"": 2, ""2020"": 1, ""2021"": 2, ""2022"": 16, ""2023"": 17, ""2024"": 17, ""2025"": 17}","{""2018"": ""moderate"", ""2019"": ""minor"", ""2020"": ""minor"", ""2021"": ""minor"", ""2022"": ""season_ending"", ""2023"": ""season_ending"", ""2024"": ""season_ending"", ""2025"": ""season_ending""}","","2.5","","","","62.5"
"Jamison Crowder","WR","","216.0","467.0","31.0","Active","30.0","00-0031941","457.0","","","","","","","","","","","","","","","","","","","","","","","5.0","5.0","4.8","{""2015"": 1, ""2016"": 1, ""2017"": 2, ""2018"": 8, ""2019"": 1, ""2020"": 5, ""2021"": 5, ""2022"": 13, ""2023"": 1, ""2024"": 12, ""2025"": 17}","{""2015"": ""minor"", ""2016"": ""minor"", ""2017"": ""minor"", ""2018"": ""moderate"", ""2019"": ""minor"", ""2020"": ""moderate"", ""2021"": ""moderate"", ""2022"": ""season_ending"", ""2023"": ""minor"", ""2024"": ""season_ending"", ""2025"": ""season_ending""}","","2.5","","","","62.5"
"Jaray Jenkins","WR","","216.0","468.0","24.0","Active","30.0","","","","","","","","","","","","","","","","","","","","","","","","","1.0","1.0","1.0","{}","{}","","2.5","","","","22.5"
"Jaxon Janke","WR","","216.0","472.0","25.0","Active","30.0","","","","","","","","","","","","","","","","","","","","","","","","","1.0","1.0","1.0","{}","{}","","2.5","","","","22.5"
"Jaydn Ott","RB","KC","216.0","473.0","23.0","Active","30.0","","","","","","","","","","","","","","","","","12.0","17.0","21.0","outdoor","3.0","5.0","18.0","6.0","1.0","1.0","1.0","{}","{}","","2.5","","2.3","3.7","22.4"
"Jerjuan Newton","WR","","216.0","477.0","24.0","Active","30.0","","","","","","","","","","","","","","","","","","","","","","","","","1.0","1.0","1.0","{}","{}","","2.5","","","","22.5"
"Jermaine Burton","WR","","216.0","478.0","24.0","Active","30.0","00-0039810","4.0","","","","","","","","","","","","","","","","","","","","","","","5.0","5.0","1.0","{""2024"": 9, ""2025"": 17}","{""2024"": ""moderate"", ""2025"": ""season_ending""}","","2.5","","","","62.5"
"Jermar Jefferson","RB","","216.0","479.0","26.0","Active","30.0","00-0036670","26.0","0.0","","","","","","","","","","","","","0.03515625","","","","","","","","","5.0","5.0","4.8","{""2021"": 13, ""2022"": 17, ""2023"": 17, ""2024"": 15, ""2025"": 17}","{""2021"": ""season_ending"", ""2022"": ""season_ending"", ""2023"": ""season_ending"", ""2024"": ""season_ending"", ""2025"": ""season_ending""}","","2.5","","","","71.5"
"Jimmy Garoppolo","QB","","216.0","481.0","34.0","Active","30.0","00-0031345","198.0","0.0158590308370044","0.5","0.0","0.0479774223894637","3.0","","0.0","0.0","0.0","","","0.4391891891891892","0.5540540540540541","0.0945945945945946","","","","","","","","","5.0","5.0","4.8","{""2014"": 12, ""2015"": 13, ""2016"": 11, ""2017"": 11, ""2018"": 14, ""2019"": 1, ""2020"": 11, ""2021"": 2, ""2022"": 6, ""2023"": 10, ""2024"": 16, ""2025"": 14}","{""2014"": ""season_ending"", ""2015"": ""season_ending"", ""2016"": ""moderate"", ""2017"": ""moderate"", ""2018"": ""season_ending"", ""2019"": ""minor"", ""2020"": ""moderate"", ""2021"": ""minor"", ""2022"": ""moderate"", ""2023"": ""moderate"", ""2024"": ""season_ending"", ""2025"": ""season_ending""}","","2.7","","","","68.1"
"Jody Fortson","TE","","216.0","482.0","29.0","Active","30.0","00-0035547","15.0","","","","","","","","","","","","","","","","","","","","","","","5.0","5.0","4.8","{""2021"": 13, ""2022"": 7, ""2023"": 17, ""2024"": 14, ""2025"": 17}","{""2021"": ""season_ending"", ""2022"": ""moderate"", ""2023"": ""season_ending"", ""2024"": ""season_ending"", ""2025"": ""season_ending""}","","2.5","","","","66.7"
"Joe Mixon","RB","FA","216.0","485.0","29.0","Questionable","65.0","00-0033897","2135.0","","","","","","","","","","","","","","","","","","","","","","","5.0","5.0","4.8","{""2017"": 3, ""2018"": 3, ""2019"": 1, ""2020"": 11, ""2021"": 1, ""2022"": 3, ""2023"": 0, ""2024"": 3, ""2025"": 17}","{""2017"": ""moderate"", ""2018"": ""moderate"", ""2019"": ""minor"", ""2020"": ""moderate"", ""2021"": ""minor"", ""2022"": ""moderate"", ""2023"": ""minor"", ""2024"": ""moderate"", ""2025"": ""season_ending""}","","2.5","","","","71.5"
"Joel Wilson","TE","TEN","216.0","487.0","26.0","Active","30.0","","","","","","","","","","","","","","","","","30.0","28.0","32.0","outdoor","1.0","9.0","23.0","0.0","1.0","1.0","1.0","{}","{}","","2.5","","4.7","1.1","42.5"
"John Michael Gyllenborg","TE","KC","216.0","489.0","24.0","IR","85.0","","","","","","","","","","","","","","","","","12.0","17.0","21.0","outdoor","3.0","5.0","18.0","6.0","4.4","1.0","1.0","{}","{}","","2.5","","2.3","3.7","60.0"
"John Ross","WR","","216.0","490.0","29.0","Active","30.0","00-0033460","72.0","","","","","","","","","","","","","","","","","","","","","","","5.0","5.0","4.8","{""2017"": 14, ""2018"": 4, ""2019"": 9, ""2020"": 15, ""2021"": 8, ""2022"": 17, ""2023"": 17, ""2024"": 16, ""2025"": 17}","{""2017"": ""season_ending"", ""2018"": ""moderate"", ""2019"": ""moderate"", ""2020"": ""season_ending"", ""2021"": ""moderate"", ""2022"": ""season_ending"", ""2023"": ""season_ending"", ""2024"": ""season_ending"", ""2025"": ""season_ending""}","","2.5","","","","62.5"
"Johnny Wilson","WR","PHI","216.0","491.0","25.0","Active","30.0","00-0039236","5.0","","","","","","","","","","","","","","","17.0","24.0","16.0","outdoor","2.0","10.0","3.0","6.0","5.0","5.0","1.0","{""2024"": 7, ""2025"": 17}","{""2024"": ""moderate"", ""2025"": ""season_ending""}","","2.5","","2.8","3.6","60.0"
"Jonathan Ward","RB","","216.0","492.0","28.0","Active","30.0","00-0035924","28.0","","","","","","","","","","","","","","","","","","","","","","","5.0","5.0","4.8","{""2020"": 10, ""2021"": 8, ""2022"": 13, ""2023"": 15, ""2024"": 13, ""2025"": 17}","{""2020"": ""moderate"", ""2021"": ""moderate"", ""2022"": ""season_ending"", ""2023"": ""season_ending"", ""2024"": ""season_ending"", ""2025"": ""season_ending""}","","2.5","","","","71.5"
"Jonnu Smith","TE","FA","216.0","493.0","30.0","Active","30.0","00-0033858","373.0","0.5198836081474297","2.5","0.103448275862069","0.103448275862069","17.0","","0.1025641025641025","0.025","0.8552374724288477","","","0.6481481481481481","0.6481481481481481","0.7631578947368421","","","","","","","","","1.8","1.0","1.8","{""2017"": 3, ""2018"": 5, ""2019"": 2, ""2020"": 3, ""2021"": 1, ""2022"": 5, ""2023"": 0, ""2024"": 0, ""2025"": 0}","{""2017"": ""moderate"", ""2018"": ""moderate"", ""2019"": ""minor"", ""2020"": ""moderate"", ""2021"": ""minor"", ""2022"": ""moderate"", ""2023"": ""minor"", ""2024"": ""minor"", ""2025"": ""minor""}","","3.1","","","","37.3"
"Jordan Akins","TE","","216.0","494.0","33.0","Active","30.0","00-0034364","208.0","","","","","","","","","","","","","","","","","","","","","","","5.0","5.0","4.8","{""2018"": 3, ""2019"": 1, ""2020"": 4, ""2021"": 5, ""2022"": 2, ""2023"": 4, ""2024"": 1, ""2025"": 17}","{""2018"": ""moderate"", ""2019"": ""minor"", ""2020"": ""moderate"", ""2021"": ""moderate"", ""2022"": ""minor"", ""2023"": ""moderate"", ""2024"": ""minor"", ""2025"": ""season_ending""}","","2.5","","","","66.7"
"Jordan Mims","RB","MIN","216.0","495.0","27.0","Active","30.0","00-0038678","32.0","0.0","0.5","0.0","0.0","1.0","","","","","","","0.0573770491803278","0.0286885245901639","0.03515625","28.0","31.0","27.0","dome","3.0","6.0","1.0","4.0","5.0","5.0","4.8","{""2023"": 15, ""2024"": 9, ""2025"": 16}","{""2023"": ""season_ending"", ""2024"": ""moderate"", ""2025"": ""season_ending""}","","2.8","","4.4","4.1","77.2"
"Jordan Moore","WR","CIN","216.0","496.0","24.0","Active","30.0","","","","","","","","","","","","","","","","","18.0","15.0","10.0","outdoor","2.0","6.0","32.0","3.0","1.0","1.0","1.0","{}","{}","","2.5","","2.5","2.1","28.3"
"Jordan Watkins","WR","SF","216.0","497.0","24.0","Active","30.0","00-0040172","2.0","0.0223015165031222","0.5","0.0463636363636359","0.0463636363636359","2.0","corrected","0.0","0.0","0.0","","","0.2162162162162162","0.2162162162162162","0.0677083333333333","6.0","6.0","8.0","outdoor","2.0","8.0","15.0","5.0","3.2","3.2","1.0","{""2025"": 15}","{""2025"": ""season_ending""}","","3.0","","1.0","2.9","32.4"
"Josh Pederson","TE","","216.0","502.0","26.0","Inactive","30.0","","","","","","","","","","","","","","","","","","","","","","","","","1.0","1.0","1.0","{}","{}","","2.5","","","","20.0"
"Josh Reynolds","WR","","216.0","503.0","31.0","Questionable","65.0","00-0033943","252.0","0.2604961832061068","0.5","0.1512711864406779","0.1512711864406779","5.0","corrected","0.0327868852459016","0.0","0.0","","","0.6594594594594595","0.6594594594594595","0.390625","","","","","","","","","5.0","5.0","4.8","{""2017"": 7, ""2018"": 5, ""2019"": 1, ""2020"": 1, ""2021"": 6, ""2022"": 5, ""2023"": 1, ""2024"": 9, ""2025"": 12}","{""2017"": ""moderate"", ""2018"": ""moderate"", ""2019"": ""minor"", ""2020"": ""minor"", ""2021"": ""moderate"", ""2022"": ""moderate"", ""2023"": ""minor"", ""2024"": ""moderate"", ""2025"": ""season_ending""}","","2.0","","","","60.0"
"Josh Whyle","TE","GB","216.0","504.0","26.0","Active","30.0","00-0038589","42.0","0.1674595623215984","0.5","0.0369565217391305","0.0369565217391305","6.0","corrected","0.0144927536231884","0.0","2.6797440802770565","","","0.2129629629629629","0.2129629629629629","0.2543859649122807","5.0","21.0","12.0","outdoor","2.0","11.0","9.0","6.0","4.6","4.6","4.5","{""2023"": 8, ""2024"": 2, ""2025"": 11}","{""2023"": ""moderate"", ""2024"": ""minor"", ""2025"": ""moderate""}","","4.6","","1.5","3.2","63.8"
"Julius Chestnut","RB","TEN","216.0","507.0","25.0","Active","30.0","00-0037594","47.0","0.0378787878787878","0.5","0.004009433962264","0.0145701476793248","16.0","","0.0","0.0888888888888888","0.0","","","0.1229508196721311","0.1147540983606557","0.21875","30.0","28.0","32.0","outdoor","1.0","9.0","23.0","0.0","5.0","5.0","4.6","{""2022"": 11, ""2023"": 16, ""2024"": 5, ""2025"": 1}","{""2022"": ""moderate"", ""2023"": ""season_ending"", ""2024"": ""moderate"", ""2025"": ""minor""}","","3.3","","4.7","1.1","80.0"
"K.J. Osborn","WR","TEN","216.0","510.0","29.0","Active","30.0","00-0036345","169.0","","","","","","","","","","","","","","","30.0","28.0","32.0","outdoor","1.0","9.0","23.0","0.0","5.0","5.0","4.8","{""2020"": 9, ""2021"": 0, ""2022"": 0, ""2023"": 2, ""2024"": 10, ""2025"": 17}","{""2020"": ""moderate"", ""2021"": ""minor"", ""2022"": ""minor"", ""2023"": ""minor"", ""2024"": ""moderate"", ""2025"": ""season_ending""}","","2.5","","4.7","1.1","71.3"
"Kalel Mullings","RB","TEN","216.0","513.0","23.0","Active","30.0","00-0040205","3.0","0.0113636363636363","0.5","0.0","0.0134493670886075","4.0","","0.0","0.0","0.0","","","0.0573770491803278","0.1065573770491803","0.15625","30.0","28.0","32.0","outdoor","1.0","9.0","23.0","0.0","3.2","3.2","1.0","{""2025"": 13}","{""2025"": ""season_ending""}","","3.5","","4.7","1.1","63.4"
"Kalen Ballage","RB","","216.0","514.0","26.0","Active","30.0","00-0034799","267.0","","","","","","","","","","","","","","","","","","","","","","","5.0","5.0","4.8","{""2018"": 5, ""2019"": 5, ""2020"": 6, ""2021"": 9, ""2022"": 17, ""2023"": 17, ""2024"": 17, ""2025"": 17}","{""2018"": ""moderate"", ""2019"": ""moderate"", ""2020"": ""moderate"", ""2021"": ""moderate"", ""2022"": ""season_ending"", ""2023"": ""season_ending"", ""2024"": ""season_ending"", ""2025"": ""season_ending""}","","2.5","","","","71.5"
"Kareem Hunt","RB","FA","216.0","515.0","30.0","Active","30.0","00-0033923","1660.0","0.4752920035938904","2.5","0.0455373406193078","0.1854043392504931","17.0","","0.0617283950617283","0.4318181818181818","1.9270259591641927","","","0.5","0.639344262295082","0.8203125","","","","","","","","","3.2","1.7","3.2","{""2017"": 1, ""2018"": 6, ""2019"": 9, ""2020"": 1, ""2021"": 9, ""2022"": 0, ""2023"": 2, ""2024"": 4, ""2025"": 0}","{""2017"": ""minor"", ""2018"": ""moderate"", ""2019"": ""moderate"", ""2020"": ""minor"", ""2021"": ""moderate"", ""2022"": ""minor"", ""2023"": ""minor"", ""2024"": ""moderate"", ""2025"": ""minor""}","","3.7","","","","60.7"
"Kazmeir Allen","WR","","216.0","516.0","25.0","Active","30.0","","","","","","","","","","","","","","","","","","","","","","","","","1.0","1.0","1.0","{}","{}","","2.5","","","","22.5"
"Keelan Doss","WR","","216.0","518.0","28.0","Active","30.0","00-0035120","17.0","","","","","","","","","","","","","","","","","","","","","","","5.0","5.0","4.8","{""2019"": 11, ""2020"": 17, ""2021"": 17, ""2022"": 17, ""2023"": 15, ""2024"": 17, ""2025"": 17}","{""2019"": ""moderate"", ""2020"": ""season_ending"", ""2021"": ""season_ending"", ""2022"": ""season_ending"", ""2023"": ""season_ending"", ""2024"": ""season_ending"", ""2025"": ""season_ending""}","","2.5","","","","62.5"
"Keleki Latu","TE","BUF","216.0","519.0","23.0","Active","30.0","00-0040363","4.0","0.0750883392226148","1.5","0.0473208072372994","0.0473208072372994","3.0","corrected","0.0","0.0","0.0","","","0.2777777777777778","0.2777777777777778","0.1578947368421052","3.0","8.0","2.0","outdoor","4.0","7.0","12.0","5.0","3.2","3.2","1.0","{""2025"": 14}","{""2025"": ""season_ending""}","","3.5","","1.0","4.0","40.8"
"Kendall Milton","RB","CIN","216.0","520.0","24.0","Active","30.0","00-0039266","2.0","0.0036003600360036","0.5","0.0","0.0333006856023506","1.0","","0.0","0.0","0.0","","","0.0573770491803278","0.1967213114754098","0.109375","18.0","15.0","10.0","outdoor","2.0","6.0","32.0","3.0","3.2","3.2","1.0","{""2025"": 16}","{""2025"": ""season_ending""}","","2.8","","2.5","2.1","46.8"
"Kenny McIntosh","RB","","216.0","522.0","26.0","Active","30.0","00-0038636","34.0","","","","","","","","","","","","","","","","","","","","","","","5.0","5.0","4.8","{""2023"": 17, ""2024"": 6, ""2025"": 17}","{""2023"": ""season_ending"", ""2024"": ""moderate"", ""2025"": ""season_ending""}","","2.5","","","","71.5"
"Kevin Austin","WR","NO","216.0","524.0","26.0","Active","30.0","00-0037231","25.0","0.2153024911032028","0.5","0.1384070796460176","0.1384070796460176","5.0","corrected","0.0384615384615384","0.0","1.0662294358761035","","","0.6108108108108108","0.6108108108108108","0.3541666666666667","27.0","12.0","28.0","dome","2.0","8.0","29.0","1.0","5.0","5.0","1.0","{""2024"": 9, ""2025"": 12}","{""2024"": ""moderate"", ""2025"": ""season_ending""}","","2.2","","3.8","1.0","60.2"
"Khalil Herbert","RB","SF","216.0","526.0","28.0","Active","30.0","00-0036906","470.0","0.0477099236641221","0.5","0.0288135593220337","0.071578947368421","5.0","corrected","0.0163934426229508","0.0476190476190476","0.0","","","0.3442622950819672","0.2950819672131147","0.2578125","6.0","6.0","8.0","outdoor","2.0","8.0","15.0","5.0","5.0","5.0","4.8","{""2021"": 1, ""2022"": 4, ""2023"": 5, ""2024"": 6, ""2025"": 12}","{""2021"": ""minor"", ""2022"": ""moderate"", ""2023"": ""moderate"", ""2024"": ""moderate"", ""2025"": ""season_ending""}","","2.9","","1.0","2.9","60.0"
"Kirk Merritt","WR","","216.0","527.0","26.0","Active","30.0","00-0035844","1.0","","","","","","","","","","","","","","","","","","","","","","","5.0","5.0","4.8","{""2021"": 16, ""2022"": 17, ""2023"": 17, ""2024"": 17, ""2025"": 17}","{""2021"": ""season_ending"", ""2022"": ""season_ending"", ""2023"": ""season_ending"", ""2024"": ""season_ending"", ""2025"": ""season_ending""}","","2.5","","","","62.5"
"Kwamie Lassiter","WR","","216.0","529.0","26.0","Active","30.0","","","","","","","","","","","","","","","","","","","","","","","","","1.0","1.0","1.0","{}","{}","","2.5","","","","22.5"
"Kylen Granson","TE","TEN","216.0","532.0","28.0","Active","30.0","00-0036876","95.0","0.2314990512333966","0.5","0.027478448275862","0.027478448275862","12.0","","0.0163934426229508","0.0","0.0","","","0.1481481481481481","0.1481481481481481","0.3596491228070175","30.0","28.0","32.0","outdoor","1.0","9.0","23.0","0.0","3.1","2.9","3.1","{""2021"": 7, ""2022"": 4, ""2023"": 2, ""2024"": 1, ""2025"": 5}","{""2021"": ""moderate"", ""2022"": ""moderate"", ""2023"": ""minor"", ""2024"": ""minor"", ""2025"": ""moderate""}","","3.1","","4.7","1.1","63.3"
"Lan Larison","RB","NE","216.0","534.0","24.0","Active","30.0","","","","","","","","","","","","","","","","","1.0","18.0","4.0","outdoor","2.0","11.0","19.0","4.0","1.0","1.0","1.0","{}","{}","","2.5","","1.0","2.6","14.4"
"Le'Veon Moss","RB","","216.0","536.0","","","50.0","","","","","","","","","","","","","","","","","","","","","","","","","3.0","1.0","1.0","{}","{}","","2.5","","","","44.3"
"Leonard Taylor","TE","","216.0","537.0","24.0","Inactive","30.0","00-0039289","0.0","0.0","","","","","","","","","","","","","0.0131578947368421","","","","","","","","","5.0","5.0","1.0","{""2024"": 5, ""2025"": 12}","{""2024"": ""moderate"", ""2025"": ""season_ending""}","","2.5","","","","66.7"
"Lewis Bond","WR","HOU","216.0","538.0","23.0","Active","30.0","","","","","","","","","","","","","","","","","22.0","5.0","26.0","outdoor","5.0","8.0","14.0","4.0","1.0","1.0","1.0","{}","{}","","2.5","","3.0","4.4","35.2"
"Lil'Jordan Humphrey","WR","DEN","216.0","539.0","28.0","Active","30.0","00-0035406","75.0","0.1482456140350877","1.5","0.1207043453564327","0.1207043453564327","7.0","corrected","0.0224719101123595","0.0","1.0662294358761035","","","0.5567567567567567","0.5567567567567567","0.2447916666666666","10.0","3.0","14.0","outdoor","3.0","10.0","21.0","5.0","5.0","5.0","4.8","{""2019"": 16, ""2020"": 15, ""2021"": 9, ""2022"": 13, ""2023"": 6, ""2024"": 3, ""2025"": 10}","{""2019"": ""season_ending"", ""2020"": ""season_ending"", ""2021"": ""moderate"", ""2022"": ""season_ending"", ""2023"": ""moderate"", ""2024"": ""moderate"", ""2025"": ""moderate""}","","3.3","","1.5","3.0","60.0"
"Logan Woodside","QB","","216.0","540.0","30.0","Active","30.0","00-0034438","14.0","","","","","","","","","","","","","","","","","","","","","","","5.0","5.0","4.8","{""2018"": 17, ""2019"": 17, ""2020"": 12, ""2021"": 13, ""2022"": 17, ""2023"": 16, ""2024"": 17, ""2025"": 17}","{""2018"": ""season_ending"", ""2019"": ""season_ending"", ""2020"": ""season_ending"", ""2021"": ""season_ending"", ""2022"": ""season_ending"", ""2023"": ""season_ending"", ""2024"": ""season_ending"", ""2025"": ""season_ending""}","","2.5","","","","65.3"
"Luke Stocker","TE","","216.0","545.0","33.0","Active","30.0","00-0028042","86.0","","","","","","","","","","","","","","","","","","","","","","","5.0","5.0","4.8","{""2011"": 8, ""2012"": 4, ""2013"": 17, ""2014"": 10, ""2015"": 9, ""2016"": 11, ""2017"": 12, ""2018"": 5, ""2019"": 5, ""2020"": 6, ""2021"": 11, ""2022"": 17, ""2023"": 17, ""2024"": 17, ""2025"": 17}","{""2011"": ""moderate"", ""2012"": ""moderate"", ""2013"": ""season_ending"", ""2014"": ""moderate"", ""2015"": ""moderate"", ""2016"": ""moderate"", ""2017"": ""season_ending"", ""2018"": ""moderate"", ""2019"": ""moderate"", ""2020"": ""moderate"", ""2021"": ""moderate"", ""2022"": ""season_ending"", ""2023"": ""season_ending"", ""2024"": ""season_ending"", ""2025"": ""season_ending""}","","2.5","","","","66.7"
"Malik Cunningham","WR","DET","216.0","548.0","27.0","Active","30.0","00-0038911","1.0","0.0009099181073703","0.5","0.0","0.0","1.0","","0.0","0.0","0.0","","","0.0162162162162162","0.0162162162162162","0.0260416666666666","9.0","13.0","3.0","dome","2.0","6.0","24.0","5.0","5.0","5.0","4.8","{""2023"": 16, ""2024"": 17, ""2025"": 16}","{""2023"": ""season_ending"", ""2024"": ""season_ending"", ""2025"": ""season_ending""}","","2.8","","1.3","2.4","60.0"
"Malik Heath","WR","ATL","216.0","549.0","25.0","Active","30.0","00-0038465","31.0","0.2017126546146527","0.5","0.0369565217391303","0.0369565217391303","7.0","corrected","0.0","0.0","0.0","","","0.1675675675675675","0.1675675675675675","0.3333333333333333","23.0","14.0","23.0","outdoor","2.0","11.0","26.0","3.0","5.0","5.0","4.8","{""2023"": 5, ""2024"": 12, ""2025"": 10}","{""2023"": ""moderate"", ""2024"": ""season_ending"", ""2025"": ""moderate""}","","3.1","","3.3","2.0","64.4"
"Malik Taylor","WR","","216.0","550.0","29.0","Active","30.0","00-0035480","10.0","","","","","","","","","","","","","","","","","","","","","","","5.0","5.0","4.8","{""2020"": 7, ""2021"": 10, ""2022"": 17, ""2023"": 15, ""2024"": 17, ""2025"": 17}","{""2020"": ""moderate"", ""2021"": ""moderate"", ""2022"": ""season_ending"", ""2023"": ""season_ending"", ""2024"": ""season_ending"", ""2025"": ""season_ending""}","","2.5","","","","62.5"
"Marcedes Lewis","TE","","216.0","551.0","41.0","Active","30.0","00-0024243","437.0","0.0710526315789473","0.5","0.0","0.0","1.0","","","","","","","0.0277777777777777","0.0277777777777777","0.1403508771929824","","","","","","","","","5.0","5.0","4.8","{""2006"": 7, ""2007"": 2, ""2008"": 2, ""2009"": 2, ""2010"": 1, ""2011"": 2, ""2012"": 2, ""2013"": 7, ""2014"": 9, ""2015"": 2, ""2016"": 7, ""2017"": 1, ""2018"": 12, ""2019"": 5, ""2020"": 6, ""2021"": 4, ""2022"": 11, ""2023"": 11, ""2024"": 12, ""2025"": 16}","{""2006"": ""moderate"", ""2007"": ""minor"", ""2008"": ""minor"", ""2009"": ""minor"", ""2010"": ""minor"", ""2011"": ""minor"", ""2012"": ""minor"", ""2013"": ""moderate"", ""2014"": ""moderate"", ""2015"": ""minor"", ""2016"": ""moderate"", ""2017"": ""minor"", ""2018"": ""season_ending"", ""2019"": ""moderate"", ""2020"": ""moderate"", ""2021"": ""moderate"", ""2022"": ""moderate"", ""2023"": ""moderate"", ""2024"": ""season_ending"", ""2025"": ""season_ending""}","","2.8","","","","70.7"
"Mark Redman","TE","LAR","216.0","553.0","24.0","Active","30.0","","","","","","","","","","","","","","","","","2.0","4.0","1.0","dome","1.0","11.0","5.0","6.0","1.0","1.0","1.0","{}","{}","","2.5","","1.0","2.8","14.6"
"Marlon Mack","RB","","216.0","555.0","28.0","Active","30.0","00-0033951","648.0","","","","","","","","","","","","","","","","","","","","","","","5.0","5.0","4.8","{""2017"": 3, ""2018"": 5, ""2019"": 3, ""2020"": 16, ""2021"": 12, ""2022"": 10, ""2023"": 17, ""2024"": 17, ""2025"": 17}","{""2017"": ""moderate"", ""2018"": ""moderate"", ""2019"": ""moderate"", ""2020"": ""season_ending"", ""2021"": ""season_ending"", ""2022"": ""moderate"", ""2023"": ""season_ending"", ""2024"": ""season_ending"", ""2025"": ""season_ending""}","","2.5","","","","71.5"
"Marquez Valdes-Scantling","WR","DAL","216.0","556.0","31.0","Active","30.0","00-0034272","229.0","0.1920465567410281","0.5","0.0995959595959595","0.0995959595959595","9.0","corrected","0.0641025641025641","0.0","0.9900701904563816","","","0.4594594594594595","0.4594594594594595","0.3229166666666667","4.0","1.0","7.0","outdoor","1.0","14.0","6.0","7.0","3.2","3.2","2.9","{""2018"": 1, ""2019"": 2, ""2020"": 3, ""2021"": 6, ""2022"": 0, ""2023"": 1, ""2024"": 4, ""2025"": 8}","{""2018"": ""minor"", ""2019"": ""minor"", ""2020"": ""moderate"", ""2021"": ""moderate"", ""2022"": ""minor"", ""2023"": ""minor"", ""2024"": ""moderate"", ""2025"": ""moderate""}","","2.5","","1.0","2.9","28.0"
"Matt Breida","RB","","216.0","559.0","29.0","Active","30.0","00-0033308","695.0","","","","","","","","","","","","","","","","","","","","","","","5.0","5.0","4.8","{""2017"": 1, ""2018"": 3, ""2019"": 5, ""2020"": 7, ""2021"": 10, ""2022"": 0, ""2023"": 2, ""2024"": 17, ""2025"": 17}","{""2017"": ""minor"", ""2018"": ""moderate"", ""2019"": ""moderate"", ""2020"": ""moderate"", ""2021"": ""moderate"", ""2022"": ""minor"", ""2023"": ""minor"", ""2024"": ""season_ending"", ""2025"": ""season_ending""}","","2.5","","","","71.5"
"Maurice Alexander","WR","CHI","216.0","560.0","29.0","Active","30.0","00-0031393","0.0","0.0008665511265164","","","","","","","","","","","","","0.0208333333333333","8.0","2.0","9.0","outdoor","1.0","10.0","11.0","5.0","5.0","5.0","4.8","{""2014"": 13, ""2015"": 5, ""2016"": 3, ""2017"": 13, ""2018"": 12, ""2019"": 13, ""2020"": 17, ""2021"": 17, ""2022"": 17, ""2023"": 17, ""2024"": 17, ""2025"": 17}","{""2014"": ""season_ending"", ""2015"": ""moderate"", ""2016"": ""moderate"", ""2017"": ""season_ending"", ""2018"": ""season_ending"", ""2019"": ""season_ending"", ""2020"": ""season_ending"", ""2021"": ""season_ending"", ""2022"": ""season_ending"", ""2023"": ""season_ending"", ""2024"": ""season_ending"", ""2025"": ""season_ending""}","","2.5","","1.1","2.6","60.0"
"Max Duggan","QB","","216.0","561.0","23.0","Active","30.0","","","","","","","","","","","","","","","","","","","","","","","","","1.0","1.0","1.0","{}","{}","","2.5","","","","20.8"
"Michael Carter","RB","TEN","216.0","563.0","27.0","Active","30.0","00-0036501","0.0","0.0","1.5","0.0953746415658895","0.1765062523683213","13.0","corrected","0.0666666666666666","0.1538461538461538","0.3100370654299724","","","0.8032786885245902","0.6147540983606558","0.03515625","30.0","28.0","32.0","outdoor","1.0","9.0","23.0","0.0","3.5","3.5","2.8","{""2021"": 2, ""2022"": 0, ""2023"": 2, ""2024"": 6, ""2025"": 10}","{""2021"": ""minor"", ""2022"": ""minor"", ""2023"": ""minor"", ""2024"": ""moderate"", ""2025"": ""moderate""}","","3.2","","4.7","1.1","63.9"
"Michael Pratt","QB","","216.0","564.0","23.0","Active","30.0","","","","","","","","","","","","","","","","","","","","","","","","","1.0","1.0","1.0","{}","{}","","2.5","","","","20.8"
"Michael Strachan","WR","","216.0","565.0","28.0","Active","30.0","","","","","","","","","","","","","","","","","","","","","","","","","1.0","1.0","1.0","{}","{}","","2.5","","","","22.5"
"Michael Trigg","TE","DAL","216.0","566.0","24.0","Active","30.0","","","","","","","","","","","","","","","","","4.0","1.0","7.0","outdoor","1.0","14.0","6.0","7.0","1.0","1.0","1.0","{}","{}","","2.5","","1.0","2.9","14.7"
"Miles Kitselman","TE","DET","216.0","567.0","23.0","IR","85.0","","","","","","","","","","","","","","","","","9.0","13.0","3.0","dome","2.0","6.0","24.0","5.0","4.4","1.0","1.0","{}","{}","","2.5","","1.3","2.4","60.0"
"Miles Sanders","RB","","216.0","568.0","28.0","Active","30.0","00-0035243","1126.0","0.0548060708263069","0.5","0.0560131795716638","0.1092745638200183","4.0","corrected","0.0096153846153846","0.0666666666666666","1.3840940420980914","","","0.5819672131147541","0.4713114754098361","0.28125","","","","","","","","","5.0","5.0","4.8","{""2019"": 1, ""2020"": 5, ""2021"": 5, ""2022"": 0, ""2023"": 1, ""2024"": 6, ""2025"": 13}","{""2019"": ""minor"", ""2020"": ""moderate"", ""2021"": ""moderate"", ""2022"": ""minor"", ""2023"": ""minor"", ""2024"": ""moderate"", ""2025"": ""season_ending""}","","3.1","","","","78.3"
"Miller Forristall","TE","","216.0","569.0","26.0","Active","30.0","00-0036692","0.0","","","","","","","","","","","","","","","","","","","","","","","5.0","5.0","4.8","{""2021"": 16, ""2022"": 16, ""2023"": 17, ""2024"": 17, ""2025"": 17}","{""2021"": ""season_ending"", ""2022"": ""season_ending"", ""2023"": ""season_ending"", ""2024"": ""season_ending"", ""2025"": ""season_ending""}","","2.5","","","","66.7"
"Moliki Matavao","TE","NO","216.0","573.0","23.0","Active","30.0","00-0040244","2.0","0.0738434163701067","0.5","0.0601769911504415","0.0601769911504415","1.0","corrected","0.0","0.0","0.0","","","0.4351851851851852","0.4351851851851852","0.1491228070175438","27.0","12.0","28.0","dome","2.0","8.0","29.0","1.0","3.2","3.2","1.0","{""2025"": 16}","{""2025"": ""season_ending""}","","2.6","","3.8","1.0","52.5"
"Montrell Johnson","RB","","216.0","574.0","23.0","Questionable","65.0","","","","","","","","","","","","","","","","","","","","","","","","","1.0","1.0","1.0","{}","{}","","2.5","","","","17.1"
"MyCole Pruitt","TE","","216.0","575.0","32.0","Active","30.0","00-0031585","77.0","","","","","","","","","","","","","","","","","","","","","","","5.0","5.0","4.8","{""2015"": 6, ""2016"": 15, ""2017"": 17, ""2018"": 10, ""2019"": 8, ""2020"": 12, ""2021"": 7, ""2022"": 7, ""2023"": 7, ""2024"": 10, ""2025"": 17}","{""2015"": ""moderate"", ""2016"": ""season_ending"", ""2017"": ""season_ending"", ""2018"": ""moderate"", ""2019"": ""moderate"", ""2020"": ""season_ending"", ""2021"": ""moderate"", ""2022"": ""moderate"", ""2023"": ""moderate"", ""2024"": ""moderate"", ""2025"": ""season_ending""}","","2.5","","","","66.7"
"Nathan Carter","RB","ATL","216.0","578.0","24.0","Active","30.0","","","0.010948905109489","","","","","","","","","","","","","0.1484375","23.0","14.0","23.0","outdoor","2.0","11.0","26.0","3.0","1.0","1.0","1.0","{}","{}","","2.5","","3.3","2.0","26.0"
"Neal Johnson","TE","","216.0","579.0","24.0","Active","30.0","","","","","","","","","","","","","","","","","","","","","","","","","1.0","1.0","1.0","{}","{}","","2.5","","","","20.0"
"Nick Boyle","TE","","216.0","580.0","29.0","Active","30.0","00-0031598","121.0","","","","","","","","","","","","","","","","","","","","","","","5.0","5.0","4.8","{""2015"": 8, ""2016"": 13, ""2017"": 2, ""2018"": 5, ""2019"": 2, ""2020"": 8, ""2021"": 15, ""2022"": 14, ""2023"": 17, ""2024"": 17, ""2025"": 17}","{""2015"": ""moderate"", ""2016"": ""season_ending"", ""2017"": ""minor"", ""2018"": ""moderate"", ""2019"": ""minor"", ""2020"": ""moderate"", ""2021"": ""season_ending"", ""2022"": ""season_ending"", ""2023"": ""season_ending"", ""2024"": ""season_ending"", ""2025"": ""season_ending""}","","2.5","","","","66.7"
"Nick Chubb","RB","FA","216.0","581.0","30.0","Active","30.0","00-0034791","1603.0","0.2810344827586207","1.5","0.0409885473176612","0.1522548092084515","15.0","","0.0253164556962025","0.1666666666666666","0.8612140706388124","","","0.4836065573770491","0.5655737704918032","0.6171875","","","","","","","","","5.0","5.0","4.8","{""2018"": 1, ""2019"": 1, ""2020"": 5, ""2021"": 3, ""2022"": 0, ""2023"": 15, ""2024"": 9, ""2025"": 2}","{""2018"": ""minor"", ""2019"": ""minor"", ""2020"": ""moderate"", ""2021"": ""moderate"", ""2022"": ""minor"", ""2023"": ""season_ending"", ""2024"": ""moderate"", ""2025"": ""minor""}","","2.7","","","","73.8"
"Nick Nash","WR","WAS","216.0","583.0","26.0","Active","30.0","","","","","","","","","","","","","","","","","19.0","26.0","19.0","outdoor","1.0","7.0","8.0","4.0","1.0","1.0","1.0","{}","{}","","2.5","","3.2","2.8","35.5"
"Noah Brown","WR","","216.0","586.0","30.0","Questionable","65.0","00-0033591","157.0","0.0967741935483871","0.5","0.0983796296296298","0.0983796296296298","4.0","corrected","0.0392156862745098","0.0","0.0","","","0.4486486486486487","0.4486486486486487","0.1979166666666666","","","","","","","","","5.0","5.0","4.8","{""2017"": 10, ""2018"": 10, ""2019"": 17, ""2020"": 7, ""2021"": 8, ""2022"": 1, ""2023"": 7, ""2024"": 6, ""2025"": 13}","{""2017"": ""moderate"", ""2018"": ""moderate"", ""2019"": ""season_ending"", ""2020"": ""moderate"", ""2021"": ""moderate"", ""2022"": ""minor"", ""2023"": ""moderate"", ""2024"": ""moderate"", ""2025"": ""season_ending""}","","2.7","","","","65.5"
"Noah Togiai","TE","","216.0","589.0","26.0","Active","30.0","00-0036005","0.0","","","","","","","","","","","","","","","","","","","","","","","5.0","5.0","4.8","{""2020"": 16, ""2021"": 16, ""2022"": 16, ""2023"": 17, ""2024"": 17, ""2025"": 17}","{""2020"": ""season_ending"", ""2021"": ""season_ending"", ""2022"": ""season_ending"", ""2023"": ""season_ending"", ""2024"": ""season_ending"", ""2025"": ""season_ending""}","","2.5","","","","66.7"
"Noah Whittington","RB","HOU","216.0","590.0","24.0","Active","30.0","","","","","","","","","","","","","","","","","22.0","5.0","26.0","outdoor","5.0","8.0","14.0","4.0","1.0","1.0","1.0","{}","{}","","2.5","","3.0","4.4","26.8"
"Pierre Strong","RB","GB","216.0","594.0","27.0","Active","30.0","00-0038098","125.0","","","","","","","","","","","","","","","5.0","21.0","12.0","outdoor","2.0","11.0","9.0","6.0","5.0","5.0","4.8","{""2022"": 7, ""2023"": 1, ""2024"": 4, ""2025"": 17}","{""2022"": ""moderate"", ""2023"": ""minor"", ""2024"": ""moderate"", ""2025"": ""season_ending""}","","2.5","","1.5","3.2","60.0"
"Raheem Blackshear","RB","DET","216.0","596.0","28.0","Active","30.0","00-0037429","68.0","","","","","","","","","","","","","","","9.0","13.0","3.0","dome","2.0","6.0","24.0","5.0","5.0","5.0","4.8","{""2022"": 4, ""2023"": 8, ""2024"": 1, ""2025"": 17}","{""2022"": ""moderate"", ""2023"": ""moderate"", ""2024"": ""minor"", ""2025"": ""season_ending""}","","2.5","","1.3","2.4","60.0"
"Raheim Sanders","RB","CLE","216.0","597.0","24.0","Active","30.0","00-0040466","30.0","0.0544783010156971","0.5","0.0325670498084289","0.1345760980592441","4.0","corrected","0.0","0.1147540983606557","1.2918211059582183","","","0.4098360655737705","0.5327868852459017","0.2734375","31.0","22.0","29.0","outdoor","4.0","11.0","31.0","1.0","3.2","3.2","1.0","{""2025"": 13}","{""2025"": ""season_ending""}","","3.1","","4.5","2.3","60.2"
"Rakim Jarrett","WR","","216.0","598.0","24.0","Active","30.0","00-0038821","14.0","","","","","","","","","","","","","","","","","","","","","","","5.0","5.0","4.8","{""2023"": 10, ""2024"": 9, ""2025"": 17}","{""2023"": ""moderate"", ""2024"": ""moderate"", ""2025"": ""season_ending""}","","2.5","","","","62.5"
"Ricky White","WR","SEA","216.0","601.0","24.0","Active","30.0","00-0040653","","0.0122180451127819","","","","","","","","","","","","","0.0364583333333333","15.0","20.0","13.0","outdoor","1.0","11.0","2.0","4.0","3.2","3.2","1.0","{""2025"": 17}","{""2025"": ""season_ending""}","","2.5","","2.4","3.2","41.4"
"Robert Lewis","WR","","216.0","603.0","23.0","Active","30.0","","","","","","","","","","","","","","","","","","","","","","","","","1.0","1.0","1.0","{}","{}","","2.5","","","","22.5"
"Robert Tonyan","TE","PIT","216.0","604.0","32.0","Active","30.0","00-0033757","149.0","0.1194968553459119","0.5","0.0154826958105645","0.0154826958105645","2.0","","0.0","0.0","0.0","","","0.0694444444444444","0.0694444444444444","0.2105263157894736","14.0","25.0","17.0","outdoor","3.0","9.0","27.0","5.0","5.0","5.0","4.8","{""2018"": 10, ""2019"": 8, ""2020"": 2, ""2021"": 9, ""2022"": 0, ""2023"": 5, ""2024"": 17, ""2025"": 15}","{""2018"": ""moderate"", ""2019"": ""moderate"", ""2020"": ""minor"", ""2021"": ""moderate"", ""2022"": ""minor"", ""2023"": ""moderate"", ""2024"": ""season_ending"", ""2025"": ""season_ending""}","","3.0","","2.6","2.6","61.4"
"Roman Hemby","RB","LV","216.0","605.0","23.0","Active","30.0","","","","","","","","","","","","","","","","","32.0","32.0","31.0","dome","4.0","13.0","20.0","0.0","1.0","1.0","1.0","{}","{}","","2.5","","5.0","1.9","35.0"
"Ronald Jones","RB","","216.0","606.0","26.0","Active","30.0","00-0034816","582.0","","","","","","","","","","","","","","","","","","","","","","","5.0","5.0","4.8","{""2018"": 10, ""2019"": 1, ""2020"": 3, ""2021"": 2, ""2022"": 12, ""2023"": 17, ""2024"": 17, ""2025"": 17}","{""2018"": ""moderate"", ""2019"": ""minor"", ""2020"": ""moderate"", ""2021"": ""minor"", ""2022"": ""season_ending"", ""2023"": ""season_ending"", ""2024"": ""season_ending"", ""2025"": ""season_ending""}","","2.5","","","","71.5"
"Ronnie Bell","WR","NO","216.0","607.0","26.0","Active","30.0","00-0038647","10.0","0.0338078291814946","0.5","0.0601769911504423","0.0601769911504423","2.0","corrected","0.0384615384615384","0.0","6.930491333194673","","","0.2864864864864865","0.2864864864864865","0.0885416666666666","27.0","12.0","28.0","dome","2.0","8.0","29.0","1.0","5.0","5.0","4.8","{""2023"": 4, ""2024"": 13, ""2025"": 15}","{""2023"": ""moderate"", ""2024"": ""season_ending"", ""2025"": ""season_ending""}","","3.6","","3.8","1.0","72.5"
"Russell Wilson","QB","","216.0","609.0","37.0","Active","30.0","00-0029263","1047.0","0.1913043478260869","0.5","0.0","0.0491803278688524","6.0","","0.0","0.0714285714285714","0.671335264945828","","","0.4391891891891892","0.5945945945945946","0.4054054054054054","","","","","","","","","4.0","4.0","2.0","{""2012"": 1, ""2013"": 1, ""2014"": 1, ""2015"": 1, ""2016"": 1, ""2017"": 1, ""2018"": 1, ""2019"": 1, ""2020"": 1, ""2021"": 3, ""2022"": 2, ""2023"": 2, ""2024"": 6, ""2025"": 11}","{""2012"": ""minor"", ""2013"": ""minor"", ""2014"": ""minor"", ""2015"": ""minor"", ""2016"": ""minor"", ""2017"": ""minor"", ""2018"": ""minor"", ""2019"": ""minor"", ""2020"": ""minor"", ""2021"": ""moderate"", ""2022"": ""minor"", ""2023"": ""minor"", ""2024"": ""moderate"", ""2025"": ""moderate""}","","2.3","","","","60.0"
"Scotty Miller","WR","CHI","216.0","613.0","29.0","Active","30.0","","","","","","","","","","","","","","","","","8.0","2.0","9.0","outdoor","1.0","10.0","11.0","5.0","1.0","1.0","1.0","{}","{}","","2.5","","1.1","2.6","15.7"
"Scotty Washington","WR","","216.0","614.0","28.0","Active","30.0","","","","","","","","","","","","","","","","","","","","","","","","","1.0","1.0","1.0","{}","{}","","2.5","","","","22.5"
"Seth Henigan","QB","","216.0","615.0","23.0","Active","30.0","","","","","","","","","","","","","","","","","","","","","","","","","1.0","1.0","1.0","{}","{}","","2.5","","","","20.8"
"Sione Vaki","RB","DET","216.0","617.0","25.0","Questionable","65.0","00-0039364","10.0","0.0009099181073703","0.5","0.0","0.0020751953125","8.0","","0.0","0.0","0.0","","","0.0573770491803278","0.0573770491803278","0.0703125","9.0","13.0","3.0","dome","2.0","6.0","24.0","5.0","5.0","5.0","1.0","{""2024"": 8, ""2025"": 9}","{""2024"": ""moderate"", ""2025"": ""moderate""}","","3.7","","1.3","2.4","66.6"
"Sterling Shepard","WR","","216.0","620.0","33.0","Active","30.0","00-0032385","479.0","0.4365079365079365","0.5","0.1281103369827954","0.1281103369827954","13.0","corrected","0.1052631578947368","0.0","0.3223484341020778","","","0.5891891891891892","0.5891891891891892","0.6432291666666666","","","","","","","","","5.0","5.0","4.8","{""2016"": 1, ""2017"": 6, ""2018"": 1, ""2019"": 7, ""2020"": 5, ""2021"": 10, ""2022"": 14, ""2023"": 7, ""2024"": 4, ""2025"": 4}","{""2016"": ""minor"", ""2017"": ""moderate"", ""2018"": ""minor"", ""2019"": ""moderate"", ""2020"": ""moderate"", ""2021"": ""moderate"", ""2022"": ""season_ending"", ""2023"": ""moderate"", ""2024"": ""moderate"", ""2025"": ""moderate""}","","1.8","","","","60.0"
"Stone Smartt","TE","PHI","216.0","622.0","27.0","Active","30.0","00-0037475","38.0","0.0811068702290076","0.5","0.0540254237288135","0.0540254237288135","6.0","corrected","0.0","0.0","0.0","","","0.3796296296296296","0.3796296296296296","0.1666666666666666","17.0","24.0","16.0","outdoor","2.0","10.0","3.0","6.0","5.0","5.0","4.8","{""2022"": 14, ""2023"": 5, ""2024"": 8, ""2025"": 11}","{""2022"": ""season_ending"", ""2023"": ""moderate"", ""2024"": ""moderate"", ""2025"": ""moderate""}","","2.9","","2.8","3.6","63.1"
"Taylen Green","QB","CLE","216.0","628.0","23.0","Active","30.0","","","","","","","","","","","","","","","","","31.0","22.0","29.0","outdoor","4.0","11.0","31.0","1.0","1.0","1.0","1.0","{}","{}","","2.5","","4.5","2.3","52.6"
"Taylor Heinicke","QB","","216.0","629.0","32.0","Active","30.0","00-0031800","115.0","","","","","","","","","","","","","","","","","","","","","","","5.0","5.0","4.8","{""2017"": 16, ""2018"": 12, ""2019"": 17, ""2020"": 16, ""2021"": 1, ""2022"": 8, ""2023"": 12, ""2024"": 13, ""2025"": 17}","{""2017"": ""season_ending"", ""2018"": ""season_ending"", ""2019"": ""season_ending"", ""2020"": ""season_ending"", ""2021"": ""minor"", ""2022"": ""moderate"", ""2023"": ""season_ending"", ""2024"": ""season_ending"", ""2025"": ""season_ending""}","","2.5","","","","65.3"
"Terrace Marshall","WR","MIA","216.0","631.0","26.0","Active","30.0","00-0036955","67.0","","","","","","","","","","","","","","","20.0","30.0","22.0","outdoor","4.0","6.0","4.0","0.0","5.0","5.0","4.8","{""2021"": 5, ""2022"": 4, ""2023"": 9, ""2024"": 12, ""2025"": 17}","{""2021"": ""moderate"", ""2022"": ""moderate"", ""2023"": ""moderate"", ""2024"": ""season_ending"", ""2025"": ""season_ending""}","","2.5","","3.5","4.2","63.2"
"Theo Riddick","RB","","216.0","632.0","30.0","Injured Reserve","50.0","00-0030107","584.0","","","","","","","","","","","","","","","","","","","","","","","5.0","5.0","4.8","{""2013"": 5, ""2014"": 4, ""2015"": 1, ""2016"": 7, ""2017"": 1, ""2018"": 3, ""2019"": 17, ""2020"": 13, ""2021"": 17, ""2022"": 17, ""2023"": 17, ""2024"": 17, ""2025"": 17}","{""2013"": ""moderate"", ""2014"": ""moderate"", ""2015"": ""minor"", ""2016"": ""moderate"", ""2017"": ""minor"", ""2018"": ""moderate"", ""2019"": ""season_ending"", ""2020"": ""season_ending"", ""2021"": ""season_ending"", ""2022"": ""season_ending"", ""2023"": ""season_ending"", ""2024"": ""season_ending"", ""2025"": ""season_ending""}","","2.5","","","","71.5"
"Tim Jones","WR","JAX","216.0","634.0","28.0","Active","30.0","00-0036497","18.0","0.017391304347826","0.5","0.0155393053016449","0.0155393053016449","2.0","","0.0","0.0","0.0","","","0.1081081081081081","0.1081081081081081","0.0572916666666666","13.0","7.0","6.0","outdoor","3.0","7.0","17.0","3.0","5.0","5.0","4.8","{""2022"": 10, ""2023"": 7, ""2024"": 9, ""2025"": 15}","{""2022"": ""moderate"", ""2023"": ""moderate"", ""2024"": ""moderate"", ""2025"": ""season_ending""}","","3.0","","1.6","3.0","60.0"
"Tim Patrick","WR","NYJ","216.0","635.0","32.0","Active","30.0","00-0033375","194.0","0.2921739130434783","0.5","0.0573758964983827","0.0573758964983827","13.0","","0.1034482758620689","0.0","2.772196533277869","","","0.2756756756756757","0.2756756756756757","0.421875","29.0","27.0","30.0","outdoor","2.0","13.0","13.0","0.0","5.0","5.0","4.8","{""2018"": 5, ""2019"": 9, ""2020"": 2, ""2021"": 1, ""2022"": 17, ""2023"": 17, ""2024"": 2, ""2025"": 4}","{""2018"": ""moderate"", ""2019"": ""moderate"", ""2020"": ""minor"", ""2021"": ""minor"", ""2022"": ""season_ending"", ""2023"": ""season_ending"", ""2024"": ""minor"", ""2025"": ""moderate""}","","4.0","","4.5","2.2","83.7"
"Tommy Mellott","WR","","216.0","637.0","24.0","Active","30.0","","","","","","","","","","","","","","","","","","","","","","","","","1.0","1.0","1.0","{}","{}","","2.5","","","","22.5"
"Travis Vokolek","TE","ARI","216.0","639.0","27.0","Active","30.0","00-0038456","0.0","0.0281938325991189","0.5","0.0","0.0","1.0","","","","","","","0.0277777777777777","0.0277777777777777","0.087719298245614","24.0","16.0","20.0","outdoor","1.0","14.0","7.0","0.0","3.2","3.2","1.0","{""2025"": 16}","{""2025"": ""season_ending""}","","2.8","","3.4","2.1","52.1"
"Trayveon Williams","RB","","216.0","640.0","28.0","Active","30.0","00-0035291","95.0","0.0572483841181902","0.5","0.0468749999999999","0.0549880830779707","6.0","corrected","0.0350877192982456","0.0","0.0","","","0.5163934426229508","0.2786885245901639","0.296875","","","","","","","","","5.0","5.0","4.8","{""2019"": 17, ""2020"": 11, ""2021"": 13, ""2022"": 10, ""2023"": 1, ""2024"": 12, ""2025"": 11}","{""2019"": ""season_ending"", ""2020"": ""moderate"", ""2021"": ""season_ending"", ""2022"": ""moderate"", ""2023"": ""minor"", ""2024"": ""season_ending"", ""2025"": ""moderate""}","","2.7","","","","73.8"
"Tre Stewart","RB","","216.0","641.0","23.0","Active","30.0","","","","","","","","","","","","","","","","","","","","","","","","","1.0","1.0","1.0","{}","{}","","2.5","","","","17.1"
"Trebor Pena","WR","JAX","216.0","642.0","24.0","Active","30.0","","","","","","","","","","","","","","","","","13.0","7.0","6.0","outdoor","3.0","7.0","17.0","3.0","1.0","1.0","1.0","{}","{}","","2.5","","1.6","3.0","20.8"
"Trent Taylor","WR","","216.0","643.0","31.0","Active","30.0","00-0033292","93.0","","","","","","","","","","","","","","","","","","","","","","","5.0","5.0","4.8","{""2017"": 2, ""2018"": 4, ""2019"": 17, ""2020"": 5, ""2021"": 13, ""2022"": 1, ""2023"": 2, ""2024"": 15, ""2025"": 17}","{""2017"": ""minor"", ""2018"": ""moderate"", ""2019"": ""season_ending"", ""2020"": ""moderate"", ""2021"": ""season_ending"", ""2022"": ""minor"", ""2023"": ""minor"", ""2024"": ""season_ending"", ""2025"": ""season_ending""}","","2.5","","","","62.5"
"Trey Knox","TE","","216.0","646.0","23.0","Active","30.0","","","","","","","","","","","","","","","","","","","","","","","","","1.0","1.0","1.0","{}","{}","","2.5","","","","20.0"
"Trey Palmer","WR","NO","216.0","648.0","25.0","Active","30.0","00-0039052","54.0","","","","","","","","","","","","","","","27.0","12.0","28.0","dome","2.0","8.0","29.0","1.0","5.0","5.0","1.0","{""2023"": 0, ""2024"": 2, ""2025"": 17}","{""2023"": ""minor"", ""2024"": ""minor"", ""2025"": ""season_ending""}","","2.5","","3.8","1.0","62.8"
"Trey Sermon","RB","","216.0","649.0","26.0","Active","30.0","00-0036984","156.0","0.0009699321047526","0.5","0.0","0.0","3.0","","","","","","","0.0573770491803278","0.0286885245901639","0.078125","","","","","","","","","5.0","5.0","4.8","{""2021"": 11, ""2022"": 16, ""2023"": 9, ""2024"": 2, ""2025"": 14}","{""2021"": ""moderate"", ""2022"": ""season_ending"", ""2023"": ""moderate"", ""2024"": ""minor"", ""2025"": ""season_ending""}","","3.4","","","","81.7"
"Trinidad Chambliss","QB","","216.0","650.0","","","","","","","","","","","","","","","","","","","","","","","","","","","","1.0","1.0","1.0","{}","{}","","2.5","","","","20.8"
"Tylan Wallace","WR","CLE","216.0","653.0","27.0","Active","30.0","00-0036630","22.0","0.1824457593688362","0.5","0.0303774849229395","0.0303774849229395","11.0","","0.0357142857142857","0.0","3.4652456665973363","","","0.1459459459459459","0.1459459459459459","0.3125","31.0","22.0","29.0","outdoor","4.0","11.0","31.0","1.0","5.0","5.0","4.8","{""2021"": 7, ""2022"": 12, ""2023"": 11, ""2024"": 5, ""2025"": 6}","{""2021"": ""moderate"", ""2022"": ""season_ending"", ""2023"": ""moderate"", ""2024"": ""moderate"", ""2025"": ""moderate""}","","4.7","","4.5","2.3","90.0"
"Tyler Goodson","RB","ATL","216.0","655.0","25.0","Active","30.0","00-0037120","73.0","0.0326492537313432","0.5","0.0096226415094338","0.0206268958543983","10.0","","0.0120481927710843","0.0","0.0","","","0.2131147540983606","0.1311475409836065","0.1953125","23.0","14.0","23.0","outdoor","2.0","11.0","26.0","3.0","4.8","4.2","4.8","{""2023"": 11, ""2024"": 3, ""2025"": 7}","{""2023"": ""moderate"", ""2024"": ""moderate"", ""2025"": ""moderate""}","","3.3","","3.3","2.0","71.4"
"Tyler Johnson","WR","DAL","216.0","658.0","27.0","Active","30.0","00-0036427","88.0","0.2786259541984733","0.5","0.0720338983050847","0.0720338983050847","9.0","corrected","0.0491803278688524","0.0","1.1550818888657788","","","0.3459459459459459","0.3459459459459459","0.4114583333333333","4.0","1.0","7.0","outdoor","1.0","14.0","6.0","7.0","5.0","5.0","4.8","{""2020"": 7, ""2021"": 1, ""2022"": 17, ""2023"": 16, ""2024"": 6, ""2025"": 8}","{""2020"": ""moderate"", ""2021"": ""minor"", ""2022"": ""season_ending"", ""2023"": ""season_ending"", ""2024"": ""moderate"", ""2025"": ""moderate""}","","2.9","","1.0","2.9","60.0"
"Tyler Scott","WR","LAR","216.0","659.0","24.0","Active","30.0","00-0038941","25.0","","","","","","","","","","","","","","","2.0","4.0","1.0","dome","1.0","11.0","5.0","6.0","5.0","5.0","4.8","{""2023"": 4, ""2024"": 13, ""2025"": 17}","{""2023"": ""moderate"", ""2024"": ""season_ending"", ""2025"": ""season_ending""}","","2.5","","1.0","2.8","60.0"
"Tyree Jackson","TE","","216.0","660.0","28.0","Questionable","65.0","00-0035356","3.0","","","","","","","","","","","","","","","","","","","","","","","5.0","5.0","4.8","{""2021"": 14, ""2022"": 15, ""2023"": 17, ""2024"": 17, ""2025"": 17}","{""2021"": ""season_ending"", ""2022"": ""season_ending"", ""2023"": ""season_ending"", ""2024"": ""season_ending"", ""2025"": ""season_ending""}","","2.5","","","","66.7"
"Van Jefferson","WR","WAS","216.0","664.0","30.0","Active","30.0","00-0036415","170.0","0.5520833333333334","1.5","0.1191374663072776","0.1191374663072776","14.0","corrected","0.0588235294117647","0.0","0.477964919530667","","","0.5513513513513514","0.5513513513513514","0.7083333333333334","19.0","26.0","19.0","outdoor","1.0","7.0","8.0","4.0","2.8","2.4","2.8","{""2020"": 3, ""2021"": 0, ""2022"": 7, ""2023"": 3, ""2024"": 2, ""2025"": 3}","{""2020"": ""moderate"", ""2021"": ""minor"", ""2022"": ""moderate"", ""2023"": ""moderate"", ""2024"": ""minor"", ""2025"": ""moderate""}","","2.5","","3.2","2.8","46.1"
"Wayne Gallman","RB","","216.0","665.0","28.0","Active","30.0","00-0033950","447.0","","","","","","","","","","","","","","","","","","","","","","","5.0","5.0","4.8","{""2017"": 4, ""2018"": 4, ""2019"": 8, ""2020"": 3, ""2021"": 10, ""2022"": 17, ""2023"": 17, ""2024"": 17, ""2025"": 17}","{""2017"": ""moderate"", ""2018"": ""moderate"", ""2019"": ""moderate"", ""2020"": ""moderate"", ""2021"": ""moderate"", ""2022"": ""season_ending"", ""2023"": ""season_ending"", ""2024"": ""season_ending"", ""2025"": ""season_ending""}","","2.5","","","","71.5"
"Will Sheppard","WR","GB","216.0","669.0","24.0","Active","30.0","","","","","","","","","","","","","","","","","5.0","21.0","12.0","outdoor","2.0","11.0","9.0","6.0","1.0","1.0","1.0","{}","{}","","2.5","","1.5","3.2","20.1"
"Xavier Guillory","WR","BAL","216.0","671.0","25.0","Active","30.0","","","","","","","","","","","","","","","","","11.0","29.0","11.0","outdoor","3.0","13.0","28.0","4.0","1.0","1.0","1.0","{}","{}","","2.5","","2.3","2.5","26.8"
"Xavier Restrepo","WR","TEN","216.0","673.0","24.0","Active","30.0","00-0040522","3.0","0.0284090909090909","1.5","0.112264150943396","0.112264150943396","2.0","corrected","0.0196078431372549","0.0","0.0","","","0.518918918918919","0.518918918918919","0.078125","30.0","28.0","32.0","outdoor","1.0","9.0","23.0","0.0","3.2","3.2","1.0","{""2025"": 15}","{""2025"": ""season_ending""}","","3.0","","4.7","1.1","65.1"
"Xavier Weaver","WR","ARI","216.0","675.0","25.0","Questionable","65.0","00-0039521","7.0","0.239647577092511","0.5","0.0511692521416993","0.0511692521416993","7.0","corrected","0.0285714285714285","0.0","0.0","","","0.2324324324324324","0.2324324324324324","0.3697916666666667","24.0","16.0","20.0","outdoor","1.0","14.0","7.0","0.0","5.0","5.0","1.0","{""2024"": 15, ""2025"": 10}","{""2024"": ""season_ending"", ""2025"": ""moderate""}","","2.9","","3.4","2.1","63.7"
"Zach Davidson","TE","","216.0","676.0","27.0","Active","30.0","00-0036640","1.0","0.0060869565217391","","","","","","","","","","","","","0.0263157894736842","","","","","","","","","5.0","5.0","4.8","{""2021"": 17, ""2022"": 17, ""2023"": 17, ""2024"": 15, ""2025"": 17}","{""2021"": ""season_ending"", ""2022"": ""season_ending"", ""2023"": ""season_ending"", ""2024"": ""season_ending"", ""2025"": ""season_ending""}","","2.5","","","","66.7"
"Zach Ertz","TE","FA","216.0","677.0","35.0","Active","30.0","00-0030061","826.0","0.5227703984819735","0.5","0.2179487179487183","0.2179487179487183","13.0","corrected","0.1764705882352941","0.0","1.071897632110823","","","0.9722222222222222","0.9722222222222222","0.7719298245614035","","","","","","","","","3.6","3.0","3.6","{""2013"": 2, ""2014"": 1, ""2015"": 2, ""2016"": 3, ""2017"": 3, ""2018"": 1, ""2019"": 2, ""2020"": 6, ""2021"": 0, ""2022"": 7, ""2023"": 10, ""2024"": 0, ""2025"": 4}","{""2013"": ""minor"", ""2014"": ""minor"", ""2015"": ""minor"", ""2016"": ""moderate"", ""2017"": ""moderate"", ""2018"": ""minor"", ""2019"": ""minor"", ""2020"": ""moderate"", ""2021"": ""minor"", ""2022"": ""moderate"", ""2023"": ""moderate"", ""2024"": ""minor"", ""2025"": ""moderate""}","","1.0","","","","30.4"
"Zach Wilson","QB","NO","216.0","678.0","27.0","Active","30.0","00-0037013","97.0","0.0265035677879714","0.5","0.0","0.0139956092206366","4.0","","0.0","0.0","0.0","","","0.4391891891891892","0.0135135135135135","0.1216216216216216","27.0","12.0","28.0","dome","2.0","8.0","29.0","1.0","5.0","5.0","4.8","{""2021"": 4, ""2022"": 8, ""2023"": 5, ""2024"": 17, ""2025"": 13}","{""2021"": ""moderate"", ""2022"": ""moderate"", ""2023"": ""moderate"", ""2024"": ""season_ending"", ""2025"": ""season_ending""}","","3.3","","3.8","1.0","68.1"
