player_id,player_name,season,team,age,games,targets,team_targets,target_share,fantasy_points_ppr,fantasy_ppg,positional_finish,target_share_bucket
00-0027793,Antonio Brown,2016,PIT,28.0,15.0,154,590,0.26101694915254237,307.3,20.486666666666668,1.0,25-30%
00-0026176,Jordy Nelson,2016,GB,31.0,16.0,152,614,0.247557003257329,304.7,19.04375,2.0,20-25%
00-0031408,Mike Evans,2016,TB,23.0,16.0,173,571,0.30297723292469353,304.1,19.00625,3.0,30%+
00-0031235,Odell Beckham Jr.,2016,NYG,24.0,16.0,169,597,0.2830820770519263,296.6,18.5375,4.0,25-30%
00-0029608,T.Y. Hilton,2016,IND,27.0,16.0,155,572,0.270979020979021,273.8,17.1125,5.0,25-30%
00-0027944,Julio Jones,2016,ATL,27.0,14.0,129,530,0.24339622641509434,259.9,18.564285714285713,6.0,20-25%
00-0032765,Michael Thomas,2016,NO,23.0,15.0,121,664,0.1822289156626506,255.70000000000002,17.046666666666667,7.0,15-20%
00-0028434,Doug Baldwin,2016,SEA,28.0,16.0,125,548,0.2281021897810219,253.6,15.85,8.0,20-25%
00-0031381,Davante Adams,2016,GB,24.0,16.0,121,614,0.1970684039087948,246.7,15.41875,9.0,15-20%
00-0031236,Brandin Cooks,2016,NO,23.0,15.0,117,664,0.17620481927710843,246.3,16.42,10.0,15-20%
00-0022921,Larry Fitzgerald,2016,ARI,33.0,16.0,150,636,0.2358490566037736,243.8,15.2375,11.0,20-25%
00-0026986,Michael Crabtree,2016,LV,29.0,16.0,145,589,0.2461799660441426,239.29999999999998,14.956249999999999,12.0,20-25%
00-0031382,Jarvis Landry,2016,MIA,24.0,16.0,131,467,0.28051391862955033,233.3,14.58125,13.0,25-30%
00-0027150,Julian Edelman,2016,NE,30.0,16.0,159,546,0.29120879120879123,232.3,14.51875,14.0,25-30%
00-0031544,Amari Cooper,2016,LV,22.0,16.0,132,589,0.22410865874363328,232.29999999999998,14.518749999999999,15.0,20-25%
00-0027874,Demaryius Thomas,2016,DEN,29.0,16.0,144,556,0.2589928057553957,226.3,14.14375,16.0,25-30%
00-0027891,Golden Tate,2016,DET,28.0,16.0,135,580,0.23275862068965517,223.1,13.94375,17.0,20-25%
00-0033040,Tyreek Hill,2016,KC,22.0,16.0,83,536,0.15485074626865672,219.0,13.6875,18.0,15-20%
00-0032160,Tyrell Williams,2016,LAC,24.0,16.0,119,564,0.21099290780141844,216.9,13.55625,19.0,20-25%
00-0028825,Terrelle Pryor,2016,CLE,27.0,16.0,140,558,0.25089605734767023,213.44,13.34,20.0,25-30%
00-0027685,Emmanuel Sanders,2016,DEN,29.0,15.0,137,556,0.24640287769784172,212.6,14.173333333333334,21.0,20-25%
00-0029580,Rishard Matthews,2016,TEN,27.0,16.0,108,490,0.22040816326530613,211.5,13.21875,22.0,20-25%
00-0026901,Mike Wallace,2016,BAL,30.0,16.0,116,665,0.17443609022556392,202.79999999999998,12.674999999999999,23.0,15-20%
00-0026345,Pierre Garcon,2016,WAS,30.0,16.0,114,593,0.19224283305227655,201.1,12.56875,24.0,15-20%
00-0031428,Allen Robinson,2016,JAX,23.0,16.0,151,623,0.24237560192616373,199.3,12.45625,25.0,20-25%
00-0031941,Jamison Crowder,2016,WAS,23.0,16.0,99,593,0.16694772344013492,197.5,12.34375,26.0,15-20%
00-0030564,DeAndre Hopkins,2016,HOU,24.0,16.0,151,577,0.2616984402079723,197.4,12.3375,27.0,25-30%
00-0030035,Adam Thielen,2016,MIN,26.0,16.0,92,585,0.15726495726495726,197.2,12.325,28.0,15-20%
00-0031359,Kelvin Benjamin,2016,CAR,25.0,16.0,118,553,0.21338155515370705,197.10000000000002,12.318750000000001,29.0,20-25%
00-0027006,Kenny Britt,2016,LA,28.0,15.0,111,530,0.20943396226415095,196.2,13.08,30.0,20-25%
00-0031588,Stefon Diggs,2016,MIN,23.0,13.0,112,585,0.19145299145299147,193.3,14.86923076923077,31.0,15-20%
00-0030663,Willie Snead,2016,NO,24.0,15.0,104,664,0.1566265060240964,191.5,12.766666666666667,32.0,15-20%
00-0029000,Cole Beasley,2016,DAL,27.0,16.0,98,479,0.2045929018789144,189.0,11.8125,33.0,20-25%
00-0027942,A.J. Green,2016,CIN,28.0,10.0,100,542,0.18450184501845018,186.4,18.64,34.0,15-20%
00-0027681,Brandon LaFell,2016,CIN,30.0,16.0,107,542,0.1974169741697417,186.0,11.625,35.0,15-20%
00-0032385,Sterling Shepard,2016,NYG,23.0,16.0,105,597,0.17587939698492464,184.4,11.525,36.0,15-20%
00-0020337,Steve Smith,2016,BAL,37.0,14.0,101,665,0.1518796992481203,183.9,13.135714285714286,37.0,15-20%
00-0026189,DeSean Jackson,2016,WAS,30.0,15.0,100,593,0.16863406408094436,180.5,12.033333333333333,38.0,15-20%
00-0031431,Marqise Lee,2016,JAX,25.0,16.0,105,623,0.16853932584269662,180.4,11.275,39.0,15-20%
00-0027902,Dez Bryant,2016,DAL,28.0,13.0,96,479,0.20041753653444677,180.0,13.846153846153847,40.0,20-25%
00-0031912,Cameron Meredith,2016,CHI,24.0,14.0,97,550,0.17636363636363636,179.48,12.819999999999999,41.0,15-20%
00-0022084,Anquan Boldin,2016,DET,36.0,16.0,95,580,0.16379310344827586,173.4,10.8375,42.0,15-20%
00-0029293,Marvin Jones,2016,DET,26.0,15.0,103,580,0.17758620689655172,172.29999999999998,11.486666666666666,43.0,15-20%
00-0031023,Quincy Enunwa,2016,NYJ,24.0,16.0,105,546,0.19230769230769232,168.9,10.55625,44.0,15-20%
00-0030085,Kenny Stills,2016,MIA,24.0,16.0,81,467,0.1734475374732334,168.6,10.5375,45.0,15-20%
00-0025396,Ted Ginn,2016,CAR,31.0,16.0,95,553,0.1717902350813743,163.0,10.1875,46.0,15-20%
00-0028411,Dontrelle Inman,2016,LAC,27.0,16.0,97,564,0.17198581560283688,163.0,10.1875,47.0,15-20%
00-0024334,Brandon Marshall,2016,NYJ,32.0,15.0,128,546,0.23443223443223443,155.8,10.386666666666667,48.0,20-25%
00-0031547,DeVante Parker,2016,MIA,23.0,15.0,87,467,0.18629550321199143,154.4,10.293333333333333,49.0,15-20%
00-0029632,Mohamed Sanu,2016,ATL,27.0,15.0,81,530,0.15283018867924528,148.8,9.92,50.0,15-20%
00-0028091,Jeremy Kerley,2016,SF,28.0,16.0,115,487,0.23613963039014374,148.70000000000002,9.293750000000001,51.0,20-25%
00-0028002,Randall Cobb,2016,GB,26.0,13.0,84,614,0.13680781758957655,148.3,11.407692307692308,52.0,10-15%
00-0030525,Tavon Austin,2016,LA,26.0,15.0,106,530,0.2,146.8,9.786666666666667,53.0,20-25%
00-0029137,Alshon Jeffery,2016,CHI,26.0,12.0,94,550,0.1709090909090909,146.1,12.174999999999999,54.0,15-20%
00-0032200,Ty Montgomery,2016,GB,23.0,15.0,56,614,0.09120521172638436,140.5,9.366666666666667,55.0,<10%
00-0031228,Taylor Gabriel,2016,ATL,25.0,12.0,50,530,0.09433962264150944,140.0,11.666666666666666,56.0,<10%
00-0032112,J.J. Nelson,2016,ARI,24.0,14.0,74,636,0.11635220125786164,139.1,9.935714285714285,57.0,10-15%
00-0029269,Travis Benjamin,2016,LAC,27.0,14.0,75,564,0.13297872340425532,134.4,9.6,58.0,10-15%
00-0032009,Adam Humphries,2016,TB,23.0,15.0,83,571,0.14535901926444833,133.0,8.866666666666667,59.0,10-15%
00-0028237,Chris Hogan,2016,NE,29.0,15.0,58,546,0.10622710622710622,128.9,8.593333333333334,60.0,10-15%
00-0033127,Will Fuller,2016,HOU,22.0,14.0,92,577,0.15944540727902945,128.2,9.157142857142857,61.0,15-20%
00-0031782,Eli Rogers,2016,PIT,24.0,13.0,66,590,0.11186440677966102,126.0,9.692307692307692,62.0,10-15%
00-0030542,Terrance Williams,2016,DAL,27.0,15.0,61,479,0.12734864300626306,125.4,8.360000000000001,63.0,10-15%
00-0032211,Tyler Lockett,2016,SEA,24.0,15.0,66,548,0.12043795620437957,124.1,8.273333333333333,64.0,10-15%
00-0033009,Tyler Boyd,2016,CIN,22.0,16.0,81,542,0.14944649446494465,124.1,7.75625,65.0,10-15%
00-0030431,Robert Woods,2016,BUF,24.0,13.0,76,459,0.1655773420479303,118.89999999999999,9.146153846153846,66.0,15-20%
00-0029638,Michael Floyd,2016,ARI/NE,27.0,14.0,76,1182,0.06429780033840947,115.8,8.27142857142857,67.0,<10%
00-0029640,Brian Quick,2016,LA,27.0,16.0,77,530,0.14528301886792452,115.39999999999999,7.2124999999999995,68.0,10-15%
00-0032688,Robbie Chosen,2016,NYJ,23.0,14.0,78,546,0.14285714285714285,114.9,8.207142857142857,69.0,10-15%
00-0031166,Seth Roberts,2016,LV,25.0,16.0,77,589,0.1307300509337861,111.7,6.98125,70.0,10-15%
00-0026995,Jeremy Maclin,2016,KC,28.0,12.0,76,536,0.1417910447761194,109.5,9.125,71.0,10-15%
00-0032778,Tajae Sharpe,2016,TEN,22.0,16.0,83,490,0.16938775510204082,105.3,6.58125,72.0,15-20%
00-0031051,John Brown,2016,ARI,26.0,15.0,73,636,0.11477987421383648,103.7,6.913333333333333,73.0,10-15%
00-0031339,Donte Moncrief,2016,IND,23.0,9.0,56,572,0.0979020979020979,102.6,11.399999999999999,74.0,<10%
00-0027265,Victor Cruz,2016,NYG,30.0,14.0,72,597,0.12060301507537688,101.6,7.257142857142857,75.0,10-15%
00-0032054,Breshad Perriman,2016,BAL,23.0,15.0,66,665,0.09924812030075188,101.1,6.739999999999999,76.0,<10%
00-0030821,Allen Hurns,2016,JAX,25.0,11.0,76,623,0.12199036918138041,100.7,9.154545454545454,77.0,10-15%
00-0032208,Phillip Dorsett,2016,IND,23.0,15.0,59,572,0.10314685314685315,98.8,6.586666666666667,78.0,10-15%
00-0029159,Jermaine Kearse,2016,SEA,26.0,16.0,89,548,0.1624087591240876,98.0,6.125,79.0,15-20%
00-0032128,Chris Conley,2016,KC,24.0,16.0,69,536,0.1287313432835821,97.0,6.0625,80.0,10-15%
00-0032400,Malcolm Mitchell,2016,NE,24.0,12.0,48,546,0.08791208791208792,96.1,8.008333333333333,81.0,<10%
00-0032966,Corey Coleman,2016,CLE,22.0,10.0,73,558,0.13082437275985664,93.3,9.33,82.0,10-15%
00-0029708,Kendall Wright,2016,TEN,27.0,11.0,43,490,0.08775510204081632,90.1,8.19090909090909,83.0,<10%
00-0030068,Marquise Goodwin,2016,BUF,26.0,14.0,68,459,0.14814814814814814,90.1,6.435714285714285,84.0,10-15%
00-0026182,Eddie Royal,2016,CHI,30.0,9.0,43,550,0.07818181818181819,87.9,9.766666666666667,85.0,<10%
00-0031549,Nelson Agholor,2016,PHI,23.0,15.0,69,604,0.11423841059602649,87.9,5.86,86.0,10-15%
00-0032218,Dorial Green-Beckham,2016,PHI,23.0,14.0,74,604,0.12251655629139073,87.2,6.228571428571429,87.0,10-15%
00-0032055,Devin Funchess,2016,CAR,22.0,14.0,58,553,0.10488245931283906,86.1,6.1499999999999995,88.0,10-15%
00-0027918,Andrew Hawkins,2016,CLE,30.0,16.0,54,558,0.0967741935483871,83.4,5.2125,89.0,<10%
00-0031325,Sammy Watkins,2016,BUF,23.0,8.0,52,459,0.11328976034858387,83.0,10.375,90.0,10-15%
00-0030669,Albert Wilson,2016,KC,24.0,14.0,51,536,0.09514925373134328,81.9,5.8500000000000005,91.0,<10%
00-0032166,Sammie Coates,2016,PIT,23.0,14.0,49,590,0.08305084745762711,77.9,5.564285714285715,92.0,<10%
00-0030450,Quinton Patton,2016,SF,26.0,13.0,63,487,0.1293634496919918,77.8,5.984615384615385,93.0,10-15%
00-0030801,Brandon Coleman,2016,NO,24.0,14.0,38,664,0.0572289156626506,72.1,5.1499999999999995,94.0,<10%
00-0030147,Russell Shepard,2016,TB,26.0,13.0,40,571,0.07005253940455342,70.0,5.384615384615385,95.0,<10%
00-0026035,Danny Amendola,2016,NE,31.0,12.0,29,546,0.05311355311355311,69.3,5.7749999999999995,96.0,<10%
00-0028497,Kamar Aiken,2016,BAL,27.0,16.0,50,665,0.07518796992481203,67.8,4.2375,97.0,<10%
00-0031570,Justin Hardy,2016,ATL,25.0,13.0,31,530,0.05849056603773585,65.3,5.023076923076923,98.0,<10%
00-0027996,Torrey Smith,2016,SF,27.0,12.0,49,487,0.10061601642710473,64.7,5.391666666666667,99.0,10-15%
00-0028116,Aldrick Robinson,2016,ATL,28.0,13.0,32,530,0.06037735849056604,64.3,4.946153846153846,100.0,<10%
00-0031118,Corey Brown,2016,CAR,25.0,16.0,53,553,0.09584086799276673,61.2,3.825,101.0,<10%
00-0027595,Bryan Walters,2016,JAX,29.0,10.0,34,623,0.05457463884430177,59.5,5.95,102.0,<10%
00-0029388,Deonte Thompson,2016,CHI,27.0,15.0,36,550,0.06545454545454546,58.9,3.9266666666666667,103.0,<10%
00-0029319,Josh Bellamy,2016,CHI,27.0,13.0,38,550,0.06909090909090909,56.9,4.3769230769230765,104.0,<10%
00-0031257,Paul Richardson,2016,SEA,24.0,13.0,36,548,0.06569343065693431,56.3,4.3307692307692305,105.0,<10%
00-0030516,Brice Butler,2016,DAL,26.0,14.0,32,479,0.06680584551148225,55.9,3.992857142857143,106.0,<10%
00-0030521,Justin Hunter,2016,BUF,25.0,10.0,24,459,0.05228758169934641,52.9,5.29,107.0,<10%
00-0030290,Cobi Hamilton,2016,PIT,26.0,11.0,28,590,0.04745762711864407,52.4,4.763636363636364,108.0,<10%
00-0027691,Andre Roberts,2016,DET,28.0,16.0,25,580,0.04310344827586207,50.8,3.175,109.0,<10%
00-0029129,Rod Streater,2016,SF,28.0,14.0,27,487,0.055441478439425054,49.1,3.507142857142857,110.0,<10%
00-0026739,Jordan Norwood,2016,DEN,30.0,14.0,35,556,0.06294964028776978,48.2,3.442857142857143,111.0,<10%
00-0031697,Jordan Taylor,2016,DEN,24.0,11.0,25,556,0.044964028776978415,46.9,4.263636363636364,112.0,<10%
00-0032355,Chester Rogers,2016,IND,22.0,14.0,34,572,0.05944055944055944,46.3,3.307142857142857,113.0,<10%
00-0028263,Andre Holmes,2016,LV,28.0,16.0,25,589,0.042444821731748725,44.6,2.7875,114.0,<10%
00-0032626,Geronimo Allison,2016,GB,22.0,7.0,22,614,0.035830618892508145,44.2,6.314285714285715,115.0,<10%
00-0030113,Charles D. Johnson,2016,MIN,27.0,14.0,37,585,0.06324786324786325,43.2,3.085714285714286,116.0,<10%
00-0026983,Darrius Heyward-Bey,2016,PIT,29.0,7.0,19,590,0.03220338983050847,41.4,5.914285714285714,117.0,<10%
00-0030990,Josh Huff,2016,PHI/TB,25.0,10.0,23,1175,0.01957446808510638,40.800000000000004,4.08,118.0,<10%
00-0027690,Eric Decker,2016,NYJ,29.0,3.0,21,546,0.038461538461538464,40.4,13.466666666666667,119.0,<10%
00-0032694,Jalin Marshall,2016,NYJ,21.0,10.0,23,546,0.04212454212454213,40.2,4.0200000000000005,120.0,<10%
00-0031545,Kevin White,2016,CHI,24.0,4.0,36,550,0.06545454545454546,38.6,9.65,121.0,<10%
00-0033079,Ricardo Louis,2016,CLE,22.0,14.0,35,558,0.06272401433691756,38.5,2.75,122.0,<10%
00-0032959,Charone Peake,2016,NYJ,24.0,12.0,35,546,0.0641025641025641,37.6,3.1333333333333333,123.0,<10%
00-0030670,Bennie Fowler,2016,DEN,25.0,12.0,24,556,0.04316546762589928,37.5,3.125,124.0,<10%
00-0032795,Cody Core,2016,CIN,22.0,7.0,27,542,0.04981549815498155,37.0,5.285714285714286,125.0,<10%
00-0032475,Tanner McEvoy,2016,SEA,23.0,8.0,11,548,0.020072992700729927,36.72,4.59,126.0,<10%
00-0031001,Jeff Janis,2016,GB,25.0,14.0,19,614,0.030944625407166124,36.1,2.5785714285714287,127.0,<10%
00-0026224,Harry Douglas,2016,TEN,32.0,8.0,22,490,0.044897959183673466,36.0,4.5,128.0,<10%
00-0030300,Jaron Brown,2016,ARI,26.0,6.0,22,636,0.03459119496855346,35.7,5.95,129.0,<10%
00-0023496,Vincent Jackson,2016,TB,33.0,5.0,32,571,0.05604203152364273,32.3,6.459999999999999,130.0,<10%
00-0030047,Marquess Wilson,2016,CHI,24.0,3.0,16,550,0.02909090909090909,31.0,10.333333333333334,131.0,<10%
00-0033069,Braxton Miller,2016,HOU,24.0,10.0,28,577,0.04852686308492201,30.9,3.09,132.0,<10%
00-0022044,Andre Johnson,2016,TEN,35.0,6.0,23,490,0.04693877551020408,29.5,4.916666666666667,133.0,<10%
00-0032659,Roger Lewis,2016,NYG,23.0,10.0,19,597,0.031825795644891124,28.7,2.87,134.0,<10%
00-0030737,Freddie Martino,2016,TB,25.0,7.0,11,571,0.01926444833625219,28.2,4.0285714285714285,135.0,<10%
00-0031268,Walt Powell,2016,BUF,25.0,7.0,25,459,0.054466230936819175,28.2,4.0285714285714285,136.0,<10%
00-0031560,Jaelen Strong,2016,HOU,22.0,6.0,24,577,0.0415944540727903,27.1,4.516666666666667,137.0,<10%
00-0031854,Chris Harper,2016,SF,23.0,8.0,21,487,0.043121149897330596,26.3,3.2875,138.0,<10%
00-0028052,Cecil Shorts,2016,TB,29.0,7.0,27,571,0.047285464098073555,26.2,3.742857142857143,139.0,<10%
00-0027057,Brandon Tate,2016,BUF,29.0,15.0,11,459,0.023965141612200435,24.5,1.6333333333333333,140.0,<10%
00-0029572,Jarius Wright,2016,MIN,27.0,4.0,14,585,0.023931623931623933,23.700000000000003,5.925000000000001,141.0,<10%
00-0031291,James Wright,2016,CIN,25.0,12.0,19,542,0.03505535055350553,23.0,1.9166666666666667,142.0,<10%
00-0027654,Arrelious Benn,2016,JAX,28.0,12.0,10,623,0.016051364365971106,22.6,1.8833333333333335,143.0,<10%
00-0033111,Pharoh Cooper,2016,LA,21.0,9.0,20,530,0.03773584905660377,22.6,2.511111111111111,144.0,<10%
00-0032841,Paul Turner,2016,PHI,23.0,3.0,14,604,0.023178807947019868,21.6,7.2,145.0,<10%
00-0029336,Brittan Golden,2016,ARI,28.0,12.0,14,636,0.0220125786163522,20.200000000000003,1.6833333333333336,146.0,<10%
00-0032398,Chris Moore,2016,BAL,23.0,14.0,16,665,0.02406015037593985,19.5,1.3928571428571428,147.0,<10%
00-0028050,Greg Salas,2016,BUF,28.0,2.0,6,459,0.013071895424836602,18.9,9.45,148.0,<10%
00-0030460,Markus Wheaton,2016,PIT,25.0,3.0,9,590,0.015254237288135594,17.099999999999998,5.699999999999999,149.0,<10%
00-0031600,Keith Mumphery,2016,HOU,24.0,8.0,12,577,0.02079722703639515,16.9,2.1125,150.0,<10%
00-0031068,Ryan Grant,2016,WAS,26.0,12.0,19,593,0.03204047217537943,16.6,1.3833333333333335,151.0,<10%
00-0032365,DeMarcus Ayers,2016,PIT,22.0,2.0,13,590,0.022033898305084745,16.099999999999998,8.049999999999999,152.0,<10%
00-0032441,Aaron Burbridge,2016,SF,23.0,15.0,16,487,0.03285420944558522,15.8,1.0533333333333335,153.0,<10%
00-0032881,Tommylee Lewis,2016,NO,24.0,12.0,11,664,0.016566265060240965,15.700000000000001,1.3083333333333333,154.0,<10%
00-0031344,Cody Latimer,2016,DEN,24.0,11.0,15,556,0.02697841726618705,15.6,1.4181818181818182,155.0,<10%
00-0032362,Maurice Harris,2016,WAS,24.0,7.0,12,593,0.02023608768971332,14.6,2.085714285714286,156.0,<10%
00-0031189,T.J. Jones,2016,DET,24.0,3.0,14,580,0.02413793103448276,14.3,4.766666666666667,157.0,<10%
00-0031757,Lucky Whitehead,2016,DAL,24.0,15.0,3,479,0.006263048016701462,14.0,0.9333333333333333,158.0,<10%
00-0028249,Jeremy Ross,2016,ARI/NYJ,28.0,5.0,4,1182,0.00338409475465313,13.7,2.7399999999999998,159.0,<10%
00-0032977,Rashard Higgins,2016,CLE,22.0,10.0,12,558,0.021505376344086023,13.7,1.3699999999999999,160.0,<10%
00-0031060,De'Anthony Thomas,2016,KC,23.0,10.0,9,536,0.016791044776119403,13.4,1.34,161.0,<10%
00-0032543,Alex Erickson,2016,CIN,24.0,16.0,8,542,0.014760147601476014,13.1,0.81875,162.0,<10%
00-0030279,Keenan Allen,2016,LAC,24.0,1.0,7,564,0.012411347517730497,12.3,12.3,163.0,<10%
00-0033060,Leonte Carroo,2016,MIA,22.0,5.0,6,467,0.01284796573875803,11.9,2.38,164.0,<10%
00-0032724,Bryce Treggs,2016,PHI,22.0,6.0,12,604,0.019867549668874173,11.700000000000001,1.9500000000000002,165.0,<10%
00-0032739,Wendall Williams,2016,HOU,26.0,2.0,7,577,0.012131715771230503,11.5,5.75,166.0,<10%
00-0032423,Trevor Davis,2016,GB,23.0,8.0,7,614,0.011400651465798045,11.4,1.425,167.0,<10%
00-0029848,Nick Williams,2016,ATL,26.0,2.0,7,530,0.013207547169811321,10.9,5.45,168.0,<10%
00-0027651,Dexter McCluster,2016,LAC,28.0,6.0,11,564,0.01950354609929078,10.8,1.8,169.0,<10%
00-0032760,Josh Doctson,2016,WAS,24.0,2.0,6,593,0.01011804384485666,8.6,4.3,170.0,<10%
00-0028114,Dwayne Harris,2016,NYG,29.0,16.0,1,597,0.0016750418760469012,8.3,0.51875,171.0,<10%
00-0032170,Rashad Greene,2016,JAX,24.0,8.0,8,623,0.012841091492776886,8.2,1.025,172.0,<10%
00-0032935,Johnny Holton,2016,LV,25.0,12.0,3,589,0.0050933786078098476,7.7,0.6416666666666667,173.0,<10%
00-0031514,Quan Bray,2016,IND,23.0,6.0,4,572,0.006993006993006993,7.3,1.2166666666666666,174.0,<10%
00-0031025,Michael Campanaro,2016,BAL,25.0,3.0,1,665,0.0015037593984962407,7.199999999999999,2.4,175.0,<10%
00-0030091,Tavarres King,2016,NYG,26.0,3.0,4,597,0.006700167504187605,7.0,2.3333333333333335,176.0,<10%
00-0031818,Bradley Marquez,2016,LA,24.0,9.0,7,530,0.013207547169811321,6.9,0.7666666666666667,177.0,<10%
00-0033114,Mike Thomas,2016,LA,22.0,8.0,9,530,0.016981132075471698,6.7,0.8375,178.0,<10%
00-0032791,Jakeem Grant,2016,MIA,24.0,14.0,1,467,0.0021413276231263384,6.1,0.43571428571428567,179.0,<10%
00-0029033,Griff Whalen,2016,LAC,26.0,4.0,4,564,0.0070921985815602835,4.2,1.05,180.0,<10%
00-0026998,Percy Harvin,2016,BUF,28.0,1.0,4,459,0.008714596949891068,3.7,3.7,181.0,<10%
00-0029394,Brenton Bersin,2016,CAR,26.0,2.0,6,553,0.0108499095840868,3.7,1.85,182.0,<10%
00-0031684,Shane Wynn,2016,JAX,24.0,2.0,3,623,0.004815409309791332,3.4,1.7,183.0,<10%
00-0032064,DeAndre Smelter,2016,SF,25.0,1.0,1,487,0.002053388090349076,3.3,3.3,184.0,<10%
00-0030691,Jeremy Butler,2016,LAC,25.0,2.0,2,564,0.0035460992907801418,3.1,1.55,185.0,<10%
00-0031310,Devin Street,2016,IND,25.0,2.0,6,572,0.01048951048951049,3.0,1.5,186.0,<10%
00-0031934,Devin Smith,2016,NYJ,24.0,2.0,3,546,0.005494505494505495,3.0,1.5,187.0,<10%
00-0031868,Damiere Byrd,2016,CAR,23.0,1.0,1,553,0.0018083182640144665,2.6,2.6,188.0,<10%
00-0032482,Bralon Addison,2016,CHI,23.0,2.0,1,550,0.0018181818181818182,2.5,1.25,189.0,<10%
00-0032951,Laquon Treadwell,2016,MIN,21.0,4.0,3,585,0.005128205128205128,2.5,0.625,190.0,<10%
00-0030856,Tony Washington,2016,JAX,26.0,1.0,1,623,0.0016051364365971107,1.9,1.9,191.0,<10%
00-0030187,Rashad Ross,2016,WAS,26.0,2.0,1,593,0.0016863406408094434,1.8,0.9,192.0,<10%
00-0031021,Jared Abbrederis,2016,GB,26.0,2.0,2,614,0.003257328990228013,1.8,0.9,193.0,<10%
00-0032679,Paul McRoberts,2016,LA,24.0,1.0,1,530,0.0018867924528301887,1.6,1.6,194.0,<10%
00-0032974,Jordan Payton,2016,CLE,23.0,2.0,3,558,0.005376344086021506,1.3,0.65,196.0,<10%
00-0026293,Matthew Slater,2016,NE,31.0,7.0,1,546,0.0018315018315018315,0.5,0.07142857142857142,197.0,<10%
00-0030671,Isaiah Burse,2016,LAC,25.0,8.0,4,564,0.0070921985815602835,0.0,0.0,201.0,<10%
00-0031953,Geremy Davis,2016,LAC,24.0,3.0,2,564,0.0035460992907801418,0.0,0.0,202.0,<10%
00-0032012,Isaac Fruechte,2016,MIN,25.0,1.0,1,585,0.0017094017094017094,0.0,0.0,204.0,<10%
00-0032070,Dezmin Lewis,2016,BUF,24.0,1.0,1,459,0.002178649237472767,0.0,0.0,205.0,<10%
00-0032250,Kasen Williams,2016,SEA,24.0,1.0,1,548,0.0018248175182481751,0.0,0.0,206.0,<10%
00-0032464,Kalif Raymond,2016,DEN,22.0,4.0,2,556,0.0035971223021582736,0.0,0.0,207.0,<10%
00-0032801,Daniel Braverman,2016,CHI,23.0,2.0,2,550,0.0036363636363636364,0.0,0.0,209.0,<10%
00-0027793,Antonio Brown,2017,PIT,29.0,14.0,163,585,0.27863247863247864,310.3,22.164285714285715,1.0,25-30%
00-0030564,DeAndre Hopkins,2017,HOU,25.0,15.0,174,516,0.3372093023255814,309.8,20.653333333333332,2.0,30%+
00-0030279,Keenan Allen,2017,LAC,25.0,16.0,159,573,0.2774869109947644,278.2,17.3875,3.0,25-30%
00-0022921,Larry Fitzgerald,2017,ARI,34.0,16.0,161,592,0.2719594594594595,261.44,16.34,4.0,25-30%
00-0031382,Jarvis Landry,2017,MIA,25.0,16.0,161,588,0.27380952380952384,260.0,16.25,5.0,25-30%
00-0032765,Michael Thomas,2017,NO,24.0,16.0,149,529,0.28166351606805295,258.5,16.15625,6.0,25-30%
00-0027944,Julio Jones,2017,ATL,28.0,16.0,148,517,0.2862669245647969,251.89999999999998,15.743749999999999,7.0,25-30%
00-0033040,Tyreek Hill,2017,KC,23.0,15.0,105,528,0.19886363636363635,245.20000000000002,16.346666666666668,8.0,15-20%
00-0030035,Adam Thielen,2017,MIN,27.0,16.0,142,521,0.272552783109405,239.7,14.98125,9.0,25-30%
00-0027942,A.J. Green,2017,CIN,29.0,16.0,143,488,0.2930327868852459,226.8,14.175,10.0,25-30%
00-0029293,Marvin Jones,2017,DET,27.0,16.0,107,565,0.18938053097345134,225.1,14.06875,11.0,15-20%
00-0027891,Golden Tate,2017,DET,29.0,16.0,120,565,0.21238938053097345,224.5,14.03125,12.0,20-25%
00-0028434,Doug Baldwin,2017,SEA,29.0,16.0,116,526,0.22053231939163498,223.3,13.95625,13.0,20-25%
00-0031381,Davante Adams,2017,GB,25.0,14.0,117,554,0.2111913357400722,222.5,15.892857142857142,14.0,20-25%
00-0031236,Brandin Cooks,2017,NE,24.0,16.0,114,584,0.1952054794520548,221.2,13.825,15.0,15-20%
00-0027874,Demaryius Thomas,2017,DEN,30.0,16.0,140,551,0.2540834845735027,205.9,12.86875,16.0,25-30%
00-0031408,Mike Evans,2017,TB,24.0,15.0,136,596,0.22818791946308725,203.1,13.54,17.0,20-25%
00-0032688,Robbie Chosen,2017,NYJ,24.0,16.0,114,496,0.22983870967741934,200.0,12.5,18.0,20-25%
00-0031588,Stefon Diggs,2017,MIN,24.0,14.0,95,521,0.18234165067178504,198.2,14.157142857142857,19.0,15-20%
00-0033857,JuJu Smith-Schuster,2017,PIT,21.0,14.0,79,585,0.13504273504273503,197.7,14.12142857142857,20.0,10-15%
00-0029137,Alshon Jeffery,2017,PHI,27.0,16.0,120,556,0.2158273381294964,195.9,12.24375,21.0,20-25%
00-0032055,Devin Funchess,2017,CAR,23.0,16.0,111,492,0.22560975609756098,195.0,12.1875,22.0,20-25%
00-0031549,Nelson Agholor,2017,PHI,24.0,16.0,95,556,0.17086330935251798,187.5,11.71875,23.0,15-20%
00-0027902,Dez Bryant,2017,DAL,29.0,16.0,132,485,0.2721649484536082,186.4,11.65,24.0,25-30%
00-0033908,Cooper Kupp,2017,LA,24.0,15.0,94,510,0.1843137254901961,176.9,11.793333333333333,25.0,15-20%
00-0029159,Jermaine Kearse,2017,NYJ,27.0,16.0,102,496,0.2056451612903226,176.0,11.0,26.0,20-25%
00-0029608,T.Y. Hilton,2017,IND,28.0,16.0,109,472,0.2309322033898305,175.6,10.975,27.0,20-25%
00-0030085,Kenny Stills,2017,MIA,25.0,16.0,105,588,0.17857142857142858,174.7,10.91875,28.0,15-20%
00-0029632,Mohamed Sanu,2017,ATL,28.0,15.0,96,517,0.18568665377176016,174.34,11.622666666666667,29.0,15-20%
00-0026986,Michael Crabtree,2017,LV,30.0,13.0,101,552,0.18297101449275363,171.8,13.215384615384616,30.0,15-20%
00-0030068,Marquise Goodwin,2017,SF,27.0,16.0,105,599,0.17529215358931552,168.6,10.5375,31.0,15-20%
00-0031941,Jamison Crowder,2017,WAS,24.0,15.0,103,534,0.19288389513108614,166.29999999999998,11.086666666666666,32.0,15-20%
00-0030431,Robert Woods,2017,LA,25.0,12.0,85,510,0.16666666666666666,163.3,13.608333333333334,33.0,15-20%
00-0025396,Ted Ginn,2017,NO,32.0,15.0,70,529,0.1323251417769376,159.6,10.639999999999999,34.0,10-15%
00-0028002,Randall Cobb,2017,GB,27.0,14.0,92,554,0.16606498194945848,159.4,11.385714285714286,35.0,15-20%
00-0031544,Amari Cooper,2017,LV,23.0,14.0,96,552,0.17391304347826086,158.4,11.314285714285715,36.0,15-20%
00-0029580,Rishard Matthews,2017,TEN,28.0,14.0,87,484,0.1797520661157025,156.2,11.157142857142857,37.0,15-20%
00-0026901,Mike Wallace,2017,BAL,31.0,15.0,92,561,0.16399286987522282,151.2,10.08,38.0,15-20%
00-0031257,Paul Richardson,2017,SEA,25.0,16.0,80,526,0.1520912547528517,150.3,9.39375,39.0,15-20%
00-0031431,Marqise Lee,2017,JAX,26.0,13.0,96,517,0.18568665377176016,147.9,11.376923076923077,40.0,15-20%
00-0031325,Sammy Watkins,2017,LA,24.0,15.0,70,510,0.13725490196078433,146.3,9.753333333333334,41.0,10-15%
00-0032385,Sterling Shepard,2017,NYG,24.0,11.0,84,603,0.13930348258706468,144.5,13.136363636363637,42.0,10-15%
00-0026035,Danny Amendola,2017,NE,32.0,15.0,86,584,0.14726027397260275,138.9,9.26,43.0,10-15%
00-0026189,DeSean Jackson,2017,TB,31.0,14.0,90,596,0.15100671140939598,138.6,9.9,44.0,15-20%
00-0032160,Tyrell Williams,2017,LAC,25.0,16.0,69,573,0.12041884816753927,137.8,8.6125,45.0,10-15%
00-0026176,Jordy Nelson,2017,GB,32.0,14.0,88,554,0.1588447653429603,137.2,9.799999999999999,46.0,15-20%
00-0033681,Keelan Cole,2017,JAX,24.0,16.0,83,517,0.16054158607350097,132.8,8.3,47.0,15-20%
00-0031373,Martavis Bryant,2017,PIT,26.0,15.0,84,585,0.14358974358974358,132.5,8.833333333333334,48.0,10-15%
00-0031359,Kelvin Benjamin,2017,BUF/CAR,26.0,14.0,77,960,0.08020833333333334,132.1,9.435714285714285,49.0,<10%
00-0029269,Travis Benjamin,2017,LAC,28.0,16.0,65,573,0.11343804537521815,130.3,8.14375,50.0,10-15%
00-0031547,DeVante Parker,2017,MIA,24.0,13.0,96,588,0.16326530612244897,130.0,10.0,51.0,15-20%
00-0032009,Adam Humphries,2017,TB,24.0,16.0,83,596,0.13926174496644295,128.7,8.04375,52.0,10-15%
00-0029708,Kendall Wright,2017,CHI,28.0,15.0,91,468,0.19444444444444445,126.4,8.426666666666668,53.0,15-20%
00-0031068,Ryan Grant,2017,WAS,27.0,16.0,65,534,0.12172284644194757,126.3,7.89375,54.0,10-15%
00-0027681,Brandon LaFell,2017,CIN,31.0,16.0,89,488,0.18237704918032788,124.8,7.8,55.0,15-20%
00-0032211,Tyler Lockett,2017,SEA,25.0,16.0,71,526,0.13498098859315588,124.3,7.76875,56.0,10-15%
00-0032760,Josh Doctson,2017,WAS,25.0,15.0,78,534,0.14606741573033707,119.8,7.986666666666666,57.0,10-15%
00-0027690,Eric Decker,2017,TEN,30.0,16.0,83,484,0.17148760330578514,116.3,7.26875,58.0,15-20%
00-0030669,Albert Wilson,2017,KC,25.0,13.0,62,528,0.11742424242424243,116.0,8.923076923076923,59.0,10-15%
00-0027685,Emmanuel Sanders,2017,DEN,30.0,12.0,92,551,0.16696914700544466,114.5,9.541666666666666,60.0,15-20%
00-0033127,Will Fuller,2017,HOU,23.0,10.0,50,516,0.09689922480620156,113.2,11.32,61.0,<10%
00-0030542,Terrance Williams,2017,DAL,28.0,16.0,78,485,0.16082474226804125,111.3,6.95625,62.0,15-20%
00-0028237,Chris Hogan,2017,NE,30.0,9.0,59,584,0.10102739726027397,109.6,12.177777777777777,63.0,10-15%
00-0029388,Deonte Thompson,2017,BUF/CHI,28.0,16.0,69,936,0.07371794871794872,105.0,6.5625,64.0,<10%
00-0030300,Jaron Brown,2017,ARI,27.0,16.0,69,592,0.11655405405405406,102.7,6.41875,65.0,10-15%
00-0026995,Jeremy Maclin,2017,BAL,29.0,12.0,72,561,0.12834224598930483,102.0,8.5,66.0,10-15%
00-0030821,Allen Hurns,2017,JAX,26.0,10.0,56,517,0.10831721470019343,99.39999999999999,9.94,67.0,10-15%
00-0033292,Trent Taylor,2017,SF,23.0,15.0,60,599,0.1001669449081803,98.0,6.533333333333333,68.0,10-15%
00-0033932,Kenny Golladay,2017,DET,24.0,11.0,48,565,0.08495575221238938,94.6,8.6,69.0,<10%
00-0032112,J.J. Nelson,2017,ARI,25.0,16.0,61,592,0.10304054054054054,93.5,5.84375,70.0,10-15%
00-0033921,Chris Godwin Jr.,2017,TB,21.0,15.0,55,596,0.09228187919463088,92.5,6.166666666666667,71.0,<10%
00-0032200,Ty Montgomery,2017,GB,24.0,8.0,31,554,0.05595667870036101,91.6,11.45,72.0,<10%
00-0029000,Cole Beasley,2017,DAL,28.0,15.0,63,485,0.12989690721649486,91.39999999999999,6.093333333333333,73.0,10-15%
00-0027996,Torrey Smith,2017,PHI,28.0,16.0,68,556,0.1223021582733813,90.7,5.66875,74.0,10-15%
00-0031166,Seth Roberts,2017,LV,26.0,15.0,65,552,0.11775362318840579,90.5,6.033333333333333,75.0,10-15%
00-0026345,Pierre Garcon,2017,SF,31.0,8.0,67,599,0.11185308848080133,90.0,11.25,76.0,10-15%
00-0032659,Roger Lewis,2017,NYG,24.0,15.0,72,603,0.11940298507462686,89.6,5.973333333333333,77.0,10-15%
00-0030670,Bennie Fowler,2017,DEN,26.0,16.0,56,551,0.10163339382940109,82.0,5.125,78.0,10-15%
00-0031228,Taylor Gabriel,2017,ATL,26.0,16.0,51,517,0.09864603481624758,81.7,5.10625,79.0,<10%
00-0031189,T.J. Jones,2017,DET,25.0,13.0,49,565,0.08672566371681416,77.9,5.992307692307692,80.0,<10%
00-0031339,Donte Moncrief,2017,IND,24.0,12.0,47,472,0.09957627118644068,77.1,6.425,81.0,<10%
00-0031326,Bruce Ellington,2017,HOU,26.0,11.0,57,516,0.11046511627906977,75.7,6.881818181818182,82.0,10-15%
00-0031235,Odell Beckham Jr.,2017,NYG,25.0,4.0,41,603,0.06799336650082918,74.0,18.5,83.0,<10%
00-0030801,Brandon Coleman,2017,NO,25.0,15.0,37,529,0.06994328922495274,73.39999999999999,4.893333333333333,84.0,<10%
00-0033891,Zay Jones,2017,BUF,22.0,14.0,74,468,0.1581196581196581,70.60000000000001,5.042857142857144,85.0,15-20%
00-0031051,John Brown,2017,ARI,27.0,10.0,55,592,0.0929054054054054,69.9,6.99,86.0,<10%
00-0033871,Corey Davis,2017,TEN,22.0,11.0,65,484,0.13429752066115702,69.5,6.318181818181818,87.0,10-15%
00-0032977,Rashard Higgins,2017,CLE,23.0,14.0,50,566,0.08833922261484099,68.6,4.8999999999999995,88.0,<10%
00-0029319,Josh Bellamy,2017,CHI,28.0,11.0,46,468,0.09829059829059829,68.2,6.2,89.0,<10%
00-0033839,Dede Westbrook,2017,JAX,24.0,7.0,51,517,0.09864603481624758,66.9,9.557142857142859,90.0,<10%
00-0032966,Corey Coleman,2017,CLE,23.0,9.0,58,566,0.10247349823321555,65.5,7.277777777777778,91.0,10-15%
00-0028411,Dontrelle Inman,2017,CHI/LAC,28.0,10.0,44,1041,0.04226705091258405,65.3,6.529999999999999,92.0,<10%
00-0030516,Brice Butler,2017,DAL,27.0,13.0,23,485,0.04742268041237113,64.7,4.976923076923077,93.0,<10%
00-0033079,Ricardo Louis,2017,CLE,23.0,14.0,61,566,0.10777385159010601,62.7,4.478571428571429,94.0,10-15%
00-0031344,Cody Latimer,2017,DEN,25.0,11.0,31,551,0.056261343012704176,61.7,5.609090909090909,95.0,<10%
00-0030091,Tavarres King,2017,NYG,27.0,8.0,37,603,0.06135986733001658,60.3,7.5375,96.0,<10%
00-0031570,Justin Hardy,2017,ATL,26.0,10.0,29,517,0.05609284332688588,60.1,6.01,97.0,<10%
00-0032398,Chris Moore,2017,BAL,24.0,13.0,38,561,0.0677361853832442,59.900000000000006,4.607692307692308,98.0,<10%
00-0032355,Chester Rogers,2017,IND,23.0,10.0,37,472,0.07838983050847458,58.2,5.82,99.0,<10%
00-0027006,Kenny Britt,2017,CLE/NE,29.0,12.0,43,1150,0.03739130434782609,57.60000000000001,4.800000000000001,100.0,<10%
00-0029664,Josh Gordon,2017,CLE,26.0,5.0,42,566,0.07420494699646643,57.5,11.5,101.0,<10%
00-0028116,Aldrick Robinson,2017,SF,29.0,14.0,48,599,0.08013355592654424,57.0,4.071428571428571,102.0,<10%
00-0033009,Tyler Boyd,2017,CIN,23.0,10.0,32,488,0.06557377049180328,56.5,5.65,103.0,<10%
00-0031025,Michael Campanaro,2017,BAL,26.0,13.0,27,561,0.0481283422459893,52.5,4.038461538461538,104.0,<10%
00-0030525,Tavon Austin,2017,LA,27.0,14.0,22,510,0.043137254901960784,50.7,3.6214285714285714,105.0,<10%
00-0028825,Terrelle Pryor,2017,WAS,28.0,8.0,37,534,0.06928838951310862,50.0,6.25,106.0,<10%
00-0029572,Jarius Wright,2017,MIN,28.0,12.0,25,521,0.04798464491362764,49.8,4.1499999999999995,107.0,<10%
00-0028091,Jeremy Kerley,2017,NYJ,29.0,8.0,27,496,0.05443548387096774,49.699999999999996,6.2124999999999995,108.0,<10%
00-0033911,Taywan Taylor,2017,TEN,22.0,16.0,28,484,0.05785123966942149,49.4,3.0875,109.0,<10%
00-0032791,Jakeem Grant,2017,MIA,25.0,15.0,22,588,0.03741496598639456,46.5,3.1,110.0,<10%
00-0032626,Geronimo Allison,2017,GB,23.0,12.0,39,554,0.0703971119133574,46.3,3.858333333333333,111.0,<10%
00-0030147,Russell Shepard,2017,CAR,27.0,15.0,32,492,0.06504065040650407,45.1,3.006666666666667,112.0,<10%
00-0032935,Johnny Holton,2017,LV,26.0,14.0,18,552,0.03260869565217391,44.8,3.1999999999999997,113.0,<10%
00-0033555,Mack Hollins,2017,PHI,24.0,12.0,22,556,0.039568345323741004,44.6,3.716666666666667,114.0,<10%
00-0028263,Andre Holmes,2017,BUF,29.0,10.0,23,468,0.049145299145299144,43.0,4.3,115.0,<10%
00-0032775,Demarcus Robinson,2017,KC,23.0,10.0,39,528,0.07386363636363637,42.2,4.220000000000001,116.0,<10%
00-0033307,Kendrick Bourne,2017,SF,22.0,10.0,34,599,0.05676126878130217,41.7,4.17,117.0,<10%
00-0033069,Braxton Miller,2017,HOU,25.0,10.0,29,516,0.0562015503875969,41.3,4.13,118.0,<10%
00-0031060,De'Anthony Thomas,2017,KC,24.0,14.0,16,528,0.030303030303030304,40.7,2.9071428571428575,119.0,<10%
00-0032951,Laquon Treadwell,2017,MIN,22.0,13.0,35,521,0.0671785028790787,40.0,3.076923076923077,120.0,<10%
00-0031868,Damiere Byrd,2017,CAR,24.0,8.0,17,492,0.034552845528455285,39.7,4.9625,121.0,<10%
00-0031782,Eli Rogers,2017,PIT,25.0,12.0,36,585,0.06153846153846154,38.9,3.2416666666666667,122.0,<10%
00-0032543,Alex Erickson,2017,CIN,25.0,16.0,16,488,0.03278688524590164,37.6,2.35,123.0,<10%
00-0024334,Brandon Marshall,2017,NYG,33.0,5.0,33,603,0.05472636815920398,33.4,6.68,124.0,<10%
00-0033282,Curtis Samuel,2017,CAR,21.0,8.0,26,492,0.052845528455284556,32.9,4.1125,125.0,<10%
00-0032208,Phillip Dorsett,2017,NE,24.0,11.0,18,584,0.030821917808219176,32.1,2.9181818181818184,126.0,<10%
00-0033006,Jaydon Mickens,2017,JAX,23.0,10.0,11,517,0.02127659574468085,31.700000000000003,3.1700000000000004,127.0,<10%
00-0032881,Tommylee Lewis,2017,NO,25.0,14.0,15,529,0.02835538752362949,29.0,2.0714285714285716,128.0,<10%
00-0032128,Chris Conley,2017,KC,25.0,5.0,16,528,0.030303030303030304,28.5,5.7,129.0,<10%
00-0028497,Kamar Aiken,2017,IND,28.0,14.0,44,472,0.09322033898305085,28.299999999999997,2.0214285714285714,130.0,<10%
00-0033943,Josh Reynolds,2017,LA,22.0,10.0,24,510,0.047058823529411764,27.4,2.7399999999999998,131.0,<10%
00-0031697,Jordan Taylor,2017,DEN,25.0,10.0,20,551,0.036297640653357534,27.2,2.7199999999999998,132.0,<10%
00-0027089,Louis Murphy,2017,SF,30.0,6.0,17,599,0.028380634390651086,26.1,4.3500000000000005,133.0,<10%
00-0033111,Pharoh Cooper,2017,LA,22.0,16.0,19,510,0.03725490196078431,26.0,1.625,134.0,<10%
00-0032115,Kaelin Clay,2017,BUF/CAR,25.0,13.0,20,960,0.020833333333333332,23.2,1.7846153846153845,135.0,<10%
00-0032123,Tre McBride,2017,CHI,25.0,6.0,15,468,0.03205128205128205,22.4,3.733333333333333,136.0,<10%
00-0029394,Brenton Bersin,2017,CAR,27.0,6.0,14,492,0.028455284552845527,20.8,3.466666666666667,137.0,<10%
00-0033536,Mike Williams,2017,LAC,23.0,9.0,23,573,0.04013961605584642,20.500000000000004,2.277777777777778,138.0,<10%
00-0027057,Brandon Tate,2017,BUF,30.0,13.0,14,468,0.029914529914529916,20.1,1.5461538461538462,139.0,<10%
00-0033859,Josh Malone,2017,CIN,21.0,9.0,17,488,0.03483606557377049,18.5,2.0555555555555554,140.0,<10%
00-0033840,Chad Hansen,2017,NYJ,22.0,8.0,17,496,0.034274193548387094,18.4,2.3,141.0,<10%
00-0033717,Travis Rudolph,2017,NYG,22.0,6.0,21,603,0.03482587064676617,18.1,3.016666666666667,142.0,<10%
00-0029638,Michael Floyd,2017,MIN,28.0,10.0,17,521,0.03262955854126679,17.8,1.78,143.0,<10%
00-0032054,Breshad Perriman,2017,BAL,24.0,11.0,35,561,0.062388591800356503,17.7,1.6090909090909091,144.0,<10%
00-0032250,Kasen Williams,2017,CLE,25.0,6.0,18,566,0.03180212014134275,17.4,2.9,145.0,<10%
00-0030663,Willie Snead,2017,NO,25.0,8.0,16,529,0.030245746691871456,17.2,2.15,146.0,<10%
00-0033916,ArDarius Stewart,2017,NYJ,24.0,12.0,13,496,0.02620967741935484,16.9,1.4083333333333332,147.0,<10%
00-0033572,Jamal Agnew,2017,DET,22.0,13.0,2,565,0.0035398230088495575,16.7,1.2846153846153845,148.0,<10%
00-0033562,Ryan Switzer,2017,DAL,23.0,16.0,7,485,0.01443298969072165,16.6,1.0375,149.0,<10%
00-0032839,Hunter Sharp,2017,DEN/NYG,23.0,3.0,9,1154,0.00779896013864818,16.4,5.466666666666666,150.0,<10%
00-0032362,Maurice Harris,2017,WAS,25.0,4.0,6,534,0.011235955056179775,16.2,4.05,151.0,<10%
00-0026983,Darrius Heyward-Bey,2017,PIT,30.0,10.0,3,585,0.005128205128205128,15.9,1.59,152.0,<10%
00-0033937,Amara Darboh,2017,SEA,23.0,8.0,13,526,0.024714828897338403,15.1,1.8875,153.0,<10%
00-0030737,Freddie Martino,2017,TB,26.0,7.0,6,596,0.010067114093959731,14.6,2.085714285714286,154.0,<10%
00-0033114,Mike Thomas,2017,LA,23.0,6.0,7,510,0.013725490196078431,14.3,2.3833333333333333,155.0,<10%
00-0033094,Marvin Hall,2017,ATL,24.0,6.0,9,517,0.017408123791102514,14.0,2.3333333333333335,156.0,<10%
00-0033060,Leonte Carroo,2017,MIA,23.0,4.0,14,588,0.023809523809523808,13.9,3.475,157.0,<10%
00-0029640,Brian Quick,2017,WAS,28.0,6.0,8,534,0.0149812734082397,13.6,2.2666666666666666,158.0,<10%
00-0032724,Bryce Treggs,2017,CLE,23.0,6.0,18,566,0.03180212014134275,13.5,2.25,159.0,<10%
00-0033855,Chris Thompson,2017,HOU,23.0,12.0,6,516,0.011627906976744186,13.4,1.1166666666666667,160.0,<10%
00-0032423,Trevor Davis,2017,GB,24.0,15.0,7,554,0.01263537906137184,13.3,0.8866666666666667,161.0,<10%
00-0032166,Sammie Coates,2017,CLE,24.0,7.0,11,566,0.019434628975265017,13.0,1.8571428571428572,162.0,<10%
00-0031560,Jaelen Strong,2017,HOU/JAX,23.0,2.0,4,1033,0.003872216844143272,12.8,6.4,163.0,<10%
00-0030521,Justin Hunter,2017,PIT,26.0,5.0,10,585,0.017094017094017096,12.3,2.46,164.0,<10%
00-0032475,Tanner McEvoy,2017,SEA,24.0,10.0,9,526,0.017110266159695818,12.299999999999999,1.23,165.0,<10%
00-0029336,Brittan Golden,2017,ARI,29.0,9.0,9,592,0.015202702702702704,12.0,1.3333333333333333,166.0,<10%
00-0033434,Bobo Wilson,2017,TB,22.0,3.0,1,596,0.0016778523489932886,9.600000000000001,3.2000000000000006,167.0,<10%
00-0032980,Marcus Johnson,2017,PHI,23.0,6.0,8,556,0.014388489208633094,9.5,1.5833333333333333,168.0,<10%
00-0033933,Chad Williams,2017,ARI,23.0,6.0,7,592,0.011824324324324325,9.4,1.5666666666666667,169.0,<10%
00-0030460,Markus Wheaton,2017,CHI,26.0,7.0,17,468,0.03632478632478633,8.100000000000001,1.1571428571428573,170.0,<10%
00-0033352,Michael Clark,2017,GB,22.0,2.0,14,554,0.02527075812274368,8.1,4.05,171.0,<10%
00-0031021,Jared Abbrederis,2017,DET,27.0,4.0,7,565,0.012389380530973451,7.4,1.85,172.0,<10%
00-0033466,Isaiah McKenzie,2017,DEN,22.0,11.0,13,551,0.023593466424682397,7.3,0.6636363636363636,173.0,<10%
00-0033591,Noah Brown,2017,DAL,21.0,7.0,9,485,0.018556701030927835,7.3,1.042857142857143,174.0,<10%
00-0031514,Quan Bray,2017,IND,24.0,9.0,4,472,0.00847457627118644,6.9,0.7666666666666667,175.0,<10%
00-0033633,Tanner Gentry,2017,CHI,23.0,4.0,6,468,0.01282051282051282,6.5,1.625,176.0,<10%
00-0029033,Griff Whalen,2017,BAL,27.0,2.0,6,561,0.0106951871657754,6.3,3.15,177.0,<10%
00-0029848,Nick Williams,2017,ATL,27.0,1.0,4,517,0.007736943907156673,6.0,6.0,178.0,<10%
00-0030743,Bernard Reedy,2017,NE/TB,26.0,11.0,2,1180,0.001694915254237288,5.8,0.5272727272727272,179.0,<10%
00-0028702,Chris Matthews,2017,BAL,28.0,4.0,6,561,0.0106951871657754,5.5,1.375,180.0,<10%
00-0033266,JoJo Natson,2017,NYJ,23.0,7.0,5,496,0.010080645161290322,5.300000000000001,0.7571428571428572,181.0,<10%
00-0033464,Jehu Chesson,2017,KC,24.0,6.0,4,528,0.007575757575757576,3.8,0.6333333333333333,182.0,<10%
00-0031801,Jordan Leslie,2017,CLE,26.0,1.0,1,566,0.0017667844522968198,3.6,3.6,183.0,<10%
00-0031511,DeAndrew White,2017,HOU,26.0,2.0,7,516,0.013565891472868217,3.4,1.7,184.0,<10%
00-0032656,Darius Powe,2017,NYG,23.0,1.0,4,603,0.006633499170812604,3.3,3.3,185.0,<10%
00-0031001,Jeff Janis,2017,GB,26.0,8.0,5,554,0.009025270758122744,3.2,0.4,186.0,<10%
00-0033573,Shelton Gibson,2017,PHI,22.0,2.0,3,556,0.00539568345323741,3.1,1.55,187.0,<10%
00-0031428,Allen Robinson,2017,JAX,24.0,1.0,1,517,0.0019342359767891683,2.7,2.7,188.0,<10%
00-0031545,Kevin White,2017,CHI,25.0,1.0,4,468,0.008547008547008548,2.6,2.6,189.0,<10%
00-0027654,Arrelious Benn,2017,JAX,29.0,5.0,2,517,0.0038684719535783366,2.2,0.44000000000000006,190.0,<10%
00-0027691,Andre Roberts,2017,ATL,29.0,16.0,4,517,0.007736943907156673,2.2,0.1375,191.0,<10%
00-0032464,Kalif Raymond,2017,NYG/NYJ,23.0,8.0,1,1099,0.0009099181073703367,2.1,0.2625,192.0,<10%
00-0026224,Harry Douglas,2017,TEN,33.0,1.0,3,484,0.006198347107438017,1.8,1.8,193.0,<10%
00-0030290,Cobi Hamilton,2017,HOU,27.0,2.0,6,516,0.011627906976744186,1.8,0.9,194.0,<10%
00-0024535,Eric Weems,2017,TEN,32.0,11.0,2,484,0.004132231404958678,1.5,0.13636363636363635,195.0,<10%
00-0031834,Larry Pinkard,2017,JAX,25.0,2.0,1,517,0.0019342359767891683,1.5,0.75,196.0,<10%
00-0032937,Max McCaffrey,2017,JAX,23.0,2.0,1,517,0.0019342359767891683,1.4,0.7,197.0,<10%
00-0032959,Charone Peake,2017,NYJ,25.0,1.0,1,496,0.0020161290322580645,1.3,1.3,198.0,<10%
00-0031315,Matt Hazel,2017,IND,25.0,2.0,1,472,0.00211864406779661,1.1,0.55,199.0,<10%
00-0032705,Ed Eagan,2017,NYG,24.0,4.0,1,603,0.001658374792703151,0.0,0.0,204.0,<10%
00-0032795,Cody Core,2017,CIN,23.0,7.0,4,488,0.00819672131147541,0.0,0.0,206.0,<10%
00-0032926,K.J. Brent,2017,IND,24.0,1.0,1,472,0.00211864406779661,0.0,0.0,207.0,<10%
00-0033087,Marquis Bundy,2017,NYG,23.0,1.0,3,603,0.004975124378109453,0.0,0.0,208.0,<10%
00-0033449,Isaac Whitney,2017,LV,23.0,1.0,1,552,0.0018115942028985507,0.0,0.0,210.0,<10%
00-0033968,Stacy Coley,2017,MIN,23.0,2.0,1,521,0.0019193857965451055,0.0,0.0,213.0,<10%
00-0033460,John Ross,2017,CIN,22.0,3.0,2,488,0.004098360655737705,-0.8,-0.26666666666666666,214.0,<10%
00-0033040,Tyreek Hill,2018,KC,24.0,16.0,137,564,0.2429078014184397,334.0,20.875,1.0,20-25%
00-0030564,DeAndre Hopkins,2018,HOU,26.0,16.0,163,494,0.3299595141700405,333.5,20.84375,2.0,30%+
00-0031381,Davante Adams,2018,GB,26.0,15.0,169,615,0.27479674796747966,329.6,21.973333333333336,3.0,25-30%
00-0027944,Julio Jones,2018,ATL,29.0,16.0,170,604,0.2814569536423841,325.9,20.36875,4.0,25-30%
00-0027793,Antonio Brown,2018,PIT,30.0,15.0,168,676,0.2485207100591716,323.7,21.58,5.0,20-25%
00-0032765,Michael Thomas,2018,NO,25.0,16.0,147,511,0.2876712328767123,315.5,19.71875,6.0,25-30%
00-0030035,Adam Thielen,2018,MIN,28.0,16.0,153,592,0.25844594594594594,307.3,19.20625,7.0,25-30%
00-0033857,JuJu Smith-Schuster,2018,PIT,22.0,16.0,166,676,0.2455621301775148,296.9,18.55625,8.0,20-25%
00-0031408,Mike Evans,2018,TB,25.0,16.0,138,619,0.22294022617124395,284.4,17.775,9.0,20-25%
00-0031588,Stefon Diggs,2018,MIN,25.0,15.0,149,592,0.2516891891891892,266.3,17.753333333333334,10.0,25-30%
00-0030431,Robert Woods,2018,LA,26.0,16.0,130,545,0.23853211009174313,265.6,16.6,11.0,20-25%
00-0030279,Keenan Allen,2018,LAC,26.0,15.0,136,506,0.26877470355731226,260.1,17.34,12.0,25-30%
00-0031236,Brandin Cooks,2018,LA,25.0,15.0,117,545,0.21467889908256882,243.2,16.21333333333333,13.0,20-25%
00-0029608,T.Y. Hilton,2018,IND,29.0,14.0,120,634,0.1892744479495268,239.0,17.071428571428573,14.0,15-20%
00-0031235,Odell Beckham Jr.,2018,NYG,26.0,12.0,124,574,0.21602787456445993,232.34,19.361666666666668,15.0,20-25%
00-0032211,Tyler Lockett,2018,SEA,26.0,16.0,70,400,0.175,222.4,13.9,16.0,15-20%
00-0033009,Tyler Boyd,2018,CIN,24.0,14.0,108,529,0.20415879017013233,221.1,15.792857142857143,17.0,20-25%
00-0031382,Jarvis Landry,2018,CLE,26.0,16.0,149,557,0.26750448833034113,217.12,13.57,18.0,25-30%
00-0031544,Amari Cooper,2018,DAL/LV,24.0,15.0,107,1047,0.10219675262655205,215.5,14.366666666666667,19.0,10-15%
00-0027150,Julian Edelman,2018,NE,32.0,12.0,108,556,0.19424460431654678,207.42000000000002,17.285,20.0,15-20%
00-0033932,Kenny Golladay,2018,DET,25.0,15.0,119,561,0.21212121212121213,207.1,13.806666666666667,21.0,20-25%
00-0034837,Calvin Ridley,2018,ATL,24.0,16.0,92,604,0.152317880794702,206.8,12.925,22.0,15-20%
00-0027685,Emmanuel Sanders,2018,DEN,31.0,12.0,98,564,0.17375886524822695,198.22,16.518333333333334,23.0,15-20%
00-0032009,Adam Humphries,2018,TB,25.0,16.0,105,619,0.16962843295638125,188.7,11.79375,24.0,15-20%
00-0022921,Larry Fitzgerald,2018,ARI,35.0,16.0,112,473,0.23678646934460887,185.68,11.605,25.0,20-25%
00-0029137,Alshon Jeffery,2018,PHI,28.0,13.0,92,592,0.1554054054054054,185.3,14.253846153846155,26.0,15-20%
00-0033921,Chris Godwin Jr.,2018,TB,22.0,16.0,95,619,0.15347334410339256,185.2,11.575,27.0,15-20%
00-0033871,Corey Davis,2018,TEN,23.0,16.0,112,425,0.2635294117647059,183.6,11.475,28.0,25-30%
00-0027891,Golden Tate,2018,DET/PHI,30.0,15.0,113,1153,0.09800520381613183,182.9,12.193333333333333,29.0,<10%
00-0032385,Sterling Shepard,2018,NYG,25.0,16.0,107,574,0.18641114982578397,182.5,11.40625,30.0,15-20%
00-0029632,Mohamed Sanu,2018,ATL,29.0,16.0,94,604,0.15562913907284767,182.4,11.4,31.0,15-20%
00-0033839,Dede Westbrook,2018,JAX,25.0,16.0,101,524,0.19274809160305342,181.5,11.34375,32.0,15-20%
00-0033536,Mike Williams,2018,LAC,24.0,16.0,66,506,0.13043478260869565,180.2,11.2625,33.0,10-15%
00-0031549,Nelson Agholor,2018,PHI,25.0,16.0,97,592,0.16385135135135134,165.4,10.3375,34.0,15-20%
00-0033891,Zay Jones,2018,BUF,23.0,16.0,102,479,0.21294363256784968,165.2,10.325,35.0,20-25%
00-0034827,DJ Moore,2018,CAR,21.0,16.0,82,544,0.15073529411764705,159.0,9.9375,36.0,15-20%
00-0026176,Jordy Nelson,2018,LV,33.0,15.0,88,530,0.1660377358490566,156.7,10.446666666666665,37.0,15-20%
00-0027874,Demaryius Thomas,2018,DEN/HOU,31.0,15.0,89,1058,0.08412098298676748,156.7,10.446666666666665,38.0,<10%
00-0032688,Robbie Chosen,2018,NYJ,25.0,14.0,94,505,0.18613861386138614,156.4,11.171428571428573,39.0,15-20%
00-0031428,Allen Robinson,2018,CHI,25.0,13.0,94,504,0.1865079365079365,153.3,11.792307692307693,40.0,15-20%
00-0031228,Taylor Gabriel,2018,CHI,27.0,16.0,93,504,0.18452380952380953,151.9,9.49375,41.0,15-20%
00-0026189,DeSean Jackson,2018,TB,32.0,12.0,74,619,0.11954765751211632,151.29999999999998,12.608333333333333,42.0,10-15%
00-0029000,Cole Beasley,2018,DAL,29.0,16.0,87,517,0.16827852998065765,150.2,9.3875,43.0,15-20%
00-0027942,A.J. Green,2018,CIN,30.0,9.0,77,529,0.14555765595463138,149.4,16.6,44.0,10-15%
00-0031051,John Brown,2018,BAL,28.0,16.0,97,539,0.17996289424860853,143.9,8.99375,45.0,15-20%
00-0028434,Doug Baldwin,2018,SEA,30.0,13.0,73,400,0.1825,141.79999999999998,10.907692307692306,46.0,15-20%
00-0033282,Curtis Samuel,2018,CAR,22.0,13.0,65,544,0.11948529411764706,138.8,10.676923076923078,47.0,10-15%
00-0029664,Josh Gordon,2018,CLE/NE,27.0,12.0,71,1113,0.0637915543575921,138.7,11.558333333333332,48.0,<10%
00-0032160,Tyrell Williams,2018,LAC,26.0,15.0,65,506,0.12845849802371542,137.8,9.186666666666667,49.0,10-15%
00-0034348,Courtland Sutton,2018,DEN,23.0,16.0,84,564,0.14893617021276595,136.3,8.51875,50.0,10-15%
00-0033908,Cooper Kupp,2018,LA,25.0,8.0,55,545,0.10091743119266056,135.1,16.8875,51.0,10-15%
00-0030085,Kenny Stills,2018,MIA,26.0,15.0,64,435,0.1471264367816092,134.42,8.961333333333332,52.0,10-15%
00-0030663,Willie Snead,2018,BAL,26.0,15.0,95,539,0.17625231910946196,134.4,8.96,53.0,15-20%
00-0031339,Donte Moncrief,2018,JAX,25.0,16.0,89,524,0.16984732824427481,132.8,8.3,54.0,15-20%
00-0026986,Michael Crabtree,2018,BAL,31.0,16.0,100,539,0.18552875695732837,132.7,8.29375,55.0,15-20%
00-0034772,Antonio Callaway,2018,CLE,21.0,16.0,79,557,0.14183123877917414,132.3,8.26875,56.0,10-15%
00-0026035,Danny Amendola,2018,MIA,33.0,15.0,79,435,0.18160919540229886,127.42,8.494666666666667,57.0,15-20%
00-0034775,Christian Kirk,2018,ARI,22.0,12.0,68,473,0.14376321353065538,123.5,10.291666666666666,58.0,10-15%
00-0032055,Devin Funchess,2018,CAR,24.0,14.0,79,544,0.14522058823529413,122.9,8.778571428571428,59.0,10-15%
00-0034353,Anthony Miller,2018,CHI,24.0,15.0,54,504,0.10714285714285714,120.22,8.014666666666667,60.0,10-15%
00-0032977,Rashard Higgins,2018,CLE,24.0,13.0,53,557,0.09515260323159784,118.2,9.092307692307692,61.0,<10%
00-0032355,Chester Rogers,2018,IND,24.0,16.0,72,634,0.11356466876971609,117.1,7.31875,62.0,10-15%
00-0029293,Marvin Jones,2018,DET,28.0,9.0,62,561,0.11051693404634581,115.8,12.866666666666667,63.0,10-15%
00-0031325,Sammy Watkins,2018,KC,25.0,10.0,55,564,0.0975177304964539,115.10000000000001,11.510000000000002,64.0,<10%
00-0033307,Kendrick Bourne,2018,SF,23.0,16.0,67,515,0.13009708737864079,114.7,7.16875,65.0,10-15%
00-0034272,Marquez Valdes-Scantling,2018,GB,24.0,16.0,73,615,0.11869918699186992,111.0,6.9375,66.0,10-15%
00-0032760,Josh Doctson,2018,WAS,26.0,15.0,78,489,0.15950920245398773,109.2,7.28,67.0,15-20%
00-0031166,Seth Roberts,2018,LV,27.0,15.0,64,530,0.12075471698113208,106.9,7.126666666666667,68.0,10-15%
00-0033127,Will Fuller,2018,HOU,24.0,7.0,45,494,0.09109311740890688,106.3,15.185714285714285,69.0,<10%
00-0028237,Chris Hogan,2018,NE,31.0,15.0,55,556,0.09892086330935251,106.2,7.08,70.0,<10%
00-0034860,Dante Pettis,2018,SF,23.0,12.0,45,515,0.08737864077669903,103.5,8.625,71.0,<10%
00-0033589,David Moore,2018,SEA,23.0,14.0,53,400,0.1325,101.0,7.214285714285714,72.0,10-15%
00-0034765,Tre'Quan Smith,2018,NO,22.0,13.0,44,511,0.08610567514677103,100.7,7.746153846153846,73.0,<10%
00-0033943,Josh Reynolds,2018,LA,23.0,12.0,53,545,0.09724770642201835,100.0,8.333333333333334,74.0,<10%
00-0034510,Robert Foster,2018,BUF,24.0,11.0,44,479,0.0918580375782881,99.1,9.009090909090908,75.0,<10%
00-0034764,Michael Gallup,2018,DAL,22.0,15.0,68,517,0.13152804642166344,97.7,6.513333333333334,76.0,10-15%
00-0029572,Jarius Wright,2018,CAR,29.0,16.0,59,544,0.10845588235294118,97.6,6.1,77.0,10-15%
00-0030669,Albert Wilson,2018,MIA,26.0,7.0,35,435,0.08045977011494253,96.78,13.825714285714286,78.0,<10%
00-0032128,Chris Conley,2018,KC,26.0,16.0,52,564,0.09219858156028368,91.39999999999999,5.7124999999999995,79.0,<10%
00-0033681,Keelan Cole,2018,JAX,25.0,14.0,70,524,0.13358778625954199,89.1,6.364285714285714,80.0,10-15%
00-0033911,Taywan Taylor,2018,TEN,23.0,13.0,56,425,0.13176470588235295,87.6,6.738461538461538,81.0,10-15%
00-0030068,Marquise Goodwin,2018,SF,28.0,11.0,44,515,0.0854368932038835,87.4,7.945454545454546,82.0,<10%
00-0031023,Quincy Enunwa,2018,NYJ,26.0,11.0,68,505,0.13465346534653466,86.9,7.9,83.0,10-15%
00-0028002,Randall Cobb,2018,GB,28.0,9.0,61,615,0.0991869918699187,86.3,9.588888888888889,84.0,<10%
00-0033460,John Ross,2018,CIN,23.0,13.0,58,529,0.10964083175803403,84.89999999999999,6.53076923076923,85.0,10-15%
00-0031941,Jamison Crowder,2018,WAS,25.0,9.0,49,489,0.10020449897750511,82.8,9.2,86.0,10-15%
00-0032208,Phillip Dorsett,2018,NE,25.0,11.0,42,556,0.07553956834532374,81.9,7.445454545454546,87.0,<10%
00-0029159,Jermaine Kearse,2018,NYJ,28.0,13.0,76,505,0.1504950495049505,80.10000000000001,6.161538461538462,88.0,15-20%
00-0028411,Dontrelle Inman,2018,IND,29.0,8.0,39,634,0.061514195583596214,76.4,9.55,89.0,<10%
00-0032775,Demarcus Robinson,2018,KC,24.0,14.0,33,564,0.05851063829787234,74.8,5.3428571428571425,90.0,<10%
00-0031068,Ryan Grant,2018,IND,28.0,14.0,52,634,0.08201892744479496,74.4,5.314285714285715,91.0,<10%
00-0032200,Ty Montgomery,2018,BAL/GB,25.0,13.0,40,1154,0.03466204506065858,73.3,5.638461538461538,92.0,<10%
00-0032791,Jakeem Grant,2018,MIA,26.0,10.0,34,435,0.07816091954022988,72.3,7.2299999999999995,93.0,<10%
00-0032778,Tajae Sharpe,2018,TEN,24.0,15.0,47,425,0.11058823529411765,71.2,4.746666666666667,94.0,10-15%
00-0032951,Laquon Treadwell,2018,MIN,23.0,15.0,53,592,0.08952702702702703,71.2,4.746666666666667,95.0,<10%
00-0028116,Aldrick Robinson,2018,MIN,30.0,14.0,35,592,0.05912162162162162,70.1,5.007142857142857,96.0,<10%
00-0033562,Ryan Switzer,2018,PIT,24.0,16.0,44,676,0.0650887573964497,69.4,4.3375,97.0,<10%
00-0031359,Kelvin Benjamin,2018,BUF/KC,27.0,15.0,67,1043,0.06423777564717162,69.0,4.6,98.0,<10%
00-0033251,Zach Pascal,2018,IND,24.0,14.0,46,634,0.07255520504731862,66.80000000000001,4.771428571428572,99.0,<10%
00-0034370,DaeSean Hamilton,2018,DEN,23.0,11.0,46,564,0.08156028368794327,66.3,6.027272727272727,100.0,<10%
00-0034366,Keke Coutee,2018,HOU,21.0,6.0,41,494,0.08299595141700405,62.699999999999996,10.45,101.0,<10%
00-0032626,Geronimo Allison,2018,GB,24.0,5.0,30,615,0.04878048780487805,62.3,12.459999999999999,102.0,<10%
00-0032054,Breshad Perriman,2018,CLE,25.0,10.0,25,557,0.04488330341113106,62.2,6.220000000000001,103.0,<10%
00-0030821,Allen Hurns,2018,DAL,27.0,14.0,35,517,0.06769825918762089,61.5,4.392857142857143,104.0,<10%
00-0031547,DeVante Parker,2018,MIA,25.0,11.0,47,435,0.10804597701149425,60.9,5.536363636363636,105.0,10-15%
00-0030300,Jaron Brown,2018,SEA,28.0,12.0,19,400,0.0475,60.6,5.05,106.0,<10%
00-0033375,Tim Patrick,2018,DEN,25.0,12.0,41,564,0.0726950354609929,60.2,5.016666666666667,107.0,<10%
00-0031326,Bruce Ellington,2018,DET/HOU,27.0,7.0,42,1055,0.03981042654028436,59.599999999999994,8.514285714285714,108.0,<10%
00-0032362,Maurice Harris,2018,WAS,26.0,11.0,47,489,0.09611451942740286,59.4,5.3999999999999995,109.0,<10%
00-0031257,Paul Richardson,2018,WAS,26.0,7.0,35,489,0.07157464212678936,59.1,8.442857142857143,110.0,<10%
00-0026345,Pierre Garcon,2018,SF,32.0,8.0,46,515,0.08932038834951456,58.599999999999994,7.324999999999999,111.0,<10%
00-0033292,Trent Taylor,2018,SF,24.0,13.0,40,515,0.07766990291262135,55.5,4.269230769230769,112.0,<10%
00-0033466,Isaiah McKenzie,2018,BUF/DEN,23.0,8.0,30,1043,0.028763183125599234,54.5,6.8125,113.0,<10%
00-0034279,Equanimeous St. Brown,2018,GB,22.0,11.0,36,615,0.05853658536585366,54.3,4.9363636363636365,114.0,<10%
00-0028825,Terrelle Pryor,2018,BUF/NYJ,29.0,8.0,30,984,0.03048780487804878,53.1,6.6375,115.0,<10%
00-0025396,Ted Ginn,2018,NO,33.0,5.0,30,511,0.05870841487279843,52.5,10.5,116.0,<10%
00-0027996,Torrey Smith,2018,CAR,29.0,8.0,31,544,0.05698529411764706,50.0,6.25,117.0,<10%
00-0031189,T.J. Jones,2018,DET,26.0,12.0,27,561,0.0481283422459893,50.0,4.166666666666667,118.0,<10%
00-0032398,Chris Moore,2018,BAL,25.0,15.0,25,539,0.04638218923933209,46.3,3.0866666666666664,119.0,<10%
00-0034487,Trent Sherfield,2018,ARI,22.0,9.0,28,473,0.05919661733615222,46.0,5.111111111111111,120.0,<10%
00-0031373,Martavis Bryant,2018,LV,27.0,7.0,27,530,0.0509433962264151,45.9,6.557142857142857,121.0,<10%
00-0034317,Keith Kirkwood,2018,NO,24.0,7.0,21,511,0.0410958904109589,45.9,6.557142857142857,122.0,<10%
00-0031763,DeAndre Carter,2018,HOU/PHI,25.0,13.0,25,1086,0.02302025782688766,44.3,3.4076923076923076,123.0,<10%
00-0034676,James Washington,2018,PIT,22.0,12.0,38,676,0.05621301775147929,43.7,3.641666666666667,124.0,<10%
00-0030670,Bennie Fowler,2018,NYG,27.0,10.0,27,574,0.047038327526132406,41.9,4.1899999999999995,125.0,<10%
00-0033933,Chad Williams,2018,ARI,24.0,10.0,46,473,0.09725158562367865,41.0,4.1,126.0,<10%
00-0030147,Russell Shepard,2018,NYG,28.0,8.0,19,574,0.033101045296167246,40.8,5.1,127.0,<10%
00-0029269,Travis Benjamin,2018,LAC,29.0,12.0,24,506,0.04743083003952569,40.7,3.391666666666667,128.0,<10%
00-0030525,Tavon Austin,2018,DAL,28.0,7.0,13,517,0.025145067698259187,39.5,5.642857142857143,129.0,<10%
00-0031570,Justin Hardy,2018,ATL,27.0,16.0,22,604,0.03642384105960265,39.3,2.45625,130.0,<10%
00-0032543,Alex Erickson,2018,CIN,26.0,16.0,29,529,0.054820415879017016,38.9,2.43125,131.0,<10%
00-0027691,Andre Roberts,2018,NYJ,30.0,16.0,18,505,0.03564356435643564,37.9,2.36875,132.0,<10%
00-0027681,Brandon LaFell,2018,LV,32.0,4.0,16,530,0.03018867924528302,37.5,9.375,133.0,<10%
00-0032795,Cody Core,2018,CIN,24.0,10.0,28,529,0.052930056710775046,37.0,3.7,134.0,<10%
00-0034747,Marcell Ateman,2018,LV,24.0,7.0,31,530,0.05849056603773585,36.4,5.2,135.0,<10%
00-0031344,Cody Latimer,2018,NYG,26.0,6.0,16,574,0.027874564459930314,36.0,6.0,136.0,<10%
00-0034286,Richie James,2018,SF,23.0,12.0,14,515,0.027184466019417475,34.0,2.8333333333333335,137.0,<10%
00-0029319,Josh Bellamy,2018,CHI,29.0,14.0,25,504,0.0496031746031746,33.7,2.4071428571428575,138.0,<10%
00-0029388,Deonte Thompson,2018,BUF/DAL,29.0,13.0,30,996,0.030120481927710843,33.1,2.5461538461538464,139.0,<10%
00-0033094,Marvin Hall,2018,ATL,25.0,14.0,19,604,0.03145695364238411,30.900000000000002,2.2071428571428573,140.0,<10%
00-0033382,Austin Carr,2018,NO,25.0,9.0,14,511,0.0273972602739726,30.7,3.411111111111111,141.0,<10%
00-0024334,Brandon Marshall,2018,SEA,34.0,6.0,23,400,0.0575,30.6,5.1000000000000005,142.0,<10%
00-0034777,DJ Chark,2018,JAX,22.0,11.0,32,524,0.061068702290076333,29.4,2.6727272727272724,143.0,<10%
00-0028263,Andre Holmes,2018,BUF/DEN,30.0,13.0,24,1043,0.023010546500479387,29.2,2.246153846153846,144.0,<10%
00-0031972,Darius Jennings,2018,TEN,26.0,14.0,15,425,0.03529411764705882,28.14,2.0100000000000002,145.0,<10%
00-0029638,Michael Floyd,2018,WAS,29.0,10.0,24,489,0.049079754601226995,28.0,2.8,146.0,<10%
00-0034273,Damion Ratley,2018,CLE,23.0,5.0,20,557,0.03590664272890485,27.4,5.4799999999999995,147.0,<10%
00-0032707,Andy Jones,2018,DET,24.0,6.0,24,561,0.0427807486631016,25.0,4.166666666666667,148.0,<10%
00-0031912,Cameron Meredith,2018,NO,26.0,3.0,10,511,0.019569471624266144,24.4,8.133333333333333,149.0,<10%
00-0031787,Jake Kumerow,2018,GB,26.0,5.0,11,615,0.01788617886178862,24.3,4.86,150.0,<10%
00-0034646,Brandon Powell,2018,DET,23.0,6.0,17,561,0.030303030303030304,24.3,4.05,151.0,<10%
00-0034653,Deontay Burnett,2018,NYJ,21.0,5.0,15,505,0.0297029702970297,24.3,4.86,152.0,<10%
00-0034339,Trey Quinn,2018,WAS,23.0,3.0,10,489,0.02044989775051125,22.5,7.5,153.0,<10%
00-0032980,Marcus Johnson,2018,IND,24.0,4.0,8,634,0.012618296529968454,22.0,5.5,154.0,<10%
00-0031782,Eli Rogers,2018,PIT,26.0,3.0,14,676,0.020710059171597635,21.5,7.166666666666667,155.0,<10%
00-0034631,Vyncint Smith,2018,HOU,22.0,4.0,10,494,0.020242914979757085,20.1,5.025,156.0,<10%
00-0033060,Leonte Carroo,2018,MIA,24.0,5.0,4,435,0.009195402298850575,18.8,3.7600000000000002,157.0,<10%
00-0030516,Brice Butler,2018,DAL/MIA,28.0,6.0,10,952,0.01050420168067227,18.0,3.0,158.0,<10%
00-0028114,Dwayne Harris,2018,LV,31.0,15.0,6,530,0.011320754716981131,17.2,1.1466666666666667,159.0,<10%
00-0034652,Cameron Batson,2018,TEN,23.0,8.0,11,425,0.02588235294117647,16.3,2.0375,160.0,<10%
00-0032881,Tommylee Lewis,2018,NO,26.0,7.0,3,511,0.005870841487279843,14.0,2.0,161.0,<10%
00-0032112,J.J. Nelson,2018,ARI,26.0,9.0,19,473,0.040169133192389,13.399999999999999,1.4888888888888887,162.0,<10%
00-0031545,Kevin White,2018,CHI,26.0,3.0,8,504,0.015873015873015872,13.200000000000001,4.4,163.0,<10%
00-0032966,Corey Coleman,2018,NYG,24.0,8.0,8,574,0.013937282229965157,12.6,1.575,164.0,<10%
00-0031060,De'Anthony Thomas,2018,KC,25.0,5.0,5,564,0.008865248226950355,12.5,2.5,165.0,<10%
00-0034411,Russell Gage,2018,ATL,22.0,9.0,10,604,0.016556291390728478,12.299999999999999,1.3666666666666665,166.0,<10%
00-0028497,Kamar Aiken,2018,PHI,29.0,3.0,7,592,0.011824324324324325,11.3,3.766666666666667,167.0,<10%
00-0033591,Noah Brown,2018,DAL,22.0,7.0,8,517,0.015473887814313346,10.4,1.4857142857142858,168.0,<10%
00-0032170,Rashad Greene,2018,JAX,26.0,7.0,8,524,0.015267175572519083,10.0,1.4285714285714286,169.0,<10%
00-0033434,Bobo Wilson,2018,TB,23.0,5.0,5,619,0.008077544426494346,9.2,1.8399999999999999,170.0,<10%
00-0034258,Derrick Willies,2018,CLE,24.0,1.0,5,557,0.008976660682226212,9.1,9.1,171.0,<10%
00-0034407,Ray-Ray McCloud,2018,BUF,22.0,8.0,6,479,0.012526096033402923,9.0,1.125,172.0,<10%
00-0034499,Jawill Davis,2018,NYG,23.0,7.0,8,574,0.013937282229965157,8.0,1.1428571428571428,173.0,<10%
00-0034309,Chad Beebe,2018,MIN,24.0,3.0,4,592,0.006756756756756757,7.8999999999999995,2.6333333333333333,174.0,<10%
00-0034686,Auden Tate,2018,CIN,21.0,5.0,12,529,0.022684310018903593,7.5,1.5,175.0,<10%
00-0029580,Rishard Matthews,2018,NYJ/TEN,29.0,6.0,9,930,0.00967741935483871,7.3999999999999995,1.2333333333333332,176.0,<10%
00-0034426,Javon Wims,2018,CHI,24.0,2.0,5,504,0.00992063492063492,7.2,3.6,177.0,<10%
00-0034489,Jalen Tolliver,2018,ARI,23.0,3.0,6,473,0.012684989429175475,6.7,2.2333333333333334,178.0,<10%
00-0033573,Shelton Gibson,2018,PHI,23.0,5.0,3,592,0.005067567567567568,5.8,1.16,179.0,<10%
00-0034054,River Cracraft,2018,DEN,24.0,8.0,2,564,0.0035460992907801418,5.4,0.675,180.0,<10%
00-0030521,Justin Hunter,2018,PIT,27.0,4.0,13,676,0.019230769230769232,5.1,1.275,181.0,<10%
00-0029640,Brian Quick,2018,WAS,29.0,2.0,3,489,0.006134969325153374,4.800000000000001,2.4000000000000004,182.0,<10%
00-0032959,Charone Peake,2018,NYJ,26.0,6.0,3,505,0.005940594059405941,4.5,0.75,183.0,<10%
00-0034867,Malik Turner,2018,SEA,22.0,3.0,3,400,0.0075,4.0,1.3333333333333333,184.0,<10%
00-0030542,Terrance Williams,2018,DAL,29.0,2.0,3,517,0.005802707930367505,3.8000000000000003,1.9000000000000001,185.0,<10%
00-0029848,Nick Williams,2018,LA/TEN,28.0,4.0,5,970,0.005154639175257732,3.7,0.925,186.0,<10%
00-0034854,KhaDarel Hodge,2018,LA,23.0,6.0,3,545,0.005504587155963303,3.7,0.6166666666666667,187.0,<10%
00-0034268,J'Mon Moore,2018,GB,23.0,7.0,3,615,0.004878048780487805,3.5,0.5,188.0,<10%
00-0034052,Brandon Zylstra,2018,MIN,25.0,5.0,2,592,0.0033783783783783786,3.3,0.6599999999999999,189.0,<10%
00-0033474,Gehrig Dieter,2018,KC,25.0,2.0,3,564,0.005319148936170213,3.2,1.6,190.0,<10%
00-0028091,Jeremy Kerley,2018,BUF,30.0,1.0,4,479,0.008350730688935281,2.7,2.7,191.0,<10%
00-0033379,Tim White,2018,BAL,24.0,3.0,1,539,0.0018552875695732839,2.4,0.7999999999999999,192.0,<10%
00-0032166,Sammie Coates,2018,HOU,25.0,4.0,2,494,0.004048582995951417,2.2,0.55,193.0,<10%
00-0033859,Josh Malone,2018,CIN,22.0,3.0,5,529,0.00945179584120983,2.2,0.7333333333333334,194.0,<10%
00-0033306,Victor Bolden,2018,BUF/SF,23.0,3.0,4,994,0.004024144869215292,2.0,0.6666666666666666,195.0,<10%
00-0034512,Cam Phillips,2018,BUF,23.0,2.0,1,479,0.0020876826722338203,1.9,0.95,196.0,<10%
00-0031868,Damiere Byrd,2018,CAR,25.0,7.0,2,544,0.003676470588235294,1.8,0.2571428571428572,197.0,<10%
00-0033441,Keon Hatcher,2018,LV,24.0,2.0,2,530,0.0037735849056603774,1.8,0.9,198.0,<10%
00-0034710,Darvin Kidsy,2018,WAS,23.0,1.0,2,489,0.00408997955010225,1.8,1.8,199.0,<10%
00-0033481,Marcus Kemp,2018,KC,23.0,5.0,2,564,0.0035460992907801418,1.7,0.33999999999999997,200.0,<10%
00-0034521,Allen Lazard,2018,GB,23.0,1.0,1,615,0.0016260162601626016,1.7,1.7,202.0,<10%
00-0034386,Justin Watson,2018,TB,22.0,7.0,3,619,0.004846526655896607,1.5,0.21428571428571427,203.0,<10%
00-0034560,J.J. Jones,2018,LAC/NYJ,26.0,4.0,1,1011,0.0009891196834817012,1.3,0.325,204.0,<10%
00-0033464,Jehu Chesson,2018,WAS,25.0,6.0,2,489,0.00408997955010225,1.2999999999999998,0.21666666666666665,205.0,<10%
00-0026983,Darrius Heyward-Bey,2018,PIT,31.0,8.0,2,676,0.0029585798816568047,1.2,0.15,206.0,<10%
00-0026901,Mike Wallace,2018,PHI,32.0,1.0,3,592,0.005067567567567568,0.0,0.0,208.0,<10%
00-0030737,Freddie Martino,2018,TB,27.0,1.0,1,619,0.0016155088852988692,0.0,0.0,210.0,<10%
00-0031953,Geremy Davis,2018,LAC,26.0,5.0,1,506,0.001976284584980237,0.0,0.0,211.0,<10%
00-0032935,Johnny Holton,2018,LV,27.0,1.0,1,530,0.0018867924528301887,0.0,0.0,215.0,<10%
00-0033111,Pharoh Cooper,2018,ARI/LA,23.0,7.0,1,1018,0.0009823182711198428,0.0,0.0,217.0,<10%
00-0033471,Isaiah Ford,2018,MIA,22.0,1.0,1,435,0.0022988505747126436,0.0,0.0,219.0,<10%
00-0033773,Riley McCarron,2018,NE,25.0,1.0,1,556,0.0017985611510791368,0.0,0.0,221.0,<10%
00-0033968,Stacy Coley,2018,MIN/NYG,24.0,2.0,1,1166,0.0008576329331046312,0.0,0.0,222.0,<10%
00-0034593,Chris Lacy,2018,DET,22.0,1.0,1,561,0.0017825311942959,0.0,0.0,227.0,<10%
00-0032765,Michael Thomas,2019,NO,26.0,16.0,185,559,0.33094812164579607,374.6,23.4125,1.0,30%+
00-0033921,Chris Godwin Jr.,2019,TB,23.0,14.0,121,607,0.19934102141680396,276.1,19.72142857142857,2.0,15-20%
00-0027944,Julio Jones,2019,ATL,30.0,15.0,157,655,0.23969465648854962,274.1,18.273333333333333,3.0,20-25%
00-0033908,Cooper Kupp,2019,LA,26.0,16.0,134,612,0.21895424836601307,270.5,16.90625,4.0,20-25%
00-0030564,DeAndre Hopkins,2019,HOU,27.0,15.0,150,518,0.28957528957528955,268.54,17.90266666666667,5.0,25-30%
00-0030279,Keenan Allen,2019,LAC,27.0,16.0,149,576,0.2586805555555556,261.5,16.34375,6.0,25-30%
00-0027150,Julian Edelman,2019,NE,33.0,16.0,153,587,0.2606473594548552,256.28,16.0175,7.0,25-30%
00-0031428,Allen Robinson,2019,CHI,26.0,16.0,154,566,0.27208480565371024,254.9,15.93125,8.0,25-30%
00-0033932,Kenny Golladay,2019,DET,26.0,16.0,116,550,0.2109090909090909,248.0,15.5,9.0,20-25%
00-0031544,Amari Cooper,2019,DAL,25.0,16.0,119,576,0.2065972222222222,246.5,15.40625,10.0,20-25%
00-0031547,DeVante Parker,2019,MIA,26.0,16.0,128,606,0.21122112211221122,246.2,15.3875,11.0,20-25%
00-0031382,Jarvis Landry,2019,CLE,27.0,16.0,138,517,0.26692456479690524,237.4,14.8375,12.0,25-30%
00-0032211,Tyler Lockett,2019,SEA,27.0,16.0,110,494,0.22267206477732793,235.2,14.7,13.0,20-25%
00-0030431,Robert Woods,2019,LA,27.0,15.0,139,612,0.22712418300653595,232.9,15.526666666666667,14.0,20-25%
00-0031408,Mike Evans,2019,TB,26.0,13.0,118,607,0.19439868204283361,232.7,17.9,15.0,15-20%
00-0034827,DJ Moore,2019,CAR,22.0,15.0,135,600,0.225,230.5,15.366666666666667,16.0,20-25%
00-0034777,DJ Chark,2019,JAX,23.0,15.0,118,563,0.20959147424511546,225.8,15.053333333333335,17.0,20-25%
00-0033009,Tyler Boyd,2019,CIN,25.0,16.0,148,589,0.25127334465195245,222.9,13.93125,18.0,25-30%
00-0034348,Courtland Sutton,2019,DEN,24.0,16.0,124,481,0.2577962577962578,222.42,13.90125,19.0,25-30%
00-0031051,John Brown,2019,BUF,29.0,15.0,115,485,0.23711340206185566,219.82,14.654666666666666,20.0,20-25%
00-0035676,A.J. Brown,2019,TEN,22.0,16.0,84,428,0.19626168224299065,217.1,13.56875,21.0,15-20%
00-0031588,Stefon Diggs,2019,MIN,26.0,15.0,94,442,0.21266968325791855,214.1,14.273333333333333,22.0,20-25%
00-0031381,Davante Adams,2019,GB,27.0,12.0,127,542,0.23431734317343172,212.70000000000002,17.725,23.0,20-25%
00-0034764,Michael Gallup,2019,DAL,23.0,14.0,113,576,0.19618055555555555,212.7,15.192857142857141,24.0,15-20%
00-0031235,Odell Beckham Jr.,2019,CLE,27.0,16.0,133,517,0.2572533849129594,203.3,12.70625,25.0,25-30%
00-0031941,Jamison Crowder,2019,NYJ,26.0,16.0,122,492,0.24796747967479674,197.70000000000002,12.356250000000001,26.0,20-25%
00-0034837,Calvin Ridley,2019,ATL,25.0,13.0,93,655,0.14198473282442747,197.0,15.153846153846153,27.0,10-15%
00-0029293,Marvin Jones,2019,DET,29.0,13.0,91,550,0.16545454545454547,193.9,14.915384615384616,28.0,15-20%
00-0035659,Terry McLaurin,2019,WAS,24.0,14.0,93,464,0.20043103448275862,191.9,13.707142857142857,29.0,20-25%
00-0027685,Emmanuel Sanders,2019,DEN/SF,32.0,17.0,97,948,0.10232067510548523,190.3,11.194117647058825,30.0,10-15%
00-0035719,Deebo Samuel Sr.,2019,SF,23.0,15.0,81,467,0.1734475374732334,189.1,12.606666666666666,31.0,15-20%
00-0033040,Tyreek Hill,2019,KC,25.0,12.0,89,558,0.15949820788530467,188.3,15.691666666666668,32.0,15-20%
00-0035640,DK Metcalf,2019,SEA,22.0,16.0,100,494,0.20242914979757085,187.1,11.69375,33.0,20-25%
00-0029000,Cole Beasley,2019,BUF,30.0,15.0,106,485,0.21855670103092784,184.8,12.32,34.0,20-25%
00-0022921,Larry Fitzgerald,2019,ARI,36.0,16.0,109,529,0.2060491493383743,177.4,11.0875,35.0,20-25%
00-0033282,Curtis Samuel,2019,CAR,23.0,16.0,105,600,0.175,171.7,10.73125,36.0,15-20%
00-0035535,Darius Slayton,2019,NYG,22.0,14.0,84,588,0.14285714285714285,170.0,12.142857142857142,37.0,10-15%
00-0034775,Christian Kirk,2019,ARI,23.0,13.0,108,529,0.20415879017013233,168.2,12.938461538461537,38.0,20-25%
00-0035216,Diontae Johnson,2019,PIT,23.0,16.0,92,485,0.18969072164948453,165.1,10.31875,39.0,15-20%
00-0032688,Robbie Chosen,2019,NYJ,26.0,16.0,96,492,0.1951219512195122,162.3,10.14375,40.0,15-20%
00-0033536,Mike Williams,2019,LAC,25.0,15.0,90,576,0.15625,161.3,10.753333333333334,41.0,15-20%
00-0033839,Dede Westbrook,2019,JAX,26.0,15.0,101,563,0.17939609236234458,156.7,10.446666666666665,42.0,15-20%
00-0032128,Chris Conley,2019,JAX,27.0,16.0,90,563,0.15985790408525755,156.5,9.78125,43.0,15-20%
00-0028002,Randall Cobb,2019,DAL,29.0,15.0,83,576,0.1440972222222222,154.9,10.326666666666666,44.0,10-15%
00-0027891,Golden Tate,2019,NYG,31.0,11.0,85,588,0.1445578231292517,154.2,14.018181818181818,45.0,10-15%
00-0035662,Marquise Brown,2019,BAL,22.0,14.0,71,424,0.16745283018867924,146.4,10.457142857142857,46.0,15-20%
00-0032160,Tyrell Williams,2019,LV,27.0,13.0,64,491,0.13034623217922606,143.1,11.007692307692308,47.0,10-15%
00-0032385,Sterling Shepard,2019,NYG,26.0,10.0,83,588,0.141156462585034,141.8,14.180000000000001,48.0,10-15%
00-0026035,Danny Amendola,2019,DET,34.0,15.0,97,550,0.17636363636363636,140.56,9.370666666666667,49.0,15-20%
00-0031325,Sammy Watkins,2019,KC,26.0,13.0,90,558,0.16129032258064516,138.5,10.653846153846153,50.0,15-20%
00-0032054,Breshad Perriman,2019,TB,26.0,14.0,69,607,0.11367380560131796,138.1,9.864285714285714,51.0,10-15%
00-0033251,Zach Pascal,2019,IND,25.0,16.0,72,488,0.14754098360655737,135.3,8.45625,52.0,10-15%
00-0033127,Will Fuller,2019,HOU,25.0,11.0,71,518,0.13706563706563707,134.0,12.181818181818182,53.0,10-15%
00-0034676,James Washington,2019,PIT,23.0,15.0,80,485,0.16494845360824742,133.5,8.9,54.0,15-20%
00-0034983,Hunter Renfrow,2019,LV,24.0,13.0,71,491,0.1446028513238289,133.5,10.26923076923077,55.0,10-15%
00-0034353,Anthony Miller,2019,CHI,25.0,16.0,85,566,0.1501766784452297,127.5,7.96875,56.0,15-20%
00-0029608,T.Y. Hilton,2019,IND,30.0,10.0,68,488,0.13934426229508196,125.1,12.51,57.0,10-15%
00-0029632,Mohamed Sanu,2019,ATL/NE,30.0,15.0,89,1242,0.071658615136876,124.10000000000001,8.273333333333333,58.0,<10%
00-0035140,Mecole Hardman,2019,KC,21.0,16.0,41,558,0.07347670250896057,123.5,7.71875,59.0,<10%
00-0029137,Alshon Jeffery,2019,PHI,29.0,9.0,73,604,0.12086092715231789,122.2,13.577777777777778,60.0,10-15%
00-0030085,Kenny Stills,2019,HOU,27.0,13.0,55,518,0.10617760617760617,120.1,9.238461538461538,61.0,10-15%
00-0031236,Brandin Cooks,2019,LA,26.0,14.0,72,612,0.11764705882352941,117.5,8.392857142857142,62.0,10-15%
00-0033871,Corey Davis,2019,TEN,24.0,15.0,69,428,0.16121495327102803,115.1,7.673333333333333,63.0,15-20%
00-0030035,Adam Thielen,2019,MIN,29.0,10.0,48,442,0.1085972850678733,114.4,11.440000000000001,64.0,10-15%
00-0033857,JuJu Smith-Schuster,2019,PIT,23.0,12.0,70,485,0.14432989690721648,113.2,9.433333333333334,65.0,10-15%
00-0034928,Steven Sims,2019,WAS,22.0,16.0,56,464,0.1206896551724138,109.5,6.84375,66.0,10-15%
00-0034521,Allen Lazard,2019,GB,24.0,12.0,52,542,0.0959409594095941,102.8,8.566666666666666,67.0,<10%
00-0034686,Auden Tate,2019,CIN,22.0,12.0,80,589,0.13582342954159593,101.5,8.458333333333334,68.0,10-15%
00-0032775,Demarcus Robinson,2019,KC,25.0,15.0,55,558,0.0985663082437276,100.9,6.7266666666666675,69.0,<10%
00-0032208,Phillip Dorsett,2019,NE,26.0,11.0,54,587,0.0919931856899489,100.8,9.163636363636364,70.0,<10%
00-0034411,Russell Gage,2019,ATL,23.0,14.0,74,655,0.11297709923664122,100.8,7.2,71.0,10-15%
00-0032543,Alex Erickson,2019,CIN,27.0,16.0,78,589,0.13242784380305603,100.24,6.265,72.0,10-15%
00-0033307,Kendrick Bourne,2019,SF,24.0,16.0,44,467,0.09421841541755889,97.8,6.1125,73.0,<10%
00-0030663,Willie Snead,2019,BAL,27.0,16.0,46,424,0.10849056603773585,95.1,5.94375,74.0,10-15%
00-0033460,John Ross,2019,CIN,24.0,8.0,56,589,0.09507640067911714,95.0,11.875,75.0,<10%
00-0031549,Nelson Agholor,2019,PHI,26.0,11.0,69,604,0.11423841059602649,94.0,8.545454545454545,76.0,10-15%
00-0035350,Preston Williams,2019,MIA,22.0,8.0,60,606,0.09900990099009901,90.8,11.35,77.0,<10%
00-0031228,Taylor Gabriel,2019,CHI,28.0,9.0,48,566,0.08480565371024736,90.3,10.033333333333333,78.0,<10%
00-0030669,Albert Wilson,2019,MIA,27.0,13.0,62,606,0.10231023102310231,89.4,6.876923076923077,79.0,10-15%
00-0032009,Adam Humphries,2019,TEN,26.0,12.0,47,428,0.10981308411214953,86.5,7.208333333333333,80.0,10-15%
00-0025396,Ted Ginn,2019,NO,34.0,15.0,56,559,0.1001788908765653,85.9,5.7266666666666675,81.0,10-15%
00-0027874,Demaryius Thomas,2019,NYJ,32.0,11.0,58,492,0.11788617886178862,85.3,7.754545454545454,82.0,10-15%
00-0034272,Marquez Valdes-Scantling,2019,GB,25.0,15.0,56,542,0.1033210332103321,84.1,5.6066666666666665,83.0,10-15%
00-0030821,Allen Hurns,2019,MIA,28.0,14.0,47,606,0.07755775577557755,83.6,5.971428571428571,84.0,<10%
00-0032778,Tajae Sharpe,2019,TEN,25.0,13.0,35,428,0.08177570093457943,81.89999999999999,6.299999999999999,85.0,<10%
00-0035006,Bisi Johnson,2019,MIN,22.0,13.0,45,442,0.10180995475113122,79.0,6.076923076923077,86.0,10-15%
00-0033681,Keelan Cole,2019,JAX,26.0,12.0,35,563,0.06216696269982238,78.7,6.558333333333334,87.0,<10%
00-0032626,Geronimo Allison,2019,GB,25.0,15.0,55,542,0.1014760147601476,75.4,5.026666666666667,88.0,10-15%
00-0029664,Josh Gordon,2019,NE/SEA,28.0,11.0,47,1081,0.043478260869565216,73.7,6.7,89.0,<10%
00-0031868,Damiere Byrd,2019,ARI,26.0,11.0,46,529,0.08695652173913043,71.9,6.536363636363637,90.0,<10%
00-0034765,Tre'Quan Smith,2019,NO,23.0,10.0,25,559,0.044722719141323794,71.4,7.140000000000001,91.0,<10%
00-0035297,Kelvin Harmon,2019,WAS,23.0,15.0,44,464,0.09482758620689655,66.94,4.462666666666666,92.0,<10%
00-0031344,Cody Latimer,2019,NYG,27.0,14.0,42,588,0.07142857142857142,66.0,4.714285714285714,93.0,<10%
00-0031257,Paul Richardson,2019,WAS,27.0,10.0,42,464,0.09051724137931035,64.5,6.45,94.0,<10%
00-0034370,DaeSean Hamilton,2019,DEN,24.0,13.0,52,481,0.10810810810810811,63.7,4.9,95.0,10-15%
00-0033466,Isaiah McKenzie,2019,BUF,24.0,12.0,39,485,0.08041237113402062,63.3,5.2749999999999995,96.0,<10%
00-0033943,Josh Reynolds,2019,LA,24.0,16.0,43,612,0.07026143790849673,61.9,3.86875,97.0,<10%
00-0034960,Jakobi Meyers,2019,NE,23.0,11.0,41,587,0.06984667802385008,61.9,5.627272727272727,98.0,<10%
00-0031166,Seth Roberts,2019,BAL,28.0,14.0,35,424,0.08254716981132075,60.1,4.292857142857143,99.0,<10%
00-0033733,Greg Ward,2019,PHI,24.0,6.0,40,604,0.06622516556291391,59.9,9.983333333333333,100.0,<10%
00-0033589,David Moore,2019,SEA,24.0,14.0,34,494,0.06882591093117409,59.6,4.257142857142857,101.0,<10%
00-0029572,Jarius Wright,2019,CAR,30.0,16.0,58,600,0.09666666666666666,56.9,3.55625,102.0,<10%
00-0032980,Marcus Johnson,2019,IND,25.0,8.0,33,488,0.06762295081967214,56.7,7.0875,103.0,<10%
00-0033111,Pharoh Cooper,2019,ARI,24.0,12.0,33,529,0.062381852551984876,55.5,4.625,104.0,<10%
00-0034366,Keke Coutee,2019,HOU,22.0,8.0,36,518,0.0694980694980695,52.800000000000004,6.6000000000000005,105.0,<10%
00-0034339,Trey Quinn,2019,WAS,24.0,12.0,47,464,0.10129310344827586,51.8,4.316666666666666,106.0,10-15%
00-0035703,Miles Boykin,2019,BAL,23.0,12.0,22,424,0.05188679245283019,50.8,4.233333333333333,107.0,<10%
00-0034631,Vyncint Smith,2019,NYJ,23.0,13.0,31,492,0.06300813008130081,50.7,3.9000000000000004,108.0,<10%
00-0033891,Zay Jones,2019,BUF/LV,24.0,14.0,45,976,0.04610655737704918,48.9,3.492857142857143,109.0,<10%
00-0033471,Isaiah Ford,2019,MIA,23.0,8.0,35,606,0.057755775577557754,48.5,6.0625,110.0,<10%
00-0030300,Jaron Brown,2019,SEA,29.0,10.0,28,494,0.05668016194331984,48.0,4.8,111.0,<10%
00-0032791,Jakeem Grant,2019,MIA,27.0,9.0,33,606,0.054455445544554455,47.9,5.322222222222222,112.0,<10%
00-0032355,Chester Rogers,2019,IND,25.0,10.0,28,488,0.05737704918032787,47.7,4.7700000000000005,113.0,<10%
00-0030525,Tavon Austin,2019,DAL,29.0,14.0,24,576,0.041666666666666664,47.4,3.3857142857142857,114.0,<10%
00-0030670,Bennie Fowler,2019,NYG,28.0,8.0,36,588,0.061224489795918366,46.3,5.7875,115.0,<10%
00-0035287,KeeSean Johnson,2019,ARI,23.0,10.0,42,529,0.07939508506616257,46.0,4.6,116.0,<10%
00-0034867,Malik Turner,2019,SEA,23.0,11.0,22,494,0.044534412955465584,45.5,4.136363636363637,117.0,<10%
00-0034386,Justin Watson,2019,TB,23.0,9.0,26,607,0.042833607907743,42.9,4.766666666666667,118.0,<10%
00-0034426,Javon Wims,2019,CHI,25.0,11.0,39,566,0.06890459363957598,42.6,3.872727272727273,119.0,<10%
00-0035298,Scott Miller,2019,TB,22.0,9.0,26,607,0.042833607907743,40.6,4.511111111111111,120.0,<10%
00-0031787,Jake Kumerow,2019,GB,27.0,11.0,21,542,0.03874538745387454,39.9,3.627272727272727,121.0,<10%
00-0033094,Marvin Hall,2019,DET,26.0,7.0,11,550,0.02,39.800000000000004,5.685714285714286,122.0,<10%
00-0031570,Justin Hardy,2019,ATL,28.0,12.0,26,655,0.03969465648854962,38.5,3.2083333333333335,123.0,<10%
00-0035639,Parris Campbell,2019,IND,22.0,7.0,24,488,0.04918032786885246,38.1,5.442857142857143,124.0,<10%
00-0030068,Marquise Goodwin,2019,SF,29.0,8.0,21,467,0.044967880085653104,38.099999999999994,4.762499999999999,125.0,<10%
00-0034273,Damion Ratley,2019,CLE,24.0,9.0,24,517,0.04642166344294004,38.0,4.222222222222222,126.0,<10%
00-0033375,Tim Patrick,2019,DEN,26.0,8.0,31,481,0.06444906444906445,37.8,4.725,127.0,<10%
00-0026189,DeSean Jackson,2019,PHI,33.0,2.0,10,604,0.016556291390728478,36.9,18.45,128.0,<10%
00-0035527,Andy Isabella,2019,ARI,23.0,12.0,13,529,0.024574669187145556,35.4,2.9499999999999997,129.0,<10%
00-0034297,Byron Pringle,2019,KC,26.0,12.0,16,558,0.02867383512544803,35.0,2.9166666666666665,130.0,<10%
00-0032945,Duke Williams,2019,BUF,26.0,4.0,19,485,0.03917525773195876,34.6,8.65,131.0,<10%
00-0034860,Dante Pettis,2019,SF,24.0,9.0,24,467,0.05139186295503212,34.54,3.8377777777777777,132.0,<10%
00-0032951,Laquon Treadwell,2019,MIN,24.0,10.0,16,442,0.03619909502262444,33.4,3.34,133.0,<10%
00-0035246,J.J. Arcega-Whiteside,2019,PHI,23.0,9.0,22,604,0.03642384105960265,32.9,3.6555555555555554,134.0,<10%
00-0032200,Ty Montgomery,2019,NYJ,26.0,15.0,17,492,0.034552845528455285,32.3,2.1533333333333333,135.0,<10%
00-0032423,Trevor Davis,2019,GB/LV/MIA,26.0,14.0,11,1639,0.006711409395973154,30.400000000000002,2.1714285714285717,136.0,<10%
00-0028411,Dontrelle Inman,2019,IND/LAC,30.0,7.0,21,1064,0.019736842105263157,30.1,4.3,137.0,<10%
00-0032464,Kalif Raymond,2019,TEN,25.0,8.0,12,428,0.028037383177570093,29.5,3.6875,138.0,<10%
00-0034286,Richie James,2019,SF,24.0,16.0,10,467,0.021413276231263382,28.400000000000002,1.7750000000000001,139.0,<10%
00-0031763,DeAndre Carter,2019,HOU,26.0,16.0,14,518,0.02702702702702703,27.2,1.7,140.0,<10%
00-0035120,Keelan Doss,2019,LV,23.0,6.0,14,491,0.028513238289205704,24.3,4.05,141.0,<10%
00-0033555,Mack Hollins,2019,MIA/PHI,26.0,12.0,23,1210,0.019008264462809916,22.5,1.875,142.0,<10%
00-0031934,Devin Smith,2019,DAL,27.0,3.0,9,576,0.015625,22.299999999999997,7.433333333333333,143.0,<10%
00-0034406,Deon Cain,2019,IND/PIT,23.0,11.0,20,973,0.020554984583761562,21.4,1.9454545454545453,144.0,<10%
00-0035208,Olamide Zaccheaus,2019,ATL,22.0,6.0,5,655,0.007633587786259542,20.5,3.4166666666666665,145.0,<10%
00-0034132,Christian Blake,2019,ATL,23.0,7.0,24,655,0.0366412213740458,20.1,2.8714285714285714,146.0,<10%
00-0034052,Brandon Zylstra,2019,CAR,26.0,5.0,12,600,0.02,18.6,3.72,147.0,<10%
00-0034419,Braxton Berrios,2019,NYJ,24.0,16.0,13,492,0.026422764227642278,17.5,1.09375,148.0,<10%
00-0035215,Deonte Harty,2019,NO,22.0,14.0,6,559,0.01073345259391771,17.5,1.25,149.0,<10%
00-0035401,Damion Willis,2019,CIN,22.0,7.0,16,589,0.027164685908319185,17.2,2.457142857142857,150.0,<10%
00-0034772,Antonio Callaway,2019,CLE,22.0,4.0,15,517,0.029013539651837523,16.9,4.225,151.0,<10%
00-0027793,Antonio Brown,2019,NE,31.0,1.0,8,587,0.013628620102214651,16.1,16.1,152.0,<10%
00-0032977,Rashard Higgins,2019,CLE,25.0,7.0,11,517,0.02127659574468085,15.5,2.2142857142857144,153.0,<10%
00-0028237,Chris Hogan,2019,CAR,32.0,7.0,15,600,0.025,14.7,2.1,154.0,<10%
00-0034660,Rico Gafford,2019,LV,23.0,3.0,2,491,0.004073319755600814,14.600000000000001,4.866666666666667,155.0,<10%
00-0034747,Marcell Ateman,2019,LV,25.0,4.0,10,491,0.020366598778004074,14.6,3.65,156.0,<10%
00-0033572,Jamal Agnew,2019,DET,24.0,13.0,2,550,0.0036363636363636364,13.700000000000001,1.0538461538461539,157.0,<10%
00-0032112,J.J. Nelson,2019,LV,27.0,1.0,5,491,0.010183299389002037,13.6,13.6,158.0,<10%
00-0035590,Riley Ridley,2019,CHI,23.0,3.0,7,566,0.012367491166077738,12.9,4.3,159.0,<10%
00-0031189,T.J. Jones,2019,NYG,27.0,3.0,4,588,0.006802721088435374,12.8,4.266666666666667,160.0,<10%
00-0034510,Robert Foster,2019,BUF,25.0,10.0,18,485,0.03711340206185567,12.3,1.23,161.0,<10%
00-0034487,Trent Sherfield,2019,ARI,23.0,10.0,13,529,0.024574669187145556,12.0,1.2,162.0,<10%
00-0033705,Andre Patton,2019,LAC,25.0,8.0,17,576,0.029513888888888888,11.6,1.45,163.0,<10%
00-0034854,KhaDarel Hodge,2019,CLE,24.0,12.0,10,517,0.019342359767891684,11.6,0.9666666666666667,164.0,<10%
00-0033562,Ryan Switzer,2019,PIT,25.0,9.0,11,485,0.02268041237113402,10.700000000000001,1.188888888888889,165.0,<10%
00-0032728,Tevin Jones,2019,PIT,27.0,4.0,10,485,0.020618556701030927,10.1,2.525,166.0,<10%
00-0034418,Cedrick Wilson Jr.,2019,DAL,24.0,4.0,8,576,0.013888888888888888,9.6,2.4,167.0,<10%
00-0031511,DeAndrew White,2019,CAR,28.0,8.0,9,600,0.015,9.1,1.1375,168.0,<10%
00-0029269,Travis Benjamin,2019,LAC,30.0,5.0,16,576,0.027777777777777776,9.0,1.8,169.0,<10%
00-0034309,Chad Beebe,2019,MIN,25.0,3.0,2,442,0.004524886877828055,9.0,3.0,170.0,<10%
00-0034593,Chris Lacy,2019,DET,23.0,4.0,10,550,0.01818181818181818,9.0,2.25,171.0,<10%
00-0035548,Ventell Bryant,2019,DAL,23.0,7.0,1,576,0.001736111111111111,8.5,1.2142857142857142,172.0,<10%
00-0031319,Diontae Spencer,2019,DEN,27.0,16.0,8,481,0.016632016632016633,7.7,0.48125,173.0,<10%
00-0031953,Geremy Davis,2019,LAC,27.0,6.0,3,576,0.005208333333333333,6.8,1.1333333333333333,174.0,<10%
00-0034653,Deontay Burnett,2019,PHI,22.0,1.0,4,604,0.006622516556291391,6.8,6.8,175.0,<10%
00-0035104,Alexander Hollins,2019,MIN,23.0,2.0,4,442,0.00904977375565611,6.6,3.3,176.0,<10%
00-0033434,Bobo Wilson,2019,TB,24.0,6.0,11,607,0.018121911037891267,6.5,1.0833333333333333,177.0,<10%
00-0035432,Jason Moore,2019,LAC,24.0,6.0,5,576,0.008680555555555556,6.3,1.05,178.0,<10%
00-0032055,Devin Funchess,2019,IND,25.0,1.0,5,488,0.010245901639344262,6.2,6.2,179.0,<10%
00-0026986,Michael Crabtree,2019,ARI,32.0,2.0,5,529,0.00945179584120983,6.199999999999999,3.0999999999999996,180.0,<10%
00-0032935,Johnny Holton,2019,PIT,28.0,12.0,15,485,0.030927835051546393,6.0,0.5,182.0,<10%
00-0031339,Donte Moncrief,2019,PIT,26.0,4.0,15,485,0.030927835051546393,5.800000000000001,1.4500000000000002,183.0,<10%
00-0032795,Cody Core,2019,NYG,25.0,7.0,5,588,0.008503401360544218,5.8,0.8285714285714285,184.0,<10%
00-0027691,Andre Roberts,2019,BUF,31.0,13.0,7,485,0.01443298969072165,5.7,0.43846153846153846,185.0,<10%
00-0034081,Steven Mitchell,2019,HOU,25.0,2.0,6,518,0.011583011583011582,5.7,2.85,186.0,<10%
00-0030147,Russell Shepard,2019,NYG,29.0,2.0,8,588,0.013605442176870748,5.5,2.75,187.0,<10%
00-0035645,Gunner Olszewski,2019,NE,23.0,8.0,4,587,0.0068143100511073255,5.4,0.675,188.0,<10%
00-0031068,Ryan Grant,2019,LV,29.0,2.0,9,491,0.018329938900203666,5.3999999999999995,2.6999999999999997,189.0,<10%
00-0034922,Ishmael Hyman,2019,TB,24.0,2.0,4,607,0.006589785831960461,5.3999999999999995,2.6999999999999997,190.0,<10%
00-0032398,Chris Moore,2019,BAL,26.0,7.0,5,424,0.01179245283018868,5.1,0.7285714285714285,191.0,<10%
00-0033367,C.J. Board,2019,JAX,26.0,2.0,4,563,0.007104795737122558,5.1,2.55,192.0,<10%
00-0031431,Marqise Lee,2019,JAX,28.0,4.0,4,563,0.007104795737122558,4.9,1.225,193.0,<10%
00-0035399,Stanley Morgan,2019,CIN,23.0,7.0,10,589,0.01697792869269949,4.8,0.6857142857142857,194.0,<10%
00-0034104,Cam Sims,2019,WAS,23.0,3.0,3,464,0.00646551724137931,4.7,1.5666666666666667,195.0,<10%
00-0034256,Da'Mari Scott,2019,NYG,24.0,5.0,3,588,0.00510204081632653,4.7,0.9400000000000001,196.0,<10%
00-0033994,Fred Brown,2019,DEN,26.0,6.0,3,481,0.006237006237006237,4.1,0.6833333333333332,197.0,<10%
00-0029319,Josh Bellamy,2019,NYJ,30.0,5.0,3,492,0.006097560975609756,4.0,0.8,198.0,<10%
00-0031972,Darius Jennings,2019,TEN,27.0,8.0,5,428,0.011682242990654205,3.7,0.4625,199.0,<10%
00-0033530,Robert Davis,2019,PHI/WAS,24.0,3.0,5,1068,0.0046816479400749065,3.7,1.2333333333333334,200.0,<10%
00-0035021,Ashton Dulin,2019,IND,22.0,8.0,2,488,0.004098360655737705,3.6999999999999997,0.46249999999999997,201.0,<10%
00-0035374,Michael Walker,2019,JAX,23.0,7.0,3,563,0.0053285968028419185,3.5,0.5,202.0,<10%
00-0033114,Mike Thomas,2019,LA,25.0,7.0,5,612,0.008169934640522876,3.4,0.4857142857142857,203.0,<10%
00-0033386,Cody Hollister,2019,TEN,26.0,3.0,2,428,0.004672897196261682,3.3,1.0999999999999999,204.0,<10%
00-0034034,Rashard Davis,2019,TEN,24.0,1.0,1,428,0.002336448598130841,2.6,2.6,205.0,<10%
00-0035510,Jeff Smith,2019,NYJ,22.0,1.0,2,492,0.0040650406504065045,2.2,2.2,206.0,<10%
00-0031060,De'Anthony Thomas,2019,BAL/KC,26.0,14.0,2,982,0.002036659877800407,2.1,0.15,207.0,<10%
00-0035597,John Ursua,2019,SEA,25.0,1.0,1,494,0.0020242914979757085,2.1,2.1,208.0,<10%
00-0033382,Austin Carr,2019,NO,26.0,2.0,4,559,0.007155635062611807,1.9,0.95,209.0,<10%
00-0028114,Dwayne Harris,2019,LV,32.0,3.0,1,491,0.002036659877800407,1.7,0.5666666666666667,210.0,<10%
00-0034267,Jaleel Scott,2019,BAL,24.0,1.0,3,424,0.007075471698113208,1.6,1.6,211.0,<10%
00-0033604,Krishawn Hogan,2019,NO,24.0,1.0,1,559,0.0017889087656529517,1.4,1.4,212.0,<10%
00-0033215,Cyril Grayson,2019,TB,26.0,1.0,1,607,0.0016474464579901153,1.3,1.3,213.0,<10%
00-0035181,Darrius Shepherd,2019,GB,24.0,6.0,2,542,0.0036900369003690036,1.1,0.18333333333333335,215.0,<10%
00-0031023,Quincy Enunwa,2019,NYJ,27.0,1.0,3,492,0.006097560975609756,0.6,0.6,216.0,<10%
00-0033911,Taywan Taylor,2019,CLE,24.0,2.0,1,517,0.0019342359767891683,0.0,0.0,220.0,<10%
00-0033933,Chad Williams,2019,IND,25.0,1.0,1,488,0.0020491803278688526,0.0,0.0,221.0,<10%
00-0035406,Lil'Jordan Humphrey,2019,NO,21.0,1.0,1,559,0.0017889087656529517,0.0,0.0,224.0,<10%
00-0035414,Jalen Guyton,2019,LAC,22.0,1.0,2,576,0.003472222222222222,0.0,0.0,225.0,<10%
00-0035592,Travis Fulgham,2019,DET,24.0,2.0,3,550,0.005454545454545455,0.0,0.0,228.0,<10%
00-0031381,Davante Adams,2020,GB,28.0,14.0,149,501,0.29740518962075846,358.40000000000003,25.6,1.0,25-30%
00-0033040,Tyreek Hill,2020,KC,26.0,15.0,135,611,0.220949263502455,328.9,21.926666666666666,2.0,20-25%
00-0031588,Stefon Diggs,2020,BUF,27.0,16.0,166,572,0.2902097902097902,328.6,20.5375,3.0,25-30%
00-0030564,DeAndre Hopkins,2020,ARI,28.0,16.0,160,545,0.29357798165137616,287.8,17.9875,4.0,25-30%
00-0034837,Calvin Ridley,2020,ATL,26.0,15.0,143,605,0.23636363636363636,281.5,18.766666666666666,5.0,20-25%
00-0036322,Justin Jefferson,2020,MIN,21.0,16.0,125,485,0.25773195876288657,274.2,17.1375,6.0,25-30%
00-0035640,DK Metcalf,2020,SEA,23.0,16.0,129,537,0.24022346368715083,271.3,16.95625,7.0,20-25%
00-0032211,Tyler Lockett,2020,SEA,28.0,16.0,132,537,0.24581005586592178,265.4,16.5875,8.0,20-25%
00-0031428,Allen Robinson,2020,CHI,27.0,16.0,151,596,0.2533557046979866,262.90000000000003,16.431250000000002,9.0,25-30%
00-0030035,Adam Thielen,2020,MIN,30.0,15.0,108,485,0.22268041237113403,254.0,16.933333333333334,10.0,20-25%
00-0031408,Mike Evans,2020,TB,27.0,16.0,109,606,0.17986798679867988,248.6,15.5375,11.0,15-20%
00-0035676,A.J. Brown,2020,TEN,23.0,14.0,106,468,0.2264957264957265,247.5,17.678571428571427,12.0,20-25%
00-0030279,Keenan Allen,2020,LAC,28.0,14.0,147,611,0.24058919803600654,245.1,17.507142857142856,13.0,20-25%
00-0030431,Robert Woods,2020,LA,28.0,16.0,129,562,0.22953736654804271,245.1,15.31875,14.0,20-25%
00-0031544,Amari Cooper,2020,DAL,26.0,16.0,130,617,0.2106969205834684,236.8,14.8,15.0,20-25%
00-0033857,JuJu Smith-Schuster,2020,PIT,24.0,16.0,128,652,0.19631901840490798,234.1,14.63125,16.0,15-20%
00-0031236,Brandin Cooks,2020,HOU,27.0,15.0,119,525,0.22666666666666666,232.0,15.466666666666667,17.0,20-25%
00-0029293,Marvin Jones,2020,DET,30.0,16.0,115,562,0.20462633451957296,227.8,14.2375,18.0,20-25%
00-0032688,Robbie Chosen,2020,CAR,27.0,16.0,136,527,0.25806451612903225,224.1,14.00625,19.0,25-30%
00-0035216,Diontae Johnson,2020,PIT,24.0,15.0,144,652,0.22085889570552147,223.8,14.92,20.0,20-25%
00-0035659,Terry McLaurin,2020,WAS,25.0,15.0,134,573,0.2338568935427574,223.8,14.92,21.0,20-25%
00-0036358,CeeDee Lamb,2020,DAL,21.0,16.0,111,617,0.17990275526742303,217.7,13.60625,22.0,15-20%
00-0036326,Chase Claypool,2020,PIT,22.0,16.0,109,652,0.16717791411042945,214.9,13.43125,23.0,15-20%
00-0033282,Curtis Samuel,2020,CAR,24.0,15.0,97,527,0.1840607210626186,212.1,14.139999999999999,24.0,15-20%
00-0034827,DJ Moore,2020,CAR,23.0,15.0,118,527,0.2239089184060721,211.5,14.1,25.0,20-25%
00-0033908,Cooper Kupp,2020,LA,27.0,15.0,124,562,0.2206405693950178,210.7,14.046666666666665,26.0,20-25%
00-0029000,Cole Beasley,2020,BUF,31.0,15.0,107,572,0.18706293706293706,207.5,13.833333333333334,27.0,15-20%
00-0036410,Tee Higgins,2020,CIN,21.0,15.0,108,566,0.19081272084805653,194.6,12.973333333333333,28.0,15-20%
00-0033009,Tyler Boyd,2020,CIN,26.0,15.0,110,566,0.19434628975265017,192.64,12.842666666666666,29.0,15-20%
00-0033871,Corey Davis,2020,TEN,25.0,14.0,92,468,0.19658119658119658,191.4,13.671428571428573,30.0,15-20%
00-0033921,Chris Godwin Jr.,2020,TB,24.0,12.0,84,606,0.13861386138613863,191.0,15.916666666666666,31.0,10-15%
00-0033127,Will Fuller,2020,HOU,26.0,11.0,75,525,0.14285714285714285,188.9,17.172727272727272,32.0,10-15%
00-0031382,Jarvis Landry,2020,CLE,28.0,15.0,101,467,0.21627408993576017,187.96,12.530666666666667,33.0,20-25%
00-0031549,Nelson Agholor,2020,LV,27.0,16.0,82,523,0.15678776290630975,185.6,11.6,34.0,15-20%
00-0036261,Brandon Aiyuk,2020,SF,22.0,12.0,96,554,0.17328519855595667,184.5,15.375,35.0,15-20%
00-0035662,Marquise Brown,2020,BAL,23.0,16.0,100,392,0.25510204081632654,183.0,11.4375,36.0,25-30%
00-0034411,Russell Gage,2020,ATL,24.0,16.0,109,605,0.18016528925619835,181.06,11.31625,37.0,15-20%
00-0034764,Michael Gallup,2020,DAL,24.0,16.0,105,617,0.17017828200972449,173.3,10.83125,38.0,15-20%
00-0031941,Jamison Crowder,2020,NYJ,27.0,12.0,89,463,0.19222462203023757,172.02,14.335,39.0,15-20%
00-0031547,DeVante Parker,2020,MIA,27.0,14.0,103,547,0.1882998171846435,166.3,11.87857142857143,40.0,15-20%
00-0027685,Emmanuel Sanders,2020,NO,33.0,14.0,82,508,0.16141732283464566,164.8,11.771428571428572,41.0,15-20%
00-0029608,T.Y. Hilton,2020,IND,31.0,15.0,93,535,0.17383177570093458,164.20000000000002,10.946666666666667,42.0,15-20%
00-0032385,Sterling Shepard,2020,NYG,27.0,12.0,90,500,0.18,162.5,13.541666666666666,43.0,15-20%
00-0033375,Tim Patrick,2020,DEN,27.0,15.0,79,533,0.14821763602251406,161.2,10.746666666666666,44.0,10-15%
00-0036407,Jerry Jeudy,2020,DEN,21.0,16.0,113,533,0.21200750469043153,157.6,9.85,45.0,20-25%
00-0036268,Laviska Shenault Jr.,2020,JAX,22.0,14.0,79,585,0.13504273504273503,157.1,11.221428571428572,46.0,10-15%
00-0033681,Keelan Cole,2020,JAX,27.0,16.0,88,585,0.15042735042735042,155.4,9.7125,47.0,15-20%
00-0033536,Mike Williams,2020,LAC,26.0,14.0,85,611,0.13911620294599017,153.7,10.978571428571428,48.0,10-15%
00-0034777,DJ Chark,2020,JAX,24.0,13.0,93,585,0.15897435897435896,153.6,11.815384615384614,49.0,15-20%
00-0036309,Darnell Mooney,2020,CHI,23.0,16.0,98,596,0.1644295302013423,152.1,9.50625,50.0,15-20%
00-0034775,Christian Kirk,2020,ARI,24.0,14.0,79,545,0.14495412844036698,146.4,10.457142857142857,51.0,10-15%
00-0027944,Julio Jones,2020,ATL,31.0,9.0,68,605,0.11239669421487604,146.1,16.233333333333334,52.0,10-15%
00-0034960,Jakobi Meyers,2020,NE,24.0,12.0,81,420,0.19285714285714287,142.52,11.876666666666667,53.0,15-20%
00-0035535,Darius Slayton,2020,NYG,23.0,16.0,96,500,0.192,141.0,8.8125,54.0,15-20%
00-0034272,Marquez Valdes-Scantling,2020,GB,26.0,14.0,63,501,0.12574850299401197,137.3,9.807142857142859,55.0,10-15%
00-0033251,Zach Pascal,2020,IND,26.0,16.0,71,535,0.13271028037383178,136.9,8.55625,56.0,10-15%
00-0036196,Gabe Davis,2020,BUF,21.0,16.0,62,572,0.10839160839160839,136.9,8.55625,57.0,10-15%
00-0033733,Greg Ward,2020,PHI,25.0,16.0,79,561,0.1408199643493761,133.1,8.31875,58.0,10-15%
00-0034983,Hunter Renfrow,2020,LV,25.0,16.0,77,523,0.14722753346080306,131.6,8.225,59.0,10-15%
00-0035140,Mecole Hardman,2020,KC,22.0,16.0,62,611,0.10147299509001637,130.1,8.13125,60.0,10-15%
00-0033307,Kendrick Bourne,2020,SF,25.0,15.0,74,554,0.13357400722021662,129.7,8.646666666666667,61.0,10-15%
00-0033943,Josh Reynolds,2020,LA,25.0,16.0,81,562,0.14412811387900357,126.3,7.89375,62.0,10-15%
00-0032977,Rashard Higgins,2020,CLE,26.0,12.0,52,467,0.11134903640256959,120.9,10.075000000000001,63.0,10-15%
00-0033589,David Moore,2020,SEA,25.0,16.0,47,537,0.08752327746741155,118.8,7.425,64.0,<10%
00-0027793,Antonio Brown,2020,TB,32.0,8.0,62,606,0.10231023102310231,117.1,14.6375,65.0,10-15%
00-0035592,Travis Fulgham,2020,PHI,25.0,12.0,67,561,0.11942959001782531,115.9,9.658333333333333,66.0,10-15%
00-0031868,Damiere Byrd,2020,NE,27.0,15.0,77,420,0.18333333333333332,114.9,7.66,67.0,15-20%
00-0027942,A.J. Green,2020,CIN,32.0,16.0,104,566,0.18374558303886926,111.3,6.95625,68.0,15-20%
00-0034353,Anthony Miller,2020,CHI,26.0,16.0,76,596,0.12751677852348994,108.7,6.79375,69.0,10-15%
00-0032775,Demarcus Robinson,2020,KC,26.0,15.0,59,611,0.09656301145662848,107.60000000000001,7.173333333333334,70.0,<10%
00-0026035,Danny Amendola,2020,DET,35.0,14.0,69,562,0.12277580071174377,106.39999999999999,7.6,71.0,10-15%
00-0034765,Tre'Quan Smith,2020,NO,24.0,13.0,50,508,0.0984251968503937,103.1,7.93076923076923,72.0,<10%
00-0035298,Scott Miller,2020,TB,23.0,14.0,53,606,0.08745874587458746,102.5,7.321428571428571,73.0,<10%
00-0022921,Larry Fitzgerald,2020,ARI,37.0,13.0,72,545,0.13211009174311927,100.9,7.761538461538462,74.0,10-15%
00-0028002,Randall Cobb,2020,HOU,30.0,10.0,48,525,0.09142857142857143,100.1,10.01,75.0,<10%
00-0033466,Isaiah McKenzie,2020,BUF,25.0,15.0,34,572,0.05944055944055944,99.58,6.6386666666666665,76.0,<10%
00-0034676,James Washington,2020,PIT,24.0,16.0,56,652,0.08588957055214724,99.2,6.2,77.0,<10%
00-0032054,Breshad Perriman,2020,NYJ,27.0,12.0,60,463,0.12958963282937366,99.10000000000001,8.258333333333335,78.0,10-15%
00-0036252,Michael Pittman,2020,IND,23.0,13.0,61,535,0.11401869158878504,98.9,7.607692307692308,79.0,10-15%
00-0034521,Allen Lazard,2020,GB,25.0,10.0,46,501,0.09181636726546906,97.8,9.78,80.0,<10%
00-0034419,Braxton Berrios,2020,NYJ,25.0,16.0,55,463,0.11879049676025918,97.3,6.08125,81.0,10-15%
00-0032128,Chris Conley,2020,JAX,28.0,14.0,63,585,0.1076923076923077,97.1,6.935714285714285,82.0,10-15%
00-0035414,Jalen Guyton,2020,LAC,23.0,16.0,55,611,0.09001636661211129,97.1,6.06875,83.0,<10%
00-0031051,John Brown,2020,BUF,30.0,9.0,52,572,0.09090909090909091,96.8,10.755555555555555,84.0,<10%
00-0030663,Willie Snead,2020,BAL,28.0,13.0,48,392,0.12244897959183673,94.2,7.246153846153846,85.0,10-15%
00-0036412,KJ Hamler,2020,DEN,21.0,12.0,56,533,0.1050656660412758,90.10000000000001,7.508333333333334,86.0,10-15%
00-0034366,Keke Coutee,2020,HOU,23.0,8.0,40,525,0.0761904761904762,89.0,11.125,87.0,<10%
00-0031325,Sammy Watkins,2020,KC,27.0,10.0,55,611,0.09001636661211129,87.4,8.74,88.0,<10%
00-0032791,Jakeem Grant,2020,MIA,28.0,14.0,54,547,0.09872029250457039,87.3,6.235714285714286,89.0,<10%
00-0036387,Jalen Reagor,2020,PHI,21.0,11.0,54,561,0.0962566844919786,87.2,7.927272727272728,90.0,<10%
00-0031235,Odell Beckham Jr.,2020,CLE,28.0,7.0,43,467,0.09207708779443255,86.82,12.402857142857142,91.0,<10%
00-0027891,Golden Tate,2020,NYG,32.0,12.0,52,500,0.104,86.52,7.21,92.0,10-15%
00-0034104,Cam Sims,2020,WAS,24.0,13.0,48,573,0.08376963350785341,86.2,6.630769230769231,93.0,<10%
00-0036357,Henry Ruggs III,2020,LV,21.0,13.0,43,523,0.08221797323135756,84.10000000000001,6.46923076923077,94.0,<10%
00-0032765,Michael Thomas,2020,NO,27.0,7.0,55,508,0.10826771653543307,83.9,11.985714285714286,95.0,10-15%
00-0035719,Deebo Samuel Sr.,2020,SF,24.0,7.0,44,554,0.07942238267148015,80.7,11.528571428571428,96.0,<10%
00-0035457,Tyron Johnson,2020,LAC,24.0,11.0,26,611,0.0425531914893617,79.5,7.2272727272727275,97.0,<10%
00-0035350,Preston Williams,2020,MIA,23.0,8.0,35,547,0.06398537477148081,74.8,9.35,98.0,<10%
00-0035703,Miles Boykin,2020,BAL,24.0,14.0,33,392,0.08418367346938775,69.6,4.971428571428571,99.0,<10%
00-0034286,Richie James,2020,SF,25.0,10.0,35,554,0.0631768953068592,68.39999999999999,6.839999999999999,100.0,<10%
00-0036277,Quintez Cephus,2020,DET,22.0,12.0,35,562,0.06227758007117438,66.9,5.575,101.0,<10%
00-0033932,Kenny Golladay,2020,DET,27.0,5.0,32,562,0.05693950177935943,65.8,13.16,102.0,<10%
00-0034370,DaeSean Hamilton,2020,DEN,25.0,12.0,44,533,0.0825515947467167,62.3,5.191666666666666,103.0,<10%
00-0034928,Steven Sims,2020,WAS,23.0,12.0,37,573,0.06457242582897033,61.3,5.108333333333333,104.0,<10%
00-0036255,Denzel Mims,2020,NYJ,23.0,9.0,44,463,0.09503239740820735,60.699999999999996,6.744444444444444,105.0,<10%
00-0033094,Marvin Hall,2020,CLE/DET,27.0,11.0,32,1029,0.031098153547133137,60.300000000000004,5.481818181818182,106.0,<10%
00-0036254,Collin Johnson,2020,JAX,23.0,11.0,31,585,0.05299145299145299,59.2,5.381818181818182,107.0,<10%
00-0036233,Donovan Peoples-Jones,2020,CLE,21.0,12.0,20,467,0.042826552462526764,58.4,4.866666666666666,108.0,<10%
00-0032009,Adam Humphries,2020,TEN,27.0,7.0,35,468,0.07478632478632478,57.8,8.257142857142856,109.0,<10%
00-0027150,Julian Edelman,2020,NE,34.0,6.0,39,420,0.09285714285714286,56.22,9.37,110.0,<10%
00-0033471,Isaiah Ford,2020,MIA,24.0,9.0,44,547,0.08043875685557587,55.6,6.177777777777778,111.0,<10%
00-0035527,Andy Isabella,2020,ARI,24.0,11.0,35,545,0.06422018348623854,54.8,4.9818181818181815,112.0,<10%
00-0036364,Lynn Bowden,2020,MIA,23.0,9.0,37,547,0.06764168190127971,53.58,5.953333333333333,113.0,<10%
00-0035208,Olamide Zaccheaus,2020,ATL,23.0,10.0,32,605,0.05289256198347107,53.400000000000006,5.340000000000001,114.0,<10%
00-0036331,Devin Duvernay,2020,BAL,23.0,15.0,26,392,0.0663265306122449,53.1,3.54,115.0,<10%
00-0034309,Chad Beebe,2020,MIN,26.0,12.0,30,485,0.061855670103092786,52.1,4.341666666666667,116.0,<10%
00-0034418,Cedrick Wilson Jr.,2020,DAL,25.0,13.0,28,617,0.04538087520259319,51.62,3.9707692307692306,117.0,<10%
00-0035215,Deonte Harty,2020,NO,23.0,9.0,25,508,0.04921259842519685,49.7,5.522222222222222,118.0,<10%
00-0036142,Isaiah Wright,2020,WAS,23.0,11.0,35,573,0.06108202443280977,48.3,4.390909090909091,119.0,<10%
00-0036415,Van Jefferson,2020,LA,24.0,14.0,31,562,0.05516014234875445,46.9,3.35,120.0,<10%
00-0033840,Chad Hansen,2020,HOU,25.0,5.0,24,525,0.045714285714285714,46.6,9.32,121.0,<10%
00-0028411,Dontrelle Inman,2020,WAS,31.0,7.0,28,573,0.04886561954624782,46.300000000000004,6.614285714285715,122.0,<10%
00-0026189,DeSean Jackson,2020,PHI,34.0,5.0,26,561,0.04634581105169341,44.8,8.959999999999999,123.0,<10%
00-0029632,Mohamed Sanu,2020,DET/SF,31.0,7.0,24,1116,0.021505376344086023,44.0,6.285714285714286,124.0,<10%
00-0036219,Marquez Callaway,2020,NO,22.0,9.0,27,508,0.0531496062992126,42.3,4.699999999999999,125.0,<10%
00-0034297,Byron Pringle,2020,KC,27.0,7.0,17,611,0.027823240589198037,41.0,5.857142857142857,126.0,<10%
00-0036247,Freddie Swain,2020,SEA,22.0,13.0,21,537,0.03910614525139665,40.9,3.146153846153846,127.0,<10%
00-0036427,Tyler Johnson,2020,TB,22.0,10.0,17,606,0.028052805280528052,40.9,4.09,128.0,<10%
00-0032980,Marcus Johnson,2020,IND,26.0,9.0,28,535,0.052336448598130844,39.5,4.388888888888889,129.0,<10%
00-0033555,Mack Hollins,2020,MIA,27.0,11.0,25,547,0.04570383912248629,37.6,3.4181818181818184,130.0,<10%
00-0033891,Zay Jones,2020,LV,25.0,11.0,20,523,0.03824091778202677,36.56,3.3236363636363637,131.0,<10%
00-0036365,Bryan Edwards,2020,LV,22.0,9.0,15,523,0.028680688336520075,36.3,4.033333333333333,132.0,<10%
00-0035006,Bisi Johnson,2020,MIN,23.0,9.0,19,485,0.03917525773195876,34.9,3.8777777777777778,133.0,<10%
00-0034407,Ray-Ray McCloud,2020,PIT,24.0,16.0,22,652,0.03374233128834356,34.2,2.1375,134.0,<10%
00-0035510,Jeff Smith,2020,NYJ,23.0,9.0,37,463,0.07991360691144708,33.7,3.744444444444445,135.0,<10%
00-0035287,KeeSean Johnson,2020,ARI,24.0,8.0,23,545,0.04220183486238532,32.3,4.0375,136.0,<10%
00-0030085,Kenny Stills,2020,HOU,28.0,7.0,19,525,0.03619047619047619,31.400000000000002,4.485714285714286,137.0,<10%
00-0033572,Jamal Agnew,2020,DET,25.0,14.0,20,562,0.03558718861209965,31.200000000000003,2.2285714285714286,138.0,<10%
00-0033114,Mike Thomas,2020,CIN,26.0,12.0,21,566,0.037102473498233215,30.299999999999997,2.525,139.0,<10%
00-0034652,Cameron Batson,2020,TEN,25.0,10.0,13,468,0.027777777777777776,30.0,3.0,140.0,<10%
00-0033591,Noah Brown,2020,DAL,24.0,10.0,24,617,0.03889789303079417,29.8,2.98,141.0,<10%
00-0034646,Brandon Powell,2020,ATL,25.0,15.0,18,605,0.02975206611570248,29.6,1.9733333333333334,142.0,<10%
00-0034686,Auden Tate,2020,CIN,23.0,8.0,22,566,0.038869257950530034,29.0,3.625,143.0,<10%
00-0034854,KhaDarel Hodge,2020,CLE,25.0,7.0,17,467,0.03640256959314775,29.0,4.142857142857143,144.0,<10%
00-0036398,John Hightower,2020,PHI,24.0,10.0,29,561,0.05169340463458111,28.8,2.88,145.0,<10%
00-0032464,Kalif Raymond,2020,TEN,26.0,15.0,15,468,0.03205128205128205,27.4,1.8266666666666667,146.0,<10%
00-0034132,Christian Blake,2020,ATL,24.0,10.0,18,605,0.02975206611570248,27.099999999999998,2.71,147.0,<10%
00-0028237,Chris Hogan,2020,NYJ,33.0,5.0,26,463,0.056155507559395246,25.8,5.16,148.0,<10%
00-0035645,Gunner Olszewski,2020,NE,24.0,13.0,5,420,0.011904761904761904,25.5,1.9615384615384615,149.0,<10%
00-0034279,Equanimeous St. Brown,2020,GB,24.0,8.0,13,501,0.02594810379241517,25.4,3.175,150.0,<10%
00-0032543,Alex Erickson,2020,CIN,28.0,16.0,17,566,0.030035335689045935,24.6,1.5375,151.0,<10%
00-0036271,Quez Watkins,2020,PHI,22.0,4.0,13,561,0.023172905525846704,23.6,5.9,152.0,<10%
00-0029137,Alshon Jeffery,2020,PHI,30.0,7.0,13,561,0.023172905525846704,23.5,3.357142857142857,153.0,<10%
00-0032951,Laquon Treadwell,2020,ATL,25.0,4.0,7,605,0.011570247933884297,22.9,5.725,154.0,<10%
00-0027902,Dez Bryant,2020,BAL,32.0,4.0,11,392,0.02806122448979592,22.7,5.675,155.0,<10%
00-0035848,De'Michael Harris,2020,IND,22.0,6.0,10,535,0.018691588785046728,22.5,3.75,156.0,<10%
00-0033367,C.J. Board,2020,NYG,27.0,11.0,16,500,0.032,21.4,1.9454545454545453,157.0,<10%
00-0033292,Trent Taylor,2020,SF,26.0,12.0,21,554,0.03790613718411552,18.6,1.55,158.0,<10%
00-0035480,Malik Taylor,2020,GB,25.0,10.0,6,501,0.011976047904191617,18.5,1.85,159.0,<10%
00-0034860,Dante Pettis,2020,NYG/SF,25.0,6.0,6,1054,0.0056925996204933585,17.6,2.9333333333333336,160.0,<10%
00-0034426,Javon Wims,2020,CHI,26.0,10.0,12,596,0.020134228187919462,17.0,1.7,161.0,<10%
00-0034386,Justin Watson,2020,TB,24.0,7.0,11,606,0.018151815181518153,16.4,2.3428571428571425,162.0,<10%
00-0035869,Austin Mack,2020,NYG,23.0,5.0,11,500,0.022,16.099999999999998,3.2199999999999998,163.0,<10%
00-0032200,Ty Montgomery,2020,NO,27.0,4.0,6,508,0.011811023622047244,15.799999999999999,3.9499999999999997,164.0,<10%
00-0035639,Parris Campbell,2020,IND,23.0,2.0,9,535,0.016822429906542057,14.7,7.35,165.0,<10%
00-0035246,J.J. Arcega-Whiteside,2020,PHI,24.0,5.0,8,561,0.0142602495543672,14.5,2.9,166.0,<10%
00-0036382,K.J. Hill,2020,LAC,23.0,12.0,11,611,0.01800327332242226,14.3,1.1916666666666667,167.0,<10%
00-0035406,Lil'Jordan Humphrey,2020,NO,22.0,2.0,5,508,0.00984251968503937,13.600000000000001,6.800000000000001,168.0,<10%
00-0031319,Diontae Spencer,2020,DEN,28.0,11.0,6,533,0.01125703564727955,13.5,1.2272727272727273,169.0,<10%
00-0033006,Jaydon Mickens,2020,TB,26.0,10.0,10,606,0.0165016501650165,12.799999999999999,1.2799999999999998,170.0,<10%
00-0036439,Tyrie Cleveland,2020,DEN,23.0,7.0,9,533,0.016885553470919325,12.3,1.7571428571428573,171.0,<10%
00-0033111,Pharoh Cooper,2020,CAR,25.0,15.0,8,527,0.015180265654648957,12.299999999999999,0.82,172.0,<10%
00-0033382,Austin Carr,2020,NO,27.0,5.0,4,508,0.007874015748031496,11.7,2.34,173.0,<10%
00-0034081,Steven Mitchell,2020,HOU,26.0,4.0,8,525,0.015238095238095238,11.0,2.75,174.0,<10%
00-0036110,Ja'Marcus Bradley,2020,CLE,24.0,1.0,11,467,0.023554603854389723,11.0,11.0,175.0,<10%
00-0034273,Damion Ratley,2020,NYG,25.0,5.0,10,500,0.02,10.3,2.06,176.0,<10%
00-0034054,River Cracraft,2020,SF,26.0,5.0,9,554,0.016245487364620937,10.1,2.02,177.0,<10%
00-0034487,Trent Sherfield,2020,ARI,24.0,9.0,7,545,0.012844036697247707,10.0,1.1111111111111112,178.0,<10%
00-0034348,Courtland Sutton,2020,DEN,25.0,1.0,6,533,0.01125703564727955,9.6,9.6,179.0,<10%
00-0035181,Darrius Shepherd,2020,GB,25.0,8.0,8,501,0.015968063872255488,9.6,1.2,180.0,<10%
00-0035021,Ashton Dulin,2020,IND,23.0,10.0,6,535,0.011214953271028037,9.4,0.9400000000000001,181.0,<10%
00-0031787,Jake Kumerow,2020,BUF,28.0,1.0,1,572,0.0017482517482517483,9.2,9.2,182.0,<10%
00-0036377,Joe Reed,2020,LAC,22.0,10.0,1,611,0.0016366612111292963,8.9,0.89,183.0,<10%
00-0036182,Nick Westbrook-Ikhine,2020,TEN,23.0,9.0,8,468,0.017094017094017096,8.3,0.9222222222222223,184.0,<10%
00-0035590,Riley Ridley,2020,CHI,24.0,2.0,4,596,0.006711409395973154,7.9,3.95,185.0,<10%
00-0027691,Andre Roberts,2020,BUF,32.0,15.0,5,572,0.008741258741258742,7.1,0.47333333333333333,186.0,<10%
00-0031166,Seth Roberts,2020,CAR,29.0,3.0,6,527,0.011385199240986717,7.1,2.3666666666666667,187.0,<10%
00-0025396,Ted Ginn,2020,CHI,35.0,5.0,6,596,0.010067114093959731,7.0,1.4,188.0,<10%
00-0030525,Tavon Austin,2020,GB,30.0,4.0,5,501,0.00998003992015968,7.0,1.75,189.0,<10%
00-0036100,Isaiah Zuber,2020,NE,23.0,4.0,2,420,0.004761904761904762,7.0,1.75,190.0,<10%
00-0033859,Josh Malone,2020,NYJ,24.0,3.0,6,463,0.012958963282937365,6.8,2.2666666666666666,191.0,<10%
00-0034052,Brandon Zylstra,2020,CAR,27.0,5.0,4,527,0.007590132827324478,6.6,1.3199999999999998,192.0,<10%
00-0035313,Terry Godwin,2020,JAX,24.0,2.0,6,585,0.010256410256410256,6.5,3.25,193.0,<10%
00-0034510,Robert Foster,2020,WAS,26.0,3.0,6,573,0.010471204188481676,5.699999999999999,1.8999999999999997,194.0,<10%
00-0034653,Deontay Burnett,2020,PHI,23.0,1.0,4,561,0.0071301247771836,4.9,4.9,195.0,<10%
00-0034395,Daurice Fountain,2020,IND,25.0,2.0,3,535,0.005607476635514018,4.3,2.15,196.0,<10%
00-0034772,Antonio Callaway,2020,MIA,23.0,4.0,4,547,0.007312614259597806,4.0,1.0,197.0,<10%
00-0033460,John Ross,2020,CIN,25.0,2.0,7,566,0.012367491166077738,3.7,1.85,198.0,<10%
00-0036340,Antonio Gandy-Golden,2020,WAS,22.0,4.0,7,573,0.012216404886561954,3.5,0.875,199.0,<10%
00-0035022,Penny Hart,2020,SEA,24.0,5.0,1,537,0.00186219739292365,3.2,0.64,200.0,<10%
00-0030670,Bennie Fowler,2020,NO,29.0,2.0,6,508,0.011811023622047244,3.1,1.55,201.0,<10%
00-0031339,Donte Moncrief,2020,NE,27.0,5.0,2,420,0.004761904761904762,2.9,0.58,202.0,<10%
00-0032881,Tommylee Lewis,2020,NO,28.0,5.0,3,508,0.005905511811023622,2.9,0.58,203.0,<10%
00-0034267,Jaleel Scott,2020,NYJ,25.0,1.0,1,463,0.0021598272138228943,2.6,2.6,204.0,<10%
00-0036133,James Proche,2020,BAL,24.0,13.0,3,392,0.007653061224489796,2.4,0.1846153846153846,205.0,<10%
00-0034317,Keith Kirkwood,2020,CAR,26.0,1.0,2,527,0.003795066413662239,2.3,2.3,206.0,<10%
00-0034631,Vyncint Smith,2020,NYJ,24.0,4.0,3,463,0.0064794816414686825,2.3,0.575,207.0,<10%
00-0033386,Cody Hollister,2020,TEN,27.0,1.0,1,468,0.002136752136752137,2.2,2.2,208.0,<10%
00-0033481,Marcus Kemp,2020,KC,25.0,4.0,1,611,0.0016366612111292963,2.1,0.525,209.0,<10%
00-0033474,Gehrig Dieter,2020,KC,27.0,1.0,2,611,0.0032733224222585926,2.0,2.0,210.0,<10%
00-0031763,DeAndre Carter,2020,CHI/HOU,27.0,13.0,2,1121,0.001784121320249777,1.8,0.13846153846153847,211.0,<10%
00-0035341,Trenton Irwin,2020,CIN,25.0,1.0,2,566,0.0035335689045936395,1.5,1.5,212.0,<10%
00-0033839,Dede Westbrook,2020,JAX,27.0,2.0,1,585,0.0017094017094017094,1.4,0.7,213.0,<10%
00-0032778,Tajae Sharpe,2020,MIN,26.0,3.0,3,485,0.006185567010309278,0.0,0.0,219.0,<10%
00-0033215,Cyril Grayson,2020,TB,27.0,2.0,3,606,0.0049504950495049506,0.0,0.0,220.0,<10%
00-0033911,Taywan Taylor,2020,CLE,25.0,1.0,1,467,0.0021413276231263384,0.0,0.0,221.0,<10%
00-0034207,Jeff Badet,2020,WAS,26.0,1.0,1,573,0.0017452006980802793,0.0,0.0,222.0,<10%
00-0034660,Rico Gafford,2020,LV,24.0,3.0,2,523,0.0038240917782026767,0.0,0.0,224.0,<10%
00-0033908,Cooper Kupp,2021,LA,28.0,17.0,191,602,0.31727574750830567,439.5,25.852941176470587,1.0,30%+
00-0031381,Davante Adams,2021,GB,29.0,16.0,169,570,0.2964912280701754,344.3,21.51875,2.0,25-30%
00-0035719,Deebo Samuel Sr.,2021,SF,25.0,16.0,121,497,0.24346076458752516,338.96000000000004,21.185000000000002,3.0,20-25%
00-0036322,Justin Jefferson,2021,MIN,22.0,17.0,167,578,0.2889273356401384,330.4,19.435294117647057,4.0,25-30%
00-0036900,Ja'Marr Chase,2021,CIN,21.0,17.0,128,540,0.23703703703703705,304.6,17.91764705882353,5.0,20-25%
00-0033040,Tyreek Hill,2021,KC,27.0,17.0,159,637,0.24960753532182103,296.5,17.441176470588236,6.0,20-25%
00-0031588,Stefon Diggs,2021,BUF,28.0,17.0,164,623,0.26324237560192615,285.5,16.794117647058822,7.0,25-30%
00-0035216,Diontae Johnson,2021,PIT,25.0,16.0,169,653,0.25880551301684535,274.4,17.15,8.0,25-30%
00-0031408,Mike Evans,2021,TB,28.0,16.0,114,716,0.15921787709497207,262.5,16.40625,9.0,15-20%
00-0034983,Hunter Renfrow,2021,LV,26.0,17.0,128,603,0.21227197346600332,259.1,15.241176470588236,10.0,20-25%
00-0030279,Keenan Allen,2021,LAC,29.0,16.0,157,659,0.23823975720789076,257.8,16.1125,11.0,20-25%
00-0036613,Jaylen Waddle,2021,MIA,23.0,16.0,140,599,0.2337228714524207,247.8,15.4875,12.0,20-25%
00-0033536,Mike Williams,2021,LAC,27.0,16.0,129,659,0.19575113808801214,246.6,15.4125,13.0,15-20%
00-0035640,DK Metcalf,2021,SEA,24.0,17.0,129,474,0.2721518987341772,244.3,14.370588235294118,14.0,25-30%
00-0033921,Chris Godwin Jr.,2021,TB,25.0,14.0,127,716,0.17737430167597765,242.4,17.314285714285713,15.0,15-20%
00-0032211,Tyler Lockett,2021,SEA,29.0,16.0,107,474,0.22573839662447256,241.4,15.0875,16.0,20-25%
00-0036252,Michael Pittman,2021,IND,24.0,17.0,129,502,0.25697211155378485,238.6,14.035294117647059,17.0,25-30%
00-0034827,DJ Moore,2021,CAR,24.0,17.0,163,575,0.28347826086956524,237.5,13.970588235294118,18.0,25-30%
00-0036358,CeeDee Lamb,2021,DAL,22.0,16.0,120,637,0.18838304552590268,232.8,14.55,19.0,15-20%
00-0031236,Brandin Cooks,2021,HOU,28.0,16.0,134,523,0.25621414913957935,231.8,14.4875,20.0,25-30%
00-0035662,Marquise Brown,2021,BAL,24.0,16.0,146,591,0.2470389170896785,228.3,14.26875,21.0,20-25%
00-0036963,Amon-Ra St. Brown,2021,DET,22.0,16.0,119,565,0.21061946902654868,227.3,14.20625,22.0,20-25%
00-0036309,Darnell Mooney,2021,CHI,24.0,17.0,140,524,0.26717557251908397,219.7,12.923529411764704,23.0,25-30%
00-0036410,Tee Higgins,2021,CIN,22.0,14.0,110,540,0.2037037037037037,219.1,15.65,24.0,20-25%
00-0035659,Terry McLaurin,2021,WAS,26.0,17.0,130,534,0.24344569288389514,213.5,12.558823529411764,25.0,20-25%
00-0034775,Christian Kirk,2021,ARI,25.0,17.0,103,570,0.18070175438596492,207.62,12.212941176470588,26.0,15-20%
00-0031544,Amari Cooper,2021,DAL,27.0,15.0,104,637,0.16326530612244897,202.5,13.5,27.0,15-20%
00-0030035,Adam Thielen,2021,MIN,31.0,13.0,95,578,0.1643598615916955,199.8,15.36923076923077,28.0,15-20%
00-0034960,Jakobi Meyers,2021,NE,25.0,16.0,126,524,0.24045801526717558,186.3,11.64375,29.0,20-25%
00-0036912,DeVonta Smith,2021,PHI,23.0,17.0,104,468,0.2222222222222222,185.6,10.91764705882353,30.0,20-25%
00-0033009,Tyler Boyd,2021,CIN,27.0,16.0,94,540,0.17407407407407408,183.84,11.49,31.0,15-20%
00-0035676,A.J. Brown,2021,TEN,24.0,13.0,105,522,0.20114942528735633,180.9,13.915384615384616,32.0,20-25%
00-0033307,Kendrick Bourne,2021,NE,26.0,17.0,70,524,0.13358778625954199,180.5,10.617647058823529,33.0,10-15%
00-0029293,Marvin Jones,2021,JAX,31.0,17.0,120,583,0.2058319039451115,180.2,10.6,34.0,20-25%
00-0036261,Brandon Aiyuk,2021,SF,23.0,17.0,84,497,0.16901408450704225,170.3,10.01764705882353,35.0,15-20%
00-0036415,Van Jefferson,2021,LA,25.0,17.0,89,602,0.1478405315614618,168.20000000000002,9.894117647058824,36.0,10-15%
00-0036326,Chase Claypool,2021,PIT,23.0,15.0,105,653,0.16079632465543645,166.6,11.106666666666666,37.0,15-20%
00-0034411,Russell Gage,2021,ATL,25.0,13.0,94,554,0.16967509025270758,163.0,12.538461538461538,38.0,15-20%
00-0029000,Cole Beasley,2021,BUF,32.0,16.0,112,623,0.1797752808988764,159.3,9.95625,39.0,15-20%
00-0036345,K.J. Osborn,2021,MIN,24.0,17.0,82,578,0.14186851211072665,158.5,9.323529411764707,40.0,10-15%
00-0027942,A.J. Green,2021,ARI,33.0,16.0,92,570,0.16140350877192983,156.8,9.8,41.0,15-20%
00-0033375,Tim Patrick,2021,DEN,28.0,16.0,85,517,0.1644100580270793,156.4,9.775,42.0,15-20%
00-0036219,Marquez Callaway,2021,NO,23.0,17.0,84,474,0.17721518987341772,151.79999999999998,8.92941176470588,43.0,15-20%
00-0034348,Courtland Sutton,2021,DEN,26.0,17.0,98,517,0.1895551257253385,150.24,8.83764705882353,44.0,15-20%
00-0034418,Cedrick Wilson Jr.,2021,DAL,26.0,14.0,61,637,0.09576138147566719,147.82,10.558571428571428,45.0,<10%
00-0030564,DeAndre Hopkins,2021,ARI,29.0,10.0,64,570,0.11228070175438597,147.2,14.719999999999999,46.0,10-15%
00-0034521,Allen Lazard,2021,GB,26.0,14.0,60,570,0.10526315789473684,142.5,10.178571428571429,47.0,10-15%
00-0035140,Mecole Hardman,2021,KC,23.0,17.0,83,637,0.130298273155416,140.9,8.288235294117648,48.0,10-15%
00-0032688,Robbie Chosen,2021,CAR,28.0,17.0,110,575,0.19130434782608696,138.5,8.147058823529411,49.0,15-20%
00-0036980,Elijah Moore,2021,NYJ,21.0,11.0,77,581,0.13253012048192772,138.2,12.563636363636363,50.0,10-15%
00-0030431,Robert Woods,2021,LA,29.0,9.0,69,602,0.11461794019933555,137.2,15.244444444444444,51.0,10-15%
00-0031382,Jarvis Landry,2021,CLE,29.0,12.0,87,499,0.1743486973947896,133.0,11.083333333333334,52.0,15-20%
00-0032464,Kalif Raymond,2021,DET,27.0,16.0,71,565,0.1256637168141593,132.4,8.275,53.0,10-15%
00-0027685,Emmanuel Sanders,2021,BUF,34.0,14.0,72,623,0.11556982343499198,131.7,9.407142857142857,54.0,10-15%
00-0031235,Odell Beckham Jr.,2021,CLE/LA,29.0,14.0,82,1101,0.07447774750227067,129.1,9.221428571428572,55.0,<10%
00-0034297,Byron Pringle,2021,KC,28.0,16.0,60,637,0.09419152276295134,128.8,8.05,56.0,<10%
00-0036268,Laviska Shenault Jr.,2021,JAX,23.0,16.0,100,583,0.17152658662092624,127.0,7.9375,57.0,15-20%
00-0036196,Gabe Davis,2021,BUF,22.0,15.0,63,623,0.10112359550561797,125.9,8.393333333333334,58.0,10-15%
00-0027793,Antonio Brown,2021,TB,33.0,7.0,62,716,0.08659217877094973,121.1,17.3,59.0,<10%
00-0034419,Braxton Berrios,2021,NYJ,26.0,16.0,65,581,0.11187607573149742,121.1,7.56875,60.0,10-15%
00-0036271,Quez Watkins,2021,PHI,23.0,17.0,62,468,0.13247863247863248,116.0,6.823529411764706,61.0,10-15%
00-0035215,Deonte Harty,2021,NO,24.0,13.0,59,474,0.12447257383966245,115.1,8.853846153846153,62.0,10-15%
00-0036936,Rondale Moore,2021,ARI,21.0,14.0,64,570,0.11228070175438597,111.1,7.935714285714285,63.0,10-15%
00-0031941,Jamison Crowder,2021,NYJ,28.0,12.0,71,581,0.12220309810671257,109.7,9.141666666666667,64.0,10-15%
00-0036233,Donovan Peoples-Jones,2021,CLE,22.0,13.0,58,499,0.11623246492985972,109.7,8.438461538461539,65.0,10-15%
00-0036365,Bryan Edwards,2021,LV,23.0,16.0,59,603,0.0978441127694859,109.1,6.81875,66.0,<10%
00-0036182,Nick Westbrook-Ikhine,2021,TEN,24.0,15.0,57,522,0.10919540229885058,107.6,7.173333333333333,67.0,10-15%
00-0033891,Zay Jones,2021,LV,26.0,15.0,70,603,0.11608623548922056,105.89999999999999,7.06,68.0,10-15%
00-0033871,Corey Davis,2021,NYJ,26.0,9.0,59,581,0.10154905335628227,105.2,11.68888888888889,69.0,10-15%
00-0031547,DeVante Parker,2021,MIA,28.0,9.0,73,599,0.12186978297161936,103.5,11.5,70.0,10-15%
00-0036550,Rashod Bateman,2021,BAL,22.0,12.0,68,591,0.11505922165820642,103.5,8.625,71.0,10-15%
00-0031549,Nelson Agholor,2021,NE,28.0,14.0,64,524,0.12213740458015267,103.39999999999999,7.385714285714285,72.0,10-15%
00-0035414,Jalen Guyton,2021,LAC,24.0,16.0,48,659,0.07283763277693475,97.2,6.075,73.0,<10%
00-0028002,Randall Cobb,2021,GB,31.0,11.0,39,570,0.06842105263157895,95.6,8.69090909090909,74.0,<10%
00-0033251,Zach Pascal,2021,IND,27.0,16.0,69,502,0.13745019920318724,94.5,5.90625,75.0,10-15%
00-0036988,Josh Palmer,2021,LAC,22.0,15.0,49,659,0.07435508345978756,92.9,6.193333333333333,76.0,<10%
00-0034764,Michael Gallup,2021,DAL,25.0,9.0,62,637,0.09733124018838304,91.5,10.166666666666666,77.0,<10%
00-0035208,Olamide Zaccheaus,2021,ATL,24.0,15.0,53,554,0.09566787003610108,89.8,5.986666666666666,78.0,<10%
00-0033932,Kenny Golladay,2021,NYG,28.0,14.0,76,564,0.1347517730496454,89.10000000000001,6.364285714285715,79.0,10-15%
00-0034765,Tre'Quan Smith,2021,NO,25.0,10.0,50,474,0.10548523206751055,87.7,8.77,80.0,10-15%
00-0031428,Allen Robinson,2021,CHI,28.0,12.0,66,524,0.12595419847328243,87.0,7.25,81.0,10-15%
00-0034272,Marquez Valdes-Scantling,2021,GB,27.0,11.0,55,570,0.09649122807017543,87.0,7.909090909090909,82.0,<10%
00-0031763,DeAndre Carter,2021,WAS,28.0,17.0,44,534,0.08239700374531835,86.5,5.088235294117647,83.0,<10%
00-0036247,Freddie Swain,2021,SEA,23.0,17.0,40,474,0.08438818565400844,86.5,5.088235294117647,84.0,<10%
00-0036407,Jerry Jeudy,2021,DEN,22.0,10.0,56,517,0.10831721470019343,85.0,8.5,85.0,10-15%
00-0036357,Henry Ruggs III,2021,LV,22.0,7.0,36,603,0.05970149253731343,84.5,12.071428571428571,86.0,<10%
00-0036554,Nico Collins,2021,HOU,22.0,14.0,60,523,0.1147227533460803,83.6,5.971428571428571,87.0,10-15%
00-0032951,Laquon Treadwell,2021,JAX,26.0,12.0,51,583,0.08747855917667238,82.4,6.866666666666667,88.0,<10%
00-0036913,Kadarius Toney,2021,NYG,22.0,9.0,57,564,0.10106382978723404,82.36,9.151111111111112,89.0,10-15%
00-0036259,Jauan Jennings,2021,SF,24.0,13.0,38,497,0.07645875251509054,82.19999999999999,6.323076923076922,90.0,<10%
00-0033572,Jamal Agnew,2021,JAX,26.0,10.0,39,583,0.06689536878216124,82.0,8.2,91.0,<10%
00-0033943,Josh Reynolds,2021,DET/TEN,26.0,11.0,49,1087,0.045078196872125116,80.6,7.327272727272727,92.0,<10%
00-0027944,Julio Jones,2021,TEN,32.0,10.0,48,522,0.09195402298850575,80.4,8.040000000000001,93.0,<10%
00-0032009,Adam Humphries,2021,WAS,28.0,17.0,62,534,0.11610486891385768,79.3,4.664705882352941,94.0,10-15%
00-0033681,Keelan Cole,2021,NYJ,28.0,14.0,51,581,0.08777969018932874,78.9,5.635714285714286,95.0,<10%
00-0036387,Jalen Reagor,2021,PHI,22.0,17.0,57,468,0.12179487179487179,78.1,4.594117647058823,96.0,10-15%
00-0032385,Sterling Shepard,2021,NYG,28.0,7.0,53,564,0.09397163120567376,77.7,11.1,97.0,<10%
00-0036331,Devin Duvernay,2021,BAL,24.0,16.0,47,591,0.07952622673434856,77.2,4.825,98.0,<10%
00-0026189,DeSean Jackson,2021,LA/LV,35.0,14.0,34,1205,0.028215767634854772,75.80000000000001,5.4142857142857155,99.0,<10%
00-0029608,T.Y. Hilton,2021,IND,32.0,10.0,37,502,0.07370517928286853,74.1,7.409999999999999,100.0,<10%
00-0036427,Tyler Johnson,2021,TB,23.0,16.0,55,716,0.07681564245810056,72.0,4.5,101.0,<10%
00-0034837,Calvin Ridley,2021,ATL,27.0,5.0,52,554,0.09386281588447654,71.1,14.219999999999999,102.0,<10%
00-0031325,Sammy Watkins,2021,BAL,28.0,11.0,49,591,0.0829103214890017,70.4,6.4,103.0,<10%
00-0032775,Demarcus Robinson,2021,KC,27.0,14.0,41,637,0.06436420722135008,69.4,4.957142857142857,104.0,<10%
00-0026035,Danny Amendola,2021,HOU,36.0,8.0,38,523,0.07265774378585087,68.8,8.6,105.0,<10%
00-0035535,Darius Slayton,2021,NYG,24.0,13.0,58,564,0.10283687943262411,68.6,5.276923076923077,106.0,10-15%
00-0034407,Ray-Ray McCloud,2021,PIT,25.0,16.0,66,653,0.10107197549770292,68.2,4.2625,107.0,10-15%
00-0032355,Chester Rogers,2021,TEN,27.0,16.0,43,522,0.08237547892720307,67.0,4.1875,108.0,<10%
00-0031868,Damiere Byrd,2021,CHI,28.0,11.0,38,524,0.07251908396946564,66.9,6.081818181818182,109.0,<10%
00-0034676,James Washington,2021,PIT,25.0,15.0,44,653,0.06738131699846861,65.8,4.386666666666667,110.0,<10%
00-0032128,Chris Conley,2021,HOU,29.0,14.0,37,523,0.07074569789674952,64.6,4.614285714285714,111.0,<10%
00-0033555,Mack Hollins,2021,MIA,28.0,15.0,28,599,0.04674457429048414,60.3,4.02,112.0,<10%
00-0035126,Antoine Wesley,2021,ARI,24.0,8.0,32,570,0.056140350877192984,57.800000000000004,7.2250000000000005,113.0,<10%
00-0032977,Rashard Higgins,2021,CLE,27.0,12.0,47,499,0.09418837675350701,57.5,4.791666666666667,114.0,<10%
00-0030068,Marquise Goodwin,2021,CHI,31.0,14.0,40,524,0.07633587786259542,57.2,4.085714285714286,115.0,<10%
00-0032398,Chris Moore,2021,HOU,28.0,10.0,22,523,0.04206500956022945,55.7,5.57,116.0,<10%
00-0033466,Isaiah McKenzie,2021,BUF,26.0,15.0,26,623,0.04173354735152488,54.5,3.6333333333333333,117.0,<10%
00-0030525,Tavon Austin,2021,JAX,31.0,11.0,37,583,0.0634648370497427,53.4,4.8545454545454545,118.0,<10%
00-0035406,Lil'Jordan Humphrey,2021,NO,23.0,8.0,18,474,0.0379746835443038,49.9,6.2375,119.0,<10%
00-0036277,Quintez Cephus,2021,DET,23.0,5.0,22,565,0.03893805309734513,49.4,9.879999999999999,120.0,<10%
00-0034052,Brandon Zylstra,2021,CAR,28.0,12.0,25,575,0.043478260869565216,49.0,4.083333333333333,121.0,<10%
00-0034104,Cam Sims,2021,WAS,25.0,12.0,23,534,0.04307116104868914,48.8,4.066666666666666,122.0,<10%
00-0030669,Albert Wilson,2021,MIA,29.0,10.0,39,599,0.0651085141903172,48.0,4.8,123.0,<10%
00-0032778,Tajae Sharpe,2021,ATL,27.0,14.0,37,554,0.06678700361010831,48.0,3.4285714285714284,124.0,<10%
00-0035021,Ashton Dulin,2021,IND,24.0,16.0,22,502,0.043824701195219126,45.5,2.84375,125.0,<10%
00-0034867,Malik Turner,2021,DAL,25.0,7.0,16,637,0.02511773940345369,44.9,6.414285714285714,126.0,<10%
00-0033215,Cyril Grayson,2021,TB,28.0,3.0,12,716,0.01675977653631285,44.6,14.866666666666667,127.0,<10%
00-0032791,Jakeem Grant,2021,CHI/MIA,29.0,15.0,17,1123,0.015138023152270703,43.5,2.9,128.0,<10%
00-0033460,John Ross,2021,NYG,26.0,9.0,20,564,0.03546099290780142,41.0,4.555555555555555,129.0,<10%
00-0033471,Isaiah Ford,2021,MIA,25.0,10.0,17,599,0.028380634390651086,40.1,4.01,130.0,<10%
00-0035864,Kendall Hinton,2021,DEN,24.0,11.0,23,517,0.04448742746615087,38.54,3.5036363636363634,131.0,<10%
00-0036133,James Proche,2021,BAL,25.0,7.0,20,591,0.0338409475465313,36.2,5.171428571428572,132.0,<10%
00-0033857,JuJu Smith-Schuster,2021,PIT,25.0,5.0,28,653,0.042879019908116385,34.8,6.959999999999999,133.0,<10%
00-0033733,Greg Ward,2021,PHI,26.0,10.0,11,468,0.023504273504273504,34.58,3.4579999999999997,134.0,<10%
00-0034777,DJ Chark,2021,JAX,25.0,3.0,22,583,0.03773584905660377,34.400000000000006,11.466666666666669,135.0,<10%
00-0033591,Noah Brown,2021,DAL,25.0,9.0,25,637,0.03924646781789639,34.4,3.822222222222222,136.0,<10%
00-0032054,Breshad Perriman,2021,TB,28.0,5.0,18,716,0.025139664804469275,33.4,6.68,137.0,<10%
00-0036999,Anthony Schwartz,2021,CLE,21.0,13.0,23,499,0.04609218436873747,33.4,2.569230769230769,138.0,<10%
00-0036955,Terrace Marshall Jr.,2021,CAR,21.0,12.0,30,575,0.05217391304347826,32.800000000000004,2.733333333333334,139.0,<10%
00-0029632,Mohamed Sanu,2021,SF,32.0,8.0,24,497,0.0482897384305835,32.7,4.0875,140.0,<10%
00-0035639,Parris Campbell,2021,IND,24.0,6.0,20,502,0.0398406374501992,32.2,5.366666666666667,141.0,<10%
00-0034854,KhaDarel Hodge,2021,DET,26.0,12.0,27,565,0.047787610619469026,30.7,2.558333333333333,142.0,<10%
00-0032200,Ty Montgomery,2021,NO,28.0,14.0,26,474,0.05485232067510549,29.9,2.1357142857142857,143.0,<10%
00-0036635,Ihmir Smith-Marsette,2021,MIN,22.0,6.0,6,578,0.010380622837370242,28.6,4.766666666666667,144.0,<10%
00-0036620,Dee Eskridge,2021,SEA,24.0,8.0,20,474,0.04219409282700422,28.3,3.5375,145.0,<10%
00-0036626,Dyami Brown,2021,WAS,22.0,10.0,25,534,0.04681647940074907,28.1,2.81,146.0,<10%
00-0034860,Dante Pettis,2021,NYG,26.0,3.0,16,564,0.028368794326241134,25.34,8.446666666666667,147.0,<10%
00-0032980,Marcus Johnson,2021,TEN,27.0,7.0,19,522,0.03639846743295019,24.799999999999997,3.5428571428571423,148.0,<10%
00-0036862,Ben Skowronek,2021,LA,24.0,12.0,20,602,0.03322259136212625,24.3,2.025,149.0,<10%
00-0034487,Trent Sherfield,2021,SF,25.0,12.0,20,497,0.04024144869215292,23.7,1.9749999999999999,150.0,<10%
00-0036254,Collin Johnson,2021,NYG,24.0,8.0,21,564,0.03723404255319149,21.5,2.6875,151.0,<10%
00-0036255,Denzel Mims,2021,NYJ,24.0,10.0,23,581,0.039586919104991396,21.3,2.13,152.0,<10%
00-0034930,Trinity Benson,2021,DET,24.0,7.0,22,565,0.03893805309734513,20.3,2.9,153.0,<10%
00-0034279,Equanimeous St. Brown,2021,GB,25.0,12.0,17,570,0.02982456140350877,20.2,1.6833333333333333,154.0,<10%
00-0036183,Kristian Wilkerson,2021,NE,24.0,1.0,8,524,0.015267175572519083,20.2,20.2,155.0,<10%
00-0035510,Jeff Smith,2021,NYJ,24.0,9.0,17,581,0.029259896729776247,19.2,2.1333333333333333,156.0,<10%
00-0035298,Scott Miller,2021,TB,24.0,6.0,9,716,0.012569832402234637,19.1,3.1833333333333336,157.0,<10%
00-0030085,Kenny Stills,2021,NO,29.0,7.0,23,474,0.04852320675105485,18.9,2.6999999999999997,158.0,<10%
00-0035544,Tom Kennedy,2021,DET,25.0,6.0,10,565,0.017699115044247787,18.4,3.0666666666666664,159.0,<10%
00-0032208,Phillip Dorsett,2021,HOU/JAX/SEA,28.0,5.0,14,1580,0.008860759493670886,18.0,3.6,160.0,<10%
00-0033839,Dede Westbrook,2021,MIN,28.0,15.0,15,578,0.025951557093425604,16.8,1.12,161.0,<10%
00-0036572,Shi Smith,2021,CAR,23.0,5.0,11,575,0.019130434782608695,16.1,3.22,162.0,<10%
00-0036627,Dez Fitzpatrick,2021,TEN,24.0,3.0,8,522,0.01532567049808429,15.9,5.3,163.0,<10%
00-0036671,Dax Milne,2021,WAS,22.0,9.0,14,534,0.026217228464419477,15.4,1.7111111111111112,164.0,<10%
00-0034353,Anthony Miller,2021,HOU/PIT,27.0,3.0,12,1176,0.01020408163265306,14.5,4.833333333333333,165.0,<10%
00-0029664,Josh Gordon,2021,KC,30.0,9.0,14,637,0.02197802197802198,14.200000000000001,1.577777777777778,166.0,<10%
00-0028237,Chris Hogan,2021,NO,34.0,5.0,8,474,0.016877637130801686,14.1,2.82,167.0,<10%
00-0035350,Preston Williams,2021,MIA,24.0,6.0,16,599,0.02671118530884808,13.799999999999999,2.3,168.0,<10%
00-0034686,Auden Tate,2021,CIN,24.0,4.0,4,540,0.007407407407407408,12.9,3.225,169.0,<10%
00-0035022,Penny Hart,2021,SEA,25.0,11.0,12,474,0.02531645569620253,12.9,1.1727272727272728,170.0,<10%
00-0027691,Andre Roberts,2021,HOU/LAC,33.0,16.0,2,1182,0.001692047377326565,12.4,0.775,171.0,<10%
00-0036412,KJ Hamler,2021,DEN,22.0,3.0,10,517,0.019342359767891684,12.399999999999999,4.133333333333333,172.0,<10%
00-0035593,Juwann Winfree,2021,GB,25.0,5.0,13,570,0.02280701754385965,11.8,2.3600000000000003,173.0,<10%
00-0036877,Jaelon Darden,2021,TB,22.0,9.0,12,716,0.01675977653631285,11.399999999999999,1.2666666666666666,174.0,<10%
00-0034652,Cameron Batson,2021,TEN,26.0,4.0,5,522,0.009578544061302681,11.0,2.75,175.0,<10%
00-0036110,Ja'Marcus Bradley,2021,CLE,25.0,4.0,4,499,0.008016032064128256,10.399999999999999,2.5999999999999996,176.0,<10%
00-0033114,Mike Thomas,2021,CIN,27.0,7.0,11,540,0.020370370370370372,10.2,1.457142857142857,177.0,<10%
00-0036228,Dezmon Patmon,2021,IND,23.0,4.0,4,502,0.00796812749003984,10.1,2.525,178.0,<10%
00-0033282,Curtis Samuel,2021,WAS,25.0,5.0,9,534,0.016853932584269662,9.8,1.9600000000000002,179.0,<10%
00-0033367,C.J. Board,2021,NYG,28.0,6.0,6,564,0.010638297872340425,9.7,1.6166666666666665,180.0,<10%
00-0036991,Amari Rodgers,2021,GB,22.0,16.0,8,570,0.014035087719298246,9.6,0.6,181.0,<10%
00-0033127,Will Fuller,2021,MIA,27.0,2.0,8,599,0.01335559265442404,8.6,4.3,182.0,<10%
00-0035432,Jason Moore,2021,LAC,26.0,1.0,4,659,0.006069802731411229,8.6,8.6,183.0,<10%
00-0032543,Alex Erickson,2021,CAR,29.0,17.0,4,575,0.006956521739130435,8.5,0.5,184.0,<10%
00-0035891,Cody White,2021,PIT,23.0,6.0,6,653,0.009188361408882083,8.3,1.3833333333333335,185.0,<10%
00-0030663,Willie Snead,2021,CAR/LV,29.0,7.0,8,1178,0.006791171477079796,7.800000000000001,1.1142857142857143,186.0,<10%
00-0033111,Pharoh Cooper,2021,NYG,26.0,8.0,11,564,0.01950354609929078,7.6,0.95,187.0,<10%
00-0033386,Cody Hollister,2021,TEN,28.0,3.0,7,522,0.013409961685823755,7.300000000000001,2.4333333333333336,188.0,<10%
00-0035500,Greg Dortch,2021,ARI,23.0,5.0,3,570,0.005263157894736842,6.9,1.3800000000000001,189.0,<10%
00-0035045,D.J. Montgomery,2021,NYJ,25.0,2.0,6,581,0.010327022375215147,6.6,3.3,190.0,<10%
00-0034132,Christian Blake,2021,ATL,25.0,9.0,9,554,0.016245487364620937,6.5,0.7222222222222222,191.0,<10%
00-0033292,Trent Taylor,2021,CIN,27.0,4.0,3,540,0.005555555555555556,6.1,1.525,192.0,<10%
00-0035645,Gunner Olszewski,2021,NE,25.0,16.0,3,524,0.0057251908396946565,6.0,0.375,194.0,<10%
00-0036382,K.J. Hill,2021,LAC,24.0,6.0,3,659,0.004552352048558422,6.0,1.0,195.0,<10%
00-0035246,J.J. Arcega-Whiteside,2021,PHI,25.0,7.0,5,468,0.010683760683760684,5.6,0.7999999999999999,196.0,<10%
00-0035341,Trenton Irwin,2021,CIN,26.0,5.0,5,540,0.009259259259259259,5.4,1.08,197.0,<10%
00-0031545,Kevin White,2021,NO,29.0,4.0,5,474,0.010548523206751054,4.8,1.2,198.0,<10%
00-0031787,Jake Kumerow,2021,BUF,29.0,7.0,6,623,0.009630818619582664,4.8,0.6857142857142857,199.0,<10%
00-0034317,Keith Kirkwood,2021,CAR,27.0,3.0,7,575,0.01217391304347826,4.7,1.5666666666666667,200.0,<10%
00-0036482,Mike Strachan,2021,IND,24.0,2.0,3,502,0.00597609561752988,4.6,2.3,201.0,<10%
00-0033481,Marcus Kemp,2021,KC,26.0,12.0,5,637,0.007849293563579277,4.4,0.3666666666666667,202.0,<10%
00-0036657,Seth Williams,2021,DEN,21.0,1.0,1,517,0.0019342359767891683,4.4,4.4,203.0,<10%
00-0036630,Tylan Wallace,2021,BAL,22.0,10.0,6,591,0.01015228426395939,4.3,0.43,204.0,<10%
00-0036907,Dazz Newsome,2021,CHI,22.0,3.0,5,524,0.009541984732824428,4.3,1.4333333333333333,205.0,<10%
00-0035359,David Sills,2021,NYG,25.0,4.0,6,564,0.010638297872340425,3.7,0.925,206.0,<10%
00-0035457,Tyron Johnson,2021,JAX/LV,25.0,7.0,5,1186,0.0042158516020236085,3.6,0.5142857142857143,207.0,<10%
00-0035399,Stanley Morgan,2021,CIN,25.0,11.0,4,540,0.007407407407407408,3.4000000000000004,0.30909090909090914,208.0,<10%
00-0032160,Tyrell Williams,2021,DET,29.0,1.0,3,565,0.005309734513274336,3.4,3.4,209.0,<10%
00-0035480,Malik Taylor,2021,GB,26.0,7.0,3,570,0.005263157894736842,3.4,0.4857142857142857,210.0,<10%
00-0036910,C.J. Saunders,2021,CAR,25.0,1.0,2,575,0.0034782608695652175,3.1,3.1,211.0,<10%
00-0033006,Jaydon Mickens,2021,JAX/TB,27.0,11.0,3,1299,0.0023094688221709007,3.0,0.2727272727272727,212.0,<10%
00-0035101,Davion Davis,2021,HOU,25.0,2.0,3,523,0.0057361376673040155,2.7,1.35,213.0,<10%
00-0036951,Frank Darby,2021,ATL,24.0,4.0,4,554,0.007220216606498195,2.4,0.6,214.0,<10%
00-0035527,Andy Isabella,2021,ARI,25.0,3.0,1,570,0.0017543859649122807,2.3,0.7666666666666666,215.0,<10%
00-0035844,Kirk Merritt,2021,MIA,24.0,1.0,3,599,0.005008347245409015,2.3,2.3,216.0,<10%
00-0033094,Marvin Hall,2021,ATL,28.0,1.0,1,554,0.0018050541516245488,2.0,2.0,217.0,<10%
00-0036491,Tarik Black,2021,NYJ,23.0,1.0,2,581,0.0034423407917383822,2.0,2.0,218.0,<10%
00-0032881,Tommylee Lewis,2021,MIA,29.0,2.0,2,599,0.00333889816360601,1.7,0.85,219.0,<10%
00-0035703,Miles Boykin,2021,BAL,25.0,1.0,1,591,0.001692047377326565,1.6,1.6,220.0,<10%
00-0034366,Keke Coutee,2021,IND,24.0,1.0,1,502,0.00199203187250996,1.5,1.5,221.0,<10%
00-0036080,Easop Winston,2021,NO,25.0,3.0,1,474,0.002109704641350211,1.5,0.5,222.0,<10%
00-0036652,Racey McMath,2021,TEN,22.0,6.0,6,522,0.011494252873563218,0.7999999999999998,0.1333333333333333,223.0,<10%
00-0031319,Diontae Spencer,2021,DEN,29.0,15.0,4,517,0.007736943907156673,0.7,0.04666666666666666,224.0,<10%
00-0029269,Travis Benjamin,2021,SF,32.0,5.0,5,497,0.01006036217303823,0.0,0.0,227.0,<10%
00-0031051,John Brown,2021,DEN/JAX,31.0,3.0,3,1100,0.0027272727272727275,0.0,0.0,228.0,<10%
00-0031934,Devin Smith,2021,JAX,29.0,1.0,1,583,0.0017152658662092624,0.0,0.0,229.0,<10%
00-0032626,Geronimo Allison,2021,DET,27.0,1.0,2,565,0.0035398230088495575,0.0,0.0,230.0,<10%
00-0033589,David Moore,2021,DEN/GB,26.0,2.0,2,1087,0.0018399264029438822,0.0,0.0,232.0,<10%
00-0033957,Rodney Adams,2021,CHI,27.0,1.0,1,524,0.0019083969465648854,0.0,0.0,233.0,<10%
00-0034631,Vyncint Smith,2021,NYJ,25.0,1.0,1,581,0.0017211703958691911,0.0,0.0,236.0,<10%
00-0036308,Isaiah Coulter,2021,CHI,23.0,1.0,1,524,0.0019083969465648854,0.0,0.0,244.0,<10%
00-0036439,Tyrie Cleveland,2021,DEN,24.0,4.0,1,517,0.0019342359767891683,0.0,0.0,247.0,<10%
00-0036322,Justin Jefferson,2022,MIN,23.0,17.0,184,641,0.2870514820592824,368.66,21.685882352941178,1.0,25-30%
00-0033040,Tyreek Hill,2022,MIA,28.0,17.0,170,562,0.302491103202847,341.2,20.070588235294117,2.0,30%+
00-0031381,Davante Adams,2022,LV,30.0,17.0,180,558,0.3225806451612903,335.5,19.735294117647058,3.0,30%+
00-0031588,Stefon Diggs,2022,BUF,29.0,16.0,154,551,0.279491833030853,316.6,19.7875,4.0,25-30%
00-0036358,CeeDee Lamb,2022,DAL,23.0,17.0,156,545,0.28623853211009176,301.59999999999997,17.741176470588233,5.0,25-30%
00-0035676,A.J. Brown,2022,PHI,25.0,17.0,145,505,0.2871287128712871,299.6,17.623529411764707,6.0,25-30%
00-0036963,Amon-Ra St. Brown,2022,DET,23.0,16.0,146,563,0.25932504440497334,267.6,16.725,7.0,25-30%
00-0036613,Jaylen Waddle,2022,MIA,24.0,17.0,117,562,0.20818505338078291,259.2,15.24705882352941,8.0,20-25%
00-0036912,DeVonta Smith,2022,PHI,24.0,17.0,136,505,0.2693069306930693,256.6,15.094117647058825,9.0,25-30%
00-0031544,Amari Cooper,2022,CLE,28.0,17.0,132,507,0.2603550295857988,246.0,14.470588235294118,10.0,25-30%
00-0036900,Ja'Marr Chase,2022,CIN,22.0,12.0,134,594,0.2255892255892256,242.4,20.2,11.0,20-25%
00-0034775,Christian Kirk,2022,JAX,26.0,17.0,133,574,0.23170731707317074,241.9,14.229411764705883,12.0,20-25%
00-0032211,Tyler Lockett,2022,SEA,30.0,16.0,117,553,0.2115732368896926,239.3,14.95625,13.0,20-25%
00-0035659,Terry McLaurin,2022,WAS,27.0,17.0,120,531,0.22598870056497175,229.0,13.470588235294118,14.0,20-25%
00-0036261,Brandon Aiyuk,2022,SF,24.0,17.0,114,504,0.2261904761904762,227.8,13.4,15.0,20-25%
00-0035640,DK Metcalf,2022,SEA,25.0,17.0,141,553,0.2549728752260398,226.8,13.341176470588236,16.0,25-30%
00-0031408,Mike Evans,2022,TB,29.0,15.0,127,724,0.17541436464088397,225.4,15.026666666666667,17.0,15-20%
00-0033921,Chris Godwin Jr.,2022,TB,26.0,15.0,142,724,0.19613259668508287,222.8,14.853333333333333,18.0,15-20%
00-0036410,Tee Higgins,2022,CIN,23.0,14.0,109,594,0.1835016835016835,220.9,15.778571428571428,19.0,15-20%
00-0036252,Michael Pittman,2022,IND,25.0,16.0,141,579,0.24352331606217617,216.5,13.53125,20.0,20-25%
00-0037740,Garrett Wilson,2022,NYJ,22.0,17.0,147,588,0.25,215.7,12.688235294117646,21.0,25-30%
00-0036407,Jerry Jeudy,2022,DEN,23.0,15.0,100,541,0.18484288354898337,204.2,13.613333333333333,22.0,15-20%
00-0033908,Cooper Kupp,2022,LA,29.0,9.0,98,517,0.1895551257253385,201.4,22.37777777777778,23.0,15-20%
00-0034827,DJ Moore,2022,CAR,25.0,17.0,118,427,0.27634660421545665,199.10000000000002,11.711764705882354,24.0,25-30%
00-0037239,Chris Olave,2022,NO,22.0,15.0,119,493,0.2413793103448276,198.2,13.213333333333333,25.0,20-25%
00-0033891,Zay Jones,2022,JAX,27.0,16.0,121,574,0.21080139372822299,198.1,12.38125,26.0,20-25%
00-0033857,JuJu Smith-Schuster,2022,KC,26.0,16.0,101,614,0.16449511400651465,185.29999999999998,11.581249999999999,27.0,15-20%
00-0034960,Jakobi Meyers,2022,NE,26.0,14.0,96,518,0.18532818532818532,182.3,13.021428571428572,28.0,15-20%
00-0035216,Diontae Johnson,2022,PIT,26.0,17.0,147,548,0.26824817518248173,180.7,10.629411764705882,29.0,25-30%
00-0030035,Adam Thielen,2022,MIN,32.0,17.0,107,641,0.1669266770670827,180.0,10.588235294117647,30.0,15-20%
00-0037238,Drake London,2022,ATL,21.0,17.0,117,400,0.2925,178.6,10.505882352941176,31.0,25-30%
00-0033536,Mike Williams,2022,LAC,28.0,13.0,93,687,0.13537117903930132,176.5,13.576923076923077,32.0,10-15%
00-0033282,Curtis Samuel,2022,WAS,26.0,17.0,92,531,0.17325800376647835,176.3,10.370588235294118,33.0,15-20%
00-0034521,Allen Lazard,2022,GB,27.0,15.0,100,540,0.18518518518518517,174.8,11.653333333333334,34.0,15-20%
00-0036196,Gabe Davis,2022,BUF,23.0,15.0,93,551,0.16878402903811252,171.6,11.44,35.0,15-20%
00-0036988,Josh Palmer,2022,LAC,23.0,16.0,107,687,0.15574963609898107,169.3,10.58125,36.0,15-20%
00-0035719,Deebo Samuel Sr.,2022,SF,26.0,13.0,94,504,0.1865079365079365,168.4,12.953846153846154,37.0,15-20%
00-0033009,Tyler Boyd,2022,CIN,28.0,16.0,82,594,0.13804713804713806,167.12,10.445,38.0,10-15%
00-0036233,Donovan Peoples-Jones,2022,CLE,23.0,17.0,96,507,0.1893491124260355,167.1,9.829411764705881,39.0,15-20%
00-0037247,George Pickens,2022,PIT,21.0,17.0,84,548,0.15328467153284672,166.5,9.794117647058824,40.0,15-20%
00-0038124,Christian Watson,2022,GB,23.0,14.0,66,540,0.12222222222222222,164.10000000000002,11.721428571428573,41.0,10-15%
00-0030279,Keenan Allen,2022,LAC,30.0,10.0,89,687,0.12954876273653565,164.0,16.4,42.0,10-15%
00-0034348,Courtland Sutton,2022,DEN,27.0,15.0,109,541,0.20147874306839186,159.4,10.626666666666667,43.0,20-25%
00-0035662,Marquise Brown,2022,ARI,25.0,12.0,107,635,0.16850393700787403,156.0,13.0,44.0,15-20%
00-0036345,K.J. Osborn,2022,MIN,25.0,17.0,90,641,0.14040561622464898,155.6,9.152941176470588,45.0,10-15%
00-0033555,Mack Hollins,2022,LV,29.0,17.0,94,558,0.16845878136200718,154.16,9.068235294117647,46.0,15-20%
00-0030564,DeAndre Hopkins,2022,ARI,30.0,9.0,96,635,0.15118110236220472,151.7,16.855555555555554,47.0,15-20%
00-0035639,Parris Campbell,2022,IND,25.0,17.0,91,579,0.15716753022452504,149.1,8.770588235294117,48.0,15-20%
00-0031236,Brandin Cooks,2022,HOU,29.0,13.0,93,558,0.16666666666666666,145.6,11.2,49.0,15-20%
00-0034286,Richie James,2022,NYG,27.0,16.0,70,489,0.14314928425357873,138.5,8.65625,50.0,10-15%
00-0037741,Jahan Dotson,2022,WAS,22.0,12.0,61,531,0.11487758945386065,130.6,10.883333333333333,51.0,10-15%
00-0035535,Darius Slayton,2022,NYG,25.0,13.0,71,489,0.14519427402862986,128.4,9.876923076923077,52.0,10-15%
00-0034411,Russell Gage,2022,TB,26.0,13.0,70,724,0.09668508287292818,123.6,9.507692307692308,53.0,<10%
00-0034272,Marquez Valdes-Scantling,2022,KC,28.0,17.0,81,614,0.13192182410423453,122.4,7.2,54.0,10-15%
00-0033466,Isaiah McKenzie,2022,BUF,27.0,15.0,65,551,0.11796733212341198,119.8,7.986666666666666,55.0,10-15%
00-0030431,Robert Woods,2022,TEN,30.0,17.0,91,436,0.20871559633027523,117.7,6.923529411764706,56.0,20-25%
00-0029293,Marvin Jones,2022,JAX,32.0,16.0,81,574,0.14111498257839722,116.89999999999999,7.3062499999999995,57.0,10-15%
00-0032464,Kalif Raymond,2022,DET,28.0,17.0,64,563,0.11367673179396093,116.2,6.835294117647059,58.0,10-15%
00-0036331,Devin Duvernay,2022,BAL,25.0,14.0,49,465,0.1053763440860215,116.1,8.292857142857143,59.0,10-15%
00-0032398,Chris Moore,2022,HOU,29.0,15.0,74,558,0.13261648745519714,115.1,7.673333333333333,60.0,10-15%
00-0035500,Greg Dortch,2022,ARI,24.0,16.0,64,635,0.10078740157480315,115.1,7.19375,61.0,10-15%
00-0033591,Noah Brown,2022,DAL,26.0,16.0,74,545,0.13577981651376148,114.5,7.15625,62.0,10-15%
00-0031763,DeAndre Carter,2022,LAC,29.0,17.0,65,687,0.09461426491994178,114.3,6.723529411764706,63.0,<10%
00-0037664,Alec Pierce,2022,IND,22.0,16.0,78,579,0.13471502590673576,112.30000000000001,7.018750000000001,64.0,10-15%
00-0035208,Olamide Zaccheaus,2022,ATL,25.0,16.0,61,400,0.1525,110.0,6.875,65.0,15-20%
00-0034764,Michael Gallup,2022,DAL,26.0,14.0,74,545,0.13577981651376148,105.4,7.528571428571429,66.0,10-15%
00-0036326,Chase Claypool,2022,CHI/PIT,24.0,15.0,79,907,0.08710033076074973,105.03999999999999,7.002666666666666,67.0,<10%
00-0033943,Josh Reynolds,2022,DET,27.0,12.0,59,563,0.10479573712255773,103.9,8.658333333333333,68.0,10-15%
00-0032775,Demarcus Robinson,2022,BAL,28.0,16.0,75,465,0.16129032258064516,103.8,6.4875,69.0,15-20%
00-0031547,DeVante Parker,2022,NE,29.0,12.0,47,518,0.09073359073359073,102.9,8.575000000000001,70.0,<10%
00-0037816,Romeo Doubs,2022,GB,22.0,13.0,67,540,0.12407407407407407,101.6,7.815384615384615,71.0,10-15%
00-0036309,Darnell Mooney,2022,CHI,25.0,11.0,61,359,0.16991643454038996,101.5,9.227272727272727,72.0,15-20%
00-0037545,Rashid Shaheed,2022,NO,24.0,12.0,34,493,0.06896551724137931,100.5,8.375,73.0,<10%
00-0036165,Isaiah Hodgins,2022,BUF/NYG,24.0,9.0,48,1040,0.046153846153846156,100.19999999999999,11.133333333333333,74.0,<10%
00-0034777,DJ Chark,2022,DET,26.0,11.0,52,563,0.09236234458259325,98.2,8.927272727272728,75.0,<10%
00-0033871,Corey Davis,2022,NYJ,27.0,13.0,64,588,0.10884353741496598,97.6,7.507692307692308,76.0,10-15%
00-0036554,Nico Collins,2022,HOU,23.0,10.0,66,558,0.11827956989247312,97.1,9.709999999999999,77.0,10-15%
00-0035140,Mecole Hardman,2022,KC,24.0,8.0,34,614,0.05537459283387622,93.8,11.725,78.0,<10%
00-0030068,Marquise Goodwin,2022,SEA,32.0,13.0,42,553,0.0759493670886076,90.2,6.938461538461539,79.0,<10%
00-0033307,Kendrick Bourne,2022,NE,27.0,16.0,48,518,0.09266409266409266,88.3,5.51875,80.0,<10%
00-0036980,Elijah Moore,2022,NYJ,22.0,14.0,65,588,0.11054421768707483,88.1,6.292857142857143,81.0,10-15%
00-0037742,Treylon Burks,2022,TEN,22.0,11.0,54,436,0.12385321100917432,88.1,8.009090909090908,82.0,10-15%
00-0036936,Rondale Moore,2022,ARI,22.0,8.0,56,635,0.08818897637795275,87.89999999999999,10.987499999999999,83.0,<10%
00-0031428,Allen Robinson,2022,LA,29.0,10.0,52,517,0.10058027079303675,84.9,8.49,84.0,10-15%
00-0036271,Quez Watkins,2022,PHI,24.0,17.0,51,505,0.100990099009901,84.5,4.970588235294118,85.0,10-15%
00-0036862,Ben Skowronek,2022,LA,25.0,14.0,61,517,0.11798839458413926,84.3,6.021428571428571,86.0,10-15%
00-0034487,Trent Sherfield,2022,MIA,26.0,16.0,51,562,0.09074733096085409,83.7,5.23125,87.0,<10%
00-0036955,Terrace Marshall Jr.,2022,CAR,22.0,13.0,47,427,0.11007025761124122,83.0,6.384615384615385,88.0,10-15%
00-0036182,Nick Westbrook-Ikhine,2022,TEN,25.0,16.0,50,436,0.11467889908256881,82.7,5.16875,89.0,10-15%
00-0036259,Jauan Jennings,2022,SF,25.0,16.0,56,504,0.1111111111111111,82.6,5.1625,90.0,10-15%
00-0028002,Randall Cobb,2022,GB,32.0,13.0,50,540,0.09259259259259259,81.7,6.2846153846153845,91.0,<10%
00-0034983,Hunter Renfrow,2022,LV,27.0,10.0,50,558,0.08960573476702509,79.0,7.9,92.0,<10%
00-0036415,Van Jefferson,2022,LA,26.0,10.0,44,517,0.0851063829787234,78.9,7.890000000000001,93.0,<10%
00-0031549,Nelson Agholor,2022,NE,29.0,14.0,53,518,0.10231660231660232,75.2,5.371428571428572,94.0,10-15%
00-0036268,Laviska Shenault Jr.,2022,CAR,24.0,13.0,32,427,0.07494145199063232,72.7,5.592307692307693,95.0,<10%
00-0027944,Julio Jones,2022,TB,33.0,10.0,43,724,0.05939226519337017,70.4,7.040000000000001,96.0,<10%
00-0033572,Jamal Agnew,2022,JAX,27.0,15.0,30,574,0.05226480836236934,70.3,4.6866666666666665,97.0,<10%
00-0038104,Tyquan Thornton,2022,NE,22.0,12.0,45,518,0.08687258687258688,66.3,5.5249999999999995,98.0,<10%
00-0034860,Dante Pettis,2022,CHI,27.0,17.0,41,359,0.11420612813370473,65.2,3.835294117647059,99.0,10-15%
00-0034279,Equanimeous St. Brown,2022,CHI,26.0,16.0,38,359,0.10584958217270195,64.7,4.04375,100.0,10-15%
00-0035341,Trenton Irwin,2022,CIN,27.0,9.0,23,594,0.03872053872053872,63.2,7.022222222222222,101.0,<10%
00-0036849,Tutu Atwell,2022,LA,23.0,12.0,35,517,0.06769825918762089,63.2,5.266666666666667,102.0,<10%
00-0027942,A.J. Green,2022,ARI,34.0,13.0,47,635,0.07401574803149606,61.6,4.7384615384615385,103.0,<10%
00-0036572,Shi Smith,2022,CAR,24.0,17.0,41,427,0.09601873536299765,61.6,3.623529411764706,104.0,<10%
00-0031382,Jarvis Landry,2022,NO,30.0,9.0,39,493,0.07910750507099391,60.2,6.688888888888889,105.0,<10%
00-0036913,Kadarius Toney,2022,KC/NYG,23.0,9.0,20,1103,0.01813236627379873,59.3,6.588888888888889,106.0,<10%
00-0034386,Justin Watson,2022,KC,26.0,17.0,34,614,0.05537459283387622,58.5,3.4411764705882355,107.0,<10%
00-0034407,Ray-Ray McCloud,2022,SF,26.0,17.0,25,504,0.0496031746031746,58.1,3.4176470588235297,108.0,<10%
00-0034419,Braxton Berrios,2022,NYJ,27.0,17.0,32,588,0.05442176870748299,57.68,3.3929411764705883,109.0,<10%
00-0035864,Kendall Hinton,2022,DEN,25.0,11.0,33,541,0.06099815157116451,56.4,5.127272727272727,110.0,<10%
00-0036550,Rashod Bateman,2022,BAL,23.0,6.0,28,465,0.060215053763440864,53.5,8.916666666666666,111.0,<10%
00-0034765,Tre'Quan Smith,2022,NO,26.0,10.0,27,493,0.05476673427991886,52.800000000000004,5.28,112.0,<10%
00-0032688,Robbie Chosen,2022,ARI/CAR,29.0,12.0,44,1062,0.04143126177024482,52.2,4.3500000000000005,113.0,<10%
00-0031868,Damiere Byrd,2022,ATL,29.0,12.0,23,400,0.0575,51.8,4.316666666666666,114.0,<10%
00-0032208,Phillip Dorsett,2022,HOU,29.0,15.0,40,558,0.07168458781362007,51.7,3.4466666666666668,115.0,<10%
00-0038117,Wan'Dale Robinson,2022,NYG,21.0,6.0,31,489,0.06339468302658487,51.599999999999994,8.6,116.0,<10%
00-0032765,Michael Thomas,2022,NO,29.0,3.0,22,493,0.04462474645030426,51.1,17.033333333333335,117.0,<10%
00-0038090,Skyy Moore,2022,KC,22.0,16.0,33,614,0.05374592833876222,49.4,3.0875,118.0,<10%
00-0034646,Brandon Powell,2022,LA,27.0,17.0,32,517,0.061895551257253385,47.6,2.8000000000000003,119.0,<10%
00-0031325,Sammy Watkins,2022,BAL/GB,29.0,9.0,27,1005,0.026865671641791045,46.5,5.166666666666667,120.0,<10%
00-0037257,David Bell,2022,CLE,22.0,15.0,35,507,0.06903353057199212,45.4,3.0266666666666664,121.0,<10%
00-0036991,Amari Rodgers,2022,GB/HOU,23.0,15.0,25,1098,0.022768670309653915,43.1,2.8733333333333335,122.0,<10%
00-0035021,Ashton Dulin,2022,IND,25.0,10.0,22,579,0.037996545768566495,42.5,4.25,123.0,<10%
00-0035298,Scott Miller,2022,TB,25.0,12.0,40,724,0.055248618784530384,42.3,3.525,124.0,<10%
00-0034854,KhaDarel Hodge,2022,ATL,27.0,13.0,20,400,0.05,41.2,3.1692307692307695,125.0,<10%
00-0036219,Marquez Callaway,2022,NO,24.0,10.0,32,493,0.06490872210953347,37.800000000000004,3.7800000000000002,126.0,<10%
00-0033251,Zach Pascal,2022,PHI,28.0,15.0,19,505,0.03762376237623762,36.0,2.4,127.0,<10%
00-0034297,Byron Pringle,2022,CHI,29.0,10.0,16,359,0.04456824512534819,35.5,3.55,128.0,<10%
00-0032385,Sterling Shepard,2022,NYG,29.0,3.0,24,489,0.049079754601226995,34.4,11.466666666666667,129.0,<10%
00-0037261,Khalil Shakir,2022,BUF,22.0,10.0,20,551,0.036297640653357534,34.1,3.41,130.0,<10%
00-0037291,Jalen Nailor,2022,MIN,23.0,8.0,13,641,0.0202808112324493,32.9,4.1125,131.0,<10%
00-0036626,Dyami Brown,2022,WAS,23.0,9.0,14,531,0.026365348399246705,32.800000000000004,3.644444444444445,132.0,<10%
00-0034928,Steven Sims,2022,PIT,25.0,12.0,23,548,0.041970802919708027,31.4,2.6166666666666667,133.0,<10%
00-0034054,River Cracraft,2022,MIA,28.0,8.0,14,562,0.02491103202846975,31.2,3.9,134.0,<10%
00-0033681,Keelan Cole,2022,LV,29.0,12.0,21,558,0.03763440860215054,30.1,2.5083333333333333,135.0,<10%
00-0036255,Denzel Mims,2022,NYJ,25.0,9.0,25,588,0.04251700680272109,29.6,3.288888888888889,136.0,<10%
00-0036387,Jalen Reagor,2022,MIN,23.0,17.0,13,641,0.0202808112324493,26.9,1.5823529411764705,137.0,<10%
00-0034418,Cedrick Wilson Jr.,2022,MIA,27.0,13.0,18,562,0.03202846975088968,26.4,2.0307692307692307,138.0,<10%
00-0036412,KJ Hamler,2022,DEN,23.0,6.0,14,541,0.025878003696857672,25.8,4.3,139.0,<10%
00-0026189,DeSean Jackson,2022,BAL,36.0,7.0,17,465,0.03655913978494624,24.3,3.4714285714285715,140.0,<10%
00-0032054,Breshad Perriman,2022,TB,29.0,8.0,19,724,0.026243093922651933,23.3,2.9125,141.0,<10%
00-0035544,Tom Kennedy,2022,DET,26.0,5.0,15,563,0.02664298401420959,22.1,4.42,142.0,<10%
00-0035359,David Sills,2022,NYG,26.0,7.0,17,489,0.034764826175869123,21.6,3.085714285714286,143.0,<10%
00-0035510,Jeff Smith,2022,NYJ,25.0,7.0,11,588,0.01870748299319728,21.4,3.057142857142857,144.0,<10%
00-0033932,Kenny Golladay,2022,NYG,29.0,6.0,17,489,0.034764826175869123,20.1,3.35,145.0,<10%
00-0037098,Samori Toure,2022,GB,24.0,4.0,10,540,0.018518518518518517,19.2,4.8,146.0,<10%
00-0029608,T.Y. Hilton,2022,DAL,33.0,3.0,10,545,0.01834862385321101,19.099999999999998,6.366666666666666,147.0,<10%
00-0032980,Marcus Johnson,2022,NYG,28.0,8.0,22,489,0.044989775051124746,18.9,2.3625,148.0,<10%
00-0036959,Michael Bandy,2022,LAC,25.0,8.0,21,687,0.03056768558951965,18.9,2.3625,149.0,<10%
00-0036999,Anthony Schwartz,2022,CLE,22.0,7.0,10,507,0.01972386587771203,18.8,2.685714285714286,150.0,<10%
00-0034104,Cam Sims,2022,WAS,26.0,13.0,18,531,0.03389830508474576,16.9,1.2999999999999998,151.0,<10%
00-0037382,Brandon Johnson,2022,DEN,24.0,5.0,14,541,0.025878003696857672,16.2,3.2399999999999998,152.0,<10%
00-0037273,Kyle Philips,2022,TEN,23.0,4.0,13,436,0.02981651376146789,15.799999999999999,3.9499999999999997,153.0,<10%
00-0036671,Dax Milne,2022,WAS,23.0,15.0,7,531,0.013182674199623353,15.7,1.0466666666666666,154.0,<10%
00-0037387,Jalen Virgil,2022,DEN,24.0,7.0,5,541,0.009242144177449169,15.5,2.2142857142857144,155.0,<10%
00-0037240,Jameson Williams,2022,DET,21.0,6.0,9,563,0.015985790408525755,15.1,2.5166666666666666,156.0,<10%
00-0035645,Gunner Olszewski,2022,PIT,26.0,15.0,7,548,0.012773722627737226,14.200000000000001,0.9466666666666668,157.0,<10%
00-0036620,Dee Eskridge,2022,SEA,25.0,9.0,13,553,0.023508137432188065,13.8,1.5333333333333334,158.0,<10%
00-0033292,Trent Taylor,2022,CIN,28.0,16.0,10,594,0.016835016835016835,13.700000000000001,0.8562500000000001,159.0,<10%
00-0036133,James Proche,2022,BAL,26.0,11.0,17,465,0.03655913978494624,12.200000000000001,1.1090909090909091,160.0,<10%
00-0031941,Jamison Crowder,2022,BUF,29.0,4.0,13,551,0.023593466424682397,12.0,3.0,161.0,<10%
00-0035876,Andre Baccellia,2022,ARI,25.0,5.0,10,635,0.015748031496062992,11.5,2.3,162.0,<10%
00-0036247,Freddie Swain,2022,DEN,24.0,3.0,6,541,0.011090573012939002,11.4,3.8000000000000003,163.0,<10%
00-0031051,John Brown,2022,BUF,32.0,2.0,2,551,0.003629764065335753,11.2,5.6,164.0,<10%
00-0037487,Deven Thompkins,2022,TB,23.0,5.0,10,724,0.013812154696132596,10.799999999999999,2.1599999999999997,165.0,<10%
00-0031787,Jake Kumerow,2022,BUF,30.0,5.0,7,551,0.012704174228675136,10.4,2.08,166.0,<10%
00-0032200,Ty Montgomery,2022,NE,29.0,1.0,4,518,0.007722007722007722,10.3,10.3,167.0,<10%
00-0032951,Laquon Treadwell,2022,SEA,27.0,3.0,10,553,0.018083182640144666,10.2,3.4,168.0,<10%
00-0029000,Cole Beasley,2022,BUF/TB,33.0,4.0,7,1275,0.005490196078431373,9.5,2.375,169.0,<10%
00-0031545,Kevin White,2022,NO,30.0,6.0,5,493,0.010141987829614604,9.4,1.5666666666666667,170.0,<10%
00-0037300,Mike Woods,2022,CLE,22.0,7.0,10,507,0.01972386587771203,9.0,1.2857142857142858,171.0,<10%
00-0036482,Mike Strachan,2022,IND,25.0,5.0,9,579,0.015544041450777202,8.899999999999999,1.7799999999999998,172.0,<10%
00-0032128,Chris Conley,2022,HOU/TEN,30.0,4.0,7,994,0.007042253521126761,8.600000000000001,2.1500000000000004,173.0,<10%
00-0033386,Cody Hollister,2022,TEN,29.0,6.0,5,436,0.011467889908256881,8.4,1.4000000000000001,174.0,<10%
00-0035414,Jalen Guyton,2022,LAC,25.0,2.0,4,687,0.005822416302765648,8.4,4.2,175.0,<10%
00-0033114,Mike Thomas,2022,CIN,28.0,5.0,10,594,0.016835016835016835,7.8,1.56,176.0,<10%
00-0036630,Tylan Wallace,2022,BAL,23.0,5.0,7,465,0.015053763440860216,7.3,1.46,177.0,<10%
00-0037272,Montrell Washington,2022,DEN,23.0,15.0,9,541,0.0166358595194085,7.2,0.48000000000000004,178.0,<10%
00-0036652,Racey McMath,2022,TEN,23.0,4.0,8,436,0.01834862385321101,6.4,1.6,179.0,<10%
00-0036497,Tim Jones,2022,JAX,24.0,7.0,4,574,0.006968641114982578,6.0,0.8571428571428571,180.0,<10%
00-0036646,Simi Fehoko,2022,DAL,25.0,3.0,4,545,0.007339449541284404,5.4,1.8,181.0,<10%
00-0035022,Penny Hart,2022,SEA,26.0,4.0,4,553,0.007233273056057866,5.0,1.25,182.0,<10%
00-0036877,Jaelon Darden,2022,CLE/TB,23.0,14.0,2,1231,0.0016246953696181965,4.800000000000001,0.3428571428571429,183.0,<10%
00-0036439,Tyrie Cleveland,2022,DEN,25.0,5.0,7,541,0.012939001848428836,4.8,0.96,184.0,<10%
00-0036365,Bryan Edwards,2022,ATL,24.0,4.0,5,400,0.0125,4.5,1.125,185.0,<10%
00-0038147,Daylen Baldwin,2022,CLE,23.0,1.0,2,507,0.0039447731755424065,4.5,4.5,186.0,<10%
00-0036228,Dezmon Patmon,2022,IND,24.0,1.0,6,579,0.010362694300518135,4.4,4.4,187.0,<10%
00-0037093,Dareke Young,2022,SEA,23.0,6.0,2,553,0.003616636528028933,4.4,0.7333333333333334,188.0,<10%
00-0035527,Andy Isabella,2022,ARI/BAL,26.0,4.0,5,1100,0.004545454545454545,4.199999999999999,1.0499999999999998,189.0,<10%
00-0033111,Pharoh Cooper,2022,ARI,27.0,5.0,2,635,0.0031496062992125984,4.1,0.82,190.0,<10%
00-0036810,Cade Johnson,2022,SEA,24.0,2.0,4,553,0.007233273056057866,4.1,2.05,191.0,<10%
00-0035406,Lil'Jordan Humphrey,2022,NE,24.0,4.0,4,518,0.007722007722007722,4.0,1.0,192.0,<10%
00-0034317,Keith Kirkwood,2022,NO,28.0,3.0,4,493,0.008113590263691683,3.8,1.2666666666666666,193.0,<10%
00-0037570,Dennis Houston,2022,DAL,23.0,2.0,6,545,0.011009174311926606,3.6,1.8,194.0,<10%
00-0037801,KaVontae Turpin,2022,DAL,26.0,17.0,2,545,0.003669724770642202,3.6,0.21176470588235294,195.0,<10%
00-0036277,Quintez Cephus,2022,DET,24.0,3.0,3,563,0.0053285968028419185,3.5,1.1666666666666667,196.0,<10%
00-0035621,Nsimba Webster,2022,CHI,26.0,1.0,3,359,0.008356545961002786,3.4,3.4,197.0,<10%
00-0035215,Deonte Harty,2022,NO,25.0,4.0,2,493,0.004056795131845842,3.3,0.825,198.0,<10%
00-0036841,Austin Trammell,2022,LA,24.0,2.0,4,517,0.007736943907156673,3.3,1.65,199.0,<10%
00-0037666,Jalen Tolbert,2022,DAL,23.0,3.0,3,545,0.005504587155963303,3.2,1.0666666666666667,200.0,<10%
00-0035703,Miles Boykin,2022,PIT,26.0,10.0,3,548,0.005474452554744526,3.1,0.31,201.0,<10%
00-0037828,Danny Gray,2022,SF,23.0,7.0,7,504,0.013888888888888888,2.9,0.41428571428571426,202.0,<10%
00-0035593,Juwann Winfree,2022,GB,26.0,3.0,4,540,0.007407407407407408,2.7,0.9,203.0,<10%
00-0036527,DJ Turner,2022,LV,25.0,5.0,1,558,0.0017921146953405018,2.6,0.52,204.0,<10%
00-0036951,Frank Darby,2022,ATL,25.0,1.0,1,400,0.0025,2.5,2.5,205.0,<10%
00-0035457,Tyron Johnson,2022,HOU/LV,26.0,2.0,1,1116,0.0008960573476702509,1.8,0.9,206.0,<10%
00-0036858,Jalen Camp,2022,HOU,24.0,1.0,1,558,0.0017921146953405018,1.7,1.7,207.0,<10%
00-0037355,Braylon Sanders,2022,MIA,23.0,2.0,3,562,0.005338078291814947,1.7,0.85,208.0,<10%
00-0037708,Maurice Alexander,2022,DET,25.0,3.0,1,563,0.0017761989342806395,1.7,0.5666666666666667,209.0,<10%
00-0033367,C.J. Board,2022,TEN,29.0,4.0,1,436,0.0022935779816513763,1.6,0.4,210.0,<10%
00-0036918,Jacob Harris,2022,LA,25.0,3.0,1,517,0.0019342359767891683,1.6,0.5333333333333333,211.0,<10%
00-0035432,Jason Moore,2022,LAC,27.0,1.0,2,687,0.002911208151382824,1.5,1.5,212.0,<10%
00-0036176,Mason Kinsey,2022,TEN,24.0,2.0,1,436,0.0022935779816513763,1.3,0.65,213.0,<10%
00-0038092,Erik Ezukanma,2022,MIA,22.0,1.0,1,562,0.0017793594306049821,1.3,1.3,214.0,<10%
00-0035891,Cody White,2022,PIT,24.0,1.0,1,548,0.0018248175182481751,1.2,1.2,215.0,<10%
00-0034366,Keke Coutee,2022,IND,25.0,7.0,1,579,0.0017271157167530224,1.0,0.14285714285714285,216.0,<10%
00-0036635,Ihmir Smith-Marsette,2022,CHI,23.0,4.0,4,359,0.011142061281337047,0.4,0.1,217.0,<10%
00-0029664,Josh Gordon,2022,TEN,31.0,1.0,1,436,0.0022935779816513763,0.0,0.0,220.0,<10%
00-0033633,Tanner Gentry,2022,BUF,28.0,1.0,1,551,0.0018148820326678765,0.0,0.0,224.0,<10%
00-0034676,James Washington,2022,DAL,26.0,1.0,1,545,0.001834862385321101,0.0,0.0,226.0,<10%
00-0035399,Stanley Morgan,2022,CIN,26.0,9.0,1,594,0.0016835016835016834,0.0,0.0,229.0,<10%
00-0037055,Lance McCutcheon,2022,LA,23.0,4.0,5,517,0.009671179883945842,0.0,0.0,233.0,<10%
00-0038149,Josh Ali,2022,ATL,23.0,1.0,1,400,0.0025,0.0,0.0,238.0,<10%
00-0036358,CeeDee Lamb,2023,DAL,24.0,17.0,181,605,0.2991735537190083,403.20000000000005,23.71764705882353,1.0,25-30%
00-0033040,Tyreek Hill,2023,MIA,29.0,16.0,171,549,0.3114754098360656,376.4,23.525,2.0,30%+
00-0036963,Amon-Ra St. Brown,2023,DET,24.0,16.0,164,574,0.2857142857142857,330.9,20.68125,3.0,25-30%
00-0039075,Puka Nacua,2023,LA,22.0,17.0,160,555,0.2882882882882883,298.5,17.558823529411764,4.0,25-30%
00-0035676,A.J. Brown,2023,PHI,26.0,17.0,158,525,0.30095238095238097,289.6,17.03529411764706,5.0,30%+
00-0034827,DJ Moore,2023,CHI,26.0,17.0,136,477,0.2851153039832285,286.5,16.852941176470587,6.0,25-30%
00-0031408,Mike Evans,2023,TB,30.0,17.0,136,550,0.24727272727272728,282.5,16.61764705882353,7.0,20-25%
00-0030279,Keenan Allen,2023,LAC,31.0,13.0,150,614,0.24429967426710097,278.86,21.450769230769232,8.0,20-25%
00-0031588,Stefon Diggs,2023,BUF,30.0,17.0,160,545,0.29357798165137616,273.8,16.105882352941176,9.0,25-30%
00-0031381,Davante Adams,2023,LV,31.0,17.0,175,531,0.3295668549905838,265.4,15.61176470588235,10.0,30%+
00-0036900,Ja'Marr Chase,2023,CIN,23.0,16.0,145,592,0.24493243243243243,262.72,16.42,11.0,20-25%
00-0036554,Nico Collins,2023,HOU,24.0,15.0,109,566,0.19257950530035337,260.4,17.36,12.0,15-20%
00-0036252,Michael Pittman,2023,IND,26.0,16.0,156,546,0.2857142857142857,252.2,15.7625,13.0,25-30%
00-0036261,Brandon Aiyuk,2023,SF,25.0,16.0,105,471,0.2229299363057325,249.2,15.575,14.0,20-25%
00-0035719,Deebo Samuel Sr.,2023,SF,27.0,15.0,89,471,0.18895966029723993,243.7,16.246666666666666,15.0,15-20%
00-0037239,Chris Olave,2023,NO,23.0,16.0,138,579,0.23834196891191708,231.29999999999998,14.456249999999999,16.0,20-25%
00-0030035,Adam Thielen,2023,CAR,33.0,17.0,137,534,0.2565543071161049,231.0,13.588235294117647,17.0,25-30%
00-0034837,Calvin Ridley,2023,JAX,29.0,17.0,136,607,0.22405271828665568,229.9,13.523529411764706,18.0,20-25%
00-0036912,DeVonta Smith,2023,PHI,25.0,16.0,112,525,0.21333333333333335,227.6,14.225,19.0,20-25%
00-0031544,Amari Cooper,2023,CLE,29.0,15.0,128,597,0.21440536013400335,227.0,15.133333333333333,20.0,20-25%
00-0035640,DK Metcalf,2023,SEA,26.0,16.0,119,547,0.21755027422303475,225.4,14.0875,21.0,20-25%
00-0030564,DeAndre Hopkins,2023,TEN,31.0,17.0,137,478,0.28661087866108786,223.6,13.152941176470588,22.0,25-30%
00-0038994,Jordan Addison,2023,MIN,21.0,17.0,108,606,0.1782178217821782,221.3,13.01764705882353,23.0,15-20%
00-0034960,Jakobi Meyers,2023,LV,27.0,16.0,106,531,0.19962335216572505,218.58,13.66125,24.0,15-20%
00-0039146,Jayden Reed,2023,GB,23.0,16.0,94,561,0.16755793226381463,217.2,13.575,25.0,15-20%
00-0037740,Garrett Wilson,2023,NYJ,23.0,17.0,168,563,0.2984014209591474,213.2,12.541176470588235,26.0,25-30%
00-0039067,Rashee Rice,2023,KC,23.0,16.0,102,599,0.17028380634390652,212.5,13.28125,27.0,15-20%
00-0033921,Chris Godwin Jr.,2023,TB,27.0,17.0,130,550,0.23636363636363636,209.2,12.305882352941175,28.0,20-25%
00-0037247,George Pickens,2023,PIT,22.0,17.0,106,484,0.2190082644628099,208.8,12.282352941176471,29.0,20-25%
00-0039064,Zay Flowers,2023,BAL,23.0,16.0,108,476,0.226890756302521,206.4,12.9,30.0,20-25%
00-0035659,Terry McLaurin,2023,WAS,28.0,17.0,132,601,0.21963394342762063,203.20000000000002,11.952941176470588,31.0,20-25%
00-0032211,Tyler Lockett,2023,SEA,31.0,17.0,122,547,0.2230347349177331,202.4,11.905882352941177,32.0,20-25%
00-0036322,Justin Jefferson,2023,MIN,24.0,10.0,100,606,0.16501650165016502,202.2,20.22,33.0,15-20%
00-0036613,Jaylen Waddle,2023,MIA,25.0,14.0,104,549,0.1894353369763206,198.6,14.185714285714285,34.0,15-20%
00-0034348,Courtland Sutton,2023,DEN,28.0,16.0,90,477,0.18867924528301888,190.2,11.8875,35.0,15-20%
00-0037816,Romeo Doubs,2023,GB,23.0,17.0,96,561,0.1711229946524064,174.4,10.258823529411766,36.0,15-20%
00-0037238,Drake London,2023,ATL,22.0,16.0,110,508,0.21653543307086615,174.38,10.89875,37.0,20-25%
00-0031236,Brandin Cooks,2023,DAL,30.0,16.0,81,605,0.13388429752066117,173.2,10.825,38.0,10-15%
00-0038977,Tank Dell,2023,HOU,24.0,10.0,75,566,0.13250883392226148,165.0,16.5,39.0,10-15%
00-0033908,Cooper Kupp,2023,LA,30.0,12.0,95,555,0.17117117117117117,164.4,13.700000000000001,40.0,15-20%
00-0036196,Gabe Davis,2023,BUF,24.0,16.0,81,545,0.14862385321100918,161.4,10.0875,41.0,10-15%
00-0037545,Rashid Shaheed,2023,NO,25.0,15.0,75,579,0.12953367875647667,157.6,10.506666666666666,42.0,10-15%
00-0033282,Curtis Samuel,2023,WAS,27.0,16.0,91,601,0.15141430948419302,157.2,9.825,43.0,15-20%
00-0038997,Josh Downs,2023,IND,22.0,17.0,98,546,0.1794871794871795,157.1,9.241176470588234,44.0,15-20%
00-0035216,Diontae Johnson,2023,PIT,27.0,13.0,87,484,0.1797520661157025,152.7,11.746153846153845,45.0,15-20%
00-0035535,Darius Slayton,2023,NYG,26.0,17.0,79,485,0.16288659793814433,151.0,8.882352941176471,46.0,15-20%
00-0034775,Christian Kirk,2023,JAX,27.0,12.0,85,607,0.1400329489291598,150.26,12.521666666666667,47.0,10-15%
00-0038543,Jaxon Smith-Njigba,2023,SEA,21.0,17.0,93,547,0.170018281535649,149.8,8.811764705882354,48.0,15-20%
00-0033009,Tyler Boyd,2023,CIN,29.0,17.0,98,592,0.16554054054054054,144.79999999999998,8.517647058823528,49.0,15-20%
00-0036407,Jerry Jeudy,2023,DEN,24.0,16.0,87,477,0.18238993710691823,141.8,8.8625,50.0,15-20%
00-0036410,Tee Higgins,2023,CIN,24.0,12.0,76,592,0.12837837837837837,137.6,11.466666666666667,51.0,10-15%
00-0035662,Marquise Brown,2023,ARI,26.0,13.0,101,540,0.18703703703703703,134.70000000000002,10.361538461538462,52.0,15-20%
00-0038117,Wan'Dale Robinson,2023,NYG,22.0,15.0,78,485,0.16082474226804125,133.2,8.879999999999999,53.0,15-20%
00-0036980,Elijah Moore,2023,CLE,23.0,16.0,104,597,0.17420435510887772,132.1,8.25625,54.0,15-20%
00-0033943,Josh Reynolds,2023,DET,28.0,16.0,64,574,0.11149825783972125,128.8,8.05,55.0,10-15%
00-0037741,Jahan Dotson,2023,WAS,23.0,17.0,83,601,0.13810316139767054,124.8,7.341176470588235,56.0,10-15%
00-0036345,K.J. Osborn,2023,MIN,26.0,15.0,75,606,0.12376237623762376,120.0,8.0,57.0,10-15%
00-0038393,Dontayvion Wicks,2023,GB,22.0,15.0,58,561,0.10338680926916222,119.75999999999999,7.983999999999999,58.0,10-15%
00-0034777,DJ Chark,2023,CAR,27.0,14.0,66,534,0.12359550561797752,115.5,8.25,59.0,10-15%
00-0038559,Michael Wilson,2023,ARI,23.0,13.0,58,540,0.10740740740740741,114.5,8.807692307692308,60.0,10-15%
00-0037261,Khalil Shakir,2023,BUF,23.0,16.0,45,545,0.08256880733944955,113.1,7.06875,61.0,<10%
00-0036849,Tutu Atwell,2023,LA,24.0,14.0,67,555,0.12072072072072072,112.39999999999999,8.028571428571428,62.0,10-15%
00-0031235,Odell Beckham Jr.,2023,BAL,31.0,14.0,64,476,0.13445378151260504,107.5,7.678571428571429,63.0,10-15%
00-0038621,DeMario Douglas,2023,NE,23.0,14.0,79,541,0.14602587800369685,107.2,7.6571428571428575,64.0,10-15%
00-0036988,Josh Palmer,2023,LAC,24.0,10.0,61,614,0.0993485342019544,106.7,10.67,65.0,<10%
00-0036936,Rondale Moore,2023,ARI,23.0,17.0,62,540,0.11481481481481481,105.0,6.176470588235294,66.0,10-15%
00-0033591,Noah Brown,2023,HOU,27.0,10.0,55,566,0.09717314487632508,101.6,10.16,67.0,<10%
00-0038124,Christian Watson,2023,GB,24.0,9.0,53,561,0.0944741532976827,101.3,11.255555555555555,68.0,<10%
00-0033307,Kendrick Bourne,2023,NE,28.0,8.0,55,541,0.10166358595194085,100.0,12.5,69.0,10-15%
00-0032464,Kalif Raymond,2023,DET,29.0,17.0,44,574,0.07665505226480836,97.4,5.729411764705882,70.0,<10%
00-0031549,Nelson Agholor,2023,BAL,30.0,16.0,45,476,0.09453781512605042,97.1,6.06875,71.0,<10%
00-0039052,Trey Palmer,2023,TB,22.0,17.0,68,550,0.12363636363636364,95.7,5.629411764705883,72.0,10-15%
00-0037664,Alec Pierce,2023,IND,23.0,17.0,65,546,0.11904761904761904,95.4,5.611764705882353,73.0,10-15%
00-0038544,Quentin Johnston,2023,LAC,22.0,17.0,67,614,0.10912052117263844,94.0,5.529411764705882,74.0,10-15%
00-0032765,Michael Thomas,2023,NO,30.0,10.0,64,579,0.11053540587219343,89.8,8.98,75.0,10-15%
00-0030431,Robert Woods,2023,HOU,31.0,14.0,75,566,0.13250883392226148,89.3,6.378571428571428,76.0,10-15%
00-0034386,Justin Watson,2023,KC,27.0,15.0,53,599,0.08848080133555926,89.0,5.933333333333334,77.0,<10%
00-0034764,Michael Gallup,2023,DAL,27.0,16.0,57,605,0.09421487603305785,87.8,5.4875,78.0,<10%
00-0032775,Demarcus Robinson,2023,LA,29.0,8.0,39,555,0.07027027027027027,87.39999999999999,10.924999999999999,79.0,<10%
00-0036182,Nick Westbrook-Ikhine,2023,TEN,26.0,13.0,45,478,0.09414225941422594,85.0,6.538461538461538,80.0,<10%
00-0039062,Jonathan Mingo,2023,CAR,22.0,15.0,85,534,0.15917602996254682,84.8,5.653333333333333,81.0,15-20%
00-0037240,Jameson Williams,2023,DET,22.0,12.0,42,574,0.07317073170731707,80.3,6.691666666666666,82.0,<10%
00-0036309,Darnell Mooney,2023,CHI,26.0,14.0,61,477,0.1278825995807128,78.9,5.635714285714286,83.0,10-15%
00-0033891,Zay Jones,2023,JAX,28.0,9.0,64,607,0.10543657331136738,78.1,8.677777777777777,84.0,10-15%
00-0036550,Rashod Bateman,2023,BAL,24.0,15.0,56,476,0.11764705882352941,76.5,5.1,85.0,10-15%
00-0038976,Marvin Mims Jr.,2023,DEN,21.0,16.0,33,477,0.06918238993710692,74.7,4.66875,86.0,<10%
00-0037382,Brandon Johnson,2023,DEN,25.0,10.0,30,477,0.06289308176100629,73.4,7.340000000000001,87.0,<10%
00-0031547,DeVante Parker,2023,NE,30.0,13.0,55,541,0.10166358595194085,72.4,5.56923076923077,88.0,10-15%
00-0038563,Tre Tucker,2023,LV,22.0,13.0,34,531,0.064030131826742,71.8,5.523076923076923,89.0,<10%
00-0034418,Cedrick Wilson Jr.,2023,MIA,28.0,11.0,38,549,0.0692167577413479,69.6,6.327272727272727,90.0,<10%
00-0034646,Brandon Powell,2023,MIN,28.0,17.0,44,606,0.07260726072607261,69.1,4.064705882352941,91.0,<10%
00-0032398,Chris Moore,2023,TEN,30.0,15.0,35,478,0.07322175732217573,68.3,4.553333333333333,92.0,<10%
00-0035500,Greg Dortch,2023,ARI,25.0,16.0,41,540,0.07592592592592592,64.5,4.03125,93.0,<10%
00-0038496,Xavier Gipson,2023,NYJ,22.0,17.0,38,563,0.0674955595026643,62.7,3.6882352941176473,94.0,<10%
00-0035341,Trenton Irwin,2023,CIN,28.0,12.0,32,592,0.05405405405405406,62.6,5.216666666666667,95.0,<10%
00-0031428,Allen Robinson,2023,PIT,30.0,15.0,49,484,0.1012396694214876,62.0,4.133333333333334,96.0,10-15%
00-0033857,JuJu Smith-Schuster,2023,NE,27.0,11.0,47,541,0.08687615526802218,61.0,5.545454545454546,97.0,<10%
00-0037666,Jalen Tolbert,2023,DAL,24.0,14.0,36,605,0.05950413223140496,60.800000000000004,4.342857142857143,98.0,<10%
00-0038612,A.T. Perry,2023,NO,24.0,8.0,18,579,0.031088082901554404,60.6,7.575,99.0,<10%
00-0038938,Jalin Hyatt,2023,NYG,22.0,13.0,40,485,0.08247422680412371,60.3,4.638461538461538,100.0,<10%
00-0034521,Allen Lazard,2023,NYJ,28.0,14.0,49,563,0.08703374777975133,60.099999999999994,4.292857142857143,101.0,<10%
00-0036165,Isaiah Hodgins,2023,NYG,25.0,14.0,33,485,0.06804123711340206,60.0,4.285714285714286,102.0,<10%
00-0037801,KaVontae Turpin,2023,DAL,27.0,16.0,18,605,0.02975206611570248,59.7,3.73125,103.0,<10%
00-0034419,Braxton Berrios,2023,MIA,28.0,16.0,33,549,0.060109289617486336,57.9,3.61875,104.0,<10%
00-0038752,Jake Bobo,2023,SEA,25.0,14.0,25,547,0.04570383912248629,56.900000000000006,4.064285714285715,105.0,<10%
00-0034272,Marquez Valdes-Scantling,2023,KC,29.0,16.0,42,599,0.07011686143572621,56.5,3.53125,106.0,<10%
00-0038090,Skyy Moore,2023,KC,23.0,13.0,38,599,0.06343906510851419,53.7,4.130769230769231,107.0,<10%
00-0036913,Kadarius Toney,2023,KC,24.0,13.0,38,599,0.06343906510851419,53.0,4.076923076923077,108.0,<10%
00-0037837,Calvin Austin III,2023,PIT,24.0,16.0,30,484,0.06198347107438017,52.7,3.29375,109.0,<10%
00-0036259,Jauan Jennings,2023,SF,26.0,13.0,33,471,0.07006369426751592,51.5,3.9615384615384617,110.0,<10%
00-0038619,Andrei Iosivas,2023,CIN,24.0,11.0,25,592,0.04222972972972973,50.6,4.6000000000000005,111.0,<10%
00-0033536,Mike Williams,2023,LAC,29.0,3.0,26,614,0.04234527687296417,50.2,16.733333333333334,112.0,<10%
00-0037257,David Bell,2023,CLE,23.0,9.0,23,597,0.038525963149078725,48.7,5.411111111111111,113.0,<10%
00-0034983,Hunter Renfrow,2023,LV,28.0,14.0,37,531,0.0696798493408663,48.5,3.4642857142857144,114.0,<10%
00-0035406,Lil'Jordan Humphrey,2023,DEN,25.0,11.0,19,477,0.039832285115303984,47.2,4.290909090909091,115.0,<10%
00-0032543,Alex Erickson,2023,LAC,31.0,8.0,29,614,0.04723127035830619,45.2,5.65,116.0,<10%
00-0038979,Cedric Tillman,2023,CLE,23.0,11.0,44,597,0.07370184254606366,44.2,4.0181818181818185,117.0,<10%
00-0033555,Mack Hollins,2023,ATL,30.0,12.0,30,508,0.05905511811023622,43.1,3.591666666666667,118.0,<10%
00-0035215,Deonte Harty,2023,BUF,26.0,16.0,21,545,0.03853211009174312,42.0,2.625,119.0,<10%
00-0036415,Van Jefferson,2023,ATL/LA,27.0,14.0,43,1063,0.04045155221072436,41.300000000000004,2.95,120.0,<10%
00-0033572,Jamal Agnew,2023,JAX,28.0,11.0,21,607,0.03459637561779242,40.3,3.6636363636363636,121.0,<10%
00-0037742,Treylon Burks,2023,TEN,23.0,9.0,30,478,0.06276150627615062,39.9,4.433333333333334,122.0,<10%
00-0038606,Parker Washington,2023,JAX,21.0,8.0,21,607,0.03459637561779242,39.2,4.9,123.0,<10%
00-0035298,Scott Miller,2023,ATL,26.0,11.0,16,508,0.031496062992125984,39.1,3.5545454545454547,124.0,<10%
00-0035208,Olamide Zaccheaus,2023,PHI,26.0,11.0,20,525,0.0380952380952381,38.4,3.4909090909090907,125.0,<10%
00-0031941,Jamison Crowder,2023,WAS,30.0,16.0,20,601,0.033277870216306155,37.9,2.36875,126.0,<10%
00-0038573,Derius Davis,2023,LAC,23.0,17.0,17,614,0.02768729641693811,37.7,2.2176470588235295,127.0,<10%
00-0034854,KhaDarel Hodge,2023,ATL,28.0,14.0,23,508,0.045275590551181105,37.2,2.6571428571428575,128.0,<10%
00-0027944,Julio Jones,2023,PHI,34.0,8.0,19,525,0.03619047619047619,36.4,4.55,129.0,<10%
00-0038941,Tyler Scott,2023,CHI,22.0,13.0,32,477,0.06708595387840671,35.9,2.7615384615384615,130.0,<10%
00-0036271,Quez Watkins,2023,PHI,25.0,5.0,21,525,0.04,35.2,7.040000000000001,131.0,<10%
00-0036626,Dyami Brown,2023,WAS,24.0,16.0,23,601,0.03826955074875208,34.96,2.185,132.0,<10%
00-0037487,Deven Thompkins,2023,TB,24.0,17.0,25,550,0.045454545454545456,34.9,2.052941176470588,133.0,<10%
00-0038465,Malik Heath,2023,GB,23.0,12.0,24,561,0.0427807486631016,33.5,2.7916666666666665,134.0,<10%
00-0037273,Kyle Philips,2023,TEN,24.0,8.0,22,478,0.04602510460251046,33.1,4.1375,135.0,<10%
00-0036955,Terrace Marshall Jr.,2023,CAR,23.0,8.0,33,534,0.06179775280898876,32.9,4.1125,136.0,<10%
00-0036635,Ihmir Smith-Marsette,2023,CAR,24.0,17.0,10,534,0.018726591760299626,32.5,1.911764705882353,137.0,<10%
00-0037614,John Metchie III,2023,HOU,23.0,14.0,30,566,0.053003533568904596,32.2,2.3000000000000003,138.0,<10%
00-0038647,Ronnie Bell,2023,SF,23.0,13.0,13,471,0.027600849256900213,30.8,2.3692307692307693,139.0,<10%
00-0035639,Parris Campbell,2023,NYG,26.0,10.0,27,485,0.05567010309278351,30.400000000000002,3.04,140.0,<10%
00-0034297,Byron Pringle,2023,WAS,30.0,13.0,22,601,0.036605657237936774,30.1,2.3153846153846156,141.0,<10%
00-0036233,Donovan Peoples-Jones,2023,CLE/DET,24.0,14.0,25,1171,0.02134927412467976,28.500000000000004,2.035714285714286,142.0,<10%
00-0034407,Ray-Ray McCloud,2023,SF,27.0,12.0,15,471,0.03184713375796178,28.5,2.375,143.0,<10%
00-0036387,Jalen Reagor,2023,NE,24.0,9.0,23,541,0.04251386321626617,28.5,3.1666666666666665,144.0,<10%
00-0035140,Mecole Hardman,2023,KC/NYJ,25.0,7.0,24,1162,0.020654044750430294,27.700000000000003,3.9571428571428577,145.0,<10%
00-0038104,Tyquan Thornton,2023,NE,23.0,9.0,23,541,0.04251386321626617,27.200000000000003,3.0222222222222226,146.0,<10%
00-0034054,River Cracraft,2023,MIA,29.0,6.0,12,549,0.02185792349726776,27.1,4.516666666666667,147.0,<10%
00-0034487,Trent Sherfield,2023,BUF,27.0,11.0,22,545,0.04036697247706422,25.6,2.3272727272727276,148.0,<10%
00-0035414,Jalen Guyton,2023,LAC,26.0,7.0,21,614,0.03420195439739414,24.9,3.557142857142857,149.0,<10%
00-0032688,Robbie Chosen,2023,MIA,30.0,6.0,6,549,0.01092896174863388,22.6,3.766666666666667,150.0,<10%
00-0036364,Lynn Bowden,2023,NO,26.0,8.0,16,579,0.027633851468048358,22.5,2.8125,151.0,<10%
00-0032385,Sterling Shepard,2023,NYG,30.0,10.0,22,485,0.04536082474226804,22.3,2.23,152.0,<10%
00-0038618,Xavier Hutchinson,2023,HOU,23.0,12.0,19,566,0.03356890459363958,21.9,1.825,153.0,<10%
00-0036326,Chase Claypool,2023,CHI/MIA,25.0,11.0,21,1026,0.02046783625730994,21.7,1.9727272727272727,154.0,<10%
00-0036268,Laviska Shenault Jr.,2023,CAR,25.0,8.0,10,534,0.018726591760299626,21.5,2.6875,155.0,<10%
00-0036862,Ben Skowronek,2023,LA,26.0,13.0,12,555,0.021621621621621623,21.5,1.6538461538461537,156.0,<10%
00-0034286,Richie James,2023,KC,28.0,9.0,14,599,0.02337228714524207,21.400000000000002,2.377777777777778,157.0,<10%
00-0038576,Charlie Jones,2023,CIN,25.0,11.0,9,592,0.015202702702702704,20.7,1.8818181818181818,158.0,<10%
00-0033466,Isaiah McKenzie,2023,IND,28.0,13.0,14,546,0.02564102564102564,20.6,1.5846153846153848,159.0,<10%
00-0033589,David Moore,2023,TB,28.0,6.0,7,550,0.012727272727272728,20.4,3.4,160.0,<10%
00-0036497,Tim Jones,2023,JAX,25.0,10.0,18,607,0.029654036243822075,19.3,1.9300000000000002,161.0,<10%
00-0037098,Samori Toure,2023,GB,25.0,8.0,18,561,0.03208556149732621,17.8,2.225,162.0,<10%
00-0028002,Randall Cobb,2023,NYJ,33.0,9.0,17,563,0.03019538188277087,16.9,1.8777777777777775,163.0,<10%
00-0038492,Jason Brownlee,2023,NYJ,24.0,4.0,8,563,0.014209591474245116,16.6,4.15,164.0,<10%
00-0034317,Keith Kirkwood,2023,NO,29.0,7.0,9,579,0.015544041450777202,14.700000000000001,2.1,165.0,<10%
00-0035045,D.J. Montgomery,2023,IND,27.0,2.0,8,546,0.014652014652014652,14.600000000000001,7.300000000000001,166.0,<10%
00-0030068,Marquise Goodwin,2023,CLE,33.0,10.0,13,597,0.021775544388609715,14.0,1.4,167.0,<10%
00-0038640,Jalen Brooks,2023,DAL,23.0,3.0,6,605,0.009917355371900827,12.4,4.133333333333334,168.0,<10%
00-0037216,Justyn Ross,2023,KC,24.0,6.0,11,599,0.018363939899833055,11.3,1.8833333333333335,169.0,<10%
00-0034279,Equanimeous St. Brown,2023,CHI,27.0,5.0,6,477,0.012578616352201259,11.2,2.2399999999999998,170.0,<10%
00-0038821,Rakim Jarrett,2023,TB,22.0,7.0,9,550,0.016363636363636365,10.0,1.4285714285714286,171.0,<10%
00-0032128,Chris Conley,2023,SF,31.0,1.0,6,471,0.012738853503184714,9.9,9.9,172.0,<10%
00-0032200,Ty Montgomery,2023,NE,30.0,11.0,12,541,0.022181146025878003,9.9,0.9,173.0,<10%
00-0031763,DeAndre Carter,2023,LV,30.0,17.0,7,531,0.013182674199623353,9.7,0.5705882352941176,174.0,<10%
00-0035120,Keelan Doss,2023,LAC,27.0,2.0,13,614,0.021172638436482084,9.3,4.65,175.0,<10%
00-0036427,Tyler Johnson,2023,LA,25.0,1.0,3,555,0.005405405405405406,8.8,8.8,176.0,<10%
00-0037132,Britain Covey,2023,PHI,26.0,15.0,6,525,0.011428571428571429,8.2,0.5466666666666666,177.0,<10%
00-0036630,Tylan Wallace,2023,BAL,24.0,6.0,2,476,0.004201680672268907,8.1,1.3499999999999999,178.0,<10%
00-0036646,Simi Fehoko,2023,LAC,26.0,2.0,2,614,0.003257328990228013,7.9,3.95,179.0,<10%
00-0036331,Devin Duvernay,2023,BAL,26.0,13.0,9,476,0.018907563025210083,7.3,0.5615384615384615,180.0,<10%
00-0036841,Austin Trammell,2023,LA,25.0,15.0,7,555,0.012612612612612612,6.8999999999999995,0.45999999999999996,181.0,<10%
00-0038667,Elijah Cooks,2023,JAX,25.0,4.0,4,607,0.006589785831960461,6.8,1.7,182.0,<10%
00-0029293,Marvin Jones,2023,DET,33.0,4.0,10,574,0.017421602787456445,6.5,1.625,183.0,<10%
00-0033251,Zach Pascal,2023,ARI,29.0,10.0,15,540,0.027777777777777776,5.9,0.5900000000000001,184.0,<10%
00-0037291,Jalen Nailor,2023,MIN,24.0,3.0,6,606,0.009900990099009901,5.9,1.9666666666666668,185.0,<10%
00-0034928,Steven Sims,2023,HOU,26.0,3.0,3,566,0.00530035335689046,5.6,1.8666666666666665,186.0,<10%
00-0036482,Mike Strachan,2023,CAR,26.0,2.0,3,534,0.0056179775280898875,5.5,2.75,187.0,<10%
00-0035645,Gunner Olszewski,2023,NYG/PIT,27.0,12.0,1,969,0.0010319917440660474,5.0,0.4166666666666667,188.0,<10%
00-0035934,Trishton Jackson,2023,MIN,25.0,2.0,4,606,0.006600660066006601,4.9,2.45,189.0,<10%
00-0035703,Miles Boykin,2023,PIT,27.0,8.0,4,484,0.008264462809917356,4.7,0.5875,190.0,<10%
00-0038608,Kayshon Boutte,2023,NE,21.0,3.0,7,541,0.012939001848428836,3.9000000000000004,1.3,191.0,<10%
00-0030663,Willie Snead,2023,SF,31.0,2.0,3,471,0.006369426751592357,3.4,1.7,192.0,<10%
00-0035480,Malik Taylor,2023,NYJ,28.0,2.0,4,563,0.007104795737122558,3.3,1.65,193.0,<10%
00-0032951,Laquon Treadwell,2023,BAL,28.0,3.0,3,476,0.0063025210084033615,2.6,0.8666666666666667,194.0,<10%
00-0038092,Erik Ezukanma,2023,MIA,23.0,2.0,1,549,0.0018214936247723133,2.2,1.1,195.0,<10%
00-0036254,Collin Johnson,2023,CHI,26.0,1.0,1,477,0.0020964360587002098,2.1,2.1,196.0,<10%
00-0035164,Cody Thompson,2023,SEA,27.0,2.0,1,547,0.0018281535648994515,2.0,1.0,197.0,<10%
00-0036176,Mason Kinsey,2023,TEN,25.0,6.0,1,478,0.0020920502092050207,1.6,0.26666666666666666,198.0,<10%
00-0038632,Colton Dowell,2023,TEN,24.0,4.0,2,478,0.0041841004184100415,1.3,0.325,199.0,<10%
00-0037420,Kwamie Lassiter II,2023,CIN,25.0,1.0,1,592,0.0016891891891891893,1.2,1.2,200.0,<10%
00-0038627,Antoine Green,2023,DET,24.0,2.0,2,574,0.003484320557491289,1.2,0.6,201.0,<10%
00-0036620,Dee Eskridge,2023,SEA,26.0,4.0,1,547,0.0018281535648994515,0.5,0.125,202.0,<10%
00-0031868,Damiere Byrd,2023,ATL,30.0,1.0,2,508,0.003937007874015748,0.0,0.0,204.0,<10%
00-0032208,Phillip Dorsett,2023,DEN,30.0,2.0,3,477,0.006289308176100629,0.0,0.0,205.0,<10%
00-0035593,Juwann Winfree,2023,IND,27.0,1.0,1,546,0.0018315018315018315,0.0,0.0,208.0,<10%
00-0036133,James Proche,2023,CLE,27.0,10.0,5,597,0.008375209380234505,0.0,0.0,211.0,<10%
00-0036991,Amari Rodgers,2023,IND,24.0,1.0,2,546,0.003663003663003663,0.0,0.0,215.0,<10%
00-0037156,Irvin Charles,2023,NYJ,26.0,6.0,1,563,0.0017761989342806395,0.0,0.0,218.0,<10%
00-0038891,Shedrick Jackson,2023,CIN,24.0,2.0,1,592,0.0016891891891891893,0.0,0.0,220.0,<10%
00-0033292,Trent Taylor,2023,CHI,29.0,15.0,2,477,0.0041928721174004195,-0.2,-0.013333333333333334,223.0,<10%
00-0036900,Ja'Marr Chase,2024,CIN,24.0,17.0,175,628,0.2786624203821656,403.0,23.705882352941178,1.0,25-30%
00-0036322,Justin Jefferson,2024,MIN,25.0,17.0,154,517,0.2978723404255319,317.48,18.67529411764706,2.0,25-30%
00-0036963,Amon-Ra St. Brown,2024,DET,25.0,17.0,141,522,0.27011494252873564,316.18,18.598823529411764,3.0,25-30%
00-0039893,Brian Thomas Jr.,2024,JAX,22.0,17.0,133,522,0.2547892720306513,284.0,16.705882352941178,4.0,25-30%
00-0037238,Drake London,2024,ATL,23.0,17.0,158,539,0.29313543599257885,280.8,16.51764705882353,5.0,25-30%
00-0039337,Malik Nabers,2024,NYG,21.0,15.0,170,554,0.30685920577617326,273.6,18.240000000000002,6.0,30%+
00-0035659,Terry McLaurin,2024,WAS,29.0,17.0,117,504,0.23214285714285715,267.8,15.75294117647059,7.0,20-25%
00-0036358,CeeDee Lamb,2024,DAL,25.0,15.0,152,622,0.24437299035369775,263.40000000000003,17.560000000000002,8.0,20-25%
00-0038543,Jaxon Smith-Njigba,2024,SEA,22.0,17.0,137,569,0.24077328646748683,253.0,14.882352941176471,9.0,20-25%
00-0037740,Garrett Wilson,2024,NYJ,24.0,17.0,153,589,0.2597623089983022,251.9,14.81764705882353,10.0,25-30%
00-0031381,Davante Adams,2024,LV/NYJ,32.0,14.0,141,1181,0.11939034716342083,241.3,17.235714285714288,11.0,10-15%
00-0036407,Jerry Jeudy,2024,CLE,25.0,17.0,145,634,0.22870662460567823,240.9,14.170588235294119,12.0,20-25%
00-0039915,Ladd McConkey,2024,LAC,23.0,16.0,112,491,0.22810590631364563,240.9,15.05625,13.0,20-25%
00-0031408,Mike Evans,2024,TB,31.0,14.0,110,563,0.19538188277087035,240.4,17.17142857142857,14.0,15-20%
00-0034348,Courtland Sutton,2024,DEN,29.0,16.0,135,549,0.2459016393442623,240.3,15.01875,15.0,20-25%
00-0034827,DJ Moore,2024,CHI,27.0,17.0,140,526,0.2661596958174905,238.1,14.005882352941176,16.0,25-30%
00-0036410,Tee Higgins,2024,CIN,25.0,12.0,109,628,0.1735668789808917,222.1,18.508333333333333,17.0,15-20%
00-0033040,Tyreek Hill,2024,MIA,30.0,17.0,122,568,0.2147887323943662,218.2,12.835294117647058,18.0,20-25%
00-0034960,Jakobi Meyers,2024,LV,28.0,15.0,129,592,0.2179054054054054,218.0,14.533333333333333,19.0,20-25%
00-0035676,A.J. Brown,2024,PHI,27.0,13.0,97,418,0.23205741626794257,216.9,16.684615384615384,20.0,20-25%
00-0038994,Jordan Addison,2024,MIN,22.0,15.0,99,517,0.19148936170212766,212.5,14.166666666666666,21.0,15-20%
00-0037240,Jameson Williams,2024,DET,23.0,15.0,91,522,0.1743295019157088,212.2,14.146666666666667,22.0,15-20%
00-0036554,Nico Collins,2024,HOU,25.0,12.0,99,547,0.1809872029250457,210.6,17.55,23.0,15-20%
00-0036259,Jauan Jennings,2024,SF,27.0,15.0,113,513,0.2202729044834308,210.5,14.033333333333333,24.0,20-25%
00-0039064,Zay Flowers,2024,BAL,24.0,17.0,116,457,0.2538293216630197,209.5,12.323529411764707,25.0,25-30%
00-0039075,Puka Nacua,2024,LA,23.0,11.0,106,541,0.19593345656192238,206.6,18.78181818181818,26.0,15-20%
00-0036912,DeVonta Smith,2024,PHI,26.0,13.0,89,418,0.21291866028708134,199.4,15.338461538461539,27.0,20-25%
00-0034837,Calvin Ridley,2024,TEN,30.0,17.0,120,507,0.23668639053254437,199.20000000000002,11.71764705882353,28.0,20-25%
00-0039146,Jayden Reed,2024,GB,24.0,17.0,75,464,0.16163793103448276,197.0,11.588235294117647,29.0,15-20%
00-0039849,Marvin Harrison Jr.,2024,ARI,22.0,17.0,116,523,0.22179732313575526,196.5,11.558823529411764,30.0,20-25%
00-0036309,Darnell Mooney,2024,ATL,27.0,16.0,106,539,0.19666048237476808,193.2,12.075,31.0,15-20%
00-0035640,DK Metcalf,2024,SEA,27.0,15.0,108,569,0.18980667838312829,191.2,12.746666666666666,32.0,15-20%
00-0039894,Xavier Worthy,2024,KC,21.0,16.0,98,572,0.17132867132867133,187.2,11.7,33.0,15-20%
00-0030279,Keenan Allen,2024,CHI,32.0,15.0,121,526,0.2300380228136882,184.4,12.293333333333333,34.0,20-25%
00-0038997,Josh Downs,2024,IND,23.0,14.0,107,492,0.21747967479674796,183.5,13.107142857142858,35.0,20-25%
00-0038117,Wan'Dale Robinson,2024,NYG,23.0,17.0,140,554,0.2527075812274368,182.70000000000002,10.747058823529413,36.0,25-30%
00-0037261,Khalil Shakir,2024,BUF,24.0,15.0,100,495,0.20202020202020202,182.5,12.166666666666666,37.0,20-25%
00-0033908,Cooper Kupp,2024,LA,31.0,12.0,100,541,0.18484288354898337,175.0,14.583333333333334,38.0,15-20%
00-0038544,Quentin Johnston,2024,LAC,23.0,15.0,91,491,0.18533604887983707,174.70000000000002,11.646666666666668,39.0,15-20%
00-0036550,Rashod Bateman,2024,BAL,25.0,16.0,72,457,0.1575492341356674,174.60000000000002,10.912500000000001,40.0,15-20%
00-0036252,Michael Pittman,2024,IND,27.0,16.0,111,492,0.22560975609756098,165.8,10.3625,41.0,20-25%
00-0037247,George Pickens,2024,PIT,23.0,14.0,103,460,0.22391304347826088,164.4,11.742857142857144,42.0,20-25%
00-0037664,Alec Pierce,2024,IND,24.0,16.0,69,492,0.1402439024390244,161.4,10.0875,43.0,10-15%
00-0035719,Deebo Samuel Sr.,2024,SF,28.0,15.0,81,513,0.15789473684210525,155.6,10.373333333333333,44.0,15-20%
00-0037666,Jalen Tolbert,2024,DAL,25.0,17.0,79,622,0.1270096463022508,152.0,8.941176470588236,45.0,10-15%
00-0036613,Jaylen Waddle,2024,MIA,26.0,15.0,83,568,0.14612676056338028,149.6,9.973333333333333,46.0,10-15%
00-0038621,DeMario Douglas,2024,NE,24.0,16.0,87,500,0.174,147.7,9.23125,47.0,15-20%
00-0030564,DeAndre Hopkins,2024,KC/TEN,32.0,16.0,80,1079,0.07414272474513438,147.0,9.1875,48.0,<10%
00-0039919,Rome Odunze,2024,CHI,22.0,17.0,101,526,0.1920152091254753,144.9,8.523529411764706,49.0,15-20%
00-0034407,Ray-Ray McCloud,2024,ATL,28.0,17.0,87,539,0.1614100185528757,142.5,8.382352941176471,50.0,15-20%
00-0038977,Tank Dell,2024,HOU,25.0,14.0,81,547,0.1480804387568556,140.0,10.0,51.0,10-15%
00-0030035,Adam Thielen,2024,CAR,34.0,10.0,62,518,0.11969111969111969,139.5,13.95,52.0,10-15%
00-0033921,Chris Godwin Jr.,2024,TB,28.0,7.0,62,563,0.11012433392539965,137.8,19.685714285714287,53.0,10-15%
00-0036182,Nick Westbrook-Ikhine,2024,TEN,27.0,14.0,60,507,0.11834319526627218,135.7,9.692857142857141,54.0,10-15%
00-0039855,Jalen McMillan,2024,TB,23.0,13.0,58,563,0.10301953818827708,135.4,10.415384615384616,55.0,10-15%
00-0037816,Romeo Doubs,2024,GB,24.0,13.0,72,464,0.15517241379310345,132.1,10.161538461538461,56.0,15-20%
00-0038976,Marvin Mims Jr.,2024,DEN,22.0,17.0,52,549,0.0947176684881603,129.5,7.617647058823529,57.0,<10%
00-0038563,Tre Tucker,2024,LV,23.0,17.0,81,592,0.13682432432432431,129.3,7.605882352941177,58.0,10-15%
00-0034521,Allen Lazard,2024,NYJ,29.0,12.0,61,589,0.1035653650254669,126.0,10.5,59.0,10-15%
00-0039342,Xavier Legette,2024,CAR,23.0,15.0,84,518,0.16216216216216217,125.10000000000001,8.34,60.0,15-20%
00-0038559,Michael Wilson,2024,ARI,24.0,16.0,71,523,0.13575525812619502,124.5,7.78125,61.0,10-15%
00-0032775,Demarcus Robinson,2024,LA,30.0,17.0,64,541,0.11829944547134935,123.5,7.264705882352941,62.0,10-15%
00-0031544,Amari Cooper,2024,BUF/CLE,30.0,13.0,85,1129,0.07528786536758193,122.7,9.438461538461539,63.0,<10%
00-0031588,Stefon Diggs,2024,HOU,31.0,8.0,64,547,0.1170018281535649,121.92,15.24,64.0,10-15%
00-0038608,Kayshon Boutte,2024,NE,22.0,15.0,68,500,0.136,121.9,8.126666666666667,65.0,10-15%
00-0032211,Tyler Lockett,2024,SEA,32.0,17.0,74,569,0.13005272407732865,121.0,7.117647058823529,66.0,10-15%
00-0036980,Elijah Moore,2024,CLE,24.0,17.0,102,634,0.1608832807570978,120.9,7.111764705882353,67.0,15-20%
00-0037837,Calvin Austin III,2024,PIT,25.0,17.0,58,460,0.12608695652173912,120.8,7.105882352941176,68.0,10-15%
00-0038619,Andrei Iosivas,2024,CIN,25.0,17.0,61,628,0.09713375796178345,119.9,7.052941176470589,69.0,<10%
00-0035208,Olamide Zaccheaus,2024,WAS,27.0,16.0,64,504,0.12698412698412698,114.4,7.15,70.0,10-15%
00-0039901,Keon Coleman,2024,BUF,21.0,13.0,57,495,0.11515151515151516,111.5,8.576923076923077,71.0,10-15%
00-0038393,Dontayvion Wicks,2024,GB,23.0,17.0,76,464,0.16379310344827586,110.5,6.5,72.0,15-20%
00-0035535,Darius Slayton,2024,NYG,27.0,16.0,71,554,0.12815884476534295,110.0,6.875,73.0,10-15%
00-0036988,Josh Palmer,2024,LAC,25.0,15.0,65,491,0.13238289205702647,107.4,7.16,74.0,10-15%
00-0039424,Devaughn Vele,2024,DEN,27.0,13.0,55,549,0.10018214936247723,106.5,8.192307692307692,75.0,10-15%
00-0038124,Christian Watson,2024,GB,25.0,14.0,53,464,0.11422413793103449,105.3,7.521428571428571,76.0,10-15%
00-0037291,Jalen Nailor,2024,MIN,25.0,15.0,42,517,0.08123791102514506,105.0,7.0,77.0,<10%
00-0037801,KaVontae Turpin,2024,DAL,28.0,17.0,52,622,0.08360128617363344,104.2,6.129411764705883,78.0,<10%
00-0036849,Tutu Atwell,2024,LA,25.0,15.0,62,541,0.11460258780036968,98.9,6.593333333333334,79.0,10-15%
00-0033555,Mack Hollins,2024,BUF,31.0,17.0,50,495,0.10101010101010101,98.8,5.811764705882353,80.0,10-15%
00-0038606,Parker Washington,2024,JAX,22.0,14.0,51,522,0.09770114942528736,97.0,6.928571428571429,81.0,<10%
00-0039916,Ricky Pearsall,2024,SF,24.0,11.0,46,513,0.08966861598440545,93.5,8.5,82.0,<10%
00-0039491,Jalen Coker,2024,CAR,23.0,11.0,46,518,0.0888030888030888,92.56,8.414545454545454,83.0,<10%
00-0033375,Tim Patrick,2024,DET,31.0,15.0,44,522,0.0842911877394636,92.4,6.16,84.0,<10%
00-0035500,Greg Dortch,2024,ARI,26.0,17.0,50,523,0.09560229445506692,90.3,5.311764705882353,85.0,<10%
00-0035216,Diontae Johnson,2024,BAL/CAR/HOU,28.0,11.0,67,1522,0.04402102496714849,89.1,8.1,86.0,<10%
00-0033591,Noah Brown,2024,WAS,28.0,11.0,56,504,0.1111111111111111,86.3,7.845454545454545,87.0,10-15%
00-0033589,David Moore,2024,CAR,29.0,15.0,57,518,0.11003861003861004,85.10000000000001,5.673333333333334,88.0,10-15%
00-0034272,Marquez Valdes-Scantling,2024,BUF/NO,30.0,13.0,44,1012,0.043478260869565216,84.49999999999999,6.499999999999999,89.0,<10%
00-0037545,Rashid Shaheed,2024,NO,26.0,6.0,41,517,0.07930367504835589,81.8,13.633333333333333,90.0,<10%
00-0038979,Cedric Tillman,2024,CLE,24.0,9.0,49,634,0.07728706624605679,80.4,8.933333333333334,91.0,<10%
00-0032385,Sterling Shepard,2024,TB,31.0,13.0,51,563,0.0905861456483126,80.3,6.176923076923076,92.0,<10%
00-0033009,Tyler Boyd,2024,TEN,30.0,15.0,57,507,0.11242603550295859,78.3,5.22,93.0,10-15%
00-0037239,Chris Olave,2024,NO,24.0,8.0,44,517,0.0851063829787234,76.7,9.5875,94.0,<10%
00-0034775,Christian Kirk,2024,JAX,28.0,8.0,47,522,0.09003831417624521,70.9,8.8625,95.0,<10%
00-0031236,Brandin Cooks,2024,DAL,31.0,10.0,54,622,0.08681672025723473,69.6,6.959999999999999,96.0,<10%
00-0036626,Dyami Brown,2024,WAS,25.0,15.0,40,504,0.07936507936507936,67.4,4.493333333333334,97.0,<10%
00-0039868,Troy Franklin,2024,DEN,21.0,16.0,53,549,0.0965391621129326,67.1,4.19375,98.0,<10%
00-0033307,Kendrick Bourne,2024,NE,29.0,12.0,38,500,0.076,65.1,5.425,99.0,<10%
00-0039067,Rashee Rice,2024,KC,24.0,4.0,29,572,0.050699300699300696,64.9,16.225,100.0,<10%
00-0035406,Lil'Jordan Humphrey,2024,DEN,26.0,14.0,45,549,0.08196721311475409,64.3,4.5928571428571425,101.0,<10%
00-0033282,Curtis Samuel,2024,BUF,28.0,14.0,46,495,0.09292929292929293,63.7,4.55,102.0,<10%
00-0036415,Van Jefferson,2024,PIT,28.0,15.0,40,460,0.08695652173913043,63.6,4.24,103.0,<10%
00-0034386,Justin Watson,2024,KC,28.0,15.0,32,572,0.055944055944055944,62.9,4.193333333333333,104.0,<10%
00-0036261,Brandon Aiyuk,2024,SF,26.0,7.0,47,513,0.09161793372319688,62.400000000000006,8.914285714285715,105.0,<10%
00-0036427,Tyler Johnson,2024,LA,26.0,11.0,41,541,0.07578558225508318,61.1,5.554545454545455,106.0,<10%
00-0033536,Mike Williams,2024,NYJ/PIT,30.0,14.0,34,1049,0.032411820781696854,56.8,4.057142857142857,107.0,<10%
00-0039880,Malik Washington,2024,MIA,24.0,14.0,36,568,0.06338028169014084,56.8,4.057142857142857,108.0,<10%
00-0032464,Kalif Raymond,2024,DET,30.0,12.0,22,522,0.0421455938697318,56.5,4.708333333333333,109.0,<10%
00-0037614,John Metchie III,2024,HOU,24.0,10.0,37,547,0.06764168190127971,55.4,5.54,110.0,<10%
00-0036196,Gabe Davis,2024,JAX,25.0,10.0,42,522,0.08045977011494253,53.9,5.39,111.0,<10%
00-0039890,Adonai Mitchell,2024,IND,22.0,17.0,55,492,0.11178861788617886,53.76,3.1623529411764704,112.0,10-15%
00-0033857,JuJu Smith-Schuster,2024,KC,28.0,11.0,26,572,0.045454545454545456,53.1,4.827272727272727,113.0,<10%
00-0039751,Jordan Whittington,2024,LA,24.0,14.0,28,541,0.051756007393715345,52.5,3.75,114.0,<10%
00-0034418,Cedrick Wilson Jr.,2024,NO,29.0,13.0,27,517,0.05222437137330754,51.94,3.9953846153846153,115.0,<10%
00-0031549,Nelson Agholor,2024,BAL,31.0,13.0,29,457,0.06345733041575492,49.1,3.776923076923077,116.0,<10%
00-0036527,DJ Turner,2024,LV,27.0,12.0,29,592,0.048986486486486486,47.1,3.9250000000000003,117.0,<10%
00-0037741,Jahan Dotson,2024,PHI,24.0,14.0,33,418,0.07894736842105263,41.9,2.992857142857143,118.0,<10%
00-0038573,Derius Davis,2024,LAC,24.0,15.0,17,491,0.034623217922606926,40.1,2.6733333333333333,119.0,<10%
00-0033943,Josh Reynolds,2024,DEN/JAX,29.0,8.0,24,1071,0.022408963585434174,38.4,4.8,120.0,<10%
00-0030431,Robert Woods,2024,HOU,32.0,14.0,30,547,0.054844606946983544,38.3,2.7357142857142853,121.0,<10%
00-0038824,Ryan Miller,2024,TB,24.0,9.0,20,563,0.035523978685612786,36.8,4.088888888888889,122.0,<10%
00-0036630,Tylan Wallace,2024,BAL,25.0,12.0,12,457,0.0262582056892779,36.300000000000004,3.0250000000000004,123.0,<10%
00-0038640,Jalen Brooks,2024,DAL,24.0,12.0,30,622,0.04823151125401929,35.699999999999996,2.9749999999999996,124.0,<10%
00-0039052,Trey Palmer,2024,TB,23.0,15.0,22,563,0.03907637655417407,35.2,2.3466666666666667,125.0,<10%
00-0039355,Luke McCaffrey,2024,WAS,23.0,13.0,24,504,0.047619047619047616,34.8,2.6769230769230767,126.0,<10%
00-0035140,Mecole Hardman,2024,KC,26.0,12.0,14,572,0.024475524475524476,33.2,2.766666666666667,127.0,<10%
00-0039907,Ja'Lynn Polk,2024,NE,23.0,14.0,33,500,0.066,32.699999999999996,2.3357142857142854,128.0,<10%
00-0039062,Jonathan Mingo,2024,CAR/DAL,23.0,14.0,42,1140,0.03684210526315789,32.2,2.3000000000000003,129.0,<10%
00-0034860,Dante Pettis,2024,NO,29.0,8.0,28,517,0.05415860735009671,32.0,4.0,130.0,<10%
00-0038465,Malik Heath,2024,GB,24.0,5.0,13,464,0.028017241379310345,31.7,6.34,131.0,<10%
00-0038752,Jake Bobo,2024,SEA,26.0,12.0,17,569,0.029876977152899824,29.7,2.475,132.0,<10%
00-0031941,Jamison Crowder,2024,WAS,31.0,5.0,13,504,0.025793650793650792,28.2,5.64,133.0,<10%
00-0037231,Kevin Austin Jr.,2024,NO,24.0,8.0,22,517,0.0425531914893617,27.0,3.375,134.0,<10%
00-0039386,Bub Means,2024,NO,23.0,4.0,15,517,0.029013539651837523,26.8,6.7,135.0,<10%
00-0034854,KhaDarel Hodge,2024,ATL,29.0,10.0,12,539,0.022263450834879406,26.099999999999998,2.61,136.0,<10%
00-0039623,Mason Tipton,2024,NO,24.0,9.0,26,517,0.05029013539651837,23.9,2.6555555555555554,137.0,<10%
00-0038618,Xavier Hutchinson,2024,HOU,24.0,14.0,26,547,0.04753199268738574,23.7,1.6928571428571428,138.0,<10%
00-0034487,Trent Sherfield,2024,MIN,28.0,13.0,9,517,0.017408123791102514,22.3,1.7153846153846155,139.0,<10%
00-0038821,Rakim Jarrett,2024,TB,23.0,8.0,11,563,0.019538188277087035,21.400000000000002,2.6750000000000003,140.0,<10%
00-0035021,Ashton Dulin,2024,IND,27.0,13.0,8,492,0.016260162601626018,19.2,1.4769230769230768,141.0,<10%
00-0036331,Devin Duvernay,2024,JAX,27.0,13.0,16,522,0.03065134099616858,19.2,1.4769230769230768,142.0,<10%
00-0036345,K.J. Osborn,2024,NE/WAS,27.0,7.0,18,1004,0.017928286852589643,18.7,2.6714285714285713,143.0,<10%
00-0039410,Ryan Flournoy,2024,DAL,25.0,9.0,14,622,0.022508038585209004,18.2,2.022222222222222,144.0,<10%
00-0035662,Marquise Brown,2024,KC,27.0,2.0,15,572,0.026223776223776224,18.1,9.05,145.0,<10%
00-0039747,Ainias Smith,2024,PHI,23.0,3.0,9,418,0.0215311004784689,17.7,5.8999999999999995,146.0,<10%
00-0036646,Simi Fehoko,2024,LAC,27.0,6.0,16,491,0.032586558044806514,16.6,2.766666666666667,147.0,<10%
00-0033891,Zay Jones,2024,ARI,29.0,6.0,11,523,0.021032504780114723,16.4,2.733333333333333,148.0,<10%
00-0038496,Xavier Gipson,2024,NYJ,23.0,17.0,10,589,0.01697792869269949,16.4,0.9647058823529411,149.0,<10%
00-0031763,DeAndre Carter,2024,CHI,31.0,13.0,14,526,0.026615969581749048,16.2,1.2461538461538462,150.0,<10%
00-0039650,Bryce Oliver,2024,TEN,24.0,8.0,9,507,0.01775147928994083,15.5,1.9375,151.0,<10%
00-0035639,Parris Campbell,2024,PHI,27.0,4.0,8,418,0.019138755980861243,15.0,3.75,152.0,<10%
00-0039236,Johnny Wilson,2024,PHI,23.0,10.0,15,418,0.03588516746411483,14.8,1.48,153.0,<10%
00-0036268,Laviska Shenault Jr.,2024,SEA,26.0,10.0,5,569,0.008787346221441126,14.7,1.47,154.0,<10%
00-0036387,Jalen Reagor,2024,LAC,25.0,7.0,12,491,0.024439918533604887,14.7,2.1,155.0,<10%
00-0039810,Jermaine Burton,2024,CIN,23.0,8.0,14,628,0.022292993630573247,14.7,1.8375,156.0,<10%
00-0031235,Odell Beckham Jr.,2024,MIA,32.0,8.0,19,568,0.03345070422535211,14.5,1.8125,157.0,<10%
00-0038938,Jalin Hyatt,2024,NYG,23.0,10.0,19,554,0.03429602888086643,14.2,1.42,158.0,<10%
00-0034646,Brandon Powell,2024,MIN,29.0,16.0,10,517,0.019342359767891684,14.1,0.88125,159.0,<10%
00-0038679,Tyrell Shavers,2024,BUF,25.0,1.0,1,495,0.00202020202020202,13.9,13.9,160.0,<10%
00-0032128,Chris Conley,2024,SF,32.0,9.0,12,513,0.023391812865497075,13.6,1.511111111111111,161.0,<10%
00-0034054,River Cracraft,2024,MIA,30.0,5.0,9,568,0.01584507042253521,13.6,2.7199999999999998,162.0,<10%
00-0037300,Mike Woods,2024,CLE,24.0,5.0,17,634,0.026813880126182965,13.5,2.7,163.0,<10%
00-0034777,DJ Chark,2024,LAC,28.0,4.0,10,491,0.020366598778004074,13.1,3.275,164.0,<10%
00-0039365,Jacob Cowing,2024,SF,23.0,15.0,6,513,0.011695906432748537,12.7,0.8466666666666666,165.0,<10%
00-0036862,Ben Skowronek,2024,PIT,27.0,9.0,5,460,0.010869565217391304,11.9,1.3222222222222222,166.0,<10%
00-0037524,Tay Martin,2024,TEN,27.0,1.0,2,507,0.0039447731755424065,11.9,11.9,167.0,<10%
00-0035298,Scott Miller,2024,PIT,27.0,6.0,9,460,0.01956521739130435,11.899999999999999,1.9833333333333332,168.0,<10%
00-0037132,Britain Covey,2024,PHI,27.0,5.0,8,418,0.019138755980861243,10.4,2.08,169.0,<10%
00-0036183,Kristian Wilkerson,2024,LV,27.0,1.0,3,592,0.005067567567567568,9.8,9.8,170.0,<10%
00-0039792,Devontez Walker,2024,BAL,23.0,3.0,3,457,0.006564551422319475,9.1,3.033333333333333,171.0,<10%
00-0038104,Tyquan Thornton,2024,NE,24.0,4.0,8,500,0.016,8.7,2.175,172.0,<10%
00-0037742,Treylon Burks,2024,TEN,24.0,5.0,8,507,0.015779092702169626,7.5,1.5,173.0,<10%
00-0038576,Charlie Jones,2024,CIN,26.0,7.0,1,628,0.0015923566878980893,7.5,1.0714285714285714,174.0,<10%
00-0036620,Dee Eskridge,2024,MIA,27.0,5.0,3,568,0.00528169014084507,7.4,1.48,175.0,<10%
00-0036497,Tim Jones,2024,JAX,26.0,8.0,5,522,0.009578544061302681,7.1,0.8875,176.0,<10%
00-0036955,Terrace Marshall Jr.,2024,LV,24.0,5.0,6,592,0.010135135135135136,7.1,1.42,177.0,<10%
00-0038519,Nikko Remigio,2024,KC,25.0,5.0,6,572,0.01048951048951049,6.8,1.3599999999999999,178.0,<10%
00-0035976,Dan Chisena,2024,CAR,27.0,4.0,4,518,0.007722007722007722,6.7,1.675,179.0,<10%
00-0037487,Deven Thompkins,2024,CAR,25.0,5.0,4,518,0.007722007722007722,6.699999999999999,1.3399999999999999,180.0,<10%
00-0035891,Cody White,2024,SEA,26.0,2.0,3,569,0.005272407732864675,6.4,3.2,181.0,<10%
00-0038359,Xavier Smith,2024,LA,27.0,14.0,2,541,0.0036968576709796672,6.2,0.4428571428571429,182.0,<10%
00-0035602,Alex Bachman,2024,LV,28.0,5.0,3,592,0.005067567567567568,6.1,1.22,183.0,<10%
00-0031428,Allen Robinson,2024,DET,31.0,6.0,7,522,0.013409961685823755,6.0,1.0,184.0,<10%
00-0036841,Austin Trammell,2024,JAX,26.0,1.0,3,522,0.005747126436781609,6.0,6.0,186.0,<10%
00-0037257,David Bell,2024,CLE,24.0,1.0,3,634,0.00473186119873817,5.7,5.7,188.0,<10%
00-0039379,Jamari Thrash,2024,CLE,24.0,6.0,7,634,0.011041009463722398,5.2,0.8666666666666667,189.0,<10%
00-0039920,Malachi Corley,2024,NYJ,22.0,5.0,6,589,0.010186757215619695,5.2,1.04,190.0,<10%
00-0036133,James Proche,2024,CLE,28.0,9.0,3,634,0.00473186119873817,5.1,0.5666666666666667,191.0,<10%
00-0035341,Trenton Irwin,2024,CIN,29.0,6.0,10,628,0.01592356687898089,4.5,0.75,192.0,<10%
00-0038647,Ronnie Bell,2024,SF,24.0,4.0,6,513,0.011695906432748537,4.2,1.05,193.0,<10%
00-0036176,Mason Kinsey,2024,TEN,26.0,6.0,2,507,0.0039447731755424065,3.7,0.6166666666666667,194.0,<10%
00-0039816,Anthony Gould,2024,IND,23.0,8.0,1,492,0.0020325203252032522,3.3,0.4125,195.0,<10%
00-0036165,Isaiah Hodgins,2024,NYG,26.0,2.0,2,554,0.0036101083032490976,3.2,1.6,196.0,<10%
00-0038507,Grant DuBose,2024,MIA,23.0,2.0,4,568,0.007042253521126761,3.0999999999999996,1.5499999999999998,197.0,<10%
00-0036463,Chris Blair,2024,ATL,27.0,2.0,2,539,0.0037105751391465678,2.7,1.35,198.0,<10%
00-0034353,Anthony Miller,2024,BAL,30.0,1.0,1,457,0.002188183807439825,2.6,2.6,199.0,<10%
00-0039451,Isaiah Williams,2024,CIN/DET,23.0,8.0,3,1150,0.0026086956521739132,2.6,0.325,200.0,<10%
00-0039394,Casey Washington,2024,ATL,23.0,2.0,2,539,0.0037105751391465678,2.4,1.2,201.0,<10%
00-0039853,Javon Baker,2024,NE,22.0,6.0,4,500,0.008,2.2,0.3666666666666667,202.0,<10%
00-0033292,Trent Taylor,2024,SF,30.0,2.0,1,513,0.001949317738791423,2.1,1.05,203.0,<10%
00-0037382,Brandon Johnson,2024,PIT,26.0,1.0,1,460,0.002173913043478261,1.9,1.9,204.0,<10%
00-0037422,Kendric Pryor,2024,CIN,26.0,1.0,1,628,0.0015923566878980893,1.9,1.9,205.0,<10%
00-0039543,Ramel Keyton,2024,LV,24.0,3.0,3,592,0.005067567567567568,1.7,0.5666666666666667,206.0,<10%
00-0033460,John Ross,2024,PHI,29.0,1.0,2,418,0.004784688995215311,1.6,1.6,207.0,<10%
00-0036254,Collin Johnson,2024,CHI,27.0,6.0,2,526,0.0038022813688212928,1.6,0.26666666666666666,208.0,<10%
00-0036877,Jaelon Darden,2024,CLE/SEA,25.0,11.0,1,1203,0.0008312551953449709,1.6,0.14545454545454548,209.0,<10%
00-0032688,Robbie Chosen,2024,MIA,31.0,1.0,4,568,0.007042253521126761,1.5,1.5,210.0,<10%
00-0038941,Tyler Scott,2024,CHI,23.0,4.0,1,526,0.0019011406844106464,1.5,0.375,211.0,<10%
00-0039392,Jha'Quan Jackson,2024,TEN,24.0,12.0,3,507,0.005917159763313609,1.3,0.10833333333333334,212.0,<10%
00-0039589,Kameron Johnson,2024,TB,22.0,4.0,1,563,0.0017761989342806395,1.1,0.275,214.0,<10%
00-0038840,Brycen Tremayne,2024,WAS,25.0,2.0,1,504,0.001984126984126984,0.8,0.4,215.0,<10%
00-0034419,Braxton Berrios,2024,MIA,29.0,6.0,4,568,0.007042253521126761,0.0,0.0,218.0,<10%
00-0035544,Tom Kennedy,2024,DET,28.0,3.0,1,522,0.0019157088122605363,0.0,0.0,222.0,<10%
00-0037093,Dareke Young,2024,SEA,25.0,7.0,1,569,0.0017574692442882249,0.0,0.0,223.0,<10%
00-0037156,Irvin Charles,2024,NYJ,27.0,8.0,1,589,0.001697792869269949,0.0,0.0,224.0,<10%
00-0037216,Justyn Ross,2024,KC,25.0,1.0,1,572,0.0017482517482517483,0.0,0.0,225.0,<10%
00-0038090,Skyy Moore,2024,KC,24.0,3.0,3,572,0.005244755244755245,0.0,0.0,230.0,<10%
00-0038092,Erik Ezukanma,2024,MIA,24.0,1.0,2,568,0.0035211267605633804,0.0,0.0,231.0,<10%
00-0039521,Xavier Weaver,2024,ARI,24.0,2.0,2,523,0.0038240917782026767,0.0,0.0,232.0,<10%
00-0036913,Kadarius Toney,2024,CLE,25.0,3.0,1,634,0.0015772870662460567,-0.39999999999999997,-0.13333333333333333,234.0,<10%
00-0039075,Puka Nacua,2025,LA,24.0,16.0,166,581,0.2857142857142857,375.0,23.4375,1.0,25-30%
00-0038543,Jaxon Smith-Njigba,2025,SEA,23.0,17.0,163,455,0.35824175824175825,359.9,21.170588235294115,2.0,30%+
00-0036963,Amon-Ra St. Brown,2025,DET,26.0,17.0,172,550,0.31272727272727274,324.0,19.058823529411764,3.0,30%+
00-0036900,Ja'Marr Chase,2025,CIN,25.0,16.0,185,608,0.3042763157894737,313.6,19.6,4.0,30%+
00-0037247,George Pickens,2025,DAL,24.0,17.0,137,607,0.2257001647446458,291.9,17.170588235294115,5.0,20-25%
00-0037239,Chris Olave,2025,NO,25.0,16.0,156,565,0.2761061946902655,268.0,16.75,6.0,25-30%
00-0039064,Zay Flowers,2025,BAL,25.0,17.0,118,407,0.28992628992628994,243.3,14.311764705882354,7.0,25-30%
00-0036554,Nico Collins,2025,HOU,26.0,15.0,120,553,0.21699819168173598,226.2,15.08,8.0,20-25%
00-0031381,Davante Adams,2025,LA,33.0,14.0,114,581,0.1962134251290878,222.9,15.921428571428573,9.0,15-20%
00-0038559,Michael Wilson,2025,ARI,25.0,17.0,126,617,0.20421393841166938,220.6,12.976470588235294,10.0,20-25%
00-0035676,A.J. Brown,2025,PHI,28.0,15.0,121,464,0.2607758620689655,220.3,14.686666666666667,11.0,25-30%
00-0037240,Jameson Williams,2025,DET,24.0,17.0,102,550,0.18545454545454546,219.9,12.935294117647059,12.0,15-20%
00-0034348,Courtland Sutton,2025,DEN,30.0,17.0,124,584,0.21232876712328766,219.7,12.923529411764704,13.0,20-25%
00-0038117,Wan'Dale Robinson,2025,NYG,24.0,16.0,140,503,0.2783300198807157,217.89999999999998,13.618749999999999,14.0,25-30%
00-0040124,Tetairoa McMillan,2025,CAR,22.0,17.0,122,480,0.25416666666666665,213.4,12.552941176470588,15.0,25-30%
00-0036410,Tee Higgins,2025,CIN,26.0,15.0,98,608,0.1611842105263158,211.6,14.106666666666666,16.0,15-20%
00-0031588,Stefon Diggs,2025,NE,32.0,17.0,102,482,0.21161825726141079,210.3,12.370588235294118,17.0,20-25%
00-0036252,Michael Pittman,2025,IND,28.0,17.0,111,530,0.20943396226415095,202.4,11.905882352941177,18.0,20-25%
00-0037238,Drake London,2025,ATL,24.0,12.0,112,519,0.21579961464354527,201.9,16.825,19.0,20-25%
00-0036912,DeVonta Smith,2025,PHI,27.0,17.0,113,464,0.2435344827586207,201.79999999999998,11.870588235294116,20.0,20-25%
00-0036322,Justin Jefferson,2025,MIN,26.0,17.0,141,468,0.30128205128205127,201.5,11.852941176470589,21.0,30%+
00-0036358,CeeDee Lamb,2025,DAL,26.0,13.0,117,607,0.1927512355848435,200.9,15.453846153846154,22.0,15-20%
00-0040129,Emeka Egbuka,2025,TB,23.0,17.0,127,541,0.23475046210720887,195.7,11.511764705882353,23.0,20-25%
00-0036613,Jaylen Waddle,2025,MIA,27.0,16.0,100,462,0.21645021645021645,194.12,12.1325,24.0,20-25%
00-0035719,Deebo Samuel Sr.,2025,WAS,29.0,16.0,99,432,0.22916666666666666,188.2,11.7625,25.0,20-25%
00-0035640,DK Metcalf,2025,PIT,28.0,15.0,99,522,0.1896551724137931,187.2,12.479999999999999,26.0,15-20%
00-0038606,Parker Washington,2025,JAX,23.0,16.0,95,547,0.1736745886654479,184.7,11.54375,27.0,15-20%
00-0037664,Alec Pierce,2025,IND,25.0,15.0,84,530,0.15849056603773584,183.3,12.22,28.0,15-20%
00-0030279,Keenan Allen,2025,LAC,33.0,17.0,122,544,0.22426470588235295,182.7,10.74705882352941,29.0,20-25%
00-0039915,Ladd McConkey,2025,LAC,24.0,16.0,106,544,0.1948529411764706,180.9,11.30625,30.0,15-20%
00-0039868,Troy Franklin,2025,DEN,22.0,17.0,104,584,0.1780821917808219,177.1,10.41764705882353,31.0,15-20%
00-0034960,Jakobi Meyers,2025,JAX/LV,29.0,16.0,110,1041,0.10566762728146013,175.8,10.9875,32.0,10-15%
00-0036259,Jauan Jennings,2025,SF,28.0,15.0,90,550,0.16363636363636364,173.3,11.553333333333335,33.0,15-20%
00-0034827,DJ Moore,2025,CHI,28.0,17.0,85,532,0.15977443609022557,172.18,10.128235294117648,34.0,15-20%
00-0038544,Quentin Johnston,2025,LAC,24.0,13.0,84,544,0.15441176470588236,171.2,13.169230769230769,35.0,15-20%
00-0037261,Khalil Shakir,2025,BUF,25.0,16.0,95,479,0.19832985386221294,166.4,10.4,36.0,15-20%
00-0037816,Romeo Doubs,2025,GB,25.0,16.0,85,460,0.18478260869565216,165.4,10.3375,37.0,15-20%
00-0038563,Tre Tucker,2025,LV,24.0,17.0,92,494,0.1862348178137652,161.7,9.511764705882353,38.0,15-20%
00-0037545,Rashid Shaheed,2025,NO/SEA,27.0,18.0,92,1020,0.09019607843137255,156.60000000000002,8.700000000000001,39.0,<10%
00-0039067,Rashee Rice,2025,KC,25.0,8.0,78,549,0.14207650273224043,150.1,18.7625,40.0,10-15%
00-0039919,Rome Odunze,2025,CHI,23.0,12.0,90,532,0.16917293233082706,146.1,12.174999999999999,41.0,15-20%
00-0039893,Brian Thomas Jr.,2025,JAX,23.0,14.0,91,547,0.1663619744058501,138.8,9.914285714285715,42.0,15-20%
00-0038997,Josh Downs,2025,IND,24.0,16.0,88,530,0.1660377358490566,138.4,8.65,43.0,15-20%
00-0035662,Marquise Brown,2025,KC,28.0,16.0,74,549,0.13479052823315119,137.7,8.60625,44.0,10-15%
00-0038994,Jordan Addison,2025,MIN,23.0,14.0,79,468,0.16880341880341881,135.1,9.65,45.0,15-20%
00-0038124,Christian Watson,2025,GB,26.0,10.0,55,460,0.11956521739130435,132.4,13.24,46.0,10-15%
00-0040130,Jayden Higgins,2025,HOU,23.0,17.0,68,553,0.12296564195298372,129.5,7.617647058823529,47.0,10-15%
00-0040705,Chimere Dike,2025,TEN,24.0,17.0,74,530,0.13962264150943396,128.1,7.535294117647059,48.0,10-15%
00-0040735,Luther Burden III,2025,CHI,22.0,15.0,60,532,0.11278195488721804,127.9,8.526666666666667,49.0,10-15%
00-0039849,Marvin Harrison Jr.,2025,ARI,23.0,12.0,73,617,0.11831442463533225,127.80000000000001,10.65,50.0,10-15%
00-0038608,Kayshon Boutte,2025,NE,23.0,14.0,46,482,0.0954356846473029,124.1,8.864285714285714,51.0,<10%
00-0036407,Jerry Jeudy,2025,CLE,26.0,17.0,106,522,0.20306513409961685,120.7,7.1000000000000005,52.0,20-25%
00-0039880,Malik Washington,2025,MIA,25.0,17.0,65,462,0.1406926406926407,116.7,6.864705882352942,53.0,10-15%
00-0040170,Elic Ayomanor,2025,TEN,22.0,16.0,89,530,0.16792452830188678,116.5,7.28125,54.0,15-20%
00-0033908,Cooper Kupp,2025,SEA,32.0,16.0,70,455,0.15384615384615385,116.3,7.26875,55.0,15-20%
00-0035659,Terry McLaurin,2025,WAS,30.0,10.0,60,432,0.1388888888888889,114.2,11.42,56.0,10-15%
00-0039410,Ryan Flournoy,2025,DAL,26.0,15.0,56,607,0.09225700164744646,114.0,7.6,57.0,<10%
00-0033555,Mack Hollins,2025,NE,32.0,14.0,65,482,0.13485477178423236,113.4,8.1,58.0,10-15%
00-0039894,Xavier Worthy,2025,KC,22.0,14.0,73,549,0.13296903460837886,109.9,7.8500000000000005,59.0,10-15%
00-0039901,Keon Coleman,2025,BUF,22.0,12.0,59,479,0.12317327766179541,102.4,8.533333333333333,60.0,10-15%
00-0037291,Jalen Nailor,2025,MIN,26.0,17.0,53,468,0.11324786324786325,100.7,5.923529411764706,61.0,10-15%
00-0037740,Garrett Wilson,2025,NYJ,25.0,7.0,59,472,0.125,99.5,14.214285714285714,62.0,10-15%
00-0035535,Darius Slayton,2025,NYG,28.0,14.0,63,503,0.12524850894632206,98.8,7.057142857142857,63.0,10-15%
00-0038618,Xavier Hutchinson,2025,HOU,25.0,16.0,57,553,0.10307414104882459,98.0,6.125,64.0,10-15%
00-0038621,DeMario Douglas,2025,NE,25.0,16.0,46,482,0.0954356846473029,95.8,5.9875,65.0,<10%
00-0038976,Marvin Mims Jr.,2025,DEN,23.0,15.0,51,584,0.08732876712328767,95.0,6.333333333333333,66.0,<10%
00-0040237,Tez Johnson,2025,TB,23.0,15.0,44,541,0.08133086876155268,92.4,6.16,67.0,<10%
00-0033307,Kendrick Bourne,2025,SF,30.0,14.0,53,550,0.09636363636363636,92.1,6.578571428571428,68.0,<10%
00-0039491,Jalen Coker,2025,CAR,24.0,11.0,43,480,0.08958333333333333,90.4,8.218181818181819,69.0,<10%
00-0038619,Andrei Iosivas,2025,CIN,26.0,15.0,58,608,0.09539473684210527,89.9,5.993333333333334,70.0,<10%
00-0039342,Xavier Legette,2025,CAR,24.0,15.0,64,480,0.13333333333333333,89.3,5.953333333333333,71.0,10-15%
00-0039916,Ricky Pearsall,2025,SF,25.0,9.0,53,550,0.09636363636363636,88.6,9.844444444444443,72.0,<10%
00-0039890,Adonai Mitchell,2025,IND/NYJ,23.0,16.0,74,1002,0.07385229540918163,87.89999999999999,5.4937499999999995,73.0,<10%
00-0037837,Calvin Austin III,2025,PIT,26.0,14.0,55,522,0.1053639846743295,86.2,6.1571428571428575,74.0,10-15%
00-0031408,Mike Evans,2025,TB,32.0,8.0,62,541,0.11460258780036968,84.8,10.6,75.0,10-15%
00-0035208,Olamide Zaccheaus,2025,CHI,28.0,14.0,65,532,0.12218045112781954,84.8,6.057142857142857,76.0,10-15%
00-0037801,KaVontae Turpin,2025,DAL,29.0,15.0,38,607,0.06260296540362438,84.5,5.633333333333334,77.0,<10%
00-0033921,Chris Godwin Jr.,2025,TB,29.0,9.0,51,541,0.09426987060998152,83.0,9.222222222222221,78.0,<10%
00-0036309,Darnell Mooney,2025,ATL,28.0,15.0,72,519,0.13872832369942195,82.3,5.486666666666666,79.0,10-15%
00-0032385,Sterling Shepard,2025,TB,32.0,13.0,53,541,0.09796672828096119,82.0,6.3076923076923075,80.0,<10%
00-0038104,Tyquan Thornton,2025,KC,25.0,12.0,37,549,0.06739526411657559,80.8,6.733333333333333,81.0,<10%
00-0040669,Isaac TeSlaa,2025,DET,23.0,14.0,27,550,0.04909090909090909,75.9,5.421428571428572,82.0,<10%
00-0038393,Dontayvion Wicks,2025,GB,24.0,13.0,46,460,0.1,75.8,5.8307692307692305,83.0,10-15%
00-0035500,Greg Dortch,2025,ARI,27.0,12.0,33,617,0.05348460291734198,75.10000000000001,6.258333333333334,84.0,<10%
00-0040134,Pat Bryant,2025,DEN,23.0,13.0,49,584,0.0839041095890411,74.8,5.753846153846154,85.0,<10%
00-0033857,JuJu Smith-Schuster,2025,KC,29.0,17.0,45,549,0.08196721311475409,73.5,4.323529411764706,86.0,<10%
00-0037614,John Metchie III,2025,NYJ/PHI,25.0,13.0,48,936,0.05128205128205128,71.89999999999999,5.53076923076923,87.0,<10%
00-0036415,Van Jefferson,2025,TEN,29.0,14.0,52,530,0.09811320754716982,70.0,5.0,88.0,<10%
00-0040667,Matthew Golden,2025,GB,22.0,14.0,44,460,0.09565217391304348,70.0,5.0,89.0,<10%
00-0040727,Tre Harris,2025,LAC,23.0,16.0,43,544,0.07904411764705882,69.4,4.3375,90.0,<10%
00-0040138,Jaylin Noel,2025,HOU,23.0,17.0,35,553,0.06329113924050633,68.4,4.023529411764706,91.0,<10%
00-0032211,Tyler Lockett,2025,LV/TEN,33.0,17.0,55,1024,0.0537109375,67.1,3.9470588235294115,92.0,<10%
00-0030564,DeAndre Hopkins,2025,BAL,33.0,17.0,39,407,0.09582309582309582,67.0,3.9411764705882355,93.0,<10%
00-0032464,Kalif Raymond,2025,DET,31.0,15.0,30,550,0.05454545454545454,66.8,4.453333333333333,94.0,<10%
00-0039424,Devaughn Vele,2025,NO,28.0,9.0,39,565,0.06902654867256637,66.3,7.366666666666666,95.0,<10%
00-0040648,Tory Horton,2025,SEA,23.0,8.0,22,455,0.04835164835164835,65.1,8.1375,96.0,<10%
00-0040718,Travis Hunter,2025,JAX,22.0,7.0,45,547,0.08226691042047532,63.800000000000004,9.114285714285716,97.0,<10%
00-0039451,Isaiah Williams,2025,NYJ,24.0,15.0,36,472,0.07627118644067797,60.7,4.046666666666667,98.0,<10%
00-0038979,Cedric Tillman,2025,CLE,25.0,12.0,39,522,0.07471264367816093,60.0,5.0,99.0,<10%
00-0032775,Demarcus Robinson,2025,SF,31.0,14.0,35,550,0.06363636363636363,58.2,4.1571428571428575,100.0,<10%
00-0034775,Christian Kirk,2025,HOU,29.0,11.0,52,553,0.09403254972875226,57.9,5.263636363636364,101.0,<10%
00-0039337,Malik Nabers,2025,NYG,22.0,4.0,35,503,0.06958250497017893,57.1,14.275,102.0,<10%
00-0036550,Rashod Bateman,2025,BAL,26.0,13.0,38,407,0.09336609336609336,55.4,4.2615384615384615,103.0,<10%
00-0040782,Isaiah Bond,2025,CLE,21.0,15.0,44,522,0.0842911877394636,54.7,3.646666666666667,104.0,<10%
00-0033040,Tyreek Hill,2025,MIA,31.0,4.0,29,462,0.06277056277056277,53.5,13.375,105.0,<10%
00-0036988,Josh Palmer,2025,BUF,26.0,12.0,37,479,0.07724425887265135,52.3,4.358333333333333,106.0,<10%
00-0031236,Brandin Cooks,2025,BUF/NO,32.0,13.0,36,1044,0.034482758620689655,51.9,3.9923076923076923,107.0,<10%
00-0033375,Tim Patrick,2025,JAX,32.0,13.0,24,547,0.043875685557586835,51.7,3.976923076923077,108.0,<10%
00-0039355,Luke McCaffrey,2025,WAS,24.0,9.0,15,432,0.034722222222222224,51.3,5.699999999999999,109.0,<10%
00-0040164,Jaylin Lane,2025,WAS,23.0,15.0,32,432,0.07407407407407407,51.2,3.4133333333333336,110.0,<10%
00-0037741,Jahan Dotson,2025,PHI,25.0,15.0,36,464,0.07758620689655173,50.2,3.3466666666666667,111.0,<10%
00-0036626,Dyami Brown,2025,JAX,26.0,11.0,37,547,0.06764168190127971,49.7,4.5181818181818185,112.0,<10%
00-0040131,Kyle Williams,2025,NE,23.0,14.0,21,482,0.043568464730290454,49.2,3.5142857142857147,113.0,<10%
00-0035359,David Sills,2025,ATL,30.0,12.0,36,519,0.06936416184971098,49.1,4.091666666666667,114.0,<10%
00-0039146,Jayden Reed,2025,GB,25.0,5.0,22,460,0.04782608695652174,48.5,9.7,115.0,<10%
00-0038359,Xavier Smith,2025,LA,28.0,16.0,24,581,0.04130808950086059,48.3,3.01875,116.0,<10%
00-0034837,Calvin Ridley,2025,TEN,31.0,7.0,36,530,0.06792452830188679,47.3,6.757142857142857,117.0,<10%
00-0037666,Jalen Tolbert,2025,DAL,26.0,12.0,34,607,0.05601317957166392,46.3,3.858333333333333,118.0,<10%
00-0038679,Tyrell Shavers,2025,BUF,26.0,11.0,23,479,0.04801670146137787,45.5,4.136363636363637,119.0,<10%
00-0040729,Jack Bech,2025,LV,23.0,14.0,29,494,0.058704453441295545,42.4,3.0285714285714285,120.0,<10%
00-0030035,Adam Thielen,2025,MIN/PIT,35.0,14.0,35,990,0.03535353535353535,39.599999999999994,2.8285714285714283,121.0,<10%
00-0032398,Chris Moore,2025,WAS,32.0,10.0,23,432,0.05324074074074074,38.6,3.8600000000000003,122.0,<10%
00-0039739,Roman Wilson,2025,PIT,24.0,9.0,21,522,0.040229885057471264,38.6,4.288888888888889,123.0,<10%
00-0036427,Tyler Johnson,2025,NYJ,27.0,9.0,18,472,0.038135593220338986,37.7,4.188888888888889,124.0,<10%
00-0039792,Devontez Walker,2025,BAL,24.0,8.0,8,407,0.019656019656019656,37.6,4.7,125.0,<10%
00-0039751,Jordan Whittington,2025,LA,25.0,15.0,25,581,0.043029259896729774,36.3,2.42,126.0,<10%
00-0034983,Hunter Renfrow,2025,CAR,30.0,6.0,26,480,0.05416666666666667,35.900000000000006,5.983333333333334,127.0,<10%
00-0035645,Gunner Olszewski,2025,NYG,29.0,16.0,13,503,0.02584493041749503,35.82,2.23875,128.0,<10%
00-0035406,Lil'Jordan Humphrey,2025,DEN/NYG,27.0,7.0,25,1087,0.022999080036798528,34.599999999999994,4.942857142857142,129.0,<10%
00-0037231,Kevin Austin Jr.,2025,NO,25.0,5.0,23,565,0.04070796460176991,33.0,6.6,130.0,<10%
00-0034272,Marquez Valdes-Scantling,2025,PIT/SF,31.0,9.0,29,1072,0.027052238805970148,32.0,3.5555555555555554,131.0,<10%
00-0038839,Mitchell Tinsley,2025,CIN,26.0,8.0,24,608,0.039473684210526314,31.6,3.95,132.0,<10%
00-0039920,Malachi Corley,2025,CLE,23.0,12.0,14,522,0.02681992337164751,31.6,2.6333333333333333,133.0,<10%
00-0036849,Tutu Atwell,2025,LA,26.0,8.0,15,581,0.025817555938037865,31.2,3.9,134.0,<10%
00-0036196,Gabe Davis,2025,BUF,26.0,6.0,18,479,0.037578288100208766,30.9,5.1499999999999995,135.0,<10%
00-0033891,Zay Jones,2025,ARI,30.0,6.0,18,617,0.029173419773095625,30.3,5.05,136.0,<10%
00-0038840,Brycen Tremayne,2025,CAR,26.0,15.0,18,480,0.0375,30.0,2.0,137.0,<10%
00-0039855,Jalen McMillan,2025,TB,24.0,4.0,15,541,0.027726432532347505,29.9,7.475,138.0,<10%
00-0037742,Treylon Burks,2025,WAS,25.0,8.0,22,432,0.05092592592592592,29.0,3.625,139.0,<10%
00-0040218,Jimmy Horn Jr.,2025,CAR,23.0,10.0,15,480,0.03125,28.7,2.87,140.0,<10%
00-0036980,Elijah Moore,2025,BUF,25.0,9.0,17,479,0.03549060542797495,28.599999999999998,3.1777777777777776,141.0,<10%
00-0036165,Isaiah Hodgins,2025,NYG,27.0,6.0,19,503,0.03777335984095427,27.5,4.583333333333333,142.0,<10%
00-0040277,Jahdae Walker,2025,CHI,23.0,6.0,10,532,0.018796992481203006,26.7,4.45,143.0,<10%
00-0040311,Theo Wease Jr.,2025,MIA,24.0,3.0,10,462,0.021645021645021644,25.9,8.633333333333333,144.0,<10%
00-0040009,Savion Williams,2025,GB,24.0,12.0,10,460,0.021739130434782608,25.5,2.125,145.0,<10%
00-0040590,Konata Mumpfield,2025,LA,23.0,10.0,23,581,0.039586919104991396,25.2,2.52,146.0,<10%
00-0040581,Dont'e Thornton Jr.,2025,LV,23.0,11.0,30,494,0.06072874493927125,23.5,2.1363636363636362,147.0,<10%
00-0033943,Josh Reynolds,2025,NYJ,30.0,5.0,21,472,0.04449152542372881,23.1,4.62,148.0,<10%
00-0034521,Allen Lazard,2025,NYJ,30.0,9.0,18,472,0.038135593220338986,23.0,2.5555555555555554,149.0,<10%
00-0033282,Curtis Samuel,2025,BUF,29.0,6.0,9,479,0.018789144050104383,21.1,3.516666666666667,150.0,<10%
00-0039379,Jamari Thrash,2025,CLE,25.0,8.0,15,522,0.028735632183908046,20.7,2.5875,151.0,<10%
00-0039623,Mason Tipton,2025,NO,25.0,8.0,17,565,0.03008849557522124,20.4,2.55,152.0,<10%
00-0035021,Ashton Dulin,2025,IND,28.0,12.0,10,530,0.018867924528301886,20.0,1.6666666666666667,153.0,<10%
00-0036182,Nick Westbrook-Ikhine,2025,MIA,28.0,13.0,20,462,0.04329004329004329,19.9,1.5307692307692307,154.0,<10%
00-0034860,Dante Pettis,2025,NO,30.0,8.0,11,565,0.019469026548672566,19.7,2.4625,155.0,<10%
00-0040024,Darius Cooper,2025,PHI,24.0,6.0,11,464,0.023706896551724137,18.2,3.033333333333333,156.0,<10%
00-0035891,Cody White,2025,SEA,27.0,8.0,4,455,0.008791208791208791,18.0,2.25,157.0,<10%
00-0039589,Kameron Johnson,2025,TB,23.0,17.0,7,541,0.012939001848428836,17.7,1.0411764705882351,158.0,<10%
00-0036862,Ben Skowronek,2025,PIT,28.0,16.0,6,522,0.011494252873563218,16.9,1.05625,159.0,<10%
00-0040563,Efton Chism III,2025,NE,24.0,8.0,3,482,0.006224066390041493,16.5,2.0625,160.0,<10%
00-0040184,KeAndre Lambert-Smith,2025,LAC,24.0,10.0,12,544,0.022058823529411766,16.1,1.61,161.0,<10%
00-0038891,Shedrick Jackson,2025,LV,26.0,3.0,5,494,0.010121457489878543,15.9,5.3,162.0,<10%
00-0039394,Casey Washington,2025,ATL,24.0,5.0,14,519,0.02697495183044316,15.4,3.08,163.0,<10%
00-0035298,Scott Miller,2025,PIT,28.0,5.0,14,522,0.02681992337164751,15.200000000000001,3.04,164.0,<10%
00-0036959,Michael Bandy,2025,DEN,28.0,4.0,4,584,0.00684931506849315,15.0,3.75,165.0,<10%
00-0038090,Skyy Moore,2025,SF,25.0,17.0,7,550,0.012727272727272728,14.8,0.8705882352941177,166.0,<10%
00-0038465,Malik Heath,2025,GB,25.0,7.0,7,460,0.015217391304347827,14.6,2.085714285714286,167.0,<10%
00-0036630,Tylan Wallace,2025,BAL,26.0,11.0,8,407,0.019656019656019656,14.5,1.3181818181818181,168.0,<10%
00-0040259,Gage Larvadain,2025,CLE,22.0,13.0,14,522,0.02681992337164751,14.4,1.1076923076923078,169.0,<10%
00-0034407,Ray-Ray McCloud,2025,ATL/NYG,29.0,6.0,15,1022,0.014677103718199608,13.9,2.316666666666667,170.0,<10%
00-0039521,Xavier Weaver,2025,ARI,25.0,7.0,13,617,0.02106969205834684,13.7,1.957142857142857,171.0,<10%
00-0040582,Arian Smith,2025,NYJ,24.0,13.0,16,472,0.03389830508474576,13.5,1.0384615384615385,172.0,<10%
00-0033591,Noah Brown,2025,WAS,29.0,4.0,10,432,0.023148148148148147,13.3,3.325,173.0,<10%
00-0036133,James Proche,2025,TEN,29.0,6.0,12,530,0.022641509433962263,12.5,2.0833333333333335,174.0,<10%
00-0038824,Ryan Miller,2025,TB,25.0,9.0,4,541,0.0073937153419593345,11.4,1.2666666666666666,175.0,<10%
00-0038953,Dylan Drummond,2025,ATL,25.0,6.0,11,519,0.02119460500963391,11.2,1.8666666666666665,176.0,<10%
00-0032688,Robbie Chosen,2025,WAS,32.0,3.0,9,432,0.020833333333333332,10.3,3.4333333333333336,177.0,<10%
00-0038647,Ronnie Bell,2025,NO,25.0,2.0,4,565,0.007079646017699115,10.3,5.15,178.0,<10%
00-0036620,Dee Eskridge,2025,MIA,28.0,11.0,7,462,0.015151515151515152,10.2,0.9272727272727272,179.0,<10%
00-0034419,Braxton Berrios,2025,HOU,30.0,4.0,8,553,0.014466546112115732,9.700000000000001,2.4250000000000003,180.0,<10%
00-0034418,Cedrick Wilson Jr.,2025,MIA,30.0,6.0,9,462,0.01948051948051948,9.4,1.5666666666666667,181.0,<10%
00-0038938,Jalin Hyatt,2025,NYG,24.0,6.0,14,503,0.027833001988071572,8.5,1.4166666666666667,182.0,<10%
00-0038640,Jalen Brooks,2025,ARI/DAL,25.0,5.0,6,1224,0.004901960784313725,8.1,1.6199999999999999,183.0,<10%
00-0035544,Tom Kennedy,2025,DET,29.0,6.0,4,550,0.007272727272727273,7.6,1.2666666666666666,184.0,<10%
00-0036841,Austin Trammell,2025,JAX,27.0,6.0,10,547,0.018281535648994516,7.6,1.2666666666666666,185.0,<10%
00-0040522,Xavier Restrepo,2025,TEN,23.0,2.0,7,530,0.013207547169811321,7.1,3.55,186.0,<10%
00-0036176,Mason Kinsey,2025,TEN,27.0,6.0,4,530,0.007547169811320755,6.800000000000001,1.1333333333333335,187.0,<10%
00-0037093,Dareke Young,2025,SEA,26.0,8.0,3,455,0.006593406593406593,6.8,0.85,188.0,<10%
00-0037487,Deven Thompkins,2025,ATL,26.0,7.0,3,519,0.005780346820809248,6.199999999999999,0.8857142857142856,189.0,<10%
00-0034854,KhaDarel Hodge,2025,ATL,31.0,8.0,10,519,0.019267822736030827,6.1,0.7625,190.0,<10%
00-0034386,Justin Watson,2025,HOU,29.0,3.0,4,553,0.007233273056057866,6.0,2.0,191.0,<10%
00-0038576,Charlie Jones,2025,CIN,27.0,14.0,1,608,0.001644736842105263,6.0,0.42857142857142855,192.0,<10%
00-0040154,Tai Felton,2025,MIN,22.0,12.0,3,468,0.00641025641025641,5.5,0.4583333333333333,193.0,<10%
00-0034487,Trent Sherfield,2025,ARI/DEN,29.0,4.0,5,1201,0.004163197335553705,5.1,1.275,194.0,<10%
00-0039884,Tahj Washington,2025,MIA,24.0,2.0,5,462,0.010822510822510822,4.699999999999999,2.3499999999999996,195.0,<10%
00-0036331,Devin Duvernay,2025,CHI,28.0,17.0,5,532,0.009398496240601503,4.6,0.27058823529411763,196.0,<10%
00-0040172,Jordan Watkins,2025,SF,23.0,2.0,3,550,0.005454545454545455,4.6,2.3,197.0,<10%
00-0040432,Beaux Collins,2025,NYG,23.0,4.0,6,503,0.011928429423459244,4.5,1.125,198.0,<10%
00-0037524,Tay Martin,2025,WAS,28.0,2.0,2,432,0.004629629629629629,4.3,2.15,199.0,<10%
00-0038519,Nikko Remigio,2025,KC,26.0,14.0,1,549,0.0018214936247723133,4.2,0.3,200.0,<10%
00-0037132,Britain Covey,2025,PHI,28.0,6.0,4,464,0.008620689655172414,4.0,0.6666666666666666,201.0,<10%
00-0038728,Jared Wayne,2025,HOU,25.0,1.0,2,553,0.003616636528028933,4.0,4.0,202.0,<10%
00-0038752,Jake Bobo,2025,SEA,27.0,5.0,2,455,0.004395604395604396,4.0,0.8,203.0,<10%
00-0040406,Quentin Skinner,2025,NYJ,24.0,1.0,1,472,0.00211864406779661,4.0,4.0,204.0,<10%
00-0038573,Derius Davis,2025,LAC,25.0,11.0,3,544,0.0055147058823529415,3.5,0.3181818181818182,205.0,<10%
00-0039062,Jonathan Mingo,2025,DAL,24.0,5.0,5,607,0.008237232289950576,3.5,0.7,206.0,<10%
00-0040317,Jacoby Jones,2025,WAS,24.0,1.0,1,432,0.0023148148148148147,3.5,3.5,207.0,<10%
00-0040388,Jakobie Keeney-James,2025,GB,25.0,1.0,2,460,0.004347826086956522,3.5,3.5,208.0,<10%
00-0035602,Alex Bachman,2025,LV,29.0,11.0,3,494,0.006072874493927126,3.2,0.29090909090909095,209.0,<10%
00-0035876,Andre Baccellia,2025,ARI,28.0,4.0,4,617,0.006482982171799027,2.8,0.7,210.0,<10%
00-0033589,David Moore,2025,CAR,30.0,3.0,1,480,0.0020833333333333333,2.7,0.9,211.0,<10%
00-0038496,Xavier Gipson,2025,NYJ/PHI,24.0,6.0,2,936,0.002136752136752137,2.6,0.43333333333333335,212.0,<10%
00-0039816,Anthony Gould,2025,IND,24.0,11.0,2,530,0.0037735849056603774,2.6,0.23636363636363636,213.0,<10%
00-0036497,Tim Jones,2025,JAX,27.0,2.0,1,547,0.0018281535648994515,2.5,1.25,214.0,<10%
00-0040534,Ke'Shawn Williams,2025,CIN/PIT,24.0,11.0,1,1130,0.0008849557522123894,2.5,0.22727272727272727,215.0,<10%
00-0040646,Jalen Royals,2025,KC,22.0,2.0,3,549,0.00546448087431694,2.4,1.2,216.0,<10%
00-0039650,Bryce Oliver,2025,TEN,25.0,2.0,1,530,0.0018867924528301887,1.8,0.9,217.0,<10%
00-0037098,Samori Toure,2025,NO,27.0,1.0,3,565,0.005309734513274336,1.3,1.3,218.0,<10%
00-0034867,Malik Turner,2025,SF,29.0,2.0,1,550,0.0018181818181818182,0.0,0.0,224.0,<10%
00-0034928,Steven Sims,2025,ARI,28.0,3.0,1,617,0.0016207455429497568,0.0,0.0,225.0,<10%
00-0035140,Mecole Hardman,2025,BUF,27.0,2.0,1,479,0.0020876826722338203,0.0,0.0,226.0,<10%
00-0038492,Jason Brownlee,2025,KC,26.0,3.0,1,549,0.0018214936247723133,0.0,0.0,232.0,<10%
00-0040352,Coleman Owen,2025,IND,24.0,2.0,1,530,0.0018867924528301887,0.0,0.0,237.0,<10%
