player_id,player_name,season,team,age,games,targets,receiving_tds,team_targets,target_share,target_share_pct,fantasy_points,fantasy_ppg,positional_finish,target_share_bucket,target_bucket
00-0026176,Jordy Nelson,2016,GB,31.0,16.0,152,14,614,0.247557003257329,24.7557003257329,256.2,16.0125,1.0,20-25%,150+
00-0031408,Mike Evans,2016,TB,23.0,16.0,173,12,571,0.3029772329246935,30.297723292469342,256.1,16.00625,2.0,30%+,150+
00-0027793,Antonio Brown,2016,PIT,28.0,15.0,154,12,590,0.2610169491525423,26.10169491525423,254.3,16.953333333333333,3.0,25-30%,150+
00-0031235,Odell Beckham Jr.,2016,NYG,24.0,16.0,169,10,597,0.2830820770519263,28.30820770519263,246.1,15.38125,4.0,25-30%,150+
00-0029608,T.Y. Hilton,2016,IND,27.0,16.0,155,6,572,0.270979020979021,27.0979020979021,228.3,14.26875,5.0,25-30%,150+
00-0027944,Julio Jones,2016,ATL,27.0,14.0,129,6,530,0.2433962264150943,24.33962264150944,218.4,15.6,6.0,20-25%,125-150
00-0032765,Michael Thomas,2016,NO,23.0,15.0,121,9,664,0.1822289156626506,18.22289156626506,209.7,13.98,7.0,15-20%,100-125
00-0031381,Davante Adams,2016,GB,24.0,16.0,121,12,614,0.1970684039087948,19.70684039087948,209.2,13.075,8.0,15-20%,100-125
00-0031236,Brandin Cooks,2016,NO,23.0,15.0,117,8,664,0.1762048192771084,17.62048192771084,207.3,13.82,9.0,15-20%,100-125
00-0028434,Doug Baldwin,2016,SEA,28.0,16.0,125,7,548,0.2281021897810219,22.81021897810219,206.6,12.9125,10.0,20-25%,125-150
00-0026986,Michael Crabtree,2016,LV,29.0,16.0,145,8,589,0.2461799660441426,24.61799660441426,194.8,12.175,11.0,20-25%,125-150
00-0031544,Amari Cooper,2016,LV,22.0,16.0,132,5,589,0.2241086587436332,22.41086587436332,190.8,11.925,12.0,20-25%,125-150
00-0022921,Larry Fitzgerald,2016,ARI,33.0,16.0,150,6,636,0.2358490566037736,23.58490566037736,190.3,11.89375,13.0,20-25%,150+
00-0033040,Tyreek Hill,2016,KC,22.0,16.0,83,6,536,0.1548507462686567,15.48507462686567,188.5,11.78125,14.0,15-20%,75-100
00-0031382,Jarvis Landry,2016,MIA,24.0,16.0,131,4,467,0.2805139186295503,28.05139186295503,186.3,11.64375,15.0,25-30%,125-150
00-0027150,Julian Edelman,2016,NE,30.0,16.0,159,3,546,0.2912087912087912,29.12087912087912,183.3,11.45625,16.0,25-30%,150+
00-0032160,Tyrell Williams,2016,LAC,24.0,16.0,119,7,564,0.2109929078014184,21.099290780141843,182.4,11.4,17.0,20-25%,100-125
00-0027874,Demaryius Thomas,2016,DEN,29.0,16.0,144,5,556,0.2589928057553957,25.899280575539567,181.3,11.33125,18.0,25-30%,125-150
00-0029580,Rishard Matthews,2016,TEN,27.0,16.0,108,9,490,0.2204081632653061,22.04081632653061,179.0,11.1875,19.0,20-25%,100-125
00-0027891,Golden Tate,2016,DET,28.0,16.0,135,4,580,0.2327586206896551,23.275862068965512,177.6,11.1,20.0,20-25%,125-150
00-0028825,Terrelle Pryor,2016,CLE,27.0,16.0,140,4,558,0.2508960573476702,25.08960573476702,174.94,10.93375,21.0,25-30%,125-150
00-0027685,Emmanuel Sanders,2016,DEN,29.0,15.0,137,5,556,0.2464028776978417,24.64028776978417,173.1,11.54,22.0,20-25%,125-150
00-0026901,Mike Wallace,2016,BAL,30.0,16.0,116,4,665,0.1744360902255639,17.443609022556387,166.79999999999998,10.425,23.0,15-20%,100-125
00-0031359,Kelvin Benjamin,2016,CAR,25.0,16.0,118,7,553,0.213381555153707,21.338155515370698,165.60000000000002,10.35,24.0,20-25%,100-125
00-0031941,Jamison Crowder,2016,WAS,23.0,16.0,99,7,593,0.1669477234401349,16.69477234401349,164.0,10.25,25.0,15-20%,75-100
00-0031428,Allen Robinson,2016,JAX,23.0,16.0,151,6,623,0.2423756019261637,24.23756019261637,162.8,10.175,26.0,20-25%,150+
00-0030035,Adam Thielen,2016,MIN,26.0,16.0,92,5,585,0.1572649572649572,15.72649572649572,162.7,10.16875,27.0,15-20%,75-100
00-0027006,Kenny Britt,2016,LA,28.0,15.0,111,5,530,0.2094339622641509,20.94339622641509,162.2,10.813333333333333,28.0,20-25%,100-125
00-0026345,Pierre Garcon,2016,WAS,30.0,16.0,114,3,593,0.1922428330522765,19.224283305227647,161.6,10.1,29.0,15-20%,100-125
00-0030564,DeAndre Hopkins,2016,HOU,24.0,16.0,151,4,577,0.2616984402079723,26.16984402079723,158.4,9.9,30.0,25-30%,150+
00-0030663,Willie Snead,2016,NO,24.0,15.0,104,4,664,0.1566265060240964,15.66265060240964,155.5,10.366666666666667,31.0,15-20%,100-125
00-0027902,Dez Bryant,2016,DAL,28.0,13.0,96,8,479,0.2004175365344467,20.04175365344467,155.0,11.923076923076923,32.0,20-25%,75-100
00-0027681,Brandon LaFell,2016,CIN,30.0,16.0,107,6,542,0.1974169741697417,19.74169741697417,154.0,9.625,33.0,15-20%,100-125
00-0027942,A.J. Green,2016,CIN,28.0,10.0,100,4,542,0.1845018450184501,18.45018450184501,153.4,15.34,34.0,15-20%,100-125
00-0026189,DeSean Jackson,2016,WAS,30.0,15.0,100,4,593,0.1686340640809443,16.86340640809443,152.5,10.166666666666666,35.0,15-20%,100-125
00-0032385,Sterling Shepard,2016,NYG,23.0,16.0,105,8,597,0.1758793969849246,17.587939698492463,151.9,9.49375,36.0,15-20%,100-125
00-0029000,Cole Beasley,2016,DAL,27.0,16.0,98,5,479,0.2045929018789144,20.45929018789144,151.5,9.46875,37.0,20-25%,75-100
00-0031588,Stefon Diggs,2016,MIN,23.0,13.0,112,3,585,0.1914529914529914,19.14529914529914,151.3,11.63846153846154,38.0,15-20%,100-125
00-0020337,Steve Smith,2016,BAL,37.0,14.0,101,5,665,0.1518796992481203,15.18796992481203,148.9,10.635714285714286,39.0,15-20%,100-125
00-0031431,Marqise Lee,2016,JAX,25.0,16.0,105,3,623,0.1685393258426966,16.85393258426966,148.9,9.30625,40.0,15-20%,100-125
00-0030085,Kenny Stills,2016,MIA,24.0,16.0,81,9,467,0.1734475374732334,17.34475374732334,147.6,9.225,41.0,15-20%,75-100
00-0031912,Cameron Meredith,2016,CHI,24.0,14.0,97,4,550,0.1763636363636363,17.63636363636363,146.48,10.462857142857144,42.0,15-20%,75-100
00-0029293,Marvin Jones,2016,DET,26.0,15.0,103,4,580,0.1775862068965517,17.758620689655167,144.79999999999998,9.653333333333332,43.0,15-20%,100-125
00-0022084,Anquan Boldin,2016,DET,36.0,16.0,95,8,580,0.1637931034482758,16.37931034482758,139.9,8.74375,44.0,15-20%,75-100
00-0031023,Quincy Enunwa,2016,NYJ,24.0,16.0,105,4,546,0.1923076923076923,19.23076923076923,139.9,8.74375,45.0,15-20%,100-125
00-0025396,Ted Ginn,2016,CAR,31.0,16.0,95,4,553,0.1717902350813743,17.17902350813743,136.0,8.5,46.0,15-20%,75-100
00-0028411,Dontrelle Inman,2016,LAC,27.0,16.0,97,4,564,0.1719858156028368,17.198581560283678,134.0,8.375,47.0,15-20%,75-100
00-0031547,DeVante Parker,2016,MIA,23.0,15.0,87,4,467,0.1862955032119914,18.62955032119914,126.4,8.426666666666668,48.0,15-20%,75-100
00-0024334,Brandon Marshall,2016,NYJ,32.0,15.0,128,3,546,0.2344322344322344,23.44322344322344,126.3,8.42,49.0,20-25%,125-150
00-0031228,Taylor Gabriel,2016,ATL,25.0,12.0,50,6,530,0.0943396226415094,9.43396226415094,122.5,10.208333333333334,50.0,<10%,50-75
00-0032112,J.J. Nelson,2016,ARI,24.0,14.0,74,6,636,0.1163522012578616,11.63522012578616,122.1,8.721428571428572,51.0,10-15%,50-75
00-0029137,Alshon Jeffery,2016,CHI,26.0,12.0,94,2,550,0.1709090909090909,17.09090909090909,120.1,10.008333333333333,52.0,15-20%,75-100
00-0029632,Mohamed Sanu,2016,ATL,27.0,15.0,81,4,530,0.1528301886792452,15.28301886792452,119.3,7.953333333333333,53.0,15-20%,75-100
00-0032200,Ty Montgomery,2016,GB,23.0,15.0,56,0,614,0.0912052117263843,9.12052117263843,118.5,7.9,54.0,<10%,50-75
00-0028002,Randall Cobb,2016,GB,26.0,13.0,84,4,614,0.1368078175895765,13.68078175895765,118.3,9.1,55.0,10-15%,75-100
00-0030525,Tavon Austin,2016,LA,26.0,15.0,106,3,530,0.2,20.0,117.8,7.853333333333333,56.0,20-25%,100-125
00-0028091,Jeremy Kerley,2016,SF,28.0,16.0,115,3,487,0.2361396303901437,23.61396303901437,116.7,7.29375,57.0,20-25%,100-125
00-0029269,Travis Benjamin,2016,LAC,27.0,14.0,75,4,564,0.1329787234042553,13.29787234042553,110.9,7.921428571428571,58.0,10-15%,75-100
00-0028237,Chris Hogan,2016,NE,29.0,15.0,58,4,546,0.1062271062271062,10.62271062271062,109.9,7.326666666666667,59.0,10-15%,50-75
00-0032009,Adam Humphries,2016,TB,23.0,15.0,83,2,571,0.1453590192644483,14.535901926444833,105.5,7.033333333333333,60.0,10-15%,75-100
00-0033127,Will Fuller,2016,HOU,22.0,14.0,92,2,577,0.1594454072790294,15.94454072790294,104.7,7.478571428571429,61.0,15-20%,75-100
00-0032211,Tyler Lockett,2016,SEA,24.0,15.0,66,1,548,0.1204379562043795,12.04379562043795,103.6,6.906666666666666,62.0,10-15%,50-75
00-0030542,Terrance Williams,2016,DAL,27.0,15.0,61,4,479,0.127348643006263,12.7348643006263,103.4,6.8933333333333335,63.0,10-15%,50-75
00-0031782,Eli Rogers,2016,PIT,24.0,13.0,66,3,590,0.111864406779661,11.1864406779661,102.0,7.846153846153846,64.0,10-15%,50-75
00-0029638,Michael Floyd,2016,ARI/NE,27.0,14.0,76,5,1182,0.0642978003384094,6.42978003384094,97.3,6.95,65.0,<10%,75-100
00-0033009,Tyler Boyd,2016,CIN,22.0,16.0,81,1,542,0.1494464944649446,14.94464944649446,97.1,6.06875,66.0,10-15%,75-100
00-0029640,Brian Quick,2016,LA,27.0,16.0,77,3,530,0.1452830188679245,14.52830188679245,94.9,5.93125,67.0,10-15%,75-100
00-0032688,Robbie Chosen,2016,NYJ,23.0,14.0,78,2,546,0.1428571428571428,14.28571428571428,93.9,6.707142857142857,68.0,10-15%,75-100
00-0030431,Robert Woods,2016,BUF,24.0,13.0,76,1,459,0.1655773420479303,16.55773420479303,93.4,7.184615384615384,69.0,15-20%,75-100
00-0031166,Seth Roberts,2016,LV,25.0,16.0,77,5,589,0.1307300509337861,13.073005093378608,92.7,5.79375,70.0,10-15%,75-100
00-0031339,Donte Moncrief,2016,IND,23.0,9.0,56,7,572,0.0979020979020979,9.79020979020979,87.6,9.733333333333333,71.0,<10%,50-75
00-0026995,Jeremy Maclin,2016,KC,28.0,12.0,76,2,536,0.1417910447761194,14.17910447761194,87.5,7.291666666666667,72.0,10-15%,75-100
00-0032778,Tajae Sharpe,2016,TEN,22.0,16.0,83,2,490,0.1693877551020408,16.938775510204078,84.8,5.3,73.0,15-20%,75-100
00-0032054,Breshad Perriman,2016,BAL,23.0,15.0,66,3,665,0.0992481203007518,9.92481203007518,84.6,5.64,74.0,<10%,50-75
00-0031051,John Brown,2016,ARI,26.0,15.0,73,2,636,0.1147798742138364,11.47798742138364,84.2,5.613333333333333,75.0,10-15%,50-75
00-0030821,Allen Hurns,2016,JAX,25.0,11.0,76,3,623,0.1219903691813804,12.19903691813804,83.2,7.5636363636363635,76.0,10-15%,75-100
00-0032208,Phillip Dorsett,2016,IND,23.0,15.0,59,2,572,0.1031468531468531,10.31468531468531,82.3,5.486666666666666,77.0,10-15%,50-75
00-0027265,Victor Cruz,2016,NYG,30.0,14.0,72,1,597,0.1206030150753768,12.06030150753768,82.1,5.864285714285714,78.0,10-15%,50-75
00-0032400,Malcolm Mitchell,2016,NE,24.0,12.0,48,4,546,0.0879120879120879,8.79120879120879,80.1,6.675,79.0,<10%,<50
00-0029159,Jermaine Kearse,2016,SEA,26.0,16.0,89,1,548,0.1624087591240876,16.240875912408757,77.5,4.84375,80.0,15-20%,75-100
00-0032966,Corey Coleman,2016,CLE,22.0,10.0,73,3,558,0.1308243727598566,13.082437275985658,76.8,7.68,81.0,10-15%,50-75
00-0029708,Kendall Wright,2016,TEN,27.0,11.0,43,3,490,0.0877551020408163,8.77551020408163,75.6,6.872727272727272,82.0,<10%,<50
00-0030068,Marquise Goodwin,2016,BUF,26.0,14.0,68,3,459,0.1481481481481481,14.814814814814811,75.6,5.4,83.0,10-15%,50-75
00-0032128,Chris Conley,2016,KC,24.0,16.0,69,0,536,0.1287313432835821,12.87313432835821,75.0,4.6875,84.0,10-15%,50-75
00-0032055,Devin Funchess,2016,CAR,22.0,14.0,58,4,553,0.104882459312839,10.4882459312839,74.6,5.328571428571428,85.0,10-15%,50-75
00-0026182,Eddie Royal,2016,CHI,30.0,9.0,43,2,550,0.0781818181818181,7.81818181818181,71.4,7.933333333333334,86.0,<10%,<50
00-0031549,Nelson Agholor,2016,PHI,23.0,15.0,69,2,604,0.1142384105960264,11.42384105960264,69.89999999999999,4.659999999999999,87.0,10-15%,50-75
00-0032218,Dorial Green-Beckham,2016,PHI,23.0,14.0,74,2,604,0.1225165562913907,12.251655629139073,69.2,4.942857142857143,88.0,10-15%,50-75
00-0031325,Sammy Watkins,2016,BUF,23.0,8.0,52,2,459,0.1132897603485838,11.32897603485838,69.0,8.625,89.0,10-15%,50-75
00-0032166,Sammie Coates,2016,PIT,23.0,14.0,49,2,590,0.0830508474576271,8.30508474576271,67.4,4.814285714285715,90.0,<10%,<50
00-0027918,Andrew Hawkins,2016,CLE,30.0,16.0,54,3,558,0.0967741935483871,9.67741935483871,66.9,4.18125,91.0,<10%,50-75
00-0030669,Albert Wilson,2016,KC,24.0,14.0,51,2,536,0.0951492537313432,9.51492537313432,66.4,4.742857142857143,92.0,<10%,50-75
00-0030450,Quinton Patton,2016,SF,26.0,13.0,63,0,487,0.1293634496919918,12.93634496919918,59.3,4.561538461538461,93.0,10-15%,50-75
00-0030801,Brandon Coleman,2016,NO,24.0,14.0,38,3,664,0.0572289156626506,5.72289156626506,59.1,4.221428571428572,94.0,<10%,<50
00-0030147,Russell Shepard,2016,TB,26.0,13.0,40,2,571,0.0700525394045534,7.00525394045534,58.5,4.5,95.0,<10%,<50
00-0026035,Danny Amendola,2016,NE,31.0,12.0,29,4,546,0.0531135531135531,5.31135531135531,57.8,4.816666666666667,96.0,<10%,<50
00-0031570,Justin Hardy,2016,ATL,25.0,13.0,31,4,530,0.0584905660377358,5.8490566037735805,54.8,4.215384615384616,97.0,<10%,<50
00-0027996,Torrey Smith,2016,SF,27.0,12.0,49,3,487,0.1006160164271047,10.06160164271047,54.7,4.558333333333334,98.0,10-15%,<50
00-0028116,Aldrick Robinson,2016,ATL,28.0,13.0,32,2,530,0.060377358490566,6.0377358490566,54.3,4.176923076923077,99.0,<10%,<50
00-0028497,Kamar Aiken,2016,BAL,27.0,16.0,50,1,665,0.075187969924812,7.518796992481199,53.3,3.3312500000000003,100.0,<10%,50-75
00-0029388,Deonte Thompson,2016,CHI,27.0,15.0,36,2,550,0.0654545454545454,6.5454545454545405,47.9,3.1933333333333334,101.0,<10%,<50
00-0030516,Brice Butler,2016,DAL,26.0,14.0,32,3,479,0.0668058455114822,6.680584551148221,47.9,3.421428571428572,102.0,<10%,<50
00-0030521,Justin Hunter,2016,BUF,25.0,10.0,24,4,459,0.0522875816993464,5.22875816993464,47.9,4.79,103.0,<10%,<50
00-0031118,Corey Brown,2016,CAR,25.0,16.0,53,1,553,0.0958408679927667,9.584086799276667,47.7,2.98125,104.0,<10%,50-75
00-0027595,Bryan Walters,2016,JAX,29.0,10.0,34,2,623,0.0545746388443017,5.45746388443017,47.5,4.75,105.0,<10%,<50
00-0029319,Josh Bellamy,2016,CHI,27.0,13.0,38,1,550,0.069090909090909,6.909090909090899,47.4,3.646153846153846,106.0,<10%,<50
00-0031257,Paul Richardson,2016,SEA,24.0,13.0,36,1,548,0.0656934306569343,6.569343065693429,45.8,3.523076923076923,107.0,<10%,<50
00-0030290,Cobi Hamilton,2016,PIT,26.0,11.0,28,2,590,0.047457627118644,4.7457627118644,43.9,3.9909090909090894,108.0,<10%,<50
00-0027691,Andre Roberts,2016,DET,28.0,16.0,25,1,580,0.043103448275862,4.3103448275862,43.8,2.7375,109.0,<10%,<50
00-0029129,Rod Streater,2016,SF,28.0,14.0,27,2,487,0.055441478439425,5.5441478439425,40.1,2.8642857142857143,110.0,<10%,<50
00-0031697,Jordan Taylor,2016,DEN,24.0,11.0,25,2,556,0.0449640287769784,4.49640287769784,38.9,3.536363636363636,111.0,<10%,<50
00-0026983,Darrius Heyward-Bey,2016,PIT,29.0,7.0,19,2,590,0.0322033898305084,3.22033898305084,38.4,5.485714285714286,112.0,<10%,<50
00-0032626,Geronimo Allison,2016,GB,22.0,7.0,22,2,614,0.0358306188925081,3.5830618892508097,38.2,5.457142857142857,113.0,<10%,<50
00-0026739,Jordan Norwood,2016,DEN,30.0,14.0,35,1,556,0.0629496402877697,6.2949640287769695,37.7,2.692857142857143,114.0,<10%,<50
00-0028263,Andre Holmes,2016,LV,28.0,16.0,25,3,589,0.0424448217317487,4.24448217317487,37.6,2.35,115.0,<10%,<50
00-0032355,Chester Rogers,2016,IND,22.0,14.0,34,0,572,0.0594405594405594,5.94405594405594,36.8,2.628571428571429,116.0,<10%,<50
00-0027690,Eric Decker,2016,NYJ,29.0,3.0,21,2,546,0.0384615384615384,3.84615384615384,35.9,11.966666666666669,117.0,<10%,<50
00-0030113,Charles D. Johnson,2016,MIN,27.0,14.0,37,0,585,0.0632478632478632,6.32478632478632,33.2,2.3714285714285714,118.0,<10%,<50
00-0032694,Jalin Marshall,2016,NYJ,21.0,10.0,23,2,546,0.0421245421245421,4.21245421245421,33.2,3.3200000000000003,119.0,<10%,<50
00-0030990,Josh Huff,2016,PHI/TB,25.0,10.0,23,1,1175,0.0195744680851063,1.9574468085106305,32.8,3.28,120.0,<10%,<50
00-0032475,Tanner McEvoy,2016,SEA,23.0,8.0,11,2,548,0.0200729927007299,2.00729927007299,32.22,4.0275,121.0,<10%,<50
00-0030670,Bennie Fowler,2016,DEN,25.0,12.0,24,2,556,0.0431654676258992,4.31654676258992,32.0,2.6666666666666665,122.0,<10%,<50
00-0031001,Jeff Janis,2016,GB,25.0,14.0,19,1,614,0.0309446254071661,3.0944625407166098,30.6,2.185714285714286,123.0,<10%,<50
00-0030300,Jaron Brown,2016,ARI,26.0,6.0,22,1,636,0.0345911949685534,3.4591194968553403,30.200000000000003,5.033333333333334,124.0,<10%,<50
00-0033079,Ricardo Louis,2016,CLE,22.0,14.0,35,0,558,0.0627240143369175,6.27240143369175,29.5,2.107142857142857,125.0,<10%,<50
00-0031545,Kevin White,2016,CHI,24.0,4.0,36,0,550,0.0654545454545454,6.5454545454545405,29.1,7.275,126.0,<10%,<50
00-0026224,Harry Douglas,2016,TEN,32.0,8.0,22,0,490,0.0448979591836734,4.48979591836734,28.5,3.5625,127.0,<10%,<50
00-0032795,Cody Core,2016,CIN,22.0,7.0,27,0,542,0.0498154981549815,4.98154981549815,28.5,4.071428571428571,128.0,<10%,<50
00-0032959,Charone Peake,2016,NYJ,24.0,12.0,35,0,546,0.0641025641025641,6.41025641025641,28.1,2.341666666666667,129.0,<10%,<50
00-0030047,Marquess Wilson,2016,CHI,24.0,3.0,16,1,550,0.029090909090909,2.9090909090909003,26.5,8.833333333333334,130.0,<10%,<50
00-0032659,Roger Lewis,2016,NYG,23.0,10.0,19,2,597,0.0318257956448911,3.18257956448911,25.2,2.52,131.0,<10%,<50
00-0022044,Andre Johnson,2016,TEN,35.0,6.0,23,2,490,0.046938775510204,4.6938775510204,25.0,4.166666666666667,132.0,<10%,<50
00-0023496,Vincent Jackson,2016,TB,33.0,5.0,32,0,571,0.0560420315236427,5.60420315236427,24.8,4.96,133.0,<10%,<50
00-0030737,Freddie Martino,2016,TB,25.0,7.0,11,1,571,0.0192644483362521,1.9264448336252096,24.2,3.457142857142857,134.0,<10%,<50
00-0033069,Braxton Miller,2016,HOU,24.0,10.0,28,1,577,0.048526863084922,4.8526863084922,23.4,2.34,135.0,<10%,<50
00-0031268,Walt Powell,2016,BUF,25.0,7.0,25,0,459,0.0544662309368191,5.44662309368191,21.2,3.0285714285714285,136.0,<10%,<50
00-0028052,Cecil Shorts,2016,TB,29.0,7.0,27,0,571,0.0472854640980735,4.72854640980735,20.7,2.957142857142857,137.0,<10%,<50
00-0027057,Brandon Tate,2016,BUF,29.0,15.0,11,0,459,0.0239651416122004,2.39651416122004,20.5,1.3666666666666667,138.0,<10%,<50
00-0027654,Arrelious Benn,2016,JAX,28.0,12.0,10,1,623,0.0160513643659711,1.60513643659711,20.1,1.675,139.0,<10%,<50
00-0031560,Jaelen Strong,2016,HOU,22.0,6.0,24,0,577,0.0415944540727903,4.15944540727903,20.1,3.35,140.0,<10%,<50
00-0031854,Chris Harper,2016,SF,23.0,8.0,21,0,487,0.0431211498973305,4.3121149897330495,19.8,2.475,141.0,<10%,<50
00-0029572,Jarius Wright,2016,MIN,27.0,4.0,14,1,585,0.0239316239316239,2.39316239316239,18.2,4.55,142.0,<10%,<50
00-0032841,Paul Turner,2016,PHI,23.0,3.0,14,0,604,0.0231788079470198,2.31788079470198,17.1,5.7,143.0,<10%,<50
00-0028050,Greg Salas,2016,BUF,28.0,2.0,6,1,459,0.0130718954248366,1.30718954248366,16.9,8.45,144.0,<10%,<50
00-0031291,James Wright,2016,CIN,25.0,12.0,19,0,542,0.0350553505535055,3.505535055350549,16.5,1.375,145.0,<10%,<50
00-0029336,Brittan Golden,2016,ARI,28.0,12.0,14,1,636,0.0220125786163522,2.20125786163522,16.200000000000003,1.3500000000000003,146.0,<10%,<50
00-0032398,Chris Moore,2016,BAL,23.0,14.0,16,0,665,0.0240601503759398,2.40601503759398,16.0,1.1428571428571428,147.0,<10%,<50
00-0033111,Pharoh Cooper,2016,LA,21.0,9.0,20,0,530,0.0377358490566037,3.7735849056603694,15.6,1.7333333333333334,148.0,<10%,<50
00-0030460,Markus Wheaton,2016,PIT,25.0,3.0,9,1,590,0.0152542372881355,1.52542372881355,15.1,5.033333333333333,149.0,<10%,<50
00-0032365,DeMarcus Ayers,2016,PIT,22.0,2.0,13,1,590,0.0220338983050847,2.20338983050847,13.1,6.55,150.0,<10%,<50
00-0031757,Lucky Whitehead,2016,DAL,24.0,15.0,3,0,479,0.0062630480167014,0.62630480167014,12.5,0.8333333333333334,151.0,<10%,<50
00-0032441,Aaron Burbridge,2016,SF,23.0,15.0,16,0,487,0.0328542094455852,3.2854209445585205,12.3,0.8200000000000001,152.0,<10%,<50
00-0032881,Tommylee Lewis,2016,NO,24.0,12.0,11,0,664,0.0165662650602409,1.65662650602409,12.2,1.0166666666666668,153.0,<10%,<50
00-0031068,Ryan Grant,2016,WAS,26.0,12.0,19,0,593,0.0320404721753794,3.20404721753794,12.1,1.0083333333333333,154.0,<10%,<50
00-0031600,Keith Mumphery,2016,HOU,24.0,8.0,12,0,577,0.0207972270363951,2.07972270363951,11.9,1.4875,155.0,<10%,<50
00-0031189,T.J. Jones,2016,DET,24.0,3.0,14,0,580,0.0241379310344827,2.41379310344827,11.8,3.9333333333333336,156.0,<10%,<50
00-0028249,Jeremy Ross,2016,ARI/NYJ,28.0,5.0,4,1,1182,0.0033840947546531,0.33840947546531,11.7,2.34,157.0,<10%,<50
00-0031344,Cody Latimer,2016,DEN,24.0,11.0,15,0,556,0.026978417266187,2.6978417266187003,11.6,1.0545454545454545,158.0,<10%,<50
00-0032977,Rashard Higgins,2016,CLE,22.0,10.0,12,0,558,0.021505376344086,2.1505376344086,10.7,1.0699999999999998,159.0,<10%,<50
00-0032362,Maurice Harris,2016,WAS,24.0,7.0,12,0,593,0.0202360876897133,2.02360876897133,10.6,1.5142857142857142,160.0,<10%,<50
00-0033060,Leonte Carroo,2016,MIA,22.0,5.0,6,1,467,0.012847965738758,1.2847965738758,10.4,2.08,161.0,<10%,<50
00-0032724,Bryce Treggs,2016,PHI,22.0,6.0,12,0,604,0.0198675496688741,1.98675496688741,10.2,1.7000000000000002,162.0,<10%,<50
00-0032543,Alex Erickson,2016,CIN,24.0,16.0,8,0,542,0.014760147601476,1.4760147601476,10.1,0.63125,163.0,<10%,<50
00-0031060,De'Anthony Thomas,2016,KC,23.0,10.0,9,0,536,0.0167910447761194,1.67910447761194,9.9,0.99,164.0,<10%,<50
00-0032423,Trevor Davis,2016,GB,23.0,8.0,7,1,614,0.011400651465798,1.1400651465798,9.9,1.2375,165.0,<10%,<50
00-0032739,Wendall Williams,2016,HOU,26.0,2.0,7,0,577,0.0121317157712305,1.21317157712305,9.5,4.75,166.0,<10%,<50
00-0030279,Keenan Allen,2016,LAC,24.0,1.0,7,0,564,0.0124113475177304,1.24113475177304,9.3,9.3,167.0,<10%,<50
00-0029848,Nick Williams,2016,ATL,26.0,2.0,7,0,530,0.0132075471698113,1.32075471698113,8.4,4.2,168.0,<10%,<50
00-0028114,Dwayne Harris,2016,NYG,29.0,16.0,1,1,597,0.0016750418760469,0.16750418760469,7.800000000000001,0.4875,169.0,<10%,<50
00-0032760,Josh Doctson,2016,WAS,24.0,2.0,6,0,593,0.0101180438448566,1.01180438448566,7.6,3.8,170.0,<10%,<50
00-0027651,Dexter McCluster,2016,LAC,28.0,6.0,11,0,564,0.0195035460992907,1.95035460992907,7.3,1.2166666666666666,171.0,<10%,<50
00-0031025,Michael Campanaro,2016,BAL,25.0,3.0,1,0,665,0.0015037593984962,0.15037593984962,7.199999999999999,2.4,172.0,<10%,<50
00-0032935,Johnny Holton,2016,LV,25.0,12.0,3,0,589,0.0050933786078098,0.50933786078098,6.7,0.5583333333333333,173.0,<10%,<50
00-0032791,Jakeem Grant,2016,MIA,24.0,14.0,1,0,467,0.0021413276231263,0.2141327623126299,6.1,0.4357142857142856,174.0,<10%,<50
00-0030091,Tavarres King,2016,NYG,26.0,3.0,4,0,597,0.0067001675041876,0.67001675041876,6.0,2.0,175.0,<10%,<50
00-0031514,Quan Bray,2016,IND,23.0,6.0,4,0,572,0.0069930069930069,0.69930069930069,5.8,0.9666666666666668,176.0,<10%,<50
00-0032170,Rashad Greene,2016,JAX,24.0,8.0,8,0,623,0.0128410914927768,1.28410914927768,5.699999999999999,0.7124999999999999,177.0,<10%,<50
00-0031818,Bradley Marquez,2016,LA,24.0,9.0,7,0,530,0.0132075471698113,1.32075471698113,5.4,0.6000000000000001,178.0,<10%,<50
00-0033114,Mike Thomas,2016,LA,22.0,8.0,9,0,530,0.0169811320754716,1.69811320754716,5.2,0.65,179.0,<10%,<50
00-0029033,Griff Whalen,2016,LAC,26.0,4.0,4,0,564,0.0070921985815602,0.7092198581560201,3.2,0.8,180.0,<10%,<50
00-0031684,Shane Wynn,2016,JAX,24.0,2.0,3,0,623,0.0048154093097913,0.48154093097913,2.9,1.45,181.0,<10%,<50
00-0032064,DeAndre Smelter,2016,SF,25.0,1.0,1,0,487,0.002053388090349,0.2053388090349,2.8,2.8,182.0,<10%,<50
00-0026998,Percy Harvin,2016,BUF,28.0,1.0,4,0,459,0.008714596949891,0.8714596949891,2.7,2.7,183.0,<10%,<50
00-0029394,Brenton Bersin,2016,CAR,26.0,2.0,6,0,553,0.0108499095840868,1.08499095840868,2.7,1.35,184.0,<10%,<50
00-0031310,Devin Street,2016,IND,25.0,2.0,6,0,572,0.0104895104895104,1.04895104895104,2.5,1.25,185.0,<10%,<50
00-0031934,Devin Smith,2016,NYJ,24.0,2.0,3,0,546,0.0054945054945054,0.5494505494505401,2.5,1.25,186.0,<10%,<50
00-0030691,Jeremy Butler,2016,LAC,25.0,2.0,2,0,564,0.0035460992907801,0.35460992907801,2.1,1.05,187.0,<10%,<50
00-0031868,Damiere Byrd,2016,CAR,23.0,1.0,1,0,553,0.0018083182640144,0.18083182640144,2.1,2.1,188.0,<10%,<50
00-0032482,Bralon Addison,2016,CHI,23.0,2.0,1,0,550,0.0018181818181818,0.18181818181818,2.0,1.0,189.0,<10%,<50
00-0032951,Laquon Treadwell,2016,MIN,21.0,4.0,3,0,585,0.0051282051282051,0.51282051282051,2.0,0.5,190.0,<10%,<50
00-0030856,Tony Washington,2016,JAX,26.0,1.0,1,0,623,0.0016051364365971,0.16051364365971,1.4,1.4,192.0,<10%,<50
00-0030187,Rashad Ross,2016,WAS,26.0,2.0,1,0,593,0.0016863406408094,0.16863406408094,1.3,0.65,193.0,<10%,<50
00-0031021,Jared Abbrederis,2016,GB,26.0,2.0,2,0,614,0.003257328990228,0.3257328990228,1.3,0.65,194.0,<10%,<50
00-0032679,Paul McRoberts,2016,LA,24.0,1.0,1,0,530,0.0018867924528301,0.18867924528301,1.1,1.1,195.0,<10%,<50
00-0032974,Jordan Payton,2016,CLE,23.0,2.0,3,0,558,0.0053763440860215,0.53763440860215,0.8,0.4,196.0,<10%,<50
00-0026293,Matthew Slater,2016,NE,31.0,7.0,1,0,546,0.0018315018315018,0.18315018315018,0.5,0.0714285714285714,197.0,<10%,<50
00-0030671,Isaiah Burse,2016,LAC,25.0,8.0,4,0,564,0.0070921985815602,0.7092198581560201,0.0,0.0,201.0,<10%,<50
00-0031953,Geremy Davis,2016,LAC,24.0,3.0,2,0,564,0.0035460992907801,0.35460992907801,0.0,0.0,202.0,<10%,<50
00-0032012,Isaac Fruechte,2016,MIN,25.0,1.0,1,0,585,0.0017094017094017,0.17094017094017,0.0,0.0,204.0,<10%,<50
00-0032070,Dezmin Lewis,2016,BUF,24.0,1.0,1,0,459,0.0021786492374727,0.2178649237472699,0.0,0.0,205.0,<10%,<50
00-0032250,Kasen Williams,2016,SEA,24.0,1.0,1,0,548,0.0018248175182481,0.18248175182481,0.0,0.0,206.0,<10%,<50
00-0032464,Kalif Raymond,2016,DEN,22.0,4.0,2,0,556,0.0035971223021582,0.35971223021582,0.0,0.0,207.0,<10%,<50
00-0032801,Daniel Braverman,2016,CHI,23.0,2.0,2,0,550,0.0036363636363636,0.36363636363636,0.0,0.0,209.0,<10%,<50
00-0030564,DeAndre Hopkins,2017,HOU,25.0,15.0,174,13,516,0.3372093023255814,33.72093023255814,261.8,17.453333333333333,1.0,30%+,150+
00-0027793,Antonio Brown,2017,PIT,29.0,14.0,163,9,585,0.2786324786324786,27.86324786324786,259.8,18.557142857142857,2.0,25-30%,150+
00-0030279,Keenan Allen,2017,LAC,25.0,16.0,159,6,573,0.2774869109947644,27.74869109947644,227.2,14.2,3.0,25-30%,150+
00-0027944,Julio Jones,2017,ATL,28.0,16.0,148,3,517,0.2862669245647969,28.62669245647969,207.9,12.99375,4.0,25-30%,125-150
00-0033040,Tyreek Hill,2017,KC,23.0,15.0,105,7,528,0.1988636363636363,19.88636363636363,207.7,13.846666666666668,5.0,15-20%,100-125
00-0022921,Larry Fitzgerald,2017,ARI,34.0,16.0,161,6,592,0.2719594594594595,27.195945945945947,206.94,12.93375,6.0,25-30%,150+
00-0032765,Michael Thomas,2017,NO,24.0,16.0,149,5,529,0.2816635160680529,28.16635160680529,206.5,12.90625,7.0,25-30%,125-150
00-0031382,Jarvis Landry,2017,MIA,25.0,16.0,161,9,588,0.2738095238095238,27.38095238095238,204.0,12.75,8.0,25-30%,150+
00-0029293,Marvin Jones,2017,DET,27.0,16.0,107,9,565,0.1893805309734513,18.938053097345133,194.6,12.1625,9.0,15-20%,100-125
00-0030035,Adam Thielen,2017,MIN,27.0,16.0,142,4,521,0.272552783109405,27.2552783109405,194.2,12.1375,10.0,25-30%,125-150
00-0027942,A.J. Green,2017,CIN,29.0,16.0,143,8,488,0.2930327868852459,29.3032786885246,189.3,11.83125,11.0,25-30%,125-150
00-0031236,Brandin Cooks,2017,NE,24.0,16.0,114,7,584,0.1952054794520548,19.52054794520548,188.7,11.79375,12.0,15-20%,100-125
00-0028434,Doug Baldwin,2017,SEA,29.0,16.0,116,8,526,0.2205323193916349,22.05323193916349,185.8,11.6125,13.0,20-25%,100-125
00-0031381,Davante Adams,2017,GB,25.0,14.0,117,10,554,0.2111913357400722,21.119133574007225,185.5,13.25,14.0,20-25%,100-125
00-0027891,Golden Tate,2017,DET,29.0,16.0,120,5,565,0.2123893805309734,21.23893805309734,178.5,11.15625,15.0,20-25%,100-125
00-0033857,JuJu Smith-Schuster,2017,PIT,21.0,14.0,79,7,585,0.135042735042735,13.5042735042735,168.7,12.05,16.0,10-15%,75-100
00-0032688,Robbie Chosen,2017,NYJ,24.0,16.0,114,7,496,0.2298387096774193,22.98387096774193,168.5,10.53125,17.0,20-25%,100-125
00-0031408,Mike Evans,2017,TB,24.0,15.0,136,5,596,0.2281879194630872,22.81879194630872,167.6,11.173333333333334,18.0,20-25%,125-150
00-0029137,Alshon Jeffery,2017,PHI,27.0,16.0,120,9,556,0.2158273381294964,21.58273381294964,167.4,10.4625,19.0,20-25%,100-125
00-0031588,Stefon Diggs,2017,MIN,24.0,14.0,95,8,521,0.182341650671785,18.234165067178505,166.2,11.87142857142857,20.0,15-20%,75-100
00-0027874,Demaryius Thomas,2017,DEN,30.0,16.0,140,5,551,0.2540834845735027,25.40834845735027,164.4,10.275,21.0,25-30%,125-150
00-0032055,Devin Funchess,2017,CAR,23.0,16.0,111,8,492,0.2256097560975609,22.56097560975609,163.5,10.21875,22.0,20-25%,100-125
00-0031549,Nelson Agholor,2017,PHI,24.0,16.0,95,8,556,0.1708633093525179,17.08633093525179,156.5,9.78125,23.0,15-20%,75-100
00-0027902,Dez Bryant,2017,DAL,29.0,16.0,132,6,485,0.2721649484536082,27.216494845360824,151.9,9.49375,24.0,25-30%,125-150
00-0029608,T.Y. Hilton,2017,IND,28.0,16.0,109,4,472,0.2309322033898305,23.09322033898305,147.1,9.19375,25.0,20-25%,100-125
00-0033908,Cooper Kupp,2017,LA,24.0,15.0,94,5,510,0.1843137254901961,18.43137254901961,145.9,9.726666666666668,26.0,15-20%,75-100
00-0030085,Kenny Stills,2017,MIA,25.0,16.0,105,6,588,0.1785714285714285,17.85714285714285,145.7,9.10625,27.0,15-20%,100-125
00-0029159,Jermaine Kearse,2017,NYJ,27.0,16.0,102,5,496,0.2056451612903226,20.56451612903226,143.5,8.96875,28.0,20-25%,100-125
00-0026986,Michael Crabtree,2017,LV,30.0,13.0,101,8,552,0.1829710144927536,18.29710144927536,142.8,10.984615384615385,29.0,15-20%,100-125
00-0029632,Mohamed Sanu,2017,ATL,28.0,15.0,96,5,517,0.1856866537717601,18.56866537717601,140.84,9.389333333333331,30.0,15-20%,75-100
00-0030068,Marquise Goodwin,2017,SF,27.0,16.0,105,2,599,0.1752921535893155,17.52921535893155,140.6,8.7875,31.0,15-20%,100-125
00-0030431,Robert Woods,2017,LA,25.0,12.0,85,5,510,0.1666666666666666,16.66666666666666,135.3,11.275,32.0,15-20%,75-100
00-0031544,Amari Cooper,2017,LV,23.0,14.0,96,7,552,0.1739130434782608,17.391304347826082,134.4,9.6,33.0,15-20%,75-100
00-0031941,Jamison Crowder,2017,WAS,24.0,15.0,103,3,534,0.1928838951310861,19.28838951310861,133.3,8.886666666666667,34.0,15-20%,100-125
00-0025396,Ted Ginn,2017,NO,32.0,15.0,70,4,529,0.1323251417769376,13.23251417769376,133.1,8.873333333333333,35.0,10-15%,50-75
00-0029580,Rishard Matthews,2017,TEN,28.0,14.0,87,4,484,0.1797520661157025,17.97520661157025,129.7,9.264285714285714,36.0,15-20%,75-100
00-0031257,Paul Richardson,2017,SEA,25.0,16.0,80,6,526,0.1520912547528517,15.209125475285171,128.3,8.01875,37.0,15-20%,75-100
00-0031325,Sammy Watkins,2017,LA,24.0,15.0,70,8,510,0.1372549019607843,13.72549019607843,126.8,8.453333333333333,38.0,10-15%,50-75
00-0028002,Randall Cobb,2017,GB,27.0,14.0,92,4,554,0.1660649819494584,16.60649819494584,126.4,9.028571428571428,39.0,15-20%,75-100
00-0026901,Mike Wallace,2017,BAL,31.0,15.0,92,4,561,0.1639928698752228,16.39928698752228,125.2,8.346666666666668,40.0,15-20%,75-100
00-0031431,Marqise Lee,2017,JAX,26.0,13.0,96,3,517,0.1856866537717601,18.56866537717601,119.9,9.223076923076924,41.0,15-20%,75-100
00-0032160,Tyrell Williams,2017,LAC,25.0,16.0,69,4,573,0.1204188481675392,12.04188481675392,116.3,7.26875,42.0,10-15%,50-75
00-0032385,Sterling Shepard,2017,NYG,24.0,11.0,84,2,603,0.1393034825870646,13.93034825870646,115.0,10.454545454545457,43.0,10-15%,75-100
00-0026189,DeSean Jackson,2017,TB,31.0,14.0,90,3,596,0.1510067114093959,15.100671140939587,113.6,8.114285714285714,44.0,15-20%,75-100
00-0029269,Travis Benjamin,2017,LAC,28.0,16.0,65,4,573,0.1134380453752181,11.343804537521809,113.3,7.08125,45.0,10-15%,50-75
00-0033681,Keelan Cole,2017,JAX,24.0,16.0,83,3,517,0.1605415860735009,16.054158607350093,111.8,6.9875,46.0,15-20%,75-100
00-0026176,Jordy Nelson,2017,GB,32.0,14.0,88,6,554,0.1588447653429603,15.884476534296027,110.7,7.9071428571428575,47.0,15-20%,75-100
00-0031359,Kelvin Benjamin,2017,BUF/CAR,26.0,14.0,77,3,960,0.0802083333333333,8.02083333333333,108.6,7.757142857142857,48.0,<10%,75-100
00-0026035,Danny Amendola,2017,NE,32.0,15.0,86,2,584,0.1472602739726027,14.72602739726027,108.4,7.2266666666666675,49.0,10-15%,75-100
00-0031373,Martavis Bryant,2017,PIT,26.0,15.0,84,3,585,0.1435897435897435,14.358974358974349,107.5,7.166666666666667,50.0,10-15%,75-100
00-0031068,Ryan Grant,2017,WAS,27.0,16.0,65,4,534,0.1217228464419475,12.17228464419475,103.8,6.4875,51.0,10-15%,50-75
00-0032760,Josh Doctson,2017,WAS,25.0,15.0,78,6,534,0.146067415730337,14.606741573033698,102.3,6.819999999999999,52.0,10-15%,75-100
00-0032211,Tyler Lockett,2017,SEA,25.0,16.0,71,2,526,0.1349809885931558,13.49809885931558,101.8,6.3625,53.0,10-15%,50-75
00-0031547,DeVante Parker,2017,MIA,24.0,13.0,96,1,588,0.1632653061224489,16.32653061224489,101.5,7.8076923076923075,54.0,15-20%,75-100
00-0033127,Will Fuller,2017,HOU,23.0,10.0,50,7,516,0.0968992248062015,9.689922480620153,99.2,9.92,55.0,<10%,50-75
00-0027681,Brandon LaFell,2017,CIN,31.0,16.0,89,3,488,0.1823770491803278,18.23770491803278,98.8,6.175,56.0,15-20%,75-100
00-0032009,Adam Humphries,2017,TB,24.0,16.0,83,1,596,0.1392617449664429,13.92617449664429,98.2,6.1375,57.0,10-15%,75-100
00-0029708,Kendall Wright,2017,CHI,28.0,15.0,91,1,468,0.1944444444444444,19.44444444444444,96.9,6.46,58.0,15-20%,75-100
00-0030669,Albert Wilson,2017,KC,25.0,13.0,62,3,528,0.1174242424242424,11.74242424242424,95.0,7.3076923076923075,59.0,10-15%,50-75
00-0028237,Chris Hogan,2017,NE,30.0,9.0,59,5,584,0.1010273972602739,10.10273972602739,92.6,10.288888888888888,60.0,10-15%,50-75
00-0027685,Emmanuel Sanders,2017,DEN,30.0,12.0,92,2,551,0.1669691470054446,16.69691470054446,91.0,7.583333333333333,61.0,15-20%,75-100
00-0027690,Eric Decker,2017,TEN,30.0,16.0,83,1,484,0.1714876033057851,17.14876033057851,89.3,5.58125,62.0,15-20%,75-100
00-0030300,Jaron Brown,2017,ARI,27.0,16.0,69,4,592,0.116554054054054,11.6554054054054,87.2,5.45,63.0,10-15%,50-75
00-0029388,Deonte Thompson,2017,BUF/CHI,28.0,16.0,69,2,936,0.0737179487179487,7.3717948717948705,86.0,5.375,64.0,<10%,50-75
00-0030542,Terrance Williams,2017,DAL,28.0,16.0,78,0,485,0.1608247422680412,16.08247422680412,84.8,5.3,65.0,15-20%,75-100
00-0026995,Jeremy Maclin,2017,BAL,29.0,12.0,72,3,561,0.1283422459893048,12.83422459893048,82.0,6.833333333333333,66.0,10-15%,50-75
00-0033932,Kenny Golladay,2017,DET,24.0,11.0,48,3,565,0.0849557522123893,8.49557522123893,80.6,7.327272727272727,67.0,<10%,<50
00-0032200,Ty Montgomery,2017,GB,24.0,8.0,31,1,554,0.055956678700361,5.5956678700361,80.1,10.0125,68.0,<10%,<50
00-0030821,Allen Hurns,2017,JAX,26.0,10.0,56,2,517,0.1083172147001934,10.83172147001934,79.89999999999999,7.989999999999999,69.0,10-15%,50-75
00-0032112,J.J. Nelson,2017,ARI,25.0,16.0,61,2,592,0.1030405405405405,10.30405405405405,79.0,4.9375,70.0,10-15%,50-75
00-0033292,Trent Taylor,2017,SF,23.0,15.0,60,2,599,0.1001669449081803,10.01669449081803,76.5,5.1,71.0,10-15%,50-75
00-0033921,Chris Godwin Jr.,2017,TB,21.0,15.0,55,1,596,0.0922818791946308,9.22818791946308,75.5,5.033333333333333,72.0,<10%,50-75
00-0029000,Cole Beasley,2017,DAL,28.0,15.0,63,4,485,0.1298969072164948,12.98969072164948,73.4,4.8933333333333335,73.0,10-15%,50-75
00-0027996,Torrey Smith,2017,PHI,28.0,16.0,68,2,556,0.1223021582733813,12.23021582733813,72.7,4.54375,74.0,10-15%,50-75
00-0032659,Roger Lewis,2017,NYG,24.0,15.0,72,2,603,0.1194029850746268,11.94029850746268,71.6,4.7733333333333325,75.0,10-15%,50-75
00-0026345,Pierre Garcon,2017,SF,31.0,8.0,67,0,599,0.1118530884808013,11.18530884808013,70.0,8.75,76.0,10-15%,50-75
00-0031166,Seth Roberts,2017,LV,26.0,15.0,65,1,552,0.1177536231884057,11.77536231884057,69.0,4.6,77.0,10-15%,50-75
00-0030670,Bennie Fowler,2017,DEN,26.0,16.0,56,3,551,0.101633393829401,10.1633393829401,67.5,4.21875,78.0,10-15%,50-75
00-0031228,Taylor Gabriel,2017,ATL,26.0,16.0,51,1,517,0.0986460348162475,9.86460348162475,65.2,4.075,79.0,<10%,50-75
00-0031339,Donte Moncrief,2017,IND,24.0,12.0,47,2,472,0.0995762711864406,9.95762711864406,64.1,5.341666666666666,80.0,<10%,<50
00-0031189,T.J. Jones,2017,DET,25.0,13.0,49,1,565,0.0867256637168141,8.67256637168141,62.900000000000006,4.838461538461539,81.0,<10%,<50
00-0030801,Brandon Coleman,2017,NO,25.0,15.0,37,3,529,0.0699432892249527,6.99432892249527,61.9,4.126666666666667,82.0,<10%,<50
00-0031235,Odell Beckham Jr.,2017,NYG,25.0,4.0,41,3,603,0.0679933665008291,6.79933665008291,61.5,15.375,83.0,<10%,<50
00-0031326,Bruce Ellington,2017,HOU,26.0,11.0,57,2,516,0.1104651162790697,11.04651162790697,61.2,5.563636363636364,84.0,10-15%,50-75
00-0031051,John Brown,2017,ARI,27.0,10.0,55,3,592,0.0929054054054054,9.29054054054054,59.400000000000006,5.94,85.0,<10%,50-75
00-0030516,Brice Butler,2017,DAL,27.0,13.0,23,3,485,0.0474226804123711,4.74226804123711,57.2,4.4,86.0,<10%,<50
00-0033891,Zay Jones,2017,BUF,22.0,14.0,74,2,468,0.1581196581196581,15.81196581196581,57.1,4.078571428571428,87.0,15-20%,50-75
00-0029319,Josh Bellamy,2017,CHI,28.0,11.0,46,1,468,0.0982905982905982,9.82905982905982,56.2,5.1090909090909085,88.0,<10%,<50
00-0032977,Rashard Higgins,2017,CLE,23.0,14.0,50,2,566,0.0883392226148409,8.833922261484089,55.1,3.935714285714286,89.0,<10%,50-75
00-0032966,Corey Coleman,2017,CLE,23.0,9.0,58,2,566,0.1024734982332155,10.24734982332155,54.0,6.0,90.0,10-15%,50-75
00-0033839,Dede Westbrook,2017,JAX,24.0,7.0,51,1,517,0.0986460348162475,9.86460348162475,53.4,7.628571428571428,91.0,<10%,50-75
00-0028411,Dontrelle Inman,2017,CHI/LAC,28.0,10.0,44,1,1041,0.042267050912584,4.2267050912584,52.8,5.279999999999999,92.0,<10%,<50
00-0033871,Corey Davis,2017,TEN,22.0,11.0,65,0,484,0.134297520661157,13.4297520661157,52.5,4.7727272727272725,93.0,10-15%,50-75
00-0031344,Cody Latimer,2017,DEN,25.0,11.0,31,2,551,0.0562613430127041,5.62613430127041,52.2,4.745454545454546,94.0,<10%,<50
00-0030091,Tavarres King,2017,NYG,27.0,8.0,37,3,603,0.0613598673300165,6.1359867330016495,51.3,6.4125,95.0,<10%,<50
00-0032398,Chris Moore,2017,BAL,24.0,13.0,38,3,561,0.0677361853832442,6.7736185383244205,50.900000000000006,3.915384615384616,96.0,<10%,<50
00-0031570,Justin Hardy,2017,ATL,26.0,10.0,29,3,517,0.0560928433268858,5.60928433268858,50.1,5.01,97.0,<10%,<50
00-0033079,Ricardo Louis,2017,CLE,23.0,14.0,61,0,566,0.107773851590106,10.7773851590106,49.2,3.5142857142857147,98.0,10-15%,50-75
00-0029664,Josh Gordon,2017,CLE,26.0,5.0,42,1,566,0.0742049469964664,7.420494699646641,48.5,9.7,99.0,<10%,<50
00-0027006,Kenny Britt,2017,CLE/NE,29.0,12.0,43,2,1150,0.037391304347826,3.7391304347826,47.6,3.966666666666667,100.0,<10%,<50
00-0028116,Aldrick Robinson,2017,SF,29.0,14.0,48,2,599,0.0801335559265442,8.01335559265442,47.5,3.392857142857143,101.0,<10%,<50
00-0032355,Chester Rogers,2017,IND,23.0,10.0,37,1,472,0.0783898305084745,7.83898305084745,46.7,4.67,102.0,<10%,<50
00-0033009,Tyler Boyd,2017,CIN,23.0,10.0,32,2,488,0.0655737704918032,6.55737704918032,45.5,4.55,103.0,<10%,<50
00-0030525,Tavon Austin,2017,LA,27.0,14.0,22,0,510,0.0431372549019607,4.31372549019607,44.2,3.157142857142857,104.0,<10%,<50
00-0031025,Michael Campanaro,2017,BAL,26.0,13.0,27,1,561,0.0481283422459893,4.81283422459893,43.0,3.3076923076923075,105.0,<10%,<50
00-0033911,Taywan Taylor,2017,TEN,22.0,16.0,28,1,484,0.0578512396694214,5.78512396694214,41.4,2.5875,106.0,<10%,<50
00-0029572,Jarius Wright,2017,MIN,28.0,12.0,25,2,521,0.0479846449136276,4.798464491362759,40.8,3.4,107.0,<10%,<50
00-0032935,Johnny Holton,2017,LV,26.0,14.0,18,3,552,0.0326086956521739,3.26086956521739,40.3,2.878571428571429,108.0,<10%,<50
00-0028825,Terrelle Pryor,2017,WAS,28.0,8.0,37,1,534,0.0692883895131086,6.92883895131086,40.0,5.0,109.0,<10%,<50
00-0032791,Jakeem Grant,2017,MIA,25.0,15.0,22,2,588,0.0374149659863945,3.74149659863945,40.0,2.6666666666666665,110.0,<10%,<50
00-0028091,Jeremy Kerley,2017,NYJ,29.0,8.0,27,1,496,0.0544354838709677,5.4435483870967705,38.7,4.8375,111.0,<10%,<50
00-0030147,Russell Shepard,2017,CAR,27.0,15.0,32,1,492,0.065040650406504,6.5040650406504,36.6,2.44,112.0,<10%,<50
00-0033555,Mack Hollins,2017,PHI,24.0,12.0,22,1,556,0.039568345323741,3.9568345323741,36.6,3.0500000000000003,113.0,<10%,<50
00-0028263,Andre Holmes,2017,BUF,29.0,10.0,23,3,468,0.0491452991452991,4.91452991452991,36.5,3.65,114.0,<10%,<50
00-0032626,Geronimo Allison,2017,GB,23.0,12.0,39,0,554,0.0703971119133574,7.039711191335741,34.8,2.9,115.0,<10%,<50
00-0031868,Damiere Byrd,2017,CAR,24.0,8.0,17,2,492,0.0345528455284552,3.4552845528455203,34.7,4.3375,116.0,<10%,<50
00-0031060,De'Anthony Thomas,2017,KC,24.0,14.0,16,2,528,0.0303030303030303,3.03030303030303,33.7,2.407142857142857,117.0,<10%,<50
00-0033307,Kendrick Bourne,2017,SF,22.0,10.0,34,0,599,0.0567612687813021,5.67612687813021,33.7,3.37,118.0,<10%,<50
00-0033069,Braxton Miller,2017,HOU,25.0,10.0,29,1,516,0.0562015503875969,5.62015503875969,31.8,3.18,119.0,<10%,<50
00-0032775,Demarcus Robinson,2017,KC,23.0,10.0,39,0,528,0.0738636363636363,7.38636363636363,31.7,3.17,120.0,<10%,<50
00-0032543,Alex Erickson,2017,CIN,25.0,16.0,16,1,488,0.0327868852459016,3.27868852459016,31.6,1.975,121.0,<10%,<50
00-0032951,Laquon Treadwell,2017,MIN,22.0,13.0,35,0,521,0.0671785028790787,6.71785028790787,30.0,2.3076923076923075,122.0,<10%,<50
00-0031782,Eli Rogers,2017,PIT,25.0,12.0,36,1,585,0.0615384615384615,6.15384615384615,29.9,2.4916666666666667,123.0,<10%,<50
00-0033006,Jaydon Mickens,2017,JAX,23.0,10.0,11,2,517,0.0212765957446808,2.12765957446808,28.700000000000003,2.87,124.0,<10%,<50
00-0032208,Phillip Dorsett,2017,NE,24.0,11.0,18,0,584,0.0308219178082191,3.08219178082191,26.1,2.372727272727273,125.0,<10%,<50
00-0033282,Curtis Samuel,2017,CAR,21.0,8.0,26,0,492,0.0528455284552845,5.28455284552845,25.4,3.175,126.0,<10%,<50
00-0024334,Brandon Marshall,2017,NYG,33.0,5.0,33,0,603,0.0547263681592039,5.4726368159203895,24.4,4.88,127.0,<10%,<50
00-0032881,Tommylee Lewis,2017,NO,25.0,14.0,15,1,529,0.0283553875236294,2.83553875236294,24.0,1.7142857142857142,128.0,<10%,<50
00-0032128,Chris Conley,2017,KC,25.0,5.0,16,0,528,0.0303030303030303,3.03030303030303,23.0,4.6,129.0,<10%,<50
00-0027089,Louis Murphy,2017,SF,30.0,6.0,17,1,599,0.028380634390651,2.8380634390651,22.1,3.6833333333333336,130.0,<10%,<50
00-0033943,Josh Reynolds,2017,LA,22.0,10.0,24,1,510,0.0470588235294117,4.70588235294117,21.9,2.19,131.0,<10%,<50
00-0028497,Kamar Aiken,2017,IND,28.0,14.0,44,0,472,0.0932203389830508,9.32203389830508,20.8,1.4857142857142855,132.0,<10%,<50
00-0031697,Jordan Taylor,2017,DEN,25.0,10.0,20,0,551,0.0362976406533575,3.62976406533575,20.7,2.07,133.0,<10%,<50
00-0033111,Pharoh Cooper,2017,LA,22.0,16.0,19,0,510,0.0372549019607843,3.72549019607843,20.5,1.28125,134.0,<10%,<50
00-0032115,Kaelin Clay,2017,BUF/CAR,25.0,13.0,20,0,960,0.0208333333333333,2.08333333333333,20.2,1.553846153846154,135.0,<10%,<50
00-0032123,Tre McBride,2017,CHI,25.0,6.0,15,0,468,0.032051282051282,3.2051282051282,18.4,3.0666666666666664,136.0,<10%,<50
00-0027057,Brandon Tate,2017,BUF,30.0,13.0,14,1,468,0.0299145299145299,2.9914529914529897,17.1,1.3153846153846156,137.0,<10%,<50
00-0029394,Brenton Bersin,2017,CAR,27.0,6.0,14,0,492,0.0284552845528455,2.84552845528455,16.8,2.8000000000000003,138.0,<10%,<50
00-0033572,Jamal Agnew,2017,DET,22.0,13.0,2,0,565,0.0035398230088495,0.35398230088495,15.7,1.2076923076923076,139.0,<10%,<50
00-0033859,Josh Malone,2017,CIN,21.0,9.0,17,1,488,0.0348360655737704,3.48360655737704,15.5,1.7222222222222223,140.0,<10%,<50
00-0033536,Mike Williams,2017,LAC,23.0,9.0,23,0,573,0.0401396160558464,4.01396160558464,15.000000000000002,1.666666666666667,141.0,<10%,<50
00-0026983,Darrius Heyward-Bey,2017,PIT,30.0,10.0,3,0,585,0.0051282051282051,0.51282051282051,14.9,1.49,142.0,<10%,<50
00-0032362,Maurice Harris,2017,WAS,25.0,4.0,6,1,534,0.0112359550561797,1.12359550561797,14.2,3.55,143.0,<10%,<50
00-0033717,Travis Rudolph,2017,NYG,22.0,6.0,21,0,603,0.0348258706467661,3.48258706467661,14.1,2.35,144.0,<10%,<50
00-0032839,Hunter Sharp,2017,DEN/NYG,23.0,3.0,9,1,1154,0.0077989601386481,0.77989601386481,13.9,4.633333333333334,145.0,<10%,<50
00-0033840,Chad Hansen,2017,NYJ,22.0,8.0,17,0,496,0.034274193548387,3.4274193548387,13.9,1.7374999999999998,146.0,<10%,<50
00-0033916,ArDarius Stewart,2017,NYJ,24.0,12.0,13,0,496,0.0262096774193548,2.62096774193548,13.9,1.1583333333333332,147.0,<10%,<50
00-0033562,Ryan Switzer,2017,DAL,23.0,16.0,7,0,485,0.0144329896907216,1.44329896907216,13.6,0.8500000000000001,148.0,<10%,<50
00-0030663,Willie Snead,2017,NO,25.0,8.0,16,0,529,0.0302457466918714,3.02457466918714,13.2,1.65,149.0,<10%,<50
00-0033094,Marvin Hall,2017,ATL,24.0,6.0,9,1,517,0.0174081237911025,1.74081237911025,13.0,2.1666666666666665,150.0,<10%,<50
00-0032250,Kasen Williams,2017,CLE,25.0,6.0,18,0,566,0.0318021201413427,3.18021201413427,12.9,2.15,151.0,<10%,<50
00-0029638,Michael Floyd,2017,MIN,28.0,10.0,17,0,521,0.0326295585412667,3.26295585412667,12.8,1.28,152.0,<10%,<50
00-0032054,Breshad Perriman,2017,BAL,24.0,11.0,35,0,561,0.0623885918003565,6.23885918003565,12.7,1.1545454545454543,153.0,<10%,<50
00-0030737,Freddie Martino,2017,TB,26.0,7.0,6,0,596,0.0100671140939597,1.00671140939597,12.1,1.7285714285714284,154.0,<10%,<50
00-0033114,Mike Thomas,2017,LA,23.0,6.0,7,0,510,0.0137254901960784,1.37254901960784,11.8,1.9666666666666668,155.0,<10%,<50
00-0031560,Jaelen Strong,2017,HOU/JAX,23.0,2.0,4,1,1033,0.0038722168441432,0.38722168441432,11.3,5.65,156.0,<10%,<50
00-0033937,Amara Darboh,2017,SEA,23.0,8.0,13,0,526,0.0247148288973384,2.47148288973384,11.1,1.3875000000000002,157.0,<10%,<50
00-0032724,Bryce Treggs,2017,CLE,23.0,6.0,18,0,566,0.0318021201413427,3.18021201413427,11.0,1.8333333333333333,158.0,<10%,<50
00-0033855,Chris Thompson,2017,HOU,23.0,12.0,6,0,516,0.0116279069767441,1.16279069767441,10.9,0.9083333333333332,159.0,<10%,<50
00-0032423,Trevor Davis,2017,GB,24.0,15.0,7,0,554,0.0126353790613718,1.26353790613718,10.8,0.72,160.0,<10%,<50
00-0029640,Brian Quick,2017,WAS,28.0,6.0,8,0,534,0.0149812734082397,1.49812734082397,10.6,1.7666666666666666,161.0,<10%,<50
00-0033060,Leonte Carroo,2017,MIA,23.0,4.0,14,0,588,0.0238095238095238,2.38095238095238,10.4,2.6,162.0,<10%,<50
00-0030521,Justin Hunter,2017,PIT,26.0,5.0,10,1,585,0.017094017094017,1.7094017094016998,10.3,2.06,163.0,<10%,<50
00-0032166,Sammie Coates,2017,CLE,24.0,7.0,11,0,566,0.019434628975265,1.9434628975265,10.0,1.4285714285714286,164.0,<10%,<50
00-0032475,Tanner McEvoy,2017,SEA,24.0,10.0,9,0,526,0.0171102661596958,1.7110266159695802,9.8,0.98,165.0,<10%,<50
00-0029336,Brittan Golden,2017,ARI,29.0,9.0,9,0,592,0.0152027027027027,1.52027027027027,9.5,1.0555555555555556,166.0,<10%,<50
00-0033434,Bobo Wilson,2017,TB,22.0,3.0,1,1,596,0.0016778523489932,0.16778523489932,9.1,3.0333333333333337,167.0,<10%,<50
00-0033933,Chad Williams,2017,ARI,23.0,6.0,7,0,592,0.0118243243243243,1.18243243243243,7.9,1.3166666666666669,168.0,<10%,<50
00-0032980,Marcus Johnson,2017,PHI,23.0,6.0,8,0,556,0.014388489208633,1.4388489208633,7.0,1.1666666666666667,169.0,<10%,<50
00-0030460,Markus Wheaton,2017,CHI,26.0,7.0,17,0,468,0.0363247863247863,3.63247863247863,6.6000000000000005,0.942857142857143,170.0,<10%,<50
00-0033352,Michael Clark,2017,GB,22.0,2.0,14,0,554,0.0252707581227436,2.52707581227436,6.1,3.05,171.0,<10%,<50
00-0031021,Jared Abbrederis,2017,DET,27.0,4.0,7,0,565,0.0123893805309734,1.2389380530973402,5.9,1.475,172.0,<10%,<50
00-0031514,Quan Bray,2017,IND,24.0,9.0,4,0,472,0.0084745762711864,0.84745762711864,5.4,0.6000000000000001,173.0,<10%,<50
00-0033466,Isaiah McKenzie,2017,DEN,22.0,11.0,13,0,551,0.0235934664246823,2.35934664246823,5.3,0.4818181818181818,174.0,<10%,<50
00-0033591,Noah Brown,2017,DAL,21.0,7.0,9,0,485,0.0185567010309278,1.85567010309278,5.3,0.7571428571428571,175.0,<10%,<50
00-0033633,Tanner Gentry,2017,CHI,23.0,4.0,6,0,468,0.0128205128205128,1.28205128205128,5.0,1.25,176.0,<10%,<50
00-0030743,Bernard Reedy,2017,NE/TB,26.0,11.0,2,0,1180,0.0016949152542372,0.16949152542372,4.8,0.4363636363636363,177.0,<10%,<50
00-0029848,Nick Williams,2017,ATL,27.0,1.0,4,0,517,0.0077369439071566,0.77369439071566,4.5,4.5,178.0,<10%,<50
00-0033266,JoJo Natson,2017,NYJ,23.0,7.0,5,0,496,0.0100806451612903,1.00806451612903,4.300000000000001,0.6142857142857144,179.0,<10%,<50
00-0029033,Griff Whalen,2017,BAL,27.0,2.0,6,0,561,0.0106951871657754,1.06951871657754,4.3,2.15,180.0,<10%,<50
00-0028702,Chris Matthews,2017,BAL,28.0,4.0,6,0,561,0.0106951871657754,1.06951871657754,4.0,1.0,181.0,<10%,<50
00-0031801,Jordan Leslie,2017,CLE,26.0,1.0,1,0,566,0.0017667844522968,0.17667844522968,3.1,3.1,182.0,<10%,<50
00-0031511,DeAndrew White,2017,HOU,26.0,2.0,7,0,516,0.0135658914728682,1.35658914728682,2.9,1.45,183.0,<10%,<50
00-0033464,Jehu Chesson,2017,KC,24.0,6.0,4,0,528,0.0075757575757575,0.75757575757575,2.8,0.4666666666666666,184.0,<10%,<50
00-0032656,Darius Powe,2017,NYG,23.0,1.0,4,0,603,0.0066334991708126,0.66334991708126,2.3,2.3,185.0,<10%,<50
00-0031001,Jeff Janis,2017,GB,26.0,8.0,5,0,554,0.0090252707581227,0.90252707581227,2.2,0.275,186.0,<10%,<50
00-0031428,Allen Robinson,2017,JAX,24.0,1.0,1,0,517,0.0019342359767891,0.19342359767891,2.2,2.2,187.0,<10%,<50
00-0033573,Shelton Gibson,2017,PHI,22.0,2.0,3,0,556,0.0053956834532374,0.53956834532374,2.1,1.05,188.0,<10%,<50
00-0027654,Arrelious Benn,2017,JAX,29.0,5.0,2,0,517,0.0038684719535783,0.38684719535783,1.7000000000000002,0.34,189.0,<10%,<50
00-0027691,Andre Roberts,2017,ATL,29.0,16.0,4,0,517,0.0077369439071566,0.77369439071566,1.7000000000000002,0.10625,190.0,<10%,<50
00-0031545,Kevin White,2017,CHI,25.0,1.0,4,0,468,0.0085470085470085,0.8547008547008499,1.6,1.6,191.0,<10%,<50
00-0032464,Kalif Raymond,2017,NYG/NYJ,23.0,8.0,1,0,1099,0.0009099181073703,0.09099181073703,1.6,0.2,192.0,<10%,<50
00-0026224,Harry Douglas,2017,TEN,33.0,1.0,3,0,484,0.006198347107438,0.6198347107438,1.3,1.3,193.0,<10%,<50
00-0030290,Cobi Hamilton,2017,HOU,27.0,2.0,6,0,516,0.0116279069767441,1.16279069767441,1.3,0.65,194.0,<10%,<50
00-0024535,Eric Weems,2017,TEN,32.0,11.0,2,0,484,0.0041322314049586,0.4132231404958599,1.0,0.0909090909090909,195.0,<10%,<50
00-0031834,Larry Pinkard,2017,JAX,25.0,2.0,1,0,517,0.0019342359767891,0.19342359767891,1.0,0.5,196.0,<10%,<50
00-0032937,Max McCaffrey,2017,JAX,23.0,2.0,1,0,517,0.0019342359767891,0.19342359767891,0.8999999999999999,0.4499999999999999,197.0,<10%,<50
00-0032959,Charone Peake,2017,NYJ,25.0,1.0,1,0,496,0.002016129032258,0.2016129032257999,0.8,0.8,198.0,<10%,<50
00-0031315,Matt Hazel,2017,IND,25.0,2.0,1,0,472,0.0021186440677966,0.21186440677966,0.6000000000000001,0.3,199.0,<10%,<50
00-0032705,Ed Eagan,2017,NYG,24.0,4.0,1,0,603,0.0016583747927031,0.16583747927031,0.0,0.0,204.0,<10%,<50
00-0032795,Cody Core,2017,CIN,23.0,7.0,4,0,488,0.0081967213114754,0.81967213114754,0.0,0.0,206.0,<10%,<50
00-0032926,K.J. Brent,2017,IND,24.0,1.0,1,0,472,0.0021186440677966,0.21186440677966,0.0,0.0,207.0,<10%,<50
00-0033087,Marquis Bundy,2017,NYG,23.0,1.0,3,0,603,0.0049751243781094,0.4975124378109399,0.0,0.0,208.0,<10%,<50
00-0033449,Isaac Whitney,2017,LV,23.0,1.0,1,0,552,0.0018115942028985,0.18115942028985,0.0,0.0,210.0,<10%,<50
00-0033968,Stacy Coley,2017,MIN,23.0,2.0,1,0,521,0.0019193857965451,0.19193857965451,0.0,0.0,213.0,<10%,<50
00-0033460,John Ross,2017,CIN,22.0,3.0,2,0,488,0.0040983606557377,0.40983606557377,-0.8,-0.2666666666666666,214.0,<10%,<50
00-0033040,Tyreek Hill,2018,KC,24.0,16.0,137,12,564,0.2429078014184397,24.29078014184397,290.5,18.15625,1.0,20-25%,125-150
00-0030564,DeAndre Hopkins,2018,HOU,26.0,16.0,163,11,494,0.3299595141700405,32.99595141700405,276.0,17.25,2.0,30%+,150+
00-0031381,Davante Adams,2018,GB,26.0,15.0,169,13,615,0.2747967479674796,27.47967479674796,274.1,18.273333333333333,3.0,25-30%,150+
00-0027793,Antonio Brown,2018,PIT,30.0,15.0,168,15,676,0.2485207100591716,24.85207100591716,271.7,18.113333333333333,4.0,20-25%,150+
00-0027944,Julio Jones,2018,ATL,29.0,16.0,170,8,604,0.2814569536423841,28.14569536423841,269.4,16.8375,5.0,25-30%,150+
00-0032765,Michael Thomas,2018,NO,25.0,16.0,147,9,511,0.2876712328767123,28.767123287671232,253.0,15.8125,6.0,25-30%,125-150
00-0030035,Adam Thielen,2018,MIN,28.0,16.0,153,9,592,0.2584459459459459,25.84459459459459,250.8,15.675,7.0,25-30%,150+
00-0031408,Mike Evans,2018,TB,25.0,16.0,138,8,619,0.2229402261712439,22.29402261712439,241.4,15.0875,8.0,20-25%,125-150
00-0033857,JuJu Smith-Schuster,2018,PIT,22.0,16.0,166,7,676,0.2455621301775148,24.55621301775148,241.4,15.0875,9.0,20-25%,150+
00-0030431,Robert Woods,2018,LA,26.0,16.0,130,6,545,0.2385321100917431,23.85321100917431,222.6,13.9125,10.0,20-25%,125-150
00-0031588,Stefon Diggs,2018,MIN,25.0,15.0,149,9,592,0.2516891891891892,25.16891891891892,215.3,14.353333333333332,11.0,25-30%,125-150
00-0030279,Keenan Allen,2018,LAC,26.0,15.0,136,6,506,0.2687747035573122,26.87747035573122,211.6,14.106666666666666,12.0,25-30%,125-150
00-0031236,Brandin Cooks,2018,LA,25.0,15.0,117,5,545,0.2146788990825688,21.46788990825688,203.2,13.546666666666663,13.0,20-25%,100-125
00-0029608,T.Y. Hilton,2018,IND,29.0,14.0,120,6,634,0.1892744479495268,18.92744479495268,201.0,14.357142857142858,14.0,15-20%,100-125
00-0032211,Tyler Lockett,2018,SEA,26.0,16.0,70,10,400,0.175,17.5,193.9,12.11875,15.0,15-20%,50-75
00-0031235,Odell Beckham Jr.,2018,NYG,26.0,12.0,124,6,574,0.2160278745644599,21.60278745644599,193.84,16.153333333333332,16.0,20-25%,100-125
00-0033009,Tyler Boyd,2018,CIN,24.0,14.0,108,7,529,0.2041587901701323,20.415879017013232,183.1,13.078571428571427,17.0,20-25%,100-125
00-0031544,Amari Cooper,2018,DAL/LV,24.0,15.0,107,7,1047,0.102196752626552,10.2196752626552,178.0,11.866666666666667,18.0,10-15%,100-125
00-0031382,Jarvis Landry,2018,CLE,26.0,16.0,149,4,557,0.2675044883303411,26.750448833034103,176.62,11.03875,19.0,25-30%,125-150
00-0034837,Calvin Ridley,2018,ATL,24.0,16.0,92,10,604,0.152317880794702,15.2317880794702,174.8,10.925,20.0,15-20%,75-100
00-0033932,Kenny Golladay,2018,DET,25.0,15.0,119,5,561,0.2121212121212121,21.21212121212121,172.1,11.473333333333333,21.0,20-25%,100-125
00-0027150,Julian Edelman,2018,NE,32.0,12.0,108,6,556,0.1942446043165467,19.42446043165467,170.42000000000002,14.201666666666668,22.0,15-20%,100-125
00-0027685,Emmanuel Sanders,2018,DEN,31.0,12.0,98,4,564,0.1737588652482269,17.37588652482269,162.72,13.56,23.0,15-20%,75-100
00-0033536,Mike Williams,2018,LAC,24.0,16.0,66,10,506,0.1304347826086956,13.04347826086956,158.7,9.91875,24.0,10-15%,50-75
00-0033921,Chris Godwin Jr.,2018,TB,22.0,16.0,95,7,619,0.1534733441033925,15.34733441033925,155.7,9.73125,25.0,15-20%,75-100
00-0029137,Alshon Jeffery,2018,PHI,28.0,13.0,92,6,592,0.1554054054054054,15.54054054054054,152.8,11.753846153846156,26.0,15-20%,75-100
00-0022921,Larry Fitzgerald,2018,ARI,35.0,16.0,112,6,473,0.2367864693446088,23.678646934460883,151.18,9.44875,27.0,20-25%,100-125
00-0033871,Corey Davis,2018,TEN,23.0,16.0,112,4,425,0.2635294117647059,26.35294117647059,151.1,9.44375,28.0,25-30%,100-125
00-0032009,Adam Humphries,2018,TB,25.0,16.0,105,5,619,0.1696284329563812,16.96284329563812,150.7,9.41875,29.0,15-20%,100-125
00-0032385,Sterling Shepard,2018,NYG,25.0,16.0,107,4,574,0.1864111498257839,18.64111498257839,149.5,9.34375,30.0,15-20%,100-125
00-0029632,Mohamed Sanu,2018,ATL,29.0,16.0,94,4,604,0.1556291390728476,15.56291390728476,149.4,9.3375,31.0,15-20%,75-100
00-0033839,Dede Westbrook,2018,JAX,25.0,16.0,101,5,524,0.1927480916030534,19.27480916030533,148.5,9.28125,32.0,15-20%,100-125
00-0027891,Golden Tate,2018,DET/PHI,30.0,15.0,113,4,1153,0.0980052038161318,9.80052038161318,145.9,9.726666666666668,33.0,<10%,100-125
00-0033891,Zay Jones,2018,BUF,23.0,16.0,102,7,479,0.2129436325678496,21.29436325678496,137.2,8.575,34.0,20-25%,100-125
00-0031549,Nelson Agholor,2018,PHI,25.0,16.0,97,4,592,0.1638513513513513,16.38513513513513,133.4,8.3375,35.0,15-20%,75-100
00-0034827,DJ Moore,2018,CAR,21.0,16.0,82,2,544,0.150735294117647,15.0735294117647,131.5,8.21875,36.0,15-20%,75-100
00-0032688,Robbie Chosen,2018,NYJ,25.0,14.0,94,6,505,0.1861386138613861,18.613861386138613,131.4,9.385714285714286,37.0,15-20%,75-100
00-0026189,DeSean Jackson,2018,TB,32.0,12.0,74,4,619,0.1195476575121163,11.95476575121163,130.8,10.9,38.0,10-15%,50-75
00-0027874,Demaryius Thomas,2018,DEN/HOU,31.0,15.0,89,5,1058,0.0841209829867674,8.41209829867674,127.20000000000002,8.48,39.0,<10%,75-100
00-0027942,A.J. Green,2018,CIN,30.0,9.0,77,6,529,0.1455576559546313,14.55576559546313,126.4,14.044444444444444,40.0,10-15%,75-100
00-0031428,Allen Robinson,2018,CHI,25.0,13.0,94,4,504,0.1865079365079365,18.65079365079365,125.8,9.676923076923076,41.0,15-20%,75-100
00-0026176,Jordy Nelson,2018,LV,33.0,15.0,88,3,530,0.1660377358490566,16.60377358490566,125.2,8.346666666666668,42.0,15-20%,75-100
00-0031051,John Brown,2018,BAL,28.0,16.0,97,5,539,0.1799628942486085,17.99628942486085,122.9,7.681249999999999,43.0,15-20%,75-100
00-0033282,Curtis Samuel,2018,CAR,22.0,13.0,65,5,544,0.119485294117647,11.9485294117647,119.3,9.176923076923076,44.0,10-15%,50-75
00-0031228,Taylor Gabriel,2018,CHI,27.0,16.0,93,2,504,0.1845238095238095,18.45238095238095,118.4,7.4,45.0,15-20%,75-100
00-0029664,Josh Gordon,2018,CLE/NE,27.0,12.0,71,4,1113,0.0637915543575921,6.379155435759209,118.2,9.85,46.0,<10%,50-75
00-0029000,Cole Beasley,2018,DAL,29.0,16.0,87,3,517,0.1682785299806576,16.827852998065758,117.7,7.35625,47.0,15-20%,75-100
00-0032160,Tyrell Williams,2018,LAC,26.0,15.0,65,5,506,0.1284584980237154,12.84584980237154,117.3,7.819999999999999,48.0,10-15%,50-75
00-0028434,Doug Baldwin,2018,SEA,30.0,13.0,73,5,400,0.1825,18.25,116.8,8.984615384615385,49.0,15-20%,50-75
00-0030085,Kenny Stills,2018,MIA,26.0,15.0,64,6,435,0.1471264367816092,14.71264367816092,115.92,7.728,50.0,10-15%,50-75
00-0034348,Courtland Sutton,2018,DEN,23.0,16.0,84,4,564,0.1489361702127659,14.89361702127659,115.3,7.20625,51.0,10-15%,75-100
00-0033908,Cooper Kupp,2018,LA,25.0,8.0,55,6,545,0.1009174311926605,10.09174311926605,115.1,14.3875,52.0,10-15%,50-75
00-0034772,Antonio Callaway,2018,CLE,21.0,16.0,79,5,557,0.1418312387791741,14.183123877917412,110.8,6.925,53.0,10-15%,75-100
00-0031339,Donte Moncrief,2018,JAX,25.0,16.0,89,3,524,0.1698473282442748,16.98473282442748,108.8,6.8,54.0,15-20%,75-100
00-0026986,Michael Crabtree,2018,BAL,31.0,16.0,100,3,539,0.1855287569573283,18.55287569573283,105.7,6.60625,55.0,15-20%,100-125
00-0034353,Anthony Miller,2018,CHI,24.0,15.0,54,7,504,0.1071428571428571,10.71428571428571,103.72,6.914666666666666,56.0,10-15%,50-75
00-0030663,Willie Snead,2018,BAL,26.0,15.0,95,1,539,0.1762523191094619,17.62523191094619,103.4,6.8933333333333335,57.0,15-20%,75-100
00-0034775,Christian Kirk,2018,ARI,22.0,12.0,68,3,473,0.1437632135306553,14.37632135306553,102.0,8.5,58.0,10-15%,50-75
00-0032055,Devin Funchess,2018,CAR,24.0,14.0,79,4,544,0.1452205882352941,14.52205882352941,100.9,7.207142857142856,59.0,10-15%,75-100
00-0032977,Rashard Higgins,2018,CLE,24.0,13.0,53,4,557,0.0951526032315978,9.51526032315978,98.7,7.592307692307693,60.0,<10%,50-75
00-0029293,Marvin Jones,2018,DET,28.0,9.0,62,5,561,0.1105169340463458,11.05169340463458,98.3,10.922222222222222,61.0,10-15%,50-75
00-0026035,Danny Amendola,2018,MIA,33.0,15.0,79,1,435,0.1816091954022988,18.16091954022988,97.92,6.5280000000000005,62.0,15-20%,75-100
00-0031325,Sammy Watkins,2018,KC,25.0,10.0,55,3,564,0.0975177304964539,9.75177304964539,95.1,9.510000000000002,63.0,<10%,50-75
00-0033307,Kendrick Bourne,2018,SF,23.0,16.0,67,4,515,0.1300970873786407,13.00970873786407,93.7,5.85625,64.0,10-15%,50-75
00-0034272,Marquez Valdes-Scantling,2018,GB,24.0,16.0,73,2,615,0.1186991869918699,11.869918699186991,92.0,5.75,65.0,10-15%,50-75
00-0032355,Chester Rogers,2018,IND,24.0,16.0,72,2,634,0.113564668769716,11.3564668769716,90.6,5.6625,66.0,10-15%,50-75
00-0033127,Will Fuller,2018,HOU,24.0,7.0,45,4,494,0.0910931174089068,9.10931174089068,90.3,12.9,67.0,<10%,<50
00-0034860,Dante Pettis,2018,SF,23.0,12.0,45,5,515,0.087378640776699,8.7378640776699,90.0,7.5,68.0,<10%,<50
00-0028237,Chris Hogan,2018,NE,31.0,15.0,55,3,556,0.0989208633093525,9.89208633093525,88.7,5.913333333333333,69.0,<10%,50-75
00-0033589,David Moore,2018,SEA,23.0,14.0,53,5,400,0.1325,13.25,88.0,6.285714285714286,70.0,10-15%,50-75
00-0032760,Josh Doctson,2018,WAS,26.0,15.0,78,2,489,0.1595092024539877,15.95092024539877,87.2,5.8133333333333335,71.0,15-20%,75-100
00-0034765,Tre'Quan Smith,2018,NO,22.0,13.0,44,5,511,0.086105675146771,8.6105675146771,86.7,6.6692307692307695,72.0,<10%,<50
00-0034510,Robert Foster,2018,BUF,24.0,11.0,44,3,479,0.0918580375782881,9.18580375782881,85.6,7.781818181818181,73.0,<10%,<50
00-0033943,Josh Reynolds,2018,LA,23.0,12.0,53,5,545,0.0972477064220183,9.724770642201827,85.5,7.125,74.0,<10%,50-75
00-0031166,Seth Roberts,2018,LV,27.0,15.0,64,2,530,0.120754716981132,12.0754716981132,84.4,5.626666666666667,75.0,10-15%,50-75
00-0030669,Albert Wilson,2018,MIA,26.0,7.0,35,4,435,0.0804597701149425,8.04597701149425,83.78,11.968571428571428,76.0,<10%,<50
00-0034764,Michael Gallup,2018,DAL,22.0,15.0,68,2,517,0.1315280464216634,13.15280464216634,81.2,5.413333333333333,77.0,10-15%,50-75
00-0029572,Jarius Wright,2018,CAR,29.0,16.0,59,1,544,0.1084558823529411,10.845588235294109,76.1,4.75625,78.0,10-15%,50-75
00-0030068,Marquise Goodwin,2018,SF,28.0,11.0,44,4,515,0.0854368932038835,8.54368932038835,75.9,6.9,79.0,<10%,<50
00-0032128,Chris Conley,2018,KC,26.0,16.0,52,5,564,0.0921985815602836,9.21985815602836,75.39999999999999,4.7125,80.0,<10%,50-75
00-0033460,John Ross,2018,CIN,23.0,13.0,58,7,529,0.109640831758034,10.9640831758034,74.39999999999999,5.723076923076922,81.0,10-15%,50-75
00-0033681,Keelan Cole,2018,JAX,25.0,14.0,70,1,524,0.1335877862595419,13.35877862595419,70.1,5.007142857142857,82.0,10-15%,50-75
00-0033911,Taywan Taylor,2018,TEN,23.0,13.0,56,1,425,0.1317647058823529,13.17647058823529,69.1,5.315384615384615,83.0,10-15%,50-75
00-0031941,Jamison Crowder,2018,WAS,25.0,9.0,49,2,489,0.1002044989775051,10.02044989775051,68.3,7.588888888888889,84.0,10-15%,<50
00-0031023,Quincy Enunwa,2018,NYJ,26.0,11.0,68,1,505,0.1346534653465346,13.46534653465346,67.9,6.172727272727273,85.0,10-15%,50-75
00-0028002,Randall Cobb,2018,GB,28.0,9.0,61,2,615,0.0991869918699187,9.91869918699187,67.3,7.477777777777778,86.0,<10%,50-75
00-0032208,Phillip Dorsett,2018,NE,25.0,11.0,42,3,556,0.0755395683453237,7.55395683453237,65.9,5.990909090909091,87.0,<10%,<50
00-0032775,Demarcus Robinson,2018,KC,24.0,14.0,33,4,564,0.0585106382978723,5.85106382978723,63.8,4.557142857142857,88.0,<10%,<50
00-0028411,Dontrelle Inman,2018,IND,29.0,8.0,39,3,634,0.0615141955835962,6.15141955835962,62.4,7.8,89.0,<10%,<50
00-0032791,Jakeem Grant,2018,MIA,26.0,10.0,34,2,435,0.0781609195402298,7.81609195402298,61.8,6.18,90.0,<10%,<50
00-0028116,Aldrick Robinson,2018,MIN,30.0,14.0,35,5,592,0.0591216216216216,5.91216216216216,61.6,4.4,91.0,<10%,<50
00-0029159,Jermaine Kearse,2018,NYJ,28.0,13.0,76,1,505,0.1504950495049505,15.049504950495049,61.6,4.7384615384615385,92.0,15-20%,75-100
00-0032200,Ty Montgomery,2018,BAL/GB,25.0,13.0,40,0,1154,0.0346620450606585,3.46620450606585,60.8,4.676923076923076,93.0,<10%,<50
00-0032778,Tajae Sharpe,2018,TEN,24.0,15.0,47,2,425,0.1105882352941176,11.05882352941176,58.2,3.88,94.0,10-15%,<50
00-0031068,Ryan Grant,2018,IND,28.0,14.0,52,1,634,0.0820189274447949,8.20189274447949,56.900000000000006,4.064285714285715,95.0,<10%,50-75
00-0031359,Kelvin Benjamin,2018,BUF/KC,27.0,15.0,67,1,1043,0.0642377756471716,6.42377756471716,56.5,3.7666666666666666,96.0,<10%,50-75
00-0032054,Breshad Perriman,2018,CLE,25.0,10.0,25,2,557,0.044883303411131,4.4883303411131,54.2,5.42,97.0,<10%,<50
00-0032951,Laquon Treadwell,2018,MIN,23.0,15.0,53,1,592,0.089527027027027,8.9527027027027,53.7,3.58,98.0,<10%,50-75
00-0030300,Jaron Brown,2018,SEA,28.0,12.0,19,5,400,0.0475,4.75,53.6,4.466666666666667,99.0,<10%,<50
00-0033251,Zach Pascal,2018,IND,24.0,14.0,46,2,634,0.0725552050473186,7.25552050473186,53.3,3.8071428571428574,100.0,<10%,<50
00-0032626,Geronimo Allison,2018,GB,24.0,5.0,30,2,615,0.048780487804878,4.8780487804878,52.3,10.46,101.0,<10%,<50
00-0030821,Allen Hurns,2018,DAL,27.0,14.0,35,2,517,0.0676982591876208,6.769825918762081,51.5,3.678571428571429,102.0,<10%,<50
00-0033562,Ryan Switzer,2018,PIT,24.0,16.0,44,1,676,0.0650887573964497,6.508875739644971,51.4,3.2125,103.0,<10%,<50
00-0034370,DaeSean Hamilton,2018,DEN,23.0,11.0,46,2,564,0.0815602836879432,8.15602836879432,51.3,4.663636363636363,104.0,<10%,<50
00-0031257,Paul Richardson,2018,WAS,26.0,7.0,35,2,489,0.0715746421267893,7.15746421267893,49.1,7.014285714285714,105.0,<10%,<50
00-0031547,DeVante Parker,2018,MIA,25.0,11.0,47,1,435,0.1080459770114942,10.80459770114942,48.9,4.445454545454545,106.0,10-15%,<50
00-0033375,Tim Patrick,2018,DEN,25.0,12.0,41,1,564,0.0726950354609929,7.26950354609929,48.7,4.058333333333334,107.0,<10%,<50
00-0034366,Keke Coutee,2018,HOU,21.0,6.0,41,1,494,0.082995951417004,8.2995951417004,48.7,8.116666666666665,108.0,<10%,<50
00-0026345,Pierre Garcon,2018,SF,32.0,8.0,46,1,515,0.0893203883495145,8.93203883495145,46.6,5.824999999999999,109.0,<10%,<50
00-0033466,Isaiah McKenzie,2018,BUF/DEN,23.0,8.0,30,0,1043,0.0287631831255992,2.87631831255992,45.5,5.6875,110.0,<10%,<50
00-0032362,Maurice Harris,2018,WAS,26.0,11.0,47,0,489,0.0961145194274028,9.61145194274028,45.4,4.127272727272727,111.0,<10%,<50
00-0028825,Terrelle Pryor,2018,BUF/NYJ,29.0,8.0,30,2,984,0.0304878048780487,3.04878048780487,45.1,5.6375,112.0,<10%,<50
00-0031326,Bruce Ellington,2018,DET/HOU,27.0,7.0,42,1,1055,0.0398104265402843,3.98104265402843,44.1,6.299999999999999,113.0,<10%,<50
00-0025396,Ted Ginn,2018,NO,33.0,5.0,30,2,511,0.0587084148727984,5.87084148727984,44.0,8.8,114.0,<10%,<50
00-0034279,Equanimeous St. Brown,2018,GB,22.0,11.0,36,0,615,0.0585365853658536,5.85365853658536,43.8,3.9818181818181815,115.0,<10%,<50
00-0033292,Trent Taylor,2018,SF,24.0,13.0,40,1,515,0.0776699029126213,7.76699029126213,42.5,3.269230769230769,116.0,<10%,<50
00-0027996,Torrey Smith,2018,CAR,29.0,8.0,31,2,544,0.056985294117647,5.6985294117647,41.5,5.1875,117.0,<10%,<50
00-0031189,T.J. Jones,2018,DET,26.0,12.0,27,2,561,0.0481283422459893,4.81283422459893,40.5,3.375,118.0,<10%,<50
00-0034317,Keith Kirkwood,2018,NO,24.0,7.0,21,2,511,0.0410958904109589,4.10958904109589,39.4,5.628571428571428,119.0,<10%,<50
00-0032398,Chris Moore,2018,BAL,25.0,15.0,25,1,539,0.046382189239332,4.6382189239332,36.8,2.453333333333333,120.0,<10%,<50
00-0034487,Trent Sherfield,2018,ARI,22.0,9.0,28,1,473,0.0591966173361522,5.919661733615221,36.5,4.055555555555555,121.0,<10%,<50
00-0031373,Martavis Bryant,2018,LV,27.0,7.0,27,0,530,0.0509433962264151,5.09433962264151,36.4,5.2,122.0,<10%,<50
00-0030147,Russell Shepard,2018,NYG,28.0,8.0,19,2,574,0.0331010452961672,3.31010452961672,35.8,4.475,123.0,<10%,<50
00-0034676,James Washington,2018,PIT,22.0,12.0,38,1,676,0.0562130177514792,5.62130177514792,35.7,2.975,124.0,<10%,<50
00-0030525,Tavon Austin,2018,DAL,28.0,7.0,13,2,517,0.0251450676982591,2.51450676982591,35.5,5.071428571428571,125.0,<10%,<50
00-0029269,Travis Benjamin,2018,LAC,29.0,12.0,24,1,506,0.0474308300395256,4.74308300395256,34.7,2.891666666666667,126.0,<10%,<50
00-0030670,Bennie Fowler,2018,NYG,27.0,10.0,27,1,574,0.0470383275261324,4.70383275261324,33.9,3.39,127.0,<10%,<50
00-0031763,DeAndre Carter,2018,HOU/PHI,25.0,13.0,25,0,1086,0.0230202578268876,2.30202578268876,33.3,2.5615384615384613,128.0,<10%,<50
00-0027691,Andre Roberts,2018,NYJ,30.0,16.0,18,1,505,0.0356435643564356,3.56435643564356,32.9,2.05625,129.0,<10%,<50
00-0033933,Chad Williams,2018,ARI,24.0,10.0,46,1,473,0.0972515856236786,9.72515856236786,32.5,3.25,130.0,<10%,<50
00-0031570,Justin Hardy,2018,ATL,27.0,16.0,22,2,604,0.0364238410596026,3.64238410596026,32.3,2.01875,131.0,<10%,<50
00-0027681,Brandon LaFell,2018,LV,32.0,4.0,16,2,530,0.030188679245283,3.0188679245283,31.5,7.875,132.0,<10%,<50
00-0031344,Cody Latimer,2018,NYG,26.0,6.0,16,1,574,0.0278745644599303,2.7874564459930298,30.5,5.083333333333333,133.0,<10%,<50
00-0032795,Cody Core,2018,CIN,24.0,10.0,28,1,529,0.052930056710775,5.2930056710775,30.5,3.05,134.0,<10%,<50
00-0034286,Richie James,2018,SF,23.0,12.0,14,1,515,0.0271844660194174,2.71844660194174,29.5,2.458333333333333,135.0,<10%,<50
00-0032543,Alex Erickson,2018,CIN,26.0,16.0,29,0,529,0.054820415879017,5.4820415879017,28.9,1.80625,136.0,<10%,<50
00-0034747,Marcell Ateman,2018,LV,24.0,7.0,31,1,530,0.0584905660377358,5.8490566037735805,28.9,4.128571428571428,137.0,<10%,<50
00-0029319,Josh Bellamy,2018,CHI,29.0,14.0,25,1,504,0.0496031746031746,4.9603174603174605,26.7,1.907142857142857,138.0,<10%,<50
00-0033382,Austin Carr,2018,NO,25.0,9.0,14,2,511,0.0273972602739726,2.73972602739726,26.2,2.911111111111111,139.0,<10%,<50
00-0033094,Marvin Hall,2018,ATL,25.0,14.0,19,1,604,0.0314569536423841,3.14569536423841,25.9,1.85,140.0,<10%,<50
00-0024334,Brandon Marshall,2018,SEA,34.0,6.0,23,1,400,0.0575,5.75,25.1,4.183333333333334,141.0,<10%,<50
00-0029388,Deonte Thompson,2018,BUF/DAL,29.0,13.0,30,0,996,0.0301204819277108,3.01204819277108,24.6,1.892307692307692,142.0,<10%,<50
00-0029638,Michael Floyd,2018,WAS,29.0,10.0,24,1,489,0.0490797546012269,4.90797546012269,23.0,2.3,143.0,<10%,<50
00-0028263,Andre Holmes,2018,BUF/DEN,30.0,13.0,24,0,1043,0.0230105465004793,2.30105465004793,22.7,1.7461538461538462,144.0,<10%,<50
00-0031972,Darius Jennings,2018,TEN,26.0,14.0,15,0,425,0.0352941176470588,3.52941176470588,22.64,1.6171428571428572,145.0,<10%,<50
00-0034777,DJ Chark,2018,JAX,22.0,11.0,32,0,524,0.0610687022900763,6.1068702290076295,22.4,2.036363636363636,146.0,<10%,<50
00-0034273,Damion Ratley,2018,CLE,23.0,5.0,20,0,557,0.0359066427289048,3.59066427289048,20.9,4.18,147.0,<10%,<50
00-0031787,Jake Kumerow,2018,GB,26.0,5.0,11,1,615,0.0178861788617886,1.7886178861788602,20.3,4.0600000000000005,148.0,<10%,<50
00-0031912,Cameron Meredith,2018,NO,26.0,3.0,10,1,511,0.0195694716242661,1.95694716242661,19.9,6.633333333333333,149.0,<10%,<50
00-0032707,Andy Jones,2018,DET,24.0,6.0,24,1,561,0.0427807486631016,4.27807486631016,19.5,3.25,150.0,<10%,<50
00-0034653,Deontay Burnett,2018,NYJ,21.0,5.0,15,0,505,0.0297029702970297,2.9702970297029703,19.3,3.86,151.0,<10%,<50
00-0032980,Marcus Johnson,2018,IND,24.0,4.0,8,1,634,0.0126182965299684,1.26182965299684,19.0,4.75,152.0,<10%,<50
00-0034646,Brandon Powell,2018,DET,23.0,6.0,17,0,561,0.0303030303030303,3.03030303030303,18.8,3.1333333333333333,153.0,<10%,<50
00-0034339,Trey Quinn,2018,WAS,23.0,3.0,10,1,489,0.0204498977505112,2.04498977505112,18.0,6.0,154.0,<10%,<50
00-0033060,Leonte Carroo,2018,MIA,24.0,5.0,4,1,435,0.0091954022988505,0.91954022988505,17.8,3.56,155.0,<10%,<50
00-0034631,Vyncint Smith,2018,HOU,22.0,4.0,10,1,494,0.020242914979757,2.0242914979757,17.6,4.4,156.0,<10%,<50
00-0031782,Eli Rogers,2018,PIT,26.0,3.0,14,0,676,0.0207100591715976,2.07100591715976,15.5,5.166666666666667,157.0,<10%,<50
00-0030516,Brice Butler,2018,DAL/MIA,28.0,6.0,10,1,952,0.0105042016806722,1.05042016806722,15.0,2.5,158.0,<10%,<50
00-0028114,Dwayne Harris,2018,LV,31.0,15.0,6,0,530,0.0113207547169811,1.13207547169811,14.2,0.9466666666666668,159.0,<10%,<50
00-0032881,Tommylee Lewis,2018,NO,26.0,7.0,3,1,511,0.0058708414872798,0.58708414872798,12.5,1.7857142857142858,160.0,<10%,<50
00-0034652,Cameron Batson,2018,TEN,23.0,8.0,11,0,425,0.0258823529411764,2.58823529411764,12.3,1.5375,161.0,<10%,<50
00-0031545,Kevin White,2018,CHI,26.0,3.0,8,0,504,0.0158730158730158,1.58730158730158,11.2,3.733333333333334,162.0,<10%,<50
00-0031060,De'Anthony Thomas,2018,KC,25.0,5.0,5,1,564,0.0088652482269503,0.88652482269503,11.0,2.2,163.0,<10%,<50
00-0032966,Corey Coleman,2018,NYG,24.0,8.0,8,0,574,0.0139372822299651,1.39372822299651,10.1,1.2625,164.0,<10%,<50
00-0032112,J.J. Nelson,2018,ARI,26.0,9.0,19,0,473,0.040169133192389,4.0169133192389,9.9,1.1,165.0,<10%,<50
00-0034411,Russell Gage,2018,ATL,22.0,9.0,10,0,604,0.0165562913907284,1.65562913907284,9.3,1.0333333333333332,166.0,<10%,<50
00-0028497,Kamar Aiken,2018,PHI,29.0,3.0,7,0,592,0.0118243243243243,1.18243243243243,8.3,2.766666666666667,167.0,<10%,<50
00-0033591,Noah Brown,2018,DAL,22.0,7.0,8,0,517,0.0154738878143133,1.54738878143133,7.9,1.1285714285714286,168.0,<10%,<50
00-0034258,Derrick Willies,2018,CLE,24.0,1.0,5,0,557,0.0089766606822262,0.89766606822262,7.6,7.6,169.0,<10%,<50
00-0033434,Bobo Wilson,2018,TB,23.0,5.0,5,0,619,0.0080775444264943,0.8077544426494301,7.199999999999999,1.44,170.0,<10%,<50
00-0032170,Rashad Greene,2018,JAX,26.0,7.0,8,0,524,0.015267175572519,1.5267175572519,7.0,1.0,171.0,<10%,<50
00-0034407,Ray-Ray McCloud,2018,BUF,22.0,8.0,6,0,479,0.0125260960334029,1.25260960334029,6.5,0.8125,172.0,<10%,<50
00-0034499,Jawill Davis,2018,NYG,23.0,7.0,8,0,574,0.0139372822299651,1.39372822299651,6.0,0.8571428571428571,173.0,<10%,<50
00-0034309,Chad Beebe,2018,MIN,24.0,3.0,4,0,592,0.0067567567567567,0.67567567567567,5.9,1.9666666666666663,174.0,<10%,<50
00-0034686,Auden Tate,2018,CIN,21.0,5.0,12,0,529,0.0226843100189035,2.2684310018903497,5.5,1.1,175.0,<10%,<50
00-0033573,Shelton Gibson,2018,PHI,23.0,5.0,3,0,592,0.0050675675675675,0.50675675675675,5.3,1.06,176.0,<10%,<50
00-0034426,Javon Wims,2018,CHI,24.0,2.0,5,0,504,0.0099206349206349,0.99206349206349,5.2,2.6,177.0,<10%,<50
00-0034489,Jalen Tolliver,2018,ARI,23.0,3.0,6,0,473,0.0126849894291754,1.2684989429175402,5.2,1.7333333333333334,178.0,<10%,<50
00-0034054,River Cracraft,2018,DEN,24.0,8.0,2,0,564,0.0035460992907801,0.35460992907801,4.9,0.6125,179.0,<10%,<50
00-0029580,Rishard Matthews,2018,NYJ/TEN,29.0,6.0,9,0,930,0.0096774193548387,0.96774193548387,4.9,0.8166666666666665,180.0,<10%,<50
00-0030521,Justin Hunter,2018,PIT,27.0,4.0,13,0,676,0.0192307692307692,1.92307692307692,3.6,0.9,181.0,<10%,<50
00-0032959,Charone Peake,2018,NYJ,26.0,6.0,3,0,505,0.0059405940594059,0.59405940594059,3.5,0.5833333333333334,182.0,<10%,<50
00-0029640,Brian Quick,2018,WAS,29.0,2.0,3,0,489,0.0061349693251533,0.61349693251533,3.3000000000000003,1.65,183.0,<10%,<50
00-0034867,Malik Turner,2018,SEA,22.0,3.0,3,0,400,0.0075,0.75,3.0,1.0,184.0,<10%,<50
00-0030542,Terrance Williams,2018,DAL,29.0,2.0,3,0,517,0.0058027079303675,0.58027079303675,2.8000000000000003,1.4,185.0,<10%,<50
00-0034052,Brandon Zylstra,2018,MIN,25.0,5.0,2,0,592,0.0033783783783783,0.33783783783783,2.8,0.5599999999999999,186.0,<10%,<50
00-0029848,Nick Williams,2018,LA/TEN,28.0,4.0,5,0,970,0.0051546391752577,0.51546391752577,2.7,0.675,187.0,<10%,<50
00-0033474,Gehrig Dieter,2018,KC,25.0,2.0,3,0,564,0.0053191489361702,0.5319148936170199,2.7,1.35,188.0,<10%,<50
00-0034854,KhaDarel Hodge,2018,LA,23.0,6.0,3,0,545,0.0055045871559633,0.55045871559633,2.7,0.45,189.0,<10%,<50
00-0034268,J'Mon Moore,2018,GB,23.0,7.0,3,0,615,0.0048780487804878,0.48780487804878,2.5,0.3571428571428571,190.0,<10%,<50
00-0033379,Tim White,2018,BAL,24.0,3.0,1,0,539,0.0018552875695732,0.18552875695732,1.9,0.6333333333333333,191.0,<10%,<50
00-0028091,Jeremy Kerley,2018,BUF,30.0,1.0,4,0,479,0.0083507306889352,0.83507306889352,1.7000000000000002,1.7000000000000002,192.0,<10%,<50
00-0032166,Sammie Coates,2018,HOU,25.0,4.0,2,0,494,0.0040485829959514,0.4048582995951399,1.7000000000000002,0.425,193.0,<10%,<50
00-0033859,Josh Malone,2018,CIN,22.0,3.0,5,0,529,0.0094517958412098,0.94517958412098,1.7000000000000002,0.5666666666666668,194.0,<10%,<50
00-0033306,Victor Bolden,2018,BUF/SF,23.0,3.0,4,0,994,0.0040241448692152,0.40241448692152,1.5,0.5,196.0,<10%,<50
00-0034512,Cam Phillips,2018,BUF,23.0,2.0,1,0,479,0.0020876826722338,0.20876826722338,1.4,0.7,197.0,<10%,<50
00-0031868,Damiere Byrd,2018,CAR,25.0,7.0,2,0,544,0.0036764705882352,0.36764705882352,1.3,0.1857142857142857,198.0,<10%,<50
00-0033441,Keon Hatcher,2018,LV,24.0,2.0,2,0,530,0.0037735849056603,0.37735849056603,1.3,0.65,199.0,<10%,<50
00-0034710,Darvin Kidsy,2018,WAS,23.0,1.0,2,0,489,0.0040899795501022,0.4089979550102199,1.3,1.3,200.0,<10%,<50
00-0033481,Marcus Kemp,2018,KC,23.0,5.0,2,0,564,0.0035460992907801,0.35460992907801,1.2,0.24,201.0,<10%,<50
00-0034521,Allen Lazard,2018,GB,23.0,1.0,1,0,615,0.0016260162601626,0.16260162601626,1.2,1.2,202.0,<10%,<50
00-0034386,Justin Watson,2018,TB,22.0,7.0,3,0,619,0.0048465266558966,0.48465266558966,1.0,0.1428571428571428,203.0,<10%,<50
00-0034560,J.J. Jones,2018,LAC/NYJ,26.0,4.0,1,0,1011,0.0009891196834817,0.09891196834817,0.8,0.2,204.0,<10%,<50
00-0033464,Jehu Chesson,2018,WAS,25.0,6.0,2,0,489,0.0040899795501022,0.4089979550102199,0.7999999999999999,0.1333333333333333,205.0,<10%,<50
00-0026983,Darrius Heyward-Bey,2018,PIT,31.0,8.0,2,0,676,0.0029585798816568,0.29585798816568,0.7,0.0875,206.0,<10%,<50
00-0026901,Mike Wallace,2018,PHI,32.0,1.0,3,0,592,0.0050675675675675,0.50675675675675,0.0,0.0,208.0,<10%,<50
00-0030737,Freddie Martino,2018,TB,27.0,1.0,1,0,619,0.0016155088852988,0.16155088852988,0.0,0.0,210.0,<10%,<50
00-0031953,Geremy Davis,2018,LAC,26.0,5.0,1,0,506,0.0019762845849802,0.19762845849802,0.0,0.0,211.0,<10%,<50
00-0032935,Johnny Holton,2018,LV,27.0,1.0,1,0,530,0.0018867924528301,0.18867924528301,0.0,0.0,215.0,<10%,<50
00-0033111,Pharoh Cooper,2018,ARI/LA,23.0,7.0,1,0,1018,0.0009823182711198,0.09823182711198,0.0,0.0,217.0,<10%,<50
00-0033471,Isaiah Ford,2018,MIA,22.0,1.0,1,0,435,0.0022988505747126,0.2298850574712599,0.0,0.0,219.0,<10%,<50
00-0033773,Riley McCarron,2018,NE,25.0,1.0,1,0,556,0.0017985611510791,0.17985611510791,0.0,0.0,221.0,<10%,<50
00-0033968,Stacy Coley,2018,MIN/NYG,24.0,2.0,1,0,1166,0.0008576329331046,0.08576329331046,0.0,0.0,222.0,<10%,<50
00-0034593,Chris Lacy,2018,DET,22.0,1.0,1,0,561,0.0017825311942959,0.17825311942959,0.0,0.0,227.0,<10%,<50
00-0032765,Michael Thomas,2019,NO,26.0,16.0,185,9,559,0.330948121645796,33.0948121645796,300.1,18.75625,1.0,30%+,150+
00-0033921,Chris Godwin Jr.,2019,TB,23.0,14.0,121,9,607,0.1993410214168039,19.93410214168039,233.1,16.650000000000002,2.0,15-20%,100-125
00-0027944,Julio Jones,2019,ATL,30.0,15.0,157,6,655,0.2396946564885496,23.96946564885496,224.6,14.973333333333333,3.0,20-25%,150+
00-0033908,Cooper Kupp,2019,LA,26.0,16.0,134,10,612,0.218954248366013,21.8954248366013,223.5,13.96875,4.0,20-25%,125-150
00-0030564,DeAndre Hopkins,2019,HOU,27.0,15.0,150,7,518,0.2895752895752895,28.95752895752895,216.54,14.436,5.0,25-30%,150+
00-0033932,Kenny Golladay,2019,DET,26.0,16.0,116,11,550,0.2109090909090909,21.09090909090909,215.5,13.46875,6.0,20-25%,100-125
00-0031547,DeVante Parker,2019,MIA,26.0,16.0,128,9,606,0.2112211221122112,21.12211221122112,210.2,13.1375,7.0,20-25%,125-150
00-0030279,Keenan Allen,2019,LAC,27.0,16.0,149,6,576,0.2586805555555556,25.86805555555556,209.5,13.09375,8.0,25-30%,125-150
00-0031544,Amari Cooper,2019,DAL,25.0,16.0,119,8,576,0.2065972222222222,20.65972222222222,207.0,12.9375,9.0,20-25%,100-125
00-0027150,Julian Edelman,2019,NE,33.0,16.0,153,6,587,0.2606473594548552,26.06473594548552,206.28,12.8925,10.0,25-30%,150+
00-0031428,Allen Robinson,2019,CHI,26.0,16.0,154,7,566,0.2720848056537102,27.20848056537102,205.9,12.86875,11.0,25-30%,150+
00-0031408,Mike Evans,2019,TB,26.0,13.0,118,8,607,0.1943986820428336,19.43986820428336,199.2,15.323076923076922,12.0,15-20%,100-125
00-0031382,Jarvis Landry,2019,CLE,27.0,16.0,138,6,517,0.2669245647969052,26.69245647969052,195.9,12.24375,13.0,25-30%,125-150
00-0032211,Tyler Lockett,2019,SEA,27.0,16.0,110,8,494,0.2226720647773279,22.26720647773279,194.2,12.1375,14.0,20-25%,100-125
00-0035676,A.J. Brown,2019,TEN,22.0,16.0,84,8,428,0.1962616822429906,19.62616822429906,191.1,11.94375,15.0,15-20%,75-100
00-0034777,DJ Chark,2019,JAX,23.0,15.0,118,8,563,0.2095914742451154,20.95914742451154,189.3,12.62,16.0,20-25%,100-125
00-0030431,Robert Woods,2019,LA,27.0,15.0,139,2,612,0.2271241830065359,22.71241830065359,187.9,12.526666666666667,17.0,20-25%,125-150
00-0034827,DJ Moore,2019,CAR,22.0,15.0,135,4,600,0.225,22.5,187.0,12.466666666666669,18.0,20-25%,125-150
00-0034348,Courtland Sutton,2019,DEN,24.0,16.0,124,6,481,0.2577962577962578,25.779625779625785,186.42,11.65125,19.0,25-30%,100-125
00-0031051,John Brown,2019,BUF,29.0,15.0,115,6,485,0.2371134020618556,23.71134020618556,183.82,12.254666666666669,20.0,20-25%,100-125
00-0031588,Stefon Diggs,2019,MIN,26.0,15.0,94,6,442,0.2126696832579185,21.26696832579185,182.6,12.173333333333334,21.0,20-25%,75-100
00-0034764,Michael Gallup,2019,DAL,23.0,14.0,113,6,576,0.1961805555555555,19.61805555555555,179.7,12.835714285714284,22.0,15-20%,100-125
00-0033009,Tyler Boyd,2019,CIN,25.0,16.0,148,5,589,0.2512733446519524,25.12733446519524,177.9,11.11875,23.0,25-30%,125-150
00-0031381,Davante Adams,2019,GB,27.0,12.0,127,5,542,0.2343173431734317,23.43173431734317,171.2,14.266666666666666,24.0,20-25%,125-150
00-0031235,Odell Beckham Jr.,2019,CLE,27.0,16.0,133,4,517,0.2572533849129594,25.72533849129594,166.3,10.39375,25.0,25-30%,125-150
00-0034837,Calvin Ridley,2019,ATL,25.0,13.0,93,7,655,0.1419847328244274,14.19847328244274,165.5,12.73076923076923,26.0,10-15%,75-100
00-0029293,Marvin Jones,2019,DET,29.0,13.0,91,9,550,0.1654545454545454,16.54545454545454,162.9,12.53076923076923,27.0,15-20%,75-100
00-0035659,Terry McLaurin,2019,WAS,24.0,14.0,93,7,464,0.2004310344827586,20.043103448275858,162.9,11.635714285714286,28.0,20-25%,75-100
00-0035719,Deebo Samuel Sr.,2019,SF,23.0,15.0,81,3,467,0.1734475374732334,17.34475374732334,160.6,10.706666666666669,29.0,15-20%,75-100
00-0033040,Tyreek Hill,2019,KC,25.0,12.0,89,7,558,0.1594982078853046,15.94982078853046,159.3,13.275,30.0,15-20%,75-100
00-0031941,Jamison Crowder,2019,NYJ,26.0,16.0,122,6,492,0.2479674796747967,24.79674796747967,158.70000000000002,9.91875,31.0,20-25%,100-125
00-0035640,DK Metcalf,2019,SEA,22.0,16.0,100,7,494,0.2024291497975708,20.24291497975708,158.1,9.88125,32.0,20-25%,100-125
00-0027685,Emmanuel Sanders,2019,DEN/SF,32.0,17.0,97,5,948,0.1023206751054852,10.23206751054852,157.3,9.25294117647059,33.0,10-15%,75-100
00-0029000,Cole Beasley,2019,BUF,30.0,15.0,106,6,485,0.2185567010309278,21.85567010309278,151.3,10.086666666666668,34.0,20-25%,100-125
00-0035535,Darius Slayton,2019,NYG,22.0,14.0,84,8,588,0.1428571428571428,14.28571428571428,146.0,10.428571428571429,35.0,10-15%,75-100
00-0033282,Curtis Samuel,2019,CAR,23.0,16.0,105,6,600,0.175,17.5,144.7,9.04375,36.0,15-20%,100-125
00-0022921,Larry Fitzgerald,2019,ARI,36.0,16.0,109,4,529,0.2060491493383743,20.604914933837428,139.9,8.74375,37.0,20-25%,100-125
00-0033536,Mike Williams,2019,LAC,25.0,15.0,90,2,576,0.15625,15.625,136.8,9.12,38.0,15-20%,75-100
00-0032688,Robbie Chosen,2019,NYJ,26.0,16.0,96,5,492,0.1951219512195122,19.51219512195122,136.3,8.51875,39.0,15-20%,75-100
00-0035216,Diontae Johnson,2019,PIT,23.0,16.0,92,5,485,0.1896907216494845,18.96907216494845,135.6,8.475,40.0,15-20%,75-100
00-0034775,Christian Kirk,2019,ARI,23.0,13.0,108,3,529,0.2041587901701323,20.415879017013232,134.2,10.323076923076922,41.0,20-25%,100-125
00-0032128,Chris Conley,2019,JAX,27.0,16.0,90,5,563,0.1598579040852575,15.98579040852575,133.0,8.3125,42.0,15-20%,75-100
00-0027891,Golden Tate,2019,NYG,31.0,11.0,85,6,588,0.1445578231292517,14.45578231292517,129.7,11.79090909090909,43.0,10-15%,75-100
00-0028002,Randall Cobb,2019,DAL,29.0,15.0,83,3,576,0.1440972222222222,14.40972222222222,127.4,8.493333333333334,44.0,10-15%,75-100
00-0033839,Dede Westbrook,2019,JAX,26.0,15.0,101,3,563,0.1793960923623445,17.93960923623445,123.7,8.246666666666666,45.0,15-20%,100-125
00-0035662,Marquise Brown,2019,BAL,22.0,14.0,71,7,424,0.1674528301886792,16.74528301886792,123.4,8.814285714285715,46.0,15-20%,50-75
00-0032160,Tyrell Williams,2019,LV,27.0,13.0,64,6,491,0.130346232179226,13.0346232179226,122.1,9.392307692307693,47.0,10-15%,50-75
00-0032054,Breshad Perriman,2019,TB,26.0,14.0,69,6,607,0.1136738056013179,11.36738056013179,120.1,8.578571428571427,48.0,10-15%,50-75
00-0033251,Zach Pascal,2019,IND,25.0,16.0,72,5,488,0.1475409836065573,14.754098360655728,114.8,7.175,49.0,10-15%,50-75
00-0032385,Sterling Shepard,2019,NYG,26.0,10.0,83,3,588,0.141156462585034,14.1156462585034,113.3,11.33,50.0,10-15%,75-100
00-0031325,Sammy Watkins,2019,KC,26.0,13.0,90,3,558,0.1612903225806451,16.12903225806451,112.5,8.653846153846153,51.0,15-20%,75-100
00-0034676,James Washington,2019,PIT,23.0,15.0,80,3,485,0.1649484536082474,16.49484536082474,111.5,7.433333333333334,52.0,15-20%,75-100
00-0035140,Mecole Hardman,2019,KC,21.0,16.0,41,6,558,0.0734767025089605,7.34767025089605,110.5,6.90625,53.0,<10%,<50
00-0026035,Danny Amendola,2019,DET,34.0,15.0,97,1,550,0.1763636363636363,17.63636363636363,109.56,7.304,54.0,15-20%,75-100
00-0033127,Will Fuller,2019,HOU,25.0,11.0,71,3,518,0.137065637065637,13.7065637065637,109.5,9.954545454545457,55.0,10-15%,50-75
00-0034983,Hunter Renfrow,2019,LV,24.0,13.0,71,4,491,0.1446028513238289,14.460285132382891,109.0,8.384615384615385,56.0,10-15%,50-75
00-0029608,T.Y. Hilton,2019,IND,30.0,10.0,68,5,488,0.1393442622950819,13.93442622950819,102.6,10.26,57.0,10-15%,50-75
00-0034353,Anthony Miller,2019,CHI,25.0,16.0,85,2,566,0.1501766784452297,15.01766784452297,101.5,6.34375,58.0,15-20%,75-100
00-0029137,Alshon Jeffery,2019,PHI,29.0,9.0,73,4,604,0.1208609271523178,12.08609271523178,100.7,11.18888888888889,59.0,10-15%,50-75
00-0030085,Kenny Stills,2019,HOU,27.0,13.0,55,4,518,0.1061776061776061,10.617760617760611,100.1,7.699999999999999,60.0,10-15%,50-75
00-0030035,Adam Thielen,2019,MIN,29.0,10.0,48,6,442,0.1085972850678733,10.85972850678733,99.4,9.94,61.0,10-15%,<50
00-0031236,Brandin Cooks,2019,LA,26.0,14.0,72,2,612,0.1176470588235294,11.76470588235294,96.5,6.892857142857143,62.0,10-15%,50-75
00-0029632,Mohamed Sanu,2019,ATL/NE,30.0,15.0,89,2,1242,0.071658615136876,7.1658615136876005,94.6,6.306666666666667,63.0,<10%,75-100
00-0033871,Corey Davis,2019,TEN,24.0,15.0,69,2,428,0.161214953271028,16.1214953271028,93.6,6.239999999999999,64.0,15-20%,50-75
00-0034928,Steven Sims,2019,WAS,22.0,16.0,56,4,464,0.1206896551724138,12.06896551724138,92.5,5.78125,65.0,10-15%,50-75
00-0033857,JuJu Smith-Schuster,2019,PIT,23.0,12.0,70,3,485,0.1443298969072164,14.43298969072164,92.2,7.683333333333334,66.0,10-15%,50-75
00-0032208,Phillip Dorsett,2019,NE,26.0,11.0,54,5,587,0.0919931856899489,9.19931856899489,86.3,7.845454545454545,67.0,<10%,50-75
00-0034521,Allen Lazard,2019,GB,24.0,12.0,52,3,542,0.0959409594095941,9.59409594095941,85.3,7.108333333333333,68.0,<10%,50-75
00-0032775,Demarcus Robinson,2019,KC,25.0,15.0,55,4,558,0.0985663082437276,9.85663082437276,84.9,5.66,69.0,<10%,50-75
00-0033307,Kendrick Bourne,2019,SF,24.0,16.0,44,5,467,0.0942184154175588,9.42184154175588,82.8,5.175,70.0,<10%,<50
00-0034686,Auden Tate,2019,CIN,22.0,12.0,80,1,589,0.1358234295415959,13.582342954159593,81.5,6.791666666666667,71.0,10-15%,75-100
00-0033460,John Ross,2019,CIN,24.0,8.0,56,3,589,0.0950764006791171,9.50764006791171,81.0,10.125,72.0,<10%,50-75
00-0030663,Willie Snead,2019,BAL,27.0,16.0,46,5,424,0.1084905660377358,10.84905660377358,79.6,4.975,73.0,10-15%,<50
00-0032543,Alex Erickson,2019,CIN,27.0,16.0,78,0,589,0.132427843803056,13.2427843803056,78.74,4.92125,74.0,10-15%,75-100
00-0034411,Russell Gage,2019,ATL,23.0,14.0,74,1,655,0.1129770992366412,11.29770992366412,76.3,5.45,75.0,10-15%,50-75
00-0031228,Taylor Gabriel,2019,CHI,28.0,9.0,48,4,566,0.0848056537102473,8.48056537102473,75.8,8.422222222222222,76.0,<10%,<50
00-0035350,Preston Williams,2019,MIA,22.0,8.0,60,3,606,0.099009900990099,9.9009900990099,74.8,9.35,77.0,<10%,50-75
00-0031549,Nelson Agholor,2019,PHI,26.0,11.0,69,3,604,0.1142384105960264,11.42384105960264,74.5,6.7727272727272725,78.0,10-15%,50-75
00-0034272,Marquez Valdes-Scantling,2019,GB,25.0,15.0,56,2,542,0.1033210332103321,10.33210332103321,71.1,4.739999999999999,79.0,10-15%,50-75
00-0025396,Ted Ginn,2019,NO,34.0,15.0,56,2,559,0.1001788908765653,10.01788908765653,70.9,4.726666666666668,80.0,10-15%,50-75
00-0032778,Tajae Sharpe,2019,TEN,25.0,13.0,35,4,428,0.0817757009345794,8.177570093457941,69.39999999999999,5.338461538461538,81.0,<10%,<50
00-0032009,Adam Humphries,2019,TEN,26.0,12.0,47,2,428,0.1098130841121495,10.98130841121495,68.0,5.666666666666667,82.0,10-15%,<50
00-0030669,Albert Wilson,2019,MIA,27.0,13.0,62,1,606,0.1023102310231023,10.23102310231023,67.9,5.223076923076923,83.0,10-15%,50-75
00-0030821,Allen Hurns,2019,MIA,28.0,14.0,47,2,606,0.0775577557755775,7.75577557755775,67.6,4.828571428571428,84.0,<10%,<50
00-0027874,Demaryius Thomas,2019,NYJ,32.0,11.0,58,1,492,0.1178861788617886,11.78861788617886,67.3,6.118181818181818,85.0,10-15%,50-75
00-0033681,Keelan Cole,2019,JAX,26.0,12.0,35,3,563,0.0621669626998223,6.216696269982229,66.7,5.558333333333334,86.0,<10%,<50
00-0035006,Bisi Johnson,2019,MIN,22.0,13.0,45,3,442,0.1018099547511312,10.18099547511312,63.5,4.884615384615385,87.0,10-15%,<50
00-0034765,Tre'Quan Smith,2019,NO,23.0,10.0,25,5,559,0.0447227191413237,4.47227191413237,62.400000000000006,6.24,88.0,<10%,<50
00-0029664,Josh Gordon,2019,NE/SEA,28.0,11.0,47,1,1081,0.0434782608695652,4.347826086956521,60.2,5.472727272727273,89.0,<10%,<50
00-0032626,Geronimo Allison,2019,GB,25.0,15.0,55,2,542,0.1014760147601476,10.14760147601476,58.4,3.893333333333333,90.0,10-15%,50-75
00-0031868,Damiere Byrd,2019,ARI,26.0,11.0,46,1,529,0.0869565217391304,8.695652173913041,55.9,5.081818181818182,91.0,<10%,<50
00-0031344,Cody Latimer,2019,NYG,27.0,14.0,42,2,588,0.0714285714285714,7.14285714285714,54.0,3.857142857142857,92.0,<10%,<50
00-0035297,Kelvin Harmon,2019,WAS,23.0,15.0,44,0,464,0.0948275862068965,9.482758620689651,51.94,3.4626666666666663,93.0,<10%,<50
00-0033943,Josh Reynolds,2019,LA,24.0,16.0,43,1,612,0.0702614379084967,7.0261437908496704,51.4,3.2125,94.0,<10%,<50
00-0033589,David Moore,2019,SEA,24.0,14.0,34,2,494,0.068825910931174,6.882591093117401,51.1,3.65,95.0,<10%,<50
00-0031257,Paul Richardson,2019,WAS,27.0,10.0,42,2,464,0.0905172413793103,9.05172413793103,50.5,5.05,96.0,<10%,<50
00-0033466,Isaiah McKenzie,2019,BUF,24.0,12.0,39,1,485,0.0804123711340206,8.04123711340206,49.8,4.15,97.0,<10%,<50
00-0034370,DaeSean Hamilton,2019,DEN,24.0,13.0,52,1,481,0.1081081081081081,10.81081081081081,49.7,3.8230769230769233,98.0,10-15%,50-75
00-0031166,Seth Roberts,2019,BAL,28.0,14.0,35,2,424,0.0825471698113207,8.25471698113207,49.6,3.542857142857143,99.0,<10%,<50
00-0034960,Jakobi Meyers,2019,NE,23.0,11.0,41,0,587,0.06984667802385,6.984667802385,48.9,4.445454545454545,100.0,<10%,<50
00-0032980,Marcus Johnson,2019,IND,25.0,8.0,33,2,488,0.0676229508196721,6.76229508196721,48.2,6.025,101.0,<10%,<50
00-0033733,Greg Ward,2019,PHI,24.0,6.0,40,1,604,0.0662251655629139,6.62251655629139,45.900000000000006,7.650000000000001,102.0,<10%,<50
00-0035703,Miles Boykin,2019,BAL,23.0,12.0,22,3,424,0.0518867924528301,5.18867924528301,44.3,3.6916666666666655,103.0,<10%,<50
00-0033111,Pharoh Cooper,2019,ARI,24.0,12.0,33,1,529,0.0623818525519848,6.23818525519848,43.0,3.583333333333333,104.0,<10%,<50
00-0029572,Jarius Wright,2019,CAR,30.0,16.0,58,0,600,0.0966666666666666,9.66666666666666,42.9,2.68125,105.0,<10%,50-75
00-0034631,Vyncint Smith,2019,NYJ,23.0,13.0,31,0,492,0.0630081300813008,6.30081300813008,42.2,3.246153846153846,106.0,<10%,<50
00-0034366,Keke Coutee,2019,HOU,22.0,8.0,36,0,518,0.0694980694980695,6.94980694980695,41.8,5.2250000000000005,107.0,<10%,<50
00-0030525,Tavon Austin,2019,DAL,29.0,14.0,24,1,576,0.0416666666666666,4.16666666666666,40.9,2.921428571428572,108.0,<10%,<50
00-0030300,Jaron Brown,2019,SEA,29.0,10.0,28,2,494,0.0566801619433198,5.66801619433198,40.0,4.0,109.0,<10%,<50
00-0032355,Chester Rogers,2019,IND,25.0,10.0,28,2,488,0.0573770491803278,5.73770491803278,39.7,3.97,110.0,<10%,<50
00-0034339,Trey Quinn,2019,WAS,24.0,12.0,47,1,464,0.1012931034482758,10.12931034482758,38.8,3.233333333333333,111.0,10-15%,<50
00-0032791,Jakeem Grant,2019,MIA,27.0,9.0,33,0,606,0.0544554455445544,5.44554455445544,38.4,4.266666666666667,112.0,<10%,<50
00-0034867,Malik Turner,2019,SEA,23.0,11.0,22,1,494,0.0445344129554655,4.45344129554655,38.0,3.4545454545454546,113.0,<10%,<50
00-0033471,Isaiah Ford,2019,MIA,23.0,8.0,35,0,606,0.0577557755775577,5.77557755775577,37.0,4.625,114.0,<10%,<50
00-0033094,Marvin Hall,2019,DET,26.0,7.0,11,1,550,0.02,2.0,36.3,5.185714285714286,115.0,<10%,<50
00-0035287,KeeSean Johnson,2019,ARI,23.0,10.0,42,1,529,0.0793950850661625,7.939508506616249,35.5,3.55,116.0,<10%,<50
00-0033891,Zay Jones,2019,BUF/LV,24.0,14.0,45,0,976,0.0461065573770491,4.61065573770491,35.4,2.5285714285714285,117.0,<10%,<50
00-0034386,Justin Watson,2019,TB,23.0,9.0,26,2,607,0.042833607907743,4.2833607907743,35.4,3.933333333333333,118.0,<10%,<50
00-0030670,Bennie Fowler,2019,NYG,28.0,8.0,36,0,588,0.0612244897959183,6.122448979591829,34.8,4.35,119.0,<10%,<50
00-0035298,Scott Miller,2019,TB,22.0,9.0,26,1,607,0.042833607907743,4.2833607907743,34.1,3.788888888888889,120.0,<10%,<50
00-0031787,Jake Kumerow,2019,GB,27.0,11.0,21,1,542,0.0387453874538745,3.87453874538745,33.9,3.0818181818181816,121.0,<10%,<50
00-0034426,Javon Wims,2019,CHI,25.0,11.0,39,1,566,0.0689045936395759,6.890459363957591,33.6,3.0545454545454547,122.0,<10%,<50
00-0026189,DeSean Jackson,2019,PHI,33.0,2.0,10,2,604,0.0165562913907284,1.65562913907284,32.4,16.2,123.0,<10%,<50
00-0030068,Marquise Goodwin,2019,SF,29.0,8.0,21,1,467,0.0449678800856531,4.49678800856531,32.099999999999994,4.012499999999999,124.0,<10%,<50
00-0034273,Damion Ratley,2019,CLE,24.0,9.0,24,1,517,0.04642166344294,4.642166344294,32.0,3.555555555555556,125.0,<10%,<50
00-0035527,Andy Isabella,2019,ARI,23.0,12.0,13,1,529,0.0245746691871455,2.45746691871455,30.9,2.575,126.0,<10%,<50
00-0033375,Tim Patrick,2019,DEN,26.0,8.0,31,0,481,0.0644490644490644,6.44490644490644,29.8,3.725,127.0,<10%,<50
00-0035639,Parris Campbell,2019,IND,22.0,7.0,24,1,488,0.0491803278688524,4.91803278688524,29.1,4.157142857142857,128.0,<10%,<50
00-0034860,Dante Pettis,2019,SF,24.0,9.0,24,2,467,0.0513918629550321,5.13918629550321,29.04,3.2266666666666666,129.0,<10%,<50
00-0031570,Justin Hardy,2019,ATL,28.0,12.0,26,0,655,0.0396946564885496,3.96946564885496,29.0,2.4166666666666665,130.0,<10%,<50
00-0034297,Byron Pringle,2019,KC,26.0,12.0,16,1,558,0.028673835125448,2.8673835125448,29.0,2.4166666666666665,131.0,<10%,<50
00-0032951,Laquon Treadwell,2019,MIN,24.0,10.0,16,1,442,0.0361990950226244,3.61990950226244,28.9,2.89,132.0,<10%,<50
00-0032945,Duke Williams,2019,BUF,26.0,4.0,19,1,485,0.0391752577319587,3.91752577319587,28.6,7.15,133.0,<10%,<50
00-0035246,J.J. Arcega-Whiteside,2019,PHI,23.0,9.0,22,1,604,0.0364238410596026,3.64238410596026,27.9,3.1,134.0,<10%,<50
00-0032423,Trevor Davis,2019,GB/LV/MIA,26.0,14.0,11,0,1639,0.0067114093959731,0.6711409395973099,26.4,1.885714285714286,135.0,<10%,<50
00-0032200,Ty Montgomery,2019,NYJ,26.0,15.0,17,0,492,0.0345528455284552,3.4552845528455203,25.8,1.72,136.0,<10%,<50
00-0034286,Richie James,2019,SF,24.0,16.0,10,1,467,0.0214132762312633,2.14132762312633,25.4,1.5875,137.0,<10%,<50
00-0032464,Kalif Raymond,2019,TEN,25.0,8.0,12,1,428,0.02803738317757,2.803738317757,25.0,3.125,138.0,<10%,<50
00-0028411,Dontrelle Inman,2019,IND/LAC,30.0,7.0,21,0,1064,0.0197368421052631,1.9736842105263104,24.1,3.442857142857143,139.0,<10%,<50
00-0031763,DeAndre Carter,2019,HOU,26.0,16.0,14,0,518,0.027027027027027,2.7027027027027,21.7,1.35625,140.0,<10%,<50
00-0031934,Devin Smith,2019,DAL,27.0,3.0,9,1,576,0.015625,1.5625,19.8,6.599999999999999,141.0,<10%,<50
00-0035208,Olamide Zaccheaus,2019,ATL,22.0,6.0,5,1,655,0.0076335877862595,0.76335877862595,19.0,3.1666666666666665,142.0,<10%,<50
00-0035120,Keelan Doss,2019,LV,23.0,6.0,14,0,491,0.0285132382892057,2.8513238289205702,18.8,3.1333333333333333,143.0,<10%,<50
00-0033555,Mack Hollins,2019,MIA/PHI,26.0,12.0,23,0,1210,0.0190082644628099,1.9008264462809896,17.5,1.4583333333333333,144.0,<10%,<50
00-0034406,Deon Cain,2019,IND/PIT,23.0,11.0,20,0,973,0.0205549845837615,2.05549845837615,16.9,1.5363636363636362,145.0,<10%,<50
00-0034052,Brandon Zylstra,2019,CAR,26.0,5.0,12,0,600,0.02,2.0,14.6,2.92,146.0,<10%,<50
00-0034132,Christian Blake,2019,ATL,23.0,7.0,24,0,655,0.0366412213740458,3.664122137404581,14.6,2.085714285714286,147.0,<10%,<50
00-0034419,Braxton Berrios,2019,NYJ,24.0,16.0,13,0,492,0.0264227642276422,2.6422764227642204,14.5,0.90625,148.0,<10%,<50
00-0035215,Deonte Harty,2019,NO,22.0,14.0,6,0,559,0.0107334525939177,1.07334525939177,14.5,1.0357142857142858,149.0,<10%,<50
00-0027793,Antonio Brown,2019,NE,31.0,1.0,8,1,587,0.0136286201022146,1.36286201022146,14.1,14.1,150.0,<10%,<50
00-0034660,Rico Gafford,2019,LV,23.0,3.0,2,1,491,0.0040733197556008,0.40733197556008,13.6,4.533333333333334,151.0,<10%,<50
00-0032977,Rashard Higgins,2019,CLE,25.0,7.0,11,1,517,0.0212765957446808,2.12765957446808,13.5,1.9285714285714288,152.0,<10%,<50
00-0033572,Jamal Agnew,2019,DET,24.0,13.0,2,0,550,0.0036363636363636,0.36363636363636,13.2,1.0153846153846156,153.0,<10%,<50
00-0034772,Antonio Callaway,2019,CLE,22.0,4.0,15,0,517,0.0290135396518375,2.9013539651837497,12.9,3.225,154.0,<10%,<50
00-0035401,Damion Willis,2019,CIN,22.0,7.0,16,0,589,0.0271646859083191,2.71646859083191,12.7,1.8142857142857145,155.0,<10%,<50
00-0034747,Marcell Ateman,2019,LV,25.0,4.0,10,0,491,0.020366598778004,2.0366598778004,12.1,3.025,156.0,<10%,<50
00-0032112,J.J. Nelson,2019,LV,27.0,1.0,5,1,491,0.010183299389002,1.0183299389002,11.6,11.6,157.0,<10%,<50
00-0031189,T.J. Jones,2019,NYG,27.0,3.0,4,1,588,0.0068027210884353,0.6802721088435301,11.3,3.766666666666667,158.0,<10%,<50
00-0034510,Robert Foster,2019,BUF,25.0,10.0,18,0,485,0.0371134020618556,3.71134020618556,10.8,1.08,159.0,<10%,<50
00-0028237,Chris Hogan,2019,CAR,32.0,7.0,15,0,600,0.025,2.5,10.7,1.5285714285714285,160.0,<10%,<50
00-0034487,Trent Sherfield,2019,ARI,23.0,10.0,13,0,529,0.0245746691871455,2.45746691871455,10.0,1.0,161.0,<10%,<50
00-0035590,Riley Ridley,2019,CHI,23.0,3.0,7,0,566,0.0123674911660777,1.23674911660777,9.9,3.3000000000000003,162.0,<10%,<50
00-0034854,KhaDarel Hodge,2019,CLE,24.0,12.0,10,0,517,0.0193423597678916,1.93423597678916,9.6,0.7999999999999999,163.0,<10%,<50
00-0033705,Andre Patton,2019,LAC,25.0,8.0,17,0,576,0.0295138888888888,2.95138888888888,8.6,1.075,164.0,<10%,<50
00-0032728,Tevin Jones,2019,PIT,27.0,4.0,10,0,485,0.0206185567010309,2.06185567010309,8.1,2.025,165.0,<10%,<50
00-0034309,Chad Beebe,2019,MIN,25.0,3.0,2,0,442,0.004524886877828,0.4524886877828,8.0,2.6666666666666665,166.0,<10%,<50
00-0035548,Ventell Bryant,2019,DAL,23.0,7.0,1,1,576,0.0017361111111111,0.17361111111111,8.0,1.1428571428571428,167.0,<10%,<50
00-0034593,Chris Lacy,2019,DET,23.0,4.0,10,0,550,0.0181818181818181,1.81818181818181,7.5,1.875,168.0,<10%,<50
00-0031511,DeAndrew White,2019,CAR,28.0,8.0,9,0,600,0.015,1.5,7.1,0.8875,169.0,<10%,<50
00-0034418,Cedrick Wilson Jr.,2019,DAL,24.0,4.0,8,0,576,0.0138888888888888,1.38888888888888,7.1,1.775,170.0,<10%,<50
00-0033562,Ryan Switzer,2019,PIT,25.0,9.0,11,0,485,0.022680412371134,2.2680412371134,6.7,0.7444444444444445,171.0,<10%,<50
00-0029269,Travis Benjamin,2019,LAC,30.0,5.0,16,0,576,0.0277777777777777,2.77777777777777,6.0,1.2,173.0,<10%,<50
00-0034653,Deontay Burnett,2019,PHI,22.0,1.0,4,0,604,0.0066225165562913,0.66225165562913,5.8,5.8,174.0,<10%,<50
00-0035104,Alexander Hollins,2019,MIN,23.0,2.0,4,0,442,0.0090497737556561,0.90497737556561,5.6,2.8,175.0,<10%,<50
00-0031953,Geremy Davis,2019,LAC,27.0,6.0,3,0,576,0.0052083333333333,0.52083333333333,5.3,0.8833333333333333,176.0,<10%,<50
00-0035432,Jason Moore,2019,LAC,24.0,6.0,5,0,576,0.0086805555555555,0.86805555555555,5.3,0.8833333333333333,177.0,<10%,<50
00-0033434,Bobo Wilson,2019,TB,24.0,6.0,11,0,607,0.0181219110378912,1.81219110378912,5.0,0.8333333333333334,178.0,<10%,<50
00-0031319,Diontae Spencer,2019,DEN,27.0,16.0,8,0,481,0.0166320166320166,1.6632016632016602,4.7,0.29375,179.0,<10%,<50
00-0032055,Devin Funchess,2019,IND,25.0,1.0,5,0,488,0.0102459016393442,1.0245901639344202,4.7,4.7,180.0,<10%,<50
00-0034081,Steven Mitchell,2019,HOU,25.0,2.0,6,0,518,0.0115830115830115,1.15830115830115,4.7,2.35,181.0,<10%,<50
00-0032935,Johnny Holton,2019,PIT,28.0,12.0,15,0,485,0.0309278350515463,3.09278350515463,4.5,0.375,182.0,<10%,<50
00-0035645,Gunner Olszewski,2019,NE,23.0,8.0,4,0,587,0.0068143100511073,0.6814310051107301,4.4,0.55,183.0,<10%,<50
00-0034922,Ishmael Hyman,2019,TB,24.0,2.0,4,0,607,0.0065897858319604,0.65897858319604,4.4,2.2,184.0,<10%,<50
00-0032795,Cody Core,2019,NYG,25.0,7.0,5,0,588,0.0085034013605442,0.8503401360544199,4.3,0.6142857142857142,185.0,<10%,<50
00-0027691,Andre Roberts,2019,BUF,31.0,13.0,7,0,485,0.0144329896907216,1.44329896907216,4.2,0.3230769230769231,186.0,<10%,<50
00-0026986,Michael Crabtree,2019,ARI,32.0,2.0,5,0,529,0.0094517958412098,0.94517958412098,4.199999999999999,2.1,187.0,<10%,<50
00-0033367,C.J. Board,2019,JAX,26.0,2.0,4,0,563,0.0071047957371225,0.71047957371225,4.1,2.05,188.0,<10%,<50
00-0030147,Russell Shepard,2019,NYG,29.0,2.0,8,0,588,0.0136054421768707,1.36054421768707,4.0,2.0,189.0,<10%,<50
00-0031339,Donte Moncrief,2019,PIT,26.0,4.0,15,0,485,0.0309278350515463,3.09278350515463,3.8,0.95,190.0,<10%,<50
00-0034104,Cam Sims,2019,WAS,23.0,3.0,3,0,464,0.0064655172413793,0.6465517241379299,3.7,1.2333333333333334,191.0,<10%,<50
00-0034256,Da'Mari Scott,2019,NYG,24.0,5.0,3,0,588,0.0051020408163265,0.51020408163265,3.7,0.74,192.0,<10%,<50
00-0032398,Chris Moore,2019,BAL,26.0,7.0,5,0,424,0.0117924528301886,1.17924528301886,3.6,0.5142857142857142,193.0,<10%,<50
00-0031431,Marqise Lee,2019,JAX,28.0,4.0,4,0,563,0.0071047957371225,0.71047957371225,3.4000000000000004,0.8500000000000001,194.0,<10%,<50
00-0031068,Ryan Grant,2019,LV,29.0,2.0,9,0,491,0.0183299389002036,1.83299389002036,3.3999999999999995,1.6999999999999995,195.0,<10%,<50
00-0035399,Stanley Morgan,2019,CIN,23.0,7.0,10,0,589,0.0169779286926994,1.6977928692699402,3.3,0.4714285714285714,196.0,<10%,<50
00-0033994,Fred Brown,2019,DEN,26.0,6.0,3,0,481,0.0062370062370062,0.62370062370062,3.1,0.5166666666666667,197.0,<10%,<50
00-0029319,Josh Bellamy,2019,NYJ,30.0,5.0,3,0,492,0.0060975609756097,0.60975609756097,3.0,0.6,198.0,<10%,<50
00-0031972,Darius Jennings,2019,TEN,27.0,8.0,5,0,428,0.0116822429906542,1.16822429906542,2.7,0.3375,199.0,<10%,<50
00-0033530,Robert Davis,2019,PHI/WAS,24.0,3.0,5,0,1068,0.0046816479400749,0.4681647940074899,2.7,0.9,200.0,<10%,<50
00-0035021,Ashton Dulin,2019,IND,22.0,8.0,2,0,488,0.0040983606557377,0.40983606557377,2.7,0.3374999999999999,201.0,<10%,<50
00-0035374,Michael Walker,2019,JAX,23.0,7.0,3,0,563,0.0053285968028419,0.5328596802841901,2.5,0.3571428571428571,202.0,<10%,<50
00-0033114,Mike Thomas,2019,LA,25.0,7.0,5,0,612,0.0081699346405228,0.81699346405228,2.4,0.3428571428571428,203.0,<10%,<50
00-0033386,Cody Hollister,2019,TEN,26.0,3.0,2,0,428,0.0046728971962616,0.46728971962616,2.3,0.7666666666666666,204.0,<10%,<50
00-0034034,Rashard Davis,2019,TEN,24.0,1.0,1,0,428,0.0023364485981308,0.23364485981308,2.1,2.1,205.0,<10%,<50
00-0035510,Jeff Smith,2019,NYJ,22.0,1.0,2,0,492,0.0040650406504065,0.40650406504065,1.7000000000000002,1.7000000000000002,206.0,<10%,<50
00-0031060,De'Anthony Thomas,2019,BAL/KC,26.0,14.0,2,0,982,0.0020366598778004,0.20366598778004,1.6,0.1142857142857143,207.0,<10%,<50
00-0035597,John Ursua,2019,SEA,25.0,1.0,1,0,494,0.0020242914979757,0.2024291497975699,1.6,1.6,208.0,<10%,<50
00-0033382,Austin Carr,2019,NO,26.0,2.0,4,0,559,0.0071556350626118,0.71556350626118,1.4,0.7,209.0,<10%,<50
00-0028114,Dwayne Harris,2019,LV,32.0,3.0,1,0,491,0.0020366598778004,0.20366598778004,1.2,0.3999999999999999,210.0,<10%,<50
00-0034267,Jaleel Scott,2019,BAL,24.0,1.0,3,0,424,0.0070754716981132,0.70754716981132,1.1,1.1,211.0,<10%,<50
00-0033604,Krishawn Hogan,2019,NO,24.0,1.0,1,0,559,0.0017889087656529,0.17889087656529,0.8999999999999999,0.8999999999999999,213.0,<10%,<50
00-0033215,Cyril Grayson,2019,TB,26.0,1.0,1,0,607,0.0016474464579901,0.16474464579901,0.8,0.8,214.0,<10%,<50
00-0035181,Darrius Shepherd,2019,GB,24.0,6.0,2,0,542,0.003690036900369,0.3690036900369,0.6000000000000001,0.1,215.0,<10%,<50
00-0031023,Quincy Enunwa,2019,NYJ,27.0,1.0,3,0,492,0.0060975609756097,0.60975609756097,0.0999999999999999,0.0999999999999999,216.0,<10%,<50
00-0033911,Taywan Taylor,2019,CLE,24.0,2.0,1,0,517,0.0019342359767891,0.19342359767891,0.0,0.0,220.0,<10%,<50
00-0033933,Chad Williams,2019,IND,25.0,1.0,1,0,488,0.0020491803278688,0.20491803278688,0.0,0.0,221.0,<10%,<50
00-0035406,Lil'Jordan Humphrey,2019,NO,21.0,1.0,1,0,559,0.0017889087656529,0.17889087656529,0.0,0.0,224.0,<10%,<50
00-0035414,Jalen Guyton,2019,LAC,22.0,1.0,2,0,576,0.0034722222222222,0.34722222222222,0.0,0.0,225.0,<10%,<50
00-0035592,Travis Fulgham,2019,DET,24.0,2.0,3,0,550,0.0054545454545454,0.5454545454545401,0.0,0.0,228.0,<10%,<50
00-0031381,Davante Adams,2020,GB,28.0,14.0,149,18,501,0.2974051896207584,29.74051896207584,300.90000000000003,21.492857142857144,1.0,25-30%,125-150
00-0033040,Tyreek Hill,2020,KC,26.0,15.0,135,15,611,0.220949263502455,22.0949263502455,285.4,19.026666666666664,2.0,20-25%,125-150
00-0031588,Stefon Diggs,2020,BUF,27.0,16.0,166,8,572,0.2902097902097902,29.02097902097902,265.1,16.56875,3.0,25-30%,150+
00-0034837,Calvin Ridley,2020,ATL,26.0,15.0,143,9,605,0.2363636363636363,23.63636363636363,236.5,15.766666666666667,4.0,20-25%,125-150
00-0030564,DeAndre Hopkins,2020,ARI,28.0,16.0,160,6,545,0.2935779816513761,29.35779816513761,230.3,14.39375,5.0,25-30%,150+
00-0036322,Justin Jefferson,2020,MIN,21.0,16.0,125,7,485,0.2577319587628865,25.77319587628865,230.2,14.3875,6.0,25-30%,125-150
00-0035640,DK Metcalf,2020,SEA,23.0,16.0,129,10,537,0.2402234636871508,24.02234636871508,229.8,14.3625,7.0,20-25%,125-150
00-0030035,Adam Thielen,2020,MIN,30.0,15.0,108,14,485,0.222680412371134,22.2680412371134,217.0,14.466666666666669,8.0,20-25%,100-125
00-0032211,Tyler Lockett,2020,SEA,28.0,16.0,132,10,537,0.2458100558659217,24.58100558659217,215.4,13.4625,9.0,20-25%,125-150
00-0031408,Mike Evans,2020,TB,27.0,16.0,109,13,606,0.1798679867986798,17.98679867986798,213.6,13.35,10.0,15-20%,100-125
00-0035676,A.J. Brown,2020,TEN,23.0,14.0,106,11,468,0.2264957264957265,22.64957264957265,212.5,15.178571428571429,11.0,20-25%,100-125
00-0031428,Allen Robinson,2020,CHI,27.0,16.0,151,6,596,0.2533557046979866,25.335570469798657,211.9,13.24375,12.0,25-30%,150+
00-0030431,Robert Woods,2020,LA,28.0,16.0,129,6,562,0.2295373665480427,22.953736654804267,200.1,12.50625,13.0,20-25%,125-150
00-0030279,Keenan Allen,2020,LAC,28.0,14.0,147,8,611,0.2405891980360065,24.05891980360065,195.1,13.935714285714283,14.0,20-25%,125-150
00-0031236,Brandin Cooks,2020,HOU,27.0,15.0,119,6,525,0.2266666666666666,22.66666666666666,191.5,12.766666666666667,15.0,20-25%,100-125
00-0031544,Amari Cooper,2020,DAL,26.0,16.0,130,5,617,0.2106969205834684,21.06969205834684,190.8,11.925,16.0,20-25%,125-150
00-0029293,Marvin Jones,2020,DET,30.0,16.0,115,9,562,0.2046263345195729,20.46263345195729,189.8,11.8625,17.0,20-25%,100-125
00-0033857,JuJu Smith-Schuster,2020,PIT,24.0,16.0,128,9,652,0.1963190184049079,19.63190184049079,185.6,11.6,18.0,15-20%,125-150
00-0036326,Chase Claypool,2020,PIT,22.0,16.0,109,9,652,0.1671779141104294,16.71779141104294,183.9,11.49375,19.0,15-20%,100-125
00-0036358,CeeDee Lamb,2020,DAL,21.0,16.0,111,5,617,0.179902755267423,17.9902755267423,180.7,11.29375,20.0,15-20%,100-125
00-0035659,Terry McLaurin,2020,WAS,25.0,15.0,134,4,573,0.2338568935427574,23.38568935427574,180.3,12.02,21.0,20-25%,125-150
00-0035216,Diontae Johnson,2020,PIT,24.0,15.0,144,7,652,0.2208588957055214,22.08588957055214,179.8,11.986666666666668,22.0,20-25%,125-150
00-0034827,DJ Moore,2020,CAR,23.0,15.0,118,4,527,0.2239089184060721,22.39089184060721,178.5,11.9,23.0,20-25%,100-125
00-0032688,Robbie Chosen,2020,CAR,27.0,16.0,136,3,527,0.2580645161290322,25.80645161290322,176.6,11.0375,24.0,25-30%,125-150
00-0033282,Curtis Samuel,2020,CAR,24.0,15.0,97,3,527,0.1840607210626186,18.40607210626186,173.6,11.573333333333332,25.0,15-20%,75-100
00-0029000,Cole Beasley,2020,BUF,31.0,15.0,107,4,572,0.187062937062937,18.7062937062937,166.5,11.1,26.0,15-20%,100-125
00-0033908,Cooper Kupp,2020,LA,27.0,15.0,124,3,562,0.2206405693950178,22.064056939501786,164.7,10.98,27.0,20-25%,100-125
00-0033127,Will Fuller,2020,HOU,26.0,11.0,75,8,525,0.1428571428571428,14.28571428571428,162.4,14.763636363636364,28.0,10-15%,75-100
00-0031549,Nelson Agholor,2020,LV,27.0,16.0,82,8,523,0.1567877629063097,15.67877629063097,161.6,10.1,29.0,15-20%,75-100
00-0036410,Tee Higgins,2020,CIN,21.0,15.0,108,6,566,0.1908127208480565,19.08127208480565,161.1,10.74,30.0,15-20%,100-125
00-0033871,Corey Davis,2020,TEN,25.0,14.0,92,5,468,0.1965811965811965,19.65811965811965,158.9,11.35,31.0,15-20%,75-100
00-0033921,Chris Godwin Jr.,2020,TB,24.0,12.0,84,7,606,0.1386138613861386,13.86138613861386,158.5,13.208333333333334,32.0,10-15%,75-100
00-0036261,Brandon Aiyuk,2020,SF,22.0,12.0,96,5,554,0.1732851985559566,17.32851985559566,154.5,12.875,33.0,15-20%,75-100
00-0035662,Marquise Brown,2020,BAL,23.0,16.0,100,8,392,0.2551020408163265,25.510204081632647,154.0,9.625,34.0,25-30%,100-125
00-0033009,Tyler Boyd,2020,CIN,26.0,15.0,110,4,566,0.1943462897526501,19.43462897526501,153.14,10.209333333333332,35.0,15-20%,100-125
00-0031382,Jarvis Landry,2020,CLE,28.0,15.0,101,3,467,0.2162740899357601,21.62740899357601,151.96,10.130666666666666,36.0,20-25%,100-125
00-0034411,Russell Gage,2020,ATL,24.0,16.0,109,4,605,0.1801652892561983,18.01652892561983,145.06,9.06625,37.0,15-20%,100-125
00-0034764,Michael Gallup,2020,DAL,24.0,16.0,105,5,617,0.1701782820097244,17.01782820097244,143.8,8.9875,38.0,15-20%,100-125
00-0031941,Jamison Crowder,2020,NYJ,27.0,12.0,89,6,463,0.1922246220302375,19.22246220302375,142.52,11.876666666666669,39.0,15-20%,75-100
00-0029608,T.Y. Hilton,2020,IND,31.0,15.0,93,5,535,0.1738317757009345,17.38317757009345,136.20000000000002,9.080000000000002,40.0,15-20%,75-100
00-0033375,Tim Patrick,2020,DEN,27.0,15.0,79,6,533,0.148217636022514,14.8217636022514,135.7,9.046666666666663,41.0,10-15%,75-100
00-0031547,DeVante Parker,2020,MIA,27.0,14.0,103,4,547,0.1882998171846435,18.82998171846435,134.8,9.62857142857143,42.0,15-20%,100-125
00-0027685,Emmanuel Sanders,2020,NO,33.0,14.0,82,5,508,0.1614173228346456,16.14173228346456,134.3,9.592857142857143,43.0,15-20%,75-100
00-0036407,Jerry Jeudy,2020,DEN,21.0,16.0,113,3,533,0.2120075046904315,21.20075046904315,131.6,8.225,44.0,20-25%,100-125
00-0033536,Mike Williams,2020,LAC,26.0,14.0,85,5,611,0.1391162029459901,13.91162029459901,129.7,9.264285714285714,45.0,10-15%,75-100
00-0032385,Sterling Shepard,2020,NYG,27.0,12.0,90,3,500,0.18,18.0,129.5,10.791666666666666,46.0,15-20%,75-100
00-0036268,Laviska Shenault Jr.,2020,JAX,22.0,14.0,79,5,585,0.135042735042735,13.5042735042735,128.1,9.15,47.0,10-15%,75-100
00-0033681,Keelan Cole,2020,JAX,27.0,16.0,88,5,585,0.1504273504273504,15.04273504273504,127.9,7.993749999999999,48.0,15-20%,75-100
00-0034777,DJ Chark,2020,JAX,24.0,13.0,93,5,585,0.1589743589743589,15.89743589743589,127.1,9.776923076923076,49.0,15-20%,75-100
00-0034775,Christian Kirk,2020,ARI,24.0,14.0,79,6,545,0.1449541284403669,14.49541284403669,122.4,8.742857142857144,50.0,10-15%,75-100
00-0036309,Darnell Mooney,2020,CHI,23.0,16.0,98,4,596,0.1644295302013423,16.44295302013423,121.6,7.6,51.0,15-20%,75-100
00-0034272,Marquez Valdes-Scantling,2020,GB,26.0,14.0,63,6,501,0.1257485029940119,12.574850299401191,120.8,8.62857142857143,52.0,10-15%,50-75
00-0027944,Julio Jones,2020,ATL,31.0,9.0,68,3,605,0.112396694214876,11.2396694214876,120.6,13.4,53.0,10-15%,50-75
00-0036196,Gabe Davis,2020,BUF,21.0,16.0,62,7,572,0.1083916083916083,10.83916083916083,119.4,7.4625,54.0,10-15%,50-75
00-0035535,Darius Slayton,2020,NYG,23.0,16.0,96,3,500,0.192,19.2,116.0,7.25,55.0,15-20%,75-100
00-0033251,Zach Pascal,2020,IND,26.0,16.0,71,5,535,0.1327102803738317,13.27102803738317,114.9,7.18125,56.0,10-15%,50-75
00-0034960,Jakobi Meyers,2020,NE,24.0,12.0,81,0,420,0.1928571428571428,19.28571428571428,113.02,9.418333333333331,57.0,15-20%,75-100
00-0035140,Mecole Hardman,2020,KC,22.0,16.0,62,4,611,0.1014729950900163,10.14729950900163,109.6,6.85,58.0,10-15%,50-75
00-0033733,Greg Ward,2020,PHI,25.0,16.0,79,6,561,0.1408199643493761,14.08199643493761,106.6,6.6625,59.0,10-15%,75-100
00-0033307,Kendrick Bourne,2020,SF,25.0,15.0,74,2,554,0.1335740072202166,13.35740072202166,105.2,7.013333333333334,60.0,10-15%,50-75
00-0034983,Hunter Renfrow,2020,LV,25.0,16.0,77,2,523,0.147227533460803,14.7227533460803,103.6,6.475,61.0,10-15%,75-100
00-0032977,Rashard Higgins,2020,CLE,26.0,12.0,52,4,467,0.1113490364025695,11.134903640256953,102.4,8.533333333333333,62.0,10-15%,50-75
00-0033589,David Moore,2020,SEA,25.0,16.0,47,6,537,0.0875232774674115,8.75232774674115,101.3,6.33125,63.0,<10%,<50
00-0033943,Josh Reynolds,2020,LA,25.0,16.0,81,2,562,0.1441281138790035,14.412811387900351,100.3,6.26875,64.0,10-15%,75-100
00-0035592,Travis Fulgham,2020,PHI,25.0,12.0,67,4,561,0.1194295900178253,11.94295900178253,96.9,8.075000000000001,65.0,10-15%,50-75
00-0027793,Antonio Brown,2020,TB,32.0,8.0,62,4,606,0.1023102310231023,10.23102310231023,94.6,11.825,66.0,10-15%,50-75
00-0031868,Damiere Byrd,2020,NE,27.0,15.0,77,1,420,0.1833333333333333,18.33333333333333,91.4,6.093333333333334,67.0,15-20%,75-100
00-0027942,A.J. Green,2020,CIN,32.0,16.0,104,2,566,0.1837455830388692,18.37455830388692,87.8,5.4875,68.0,15-20%,100-125
00-0034765,Tre'Quan Smith,2020,NO,24.0,13.0,50,4,508,0.0984251968503937,9.84251968503937,86.1,6.623076923076923,69.0,<10%,50-75
00-0035298,Scott Miller,2020,TB,23.0,14.0,53,3,606,0.0874587458745874,8.74587458745874,86.0,6.142857142857143,70.0,<10%,50-75
00-0032775,Demarcus Robinson,2020,KC,26.0,15.0,59,3,611,0.0965630114566284,9.65630114566284,85.10000000000001,5.673333333333334,71.0,<10%,50-75
00-0033466,Isaiah McKenzie,2020,BUF,25.0,15.0,34,5,572,0.0594405594405594,5.94405594405594,84.58,5.6386666666666665,72.0,<10%,<50
00-0034353,Anthony Miller,2020,CHI,26.0,16.0,76,2,596,0.1275167785234899,12.751677852348989,84.2,5.2625,73.0,10-15%,75-100
00-0034676,James Washington,2020,PIT,24.0,16.0,56,5,652,0.0858895705521472,8.58895705521472,84.2,5.2625,74.0,<10%,50-75
00-0032054,Breshad Perriman,2020,NYJ,27.0,12.0,60,3,463,0.1295896328293736,12.95896328293736,84.10000000000001,7.008333333333334,75.0,10-15%,50-75
00-0026035,Danny Amendola,2020,DET,35.0,14.0,69,0,562,0.1227758007117437,12.27758007117437,83.39999999999999,5.957142857142856,76.0,10-15%,50-75
00-0035414,Jalen Guyton,2020,LAC,23.0,16.0,55,3,611,0.0900163666121112,9.00163666121112,83.1,5.19375,77.0,<10%,50-75
00-0034521,Allen Lazard,2020,GB,25.0,10.0,46,3,501,0.091816367265469,9.1816367265469,81.3,8.129999999999999,78.0,<10%,<50
00-0028002,Randall Cobb,2020,HOU,30.0,10.0,48,3,525,0.0914285714285714,9.14285714285714,81.1,8.11,79.0,<10%,<50
00-0031051,John Brown,2020,BUF,30.0,9.0,52,3,572,0.0909090909090909,9.09090909090909,80.3,8.922222222222222,80.0,<10%,50-75
00-0036252,Michael Pittman,2020,IND,23.0,13.0,61,1,535,0.114018691588785,11.4018691588785,78.9,6.06923076923077,81.0,10-15%,50-75
00-0034419,Braxton Berrios,2020,NYJ,25.0,16.0,55,3,463,0.1187904967602591,11.879049676025913,78.8,4.925,82.0,10-15%,50-75
00-0030663,Willie Snead,2020,BAL,28.0,13.0,48,3,392,0.1224489795918367,12.244897959183673,77.7,5.976923076923077,83.0,10-15%,<50
00-0032128,Chris Conley,2020,JAX,28.0,14.0,63,2,585,0.1076923076923077,10.76923076923077,77.1,5.507142857142857,84.0,10-15%,50-75
00-0031235,Odell Beckham Jr.,2020,CLE,28.0,7.0,43,3,467,0.0920770877944325,9.20770877944325,75.32,10.76,85.0,<10%,<50
00-0036412,KJ Hamler,2020,DEN,21.0,12.0,56,3,533,0.1050656660412758,10.50656660412758,75.10000000000001,6.258333333333334,86.0,10-15%,50-75
00-0022921,Larry Fitzgerald,2020,ARI,37.0,13.0,72,1,545,0.1321100917431192,13.211009174311918,73.9,5.684615384615385,87.0,10-15%,50-75
00-0034366,Keke Coutee,2020,HOU,23.0,8.0,40,3,525,0.0761904761904762,7.6190476190476195,72.5,9.0625,88.0,<10%,<50
00-0036387,Jalen Reagor,2020,PHI,21.0,11.0,54,1,561,0.0962566844919786,9.62566844919786,71.7,6.5181818181818185,89.0,<10%,50-75
00-0036357,Henry Ruggs III,2020,LV,21.0,13.0,43,2,523,0.0822179732313575,8.22179732313575,71.1,5.4692307692307685,90.0,<10%,<50
00-0034104,Cam Sims,2020,WAS,24.0,13.0,48,1,573,0.0837696335078534,8.37696335078534,70.2,5.4,91.0,<10%,<50
00-0035457,Tyron Johnson,2020,LAC,24.0,11.0,26,3,611,0.0425531914893617,4.25531914893617,69.5,6.318181818181818,92.0,<10%,<50
00-0032791,Jakeem Grant,2020,MIA,28.0,14.0,54,1,547,0.0987202925045703,9.87202925045703,69.3,4.95,93.0,<10%,50-75
00-0027891,Golden Tate,2020,NYG,32.0,12.0,52,2,500,0.104,10.4,69.02,5.751666666666666,94.0,10-15%,50-75
00-0031325,Sammy Watkins,2020,KC,27.0,10.0,55,2,611,0.0900163666121112,9.00163666121112,68.9,6.890000000000001,95.0,<10%,50-75
00-0035350,Preston Williams,2020,MIA,23.0,8.0,35,4,547,0.0639853747714808,6.398537477148079,65.8,8.225,96.0,<10%,<50
00-0035719,Deebo Samuel Sr.,2020,SF,24.0,7.0,44,1,554,0.0794223826714801,7.942238267148009,64.2,9.171428571428573,97.0,<10%,<50
00-0032765,Michael Thomas,2020,NO,27.0,7.0,55,0,508,0.108267716535433,10.8267716535433,63.9,9.128571428571428,98.0,10-15%,50-75
00-0035703,Miles Boykin,2020,BAL,24.0,14.0,33,4,392,0.0841836734693877,8.41836734693877,60.1,4.292857142857143,99.0,<10%,<50
00-0034286,Richie James,2020,SF,25.0,10.0,35,1,554,0.0631768953068592,6.31768953068592,56.9,5.69,100.0,<10%,<50
00-0036277,Quintez Cephus,2020,DET,22.0,12.0,35,2,562,0.0622775800711743,6.22775800711743,56.9,4.741666666666666,101.0,<10%,<50
00-0033932,Kenny Golladay,2020,DET,27.0,5.0,32,2,562,0.0569395017793594,5.69395017793594,55.8,11.16,102.0,<10%,<50
00-0036233,Donovan Peoples-Jones,2020,CLE,21.0,12.0,20,2,467,0.0428265524625267,4.28265524625267,51.4,4.283333333333333,103.0,<10%,<50
00-0033094,Marvin Hall,2020,CLE/DET,27.0,11.0,32,2,1029,0.0310981535471331,3.10981535471331,51.3,4.663636363636364,104.0,<10%,<50
00-0034370,DaeSean Hamilton,2020,DEN,25.0,12.0,44,2,533,0.0825515947467167,8.25515947467167,50.8,4.233333333333333,105.0,<10%,<50
00-0036254,Collin Johnson,2020,JAX,23.0,11.0,31,2,585,0.0529914529914529,5.29914529914529,50.2,4.563636363636364,106.0,<10%,<50
00-0036255,Denzel Mims,2020,NYJ,23.0,9.0,44,0,463,0.0950323974082073,9.50323974082073,49.2,5.466666666666666,107.0,<10%,<50
00-0034928,Steven Sims,2020,WAS,23.0,12.0,37,1,573,0.0645724258289703,6.45724258289703,47.8,3.983333333333333,108.0,<10%,<50
00-0032009,Adam Humphries,2020,TEN,27.0,7.0,35,2,468,0.0747863247863247,7.47863247863247,46.3,6.614285714285714,109.0,<10%,<50
00-0027150,Julian Edelman,2020,NE,34.0,6.0,39,0,420,0.0928571428571428,9.28571428571428,45.72,7.62,110.0,<10%,<50
00-0035527,Andy Isabella,2020,ARI,24.0,11.0,35,2,545,0.0642201834862385,6.422018348623849,44.3,4.027272727272727,111.0,<10%,<50
00-0035208,Olamide Zaccheaus,2020,ATL,23.0,10.0,32,1,605,0.052892561983471,5.2892561983471,43.4,4.34,112.0,<10%,<50
00-0034418,Cedrick Wilson Jr.,2020,DAL,25.0,13.0,28,2,617,0.0453808752025931,4.53808752025931,43.12,3.316923076923077,113.0,<10%,<50
00-0036331,Devin Duvernay,2020,BAL,23.0,15.0,26,0,392,0.0663265306122449,6.63265306122449,43.1,2.873333333333333,114.0,<10%,<50
00-0034309,Chad Beebe,2020,MIN,26.0,12.0,30,2,485,0.0618556701030927,6.185567010309271,42.1,3.5083333333333333,115.0,<10%,<50
00-0033471,Isaiah Ford,2020,MIA,24.0,9.0,44,0,547,0.0804387568555758,8.04387568555758,41.6,4.622222222222223,116.0,<10%,<50
00-0035215,Deonte Harty,2020,NO,23.0,9.0,25,1,508,0.0492125984251968,4.92125984251968,39.7,4.411111111111111,117.0,<10%,<50
00-0036364,Lynn Bowden,2020,MIA,23.0,9.0,37,0,547,0.0676416819012797,6.76416819012797,39.58,4.397777777777778,118.0,<10%,<50
00-0033840,Chad Hansen,2020,HOU,25.0,5.0,24,1,525,0.0457142857142857,4.57142857142857,38.1,7.62,119.0,<10%,<50
00-0026189,DeSean Jackson,2020,PHI,34.0,5.0,26,1,561,0.0463458110516934,4.63458110516934,37.8,7.56,120.0,<10%,<50
00-0036415,Van Jefferson,2020,LA,24.0,14.0,31,1,562,0.0551601423487544,5.51601423487544,37.4,2.671428571428572,121.0,<10%,<50
00-0028411,Dontrelle Inman,2020,WAS,31.0,7.0,28,2,573,0.0488656195462478,4.8865619546247805,37.3,5.328571428571429,122.0,<10%,<50
00-0029632,Mohamed Sanu,2020,DET/SF,31.0,7.0,24,1,1116,0.021505376344086,2.1505376344086,35.5,5.071428571428571,123.0,<10%,<50
00-0036427,Tyler Johnson,2020,TB,22.0,10.0,17,2,606,0.028052805280528,2.8052805280528,34.9,3.49,124.0,<10%,<50
00-0036142,Isaiah Wright,2020,WAS,23.0,11.0,35,0,573,0.0610820244328097,6.1082024432809705,34.8,3.163636363636364,125.0,<10%,<50
00-0034297,Byron Pringle,2020,KC,27.0,7.0,17,1,611,0.027823240589198,2.7823240589198,34.5,4.928571428571429,126.0,<10%,<50
00-0036247,Freddie Swain,2020,SEA,22.0,13.0,21,2,537,0.0391061452513966,3.91061452513966,34.4,2.646153846153846,127.0,<10%,<50
00-0032980,Marcus Johnson,2020,IND,26.0,9.0,28,0,535,0.0523364485981308,5.23364485981308,32.5,3.611111111111111,128.0,<10%,<50
00-0036219,Marquez Callaway,2020,NO,22.0,9.0,27,0,508,0.0531496062992126,5.31496062992126,31.8,3.533333333333333,129.0,<10%,<50
00-0036365,Bryan Edwards,2020,LV,22.0,9.0,15,1,523,0.02868068833652,2.868068833652,30.8,3.4222222222222225,130.0,<10%,<50
00-0033555,Mack Hollins,2020,MIA,27.0,11.0,25,1,547,0.0457038391224862,4.570383912248619,29.6,2.690909090909091,131.0,<10%,<50
00-0033891,Zay Jones,2020,LV,25.0,11.0,20,1,523,0.0382409177820267,3.82409177820267,29.56,2.6872727272727275,132.0,<10%,<50
00-0035006,Bisi Johnson,2020,MIN,23.0,9.0,19,0,485,0.0391752577319587,3.91752577319587,27.9,3.1,133.0,<10%,<50
00-0030085,Kenny Stills,2020,HOU,28.0,7.0,19,1,525,0.0361904761904761,3.6190476190476097,25.9,3.7,134.0,<10%,<50
00-0035510,Jeff Smith,2020,NYJ,23.0,9.0,37,0,463,0.079913606911447,7.9913606911447,25.2,2.8,135.0,<10%,<50
00-0035287,KeeSean Johnson,2020,ARI,24.0,8.0,23,0,545,0.0422018348623853,4.22018348623853,24.8,3.1,136.0,<10%,<50
00-0033572,Jamal Agnew,2020,DET,25.0,14.0,20,0,562,0.0355871886120996,3.55871886120996,24.700000000000003,1.7642857142857145,137.0,<10%,<50
00-0034407,Ray-Ray McCloud,2020,PIT,24.0,16.0,22,0,652,0.0337423312883435,3.37423312883435,24.2,1.5125,138.0,<10%,<50
00-0034652,Cameron Batson,2020,TEN,25.0,10.0,13,1,468,0.0277777777777777,2.77777777777777,24.0,2.4,139.0,<10%,<50
00-0036398,John Hightower,2020,PHI,24.0,10.0,29,0,561,0.0516934046345811,5.16934046345811,23.8,2.38,140.0,<10%,<50
00-0033114,Mike Thomas,2020,CIN,26.0,12.0,21,1,566,0.0371024734982332,3.71024734982332,23.8,1.9833333333333327,141.0,<10%,<50
00-0034646,Brandon Powell,2020,ATL,25.0,15.0,18,2,605,0.0297520661157024,2.97520661157024,23.6,1.5733333333333337,142.0,<10%,<50
00-0034854,KhaDarel Hodge,2020,CLE,25.0,7.0,17,0,467,0.0364025695931477,3.64025695931477,23.5,3.357142857142857,143.0,<10%,<50
00-0035645,Gunner Olszewski,2020,NE,24.0,13.0,5,1,420,0.0119047619047619,1.19047619047619,23.0,1.7692307692307692,144.0,<10%,<50
00-0032464,Kalif Raymond,2020,TEN,26.0,15.0,15,0,468,0.032051282051282,3.2051282051282,22.9,1.5266666666666666,145.0,<10%,<50
00-0033591,Noah Brown,2020,DAL,24.0,10.0,24,0,617,0.0388978930307941,3.88978930307941,22.8,2.28,146.0,<10%,<50
00-0034686,Auden Tate,2020,CIN,23.0,8.0,22,0,566,0.03886925795053,3.886925795053,22.0,2.75,147.0,<10%,<50
00-0034279,Equanimeous St. Brown,2020,GB,24.0,8.0,13,1,501,0.0259481037924151,2.59481037924151,21.9,2.7375,148.0,<10%,<50
00-0034132,Christian Blake,2020,ATL,24.0,10.0,18,0,605,0.0297520661157024,2.97520661157024,20.6,2.06,149.0,<10%,<50
00-0029137,Alshon Jeffery,2020,PHI,30.0,7.0,13,1,561,0.0231729055258467,2.31729055258467,20.5,2.9285714285714284,150.0,<10%,<50
00-0036271,Quez Watkins,2020,PHI,22.0,4.0,13,1,561,0.0231729055258467,2.31729055258467,20.1,5.025,151.0,<10%,<50
00-0032951,Laquon Treadwell,2020,ATL,25.0,4.0,7,2,605,0.0115702479338842,1.15702479338842,19.9,4.975,152.0,<10%,<50
00-0027902,Dez Bryant,2020,BAL,32.0,4.0,11,2,392,0.0280612244897959,2.80612244897959,19.7,4.925,153.0,<10%,<50
00-0028237,Chris Hogan,2020,NYJ,33.0,5.0,26,0,463,0.0561555075593952,5.61555075593952,18.8,3.76,154.0,<10%,<50
00-0032543,Alex Erickson,2020,CIN,28.0,16.0,17,0,566,0.0300353356890459,3.00353356890459,18.6,1.1625,155.0,<10%,<50
00-0035848,De'Michael Harris,2020,IND,22.0,6.0,10,0,535,0.0186915887850467,1.86915887850467,17.5,2.9166666666666665,156.0,<10%,<50
00-0035480,Malik Taylor,2020,GB,25.0,10.0,6,1,501,0.0119760479041916,1.19760479041916,16.0,1.6,157.0,<10%,<50
00-0033367,C.J. Board,2020,NYG,27.0,11.0,16,0,500,0.032,3.2,15.9,1.4454545454545455,158.0,<10%,<50
00-0034860,Dante Pettis,2020,NYG/SF,25.0,6.0,6,1,1054,0.0056925996204933,0.56925996204933,15.6,2.6,159.0,<10%,<50
00-0032200,Ty Montgomery,2020,NO,27.0,4.0,6,0,508,0.0118110236220472,1.18110236220472,14.3,3.575,160.0,<10%,<50
00-0034426,Javon Wims,2020,CHI,26.0,10.0,12,1,596,0.0201342281879194,2.01342281879194,14.0,1.4,161.0,<10%,<50
00-0033292,Trent Taylor,2020,SF,26.0,12.0,21,0,554,0.0379061371841155,3.79061371841155,13.6,1.1333333333333333,162.0,<10%,<50
00-0034386,Justin Watson,2020,TB,24.0,7.0,11,0,606,0.0181518151815181,1.81518151815181,12.9,1.8428571428571427,163.0,<10%,<50
00-0035869,Austin Mack,2020,NYG,23.0,5.0,11,0,500,0.022,2.2,12.599999999999998,2.52,164.0,<10%,<50
00-0035246,J.J. Arcega-Whiteside,2020,PHI,24.0,5.0,8,0,561,0.0142602495543672,1.42602495543672,12.5,2.5,165.0,<10%,<50
00-0035406,Lil'Jordan Humphrey,2020,NO,22.0,2.0,5,1,508,0.0098425196850393,0.98425196850393,12.1,6.050000000000001,166.0,<10%,<50
00-0031319,Diontae Spencer,2020,DEN,28.0,11.0,6,0,533,0.0112570356472795,1.12570356472795,12.0,1.0909090909090908,167.0,<10%,<50
00-0035639,Parris Campbell,2020,IND,23.0,2.0,9,0,535,0.016822429906542,1.6822429906542,11.7,5.85,168.0,<10%,<50
00-0036382,K.J. Hill,2020,LAC,23.0,12.0,11,0,611,0.0180032733224222,1.80032733224222,10.8,0.9,169.0,<10%,<50
00-0033382,Austin Carr,2020,NO,27.0,5.0,4,1,508,0.0078740157480314,0.7874015748031401,10.2,2.04,170.0,<10%,<50
00-0033111,Pharoh Cooper,2020,CAR,25.0,15.0,8,0,527,0.0151802656546489,1.51802656546489,9.8,0.6533333333333332,171.0,<10%,<50
00-0033006,Jaydon Mickens,2020,TB,26.0,10.0,10,0,606,0.0165016501650165,1.65016501650165,9.3,0.93,172.0,<10%,<50
00-0036439,Tyrie Cleveland,2020,DEN,23.0,7.0,9,0,533,0.0168855534709193,1.68855534709193,9.3,1.3285714285714287,173.0,<10%,<50
00-0036377,Joe Reed,2020,LAC,22.0,10.0,1,0,611,0.0016366612111292,0.16366612111292,8.9,0.89,174.0,<10%,<50
00-0031787,Jake Kumerow,2020,BUF,28.0,1.0,1,1,572,0.0017482517482517,0.17482517482517,8.7,8.7,175.0,<10%,<50
00-0034081,Steven Mitchell,2020,HOU,26.0,4.0,8,0,525,0.0152380952380952,1.52380952380952,8.5,2.125,176.0,<10%,<50
00-0036110,Ja'Marcus Bradley,2020,CLE,24.0,1.0,11,0,467,0.0235546038543897,2.35546038543897,8.5,8.5,177.0,<10%,<50
00-0034273,Damion Ratley,2020,NYG,25.0,5.0,10,0,500,0.02,2.0,8.3,1.66,178.0,<10%,<50
00-0034348,Courtland Sutton,2020,DEN,25.0,1.0,6,0,533,0.0112570356472795,1.12570356472795,8.1,8.1,179.0,<10%,<50
00-0035021,Ashton Dulin,2020,IND,23.0,10.0,6,0,535,0.011214953271028,1.1214953271028,7.899999999999999,0.7899999999999999,180.0,<10%,<50
00-0034487,Trent Sherfield,2020,ARI,24.0,9.0,7,0,545,0.0128440366972477,1.28440366972477,7.5,0.8333333333333334,181.0,<10%,<50
00-0034054,River Cracraft,2020,SF,26.0,5.0,9,0,554,0.0162454873646209,1.62454873646209,7.1,1.42,182.0,<10%,<50
00-0035181,Darrius Shepherd,2020,GB,25.0,8.0,8,0,501,0.0159680638722554,1.59680638722554,7.1,0.8875,183.0,<10%,<50
00-0036182,Nick Westbrook-Ikhine,2020,TEN,23.0,9.0,8,0,468,0.017094017094017,1.7094017094016998,6.8,0.7555555555555555,184.0,<10%,<50
00-0036100,Isaiah Zuber,2020,NE,23.0,4.0,2,0,420,0.0047619047619047,0.47619047619047,6.0,1.5,185.0,<10%,<50
00-0035590,Riley Ridley,2020,CHI,24.0,2.0,4,0,596,0.0067114093959731,0.6711409395973099,5.9,2.95,186.0,<10%,<50
00-0025396,Ted Ginn,2020,CHI,35.0,5.0,6,0,596,0.0100671140939597,1.00671140939597,5.5,1.1,187.0,<10%,<50
00-0027691,Andre Roberts,2020,BUF,32.0,15.0,5,0,572,0.0087412587412587,0.8741258741258701,5.1,0.3399999999999999,188.0,<10%,<50
00-0031166,Seth Roberts,2020,CAR,29.0,3.0,6,0,527,0.0113851992409867,1.13851992409867,5.1,1.7,189.0,<10%,<50
00-0034052,Brandon Zylstra,2020,CAR,27.0,5.0,4,0,527,0.0075901328273244,0.7590132827324401,5.1,1.02,190.0,<10%,<50
00-0035313,Terry Godwin,2020,JAX,24.0,2.0,6,0,585,0.0102564102564102,1.02564102564102,5.0,2.5,191.0,<10%,<50
00-0033859,Josh Malone,2020,NYJ,24.0,3.0,6,0,463,0.0129589632829373,1.29589632829373,4.8,1.6,192.0,<10%,<50
00-0034510,Robert Foster,2020,WAS,26.0,3.0,6,0,573,0.0104712041884816,1.04712041884816,4.699999999999999,1.5666666666666664,193.0,<10%,<50
00-0030525,Tavon Austin,2020,GB,30.0,4.0,5,0,501,0.0099800399201596,0.99800399201596,4.5,1.125,194.0,<10%,<50
00-0034653,Deontay Burnett,2020,PHI,23.0,1.0,4,0,561,0.0071301247771836,0.7130124777183601,3.4000000000000004,3.4000000000000004,195.0,<10%,<50
00-0034395,Daurice Fountain,2020,IND,25.0,2.0,3,0,535,0.005607476635514,0.5607476635514,3.3,1.65,196.0,<10%,<50
00-0034772,Antonio Callaway,2020,MIA,23.0,4.0,4,0,547,0.0073126142595978,0.73126142595978,3.0,0.75,197.0,<10%,<50
00-0036340,Antonio Gandy-Golden,2020,WAS,22.0,4.0,7,0,573,0.0122164048865619,1.22164048865619,3.0,0.75,198.0,<10%,<50
00-0033460,John Ross,2020,CIN,25.0,2.0,7,0,566,0.0123674911660777,1.23674911660777,2.7,1.35,199.0,<10%,<50
00-0035022,Penny Hart,2020,SEA,24.0,5.0,1,0,537,0.0018621973929236,0.18621973929236,2.7,0.54,200.0,<10%,<50
00-0031339,Donte Moncrief,2020,NE,27.0,5.0,2,0,420,0.0047619047619047,0.47619047619047,2.4,0.48,201.0,<10%,<50
00-0032881,Tommylee Lewis,2020,NO,28.0,5.0,3,0,508,0.0059055118110236,0.59055118110236,2.4,0.48,202.0,<10%,<50
00-0030670,Bennie Fowler,2020,NO,29.0,2.0,6,0,508,0.0118110236220472,1.18110236220472,2.1,1.05,203.0,<10%,<50
00-0034267,Jaleel Scott,2020,NYJ,25.0,1.0,1,0,463,0.0021598272138228,0.21598272138228,2.1,2.1,204.0,<10%,<50
00-0036133,James Proche,2020,BAL,24.0,13.0,3,0,392,0.0076530612244897,0.76530612244897,1.9,0.1461538461538461,205.0,<10%,<50
00-0034317,Keith Kirkwood,2020,CAR,26.0,1.0,2,0,527,0.0037950664136622,0.37950664136622,1.7999999999999998,1.7999999999999998,206.0,<10%,<50
00-0034631,Vyncint Smith,2020,NYJ,24.0,4.0,3,0,463,0.0064794816414686,0.64794816414686,1.7999999999999998,0.4499999999999999,207.0,<10%,<50
00-0033386,Cody Hollister,2020,TEN,27.0,1.0,1,0,468,0.0021367521367521,0.21367521367521,1.7000000000000002,1.7000000000000002,208.0,<10%,<50
00-0033481,Marcus Kemp,2020,KC,25.0,4.0,1,0,611,0.0016366612111292,0.16366612111292,1.6,0.4,209.0,<10%,<50
00-0033474,Gehrig Dieter,2020,KC,27.0,1.0,2,0,611,0.0032733224222585,0.32733224222585,1.5,1.5,210.0,<10%,<50
00-0031763,DeAndre Carter,2020,CHI/HOU,27.0,13.0,2,0,1121,0.0017841213202497,0.17841213202497,1.3,0.1,211.0,<10%,<50
00-0035341,Trenton Irwin,2020,CIN,25.0,1.0,2,0,566,0.0035335689045936,0.35335689045936,1.0,1.0,212.0,<10%,<50
00-0033839,Dede Westbrook,2020,JAX,27.0,2.0,1,0,585,0.0017094017094017,0.17094017094017,0.8999999999999999,0.4499999999999999,213.0,<10%,<50
00-0032778,Tajae Sharpe,2020,MIN,26.0,3.0,3,0,485,0.0061855670103092,0.61855670103092,0.0,0.0,219.0,<10%,<50
00-0033215,Cyril Grayson,2020,TB,27.0,2.0,3,0,606,0.0049504950495049,0.49504950495049,0.0,0.0,220.0,<10%,<50
00-0033911,Taywan Taylor,2020,CLE,25.0,1.0,1,0,467,0.0021413276231263,0.2141327623126299,0.0,0.0,221.0,<10%,<50
00-0034207,Jeff Badet,2020,WAS,26.0,1.0,1,0,573,0.0017452006980802,0.1745200698080199,0.0,0.0,222.0,<10%,<50
00-0034660,Rico Gafford,2020,LV,24.0,3.0,2,0,523,0.0038240917782026,0.38240917782026,0.0,0.0,224.0,<10%,<50
00-0033908,Cooper Kupp,2021,LA,28.0,17.0,191,16,602,0.3172757475083056,31.727574750830563,367.0,21.58823529411765,1.0,30%+,150+
00-0035719,Deebo Samuel Sr.,2021,SF,25.0,16.0,121,6,497,0.2434607645875251,24.34607645875251,300.46,18.77875,2.0,20-25%,100-125
00-0031381,Davante Adams,2021,GB,29.0,16.0,169,11,570,0.2964912280701754,29.64912280701754,282.8,17.675,3.0,25-30%,150+
00-0036322,Justin Jefferson,2021,MIN,22.0,17.0,167,10,578,0.2889273356401384,28.89273356401384,276.4,16.258823529411764,4.0,25-30%,150+
00-0036900,Ja'Marr Chase,2021,CIN,21.0,17.0,128,13,540,0.237037037037037,23.7037037037037,264.1,15.53529411764706,5.0,20-25%,125-150
00-0033040,Tyreek Hill,2021,KC,27.0,17.0,159,9,637,0.249607535321821,24.9607535321821,241.0,14.176470588235292,6.0,20-25%,150+
00-0031588,Stefon Diggs,2021,BUF,28.0,17.0,164,10,623,0.2632423756019261,26.32423756019261,234.0,13.764705882352942,7.0,25-30%,150+
00-0031408,Mike Evans,2021,TB,28.0,16.0,114,14,716,0.159217877094972,15.9217877094972,225.5,14.09375,8.0,15-20%,100-125
00-0035216,Diontae Johnson,2021,PIT,25.0,16.0,169,8,653,0.2588055130168453,25.88055130168453,220.9,13.80625,9.0,25-30%,150+
00-0033536,Mike Williams,2021,LAC,27.0,16.0,129,9,659,0.1957511380880121,19.57511380880121,208.6,13.0375,10.0,15-20%,125-150
00-0034983,Hunter Renfrow,2021,LV,26.0,17.0,128,9,603,0.2122719734660033,21.22719734660033,207.6,12.211764705882352,11.0,20-25%,125-150
00-0035640,DK Metcalf,2021,SEA,24.0,17.0,129,12,474,0.2721518987341772,27.21518987341772,206.8,12.164705882352942,12.0,25-30%,125-150
00-0032211,Tyler Lockett,2021,SEA,29.0,16.0,107,8,474,0.2257383966244725,22.57383966244725,204.9,12.80625,13.0,20-25%,100-125
00-0030279,Keenan Allen,2021,LAC,29.0,16.0,157,6,659,0.2382397572078907,23.823975720789072,204.8,12.8,14.0,20-25%,150+
00-0036613,Jaylen Waddle,2021,MIA,23.0,16.0,140,6,599,0.2337228714524207,23.37228714524208,195.8,12.2375,15.0,20-25%,125-150
00-0036252,Michael Pittman,2021,IND,24.0,17.0,129,6,502,0.2569721115537848,25.69721115537848,194.6,11.447058823529412,16.0,25-30%,125-150
00-0033921,Chris Godwin Jr.,2021,TB,25.0,14.0,127,5,716,0.1773743016759776,17.737430167597758,193.4,13.814285714285717,17.0,15-20%,125-150
00-0036358,CeeDee Lamb,2021,DAL,22.0,16.0,120,6,637,0.1883830455259026,18.83830455259026,193.3,12.08125,18.0,15-20%,100-125
00-0034827,DJ Moore,2021,CAR,24.0,17.0,163,4,575,0.2834782608695652,28.34782608695652,191.0,11.235294117647058,19.0,25-30%,150+
00-0031236,Brandin Cooks,2021,HOU,28.0,16.0,134,6,523,0.2562141491395793,25.621414913957928,186.8,11.675,20.0,25-30%,125-150
00-0035662,Marquise Brown,2021,BAL,24.0,16.0,146,6,591,0.2470389170896785,24.70389170896785,182.8,11.425,21.0,20-25%,125-150
00-0036963,Amon-Ra St. Brown,2021,DET,22.0,16.0,119,5,565,0.2106194690265486,21.06194690265486,182.3,11.39375,22.0,20-25%,100-125
00-0036410,Tee Higgins,2021,CIN,22.0,14.0,110,6,540,0.2037037037037037,20.37037037037037,182.1,13.007142857142856,23.0,20-25%,100-125
00-0036309,Darnell Mooney,2021,CHI,24.0,17.0,140,4,524,0.2671755725190839,26.717557251908392,179.2,10.541176470588235,24.0,25-30%,125-150
00-0035659,Terry McLaurin,2021,WAS,26.0,17.0,130,5,534,0.2434456928838951,24.344569288389508,175.0,10.294117647058824,25.0,20-25%,125-150
00-0034775,Christian Kirk,2021,ARI,25.0,17.0,103,5,570,0.1807017543859649,18.07017543859649,169.12,9.948235294117648,26.0,15-20%,100-125
00-0031544,Amari Cooper,2021,DAL,27.0,15.0,104,8,637,0.1632653061224489,16.32653061224489,168.5,11.233333333333333,27.0,15-20%,100-125
00-0030035,Adam Thielen,2021,MIN,31.0,13.0,95,10,578,0.1643598615916955,16.43598615916955,166.3,12.792307692307691,28.0,15-20%,75-100
00-0036912,DeVonta Smith,2021,PHI,23.0,17.0,104,5,468,0.2222222222222222,22.22222222222222,153.6,9.03529411764706,29.0,20-25%,100-125
00-0033307,Kendrick Bourne,2021,NE,26.0,17.0,70,5,524,0.1335877862595419,13.35877862595419,153.0,9.0,30.0,10-15%,50-75
00-0033009,Tyler Boyd,2021,CIN,27.0,16.0,94,5,540,0.174074074074074,17.407407407407398,150.34,9.39625,31.0,15-20%,75-100
00-0035676,A.J. Brown,2021,TEN,24.0,13.0,105,5,522,0.2011494252873563,20.11494252873563,149.4,11.492307692307692,32.0,20-25%,100-125
00-0034960,Jakobi Meyers,2021,NE,25.0,16.0,126,2,524,0.2404580152671755,24.04580152671755,144.8,9.05,33.0,20-25%,125-150
00-0029293,Marvin Jones,2021,JAX,31.0,17.0,120,4,583,0.2058319039451115,20.58319039451115,143.7,8.452941176470588,34.0,20-25%,100-125
00-0036415,Van Jefferson,2021,LA,25.0,17.0,89,6,602,0.1478405315614618,14.78405315614618,143.20000000000002,8.423529411764706,35.0,10-15%,75-100
00-0036261,Brandon Aiyuk,2021,SF,23.0,17.0,84,5,497,0.1690140845070422,16.90140845070422,142.3,8.370588235294118,36.0,15-20%,75-100
00-0036326,Chase Claypool,2021,PIT,23.0,15.0,105,2,653,0.1607963246554364,16.07963246554364,137.1,9.14,37.0,15-20%,100-125
00-0036345,K.J. Osborn,2021,MIN,24.0,17.0,82,7,578,0.1418685121107266,14.18685121107266,133.5,7.852941176470588,38.0,10-15%,75-100
00-0034411,Russell Gage,2021,ATL,25.0,13.0,94,4,554,0.1696750902527075,16.96750902527075,130.0,10.0,39.0,15-20%,75-100
00-0033375,Tim Patrick,2021,DEN,28.0,16.0,85,5,517,0.1644100580270793,16.44100580270793,129.9,8.11875,40.0,15-20%,75-100
00-0027942,A.J. Green,2021,ARI,33.0,16.0,92,3,570,0.1614035087719298,16.14035087719298,129.79999999999998,8.112499999999999,41.0,15-20%,75-100
00-0036219,Marquez Callaway,2021,NO,23.0,17.0,84,6,474,0.1772151898734177,17.72151898734177,128.79999999999998,7.576470588235293,42.0,15-20%,75-100
00-0030564,DeAndre Hopkins,2021,ARI,29.0,10.0,64,8,570,0.1122807017543859,11.22807017543859,126.2,12.62,43.0,10-15%,50-75
00-0034418,Cedrick Wilson Jr.,2021,DAL,26.0,14.0,61,6,637,0.0957613814756671,9.57613814756671,125.32,8.95142857142857,44.0,<10%,50-75
00-0034521,Allen Lazard,2021,GB,26.0,14.0,60,8,570,0.1052631578947368,10.52631578947368,122.5,8.75,45.0,10-15%,50-75
00-0034348,Courtland Sutton,2021,DEN,26.0,17.0,98,2,517,0.1895551257253385,18.95551257253385,121.24,7.131764705882353,46.0,15-20%,75-100
00-0029000,Cole Beasley,2021,BUF,32.0,16.0,112,1,623,0.1797752808988764,17.97752808988764,118.3,7.39375,47.0,15-20%,100-125
00-0036980,Elijah Moore,2021,NYJ,21.0,11.0,77,5,581,0.1325301204819277,13.253012048192767,116.7,10.60909090909091,48.0,10-15%,75-100
00-0030431,Robert Woods,2021,LA,29.0,9.0,69,4,602,0.1146179401993355,11.46179401993355,114.7,12.744444444444444,49.0,10-15%,50-75
00-0032688,Robbie Chosen,2021,CAR,28.0,17.0,110,5,575,0.1913043478260869,19.13043478260869,112.0,6.588235294117647,50.0,15-20%,100-125
00-0035140,Mecole Hardman,2021,KC,23.0,17.0,83,2,637,0.130298273155416,13.0298273155416,111.4,6.552941176470589,51.0,10-15%,75-100
00-0027685,Emmanuel Sanders,2021,BUF,34.0,14.0,72,4,623,0.1155698234349919,11.556982343499191,110.7,7.9071428571428575,52.0,10-15%,50-75
00-0032464,Kalif Raymond,2021,DET,27.0,16.0,71,4,565,0.1256637168141593,12.56637168141593,108.4,6.775,53.0,10-15%,50-75
00-0036196,Gabe Davis,2021,BUF,22.0,15.0,63,6,623,0.1011235955056179,10.112359550561791,108.4,7.2266666666666675,54.0,10-15%,50-75
00-0034297,Byron Pringle,2021,KC,28.0,16.0,60,5,637,0.0941915227629513,9.41915227629513,107.8,6.7375,55.0,<10%,50-75
00-0031235,Odell Beckham Jr.,2021,CLE/LA,29.0,14.0,82,5,1101,0.0744777475022706,7.44777475022706,107.1,7.649999999999999,56.0,<10%,75-100
00-0031382,Jarvis Landry,2021,CLE,29.0,12.0,87,2,499,0.1743486973947896,17.43486973947896,107.0,8.916666666666666,57.0,15-20%,75-100
00-0027793,Antonio Brown,2021,TB,33.0,7.0,62,4,716,0.0865921787709497,8.659217877094969,100.1,14.3,58.0,<10%,50-75
00-0034419,Braxton Berrios,2021,NYJ,26.0,16.0,65,2,581,0.1118760757314974,11.18760757314974,98.1,6.13125,59.0,10-15%,50-75
00-0035215,Deonte Harty,2021,NO,24.0,13.0,59,3,474,0.1244725738396624,12.44725738396624,97.1,7.469230769230768,60.0,10-15%,50-75
00-0036268,Laviska Shenault Jr.,2021,JAX,23.0,16.0,100,0,583,0.1715265866209262,17.15265866209262,95.5,5.96875,61.0,15-20%,100-125
00-0036271,Quez Watkins,2021,PHI,23.0,17.0,62,1,468,0.1324786324786324,13.24786324786324,94.5,5.5588235294117645,62.0,10-15%,50-75
00-0036233,Donovan Peoples-Jones,2021,CLE,22.0,13.0,58,3,499,0.1162324649298597,11.62324649298597,92.7,7.130769230769231,63.0,10-15%,50-75
00-0036365,Bryan Edwards,2021,LV,23.0,16.0,59,3,603,0.0978441127694859,9.78441127694859,92.1,5.75625,64.0,<10%,50-75
00-0036182,Nick Westbrook-Ikhine,2021,TEN,24.0,15.0,57,4,522,0.1091954022988505,10.91954022988505,88.6,5.906666666666666,65.0,10-15%,50-75
00-0033871,Corey Davis,2021,NYJ,26.0,9.0,59,4,581,0.1015490533562822,10.15490533562822,88.2,9.8,66.0,10-15%,50-75
00-0031549,Nelson Agholor,2021,NE,28.0,14.0,64,3,524,0.1221374045801526,12.21374045801526,84.9,6.064285714285715,67.0,10-15%,50-75
00-0031941,Jamison Crowder,2021,NYJ,28.0,12.0,71,2,581,0.1222030981067125,12.22030981067125,84.2,7.016666666666667,68.0,10-15%,50-75
00-0036936,Rondale Moore,2021,ARI,21.0,14.0,64,1,570,0.1122807017543859,11.22807017543859,84.1,6.007142857142857,69.0,10-15%,50-75
00-0031547,DeVante Parker,2021,MIA,28.0,9.0,73,2,599,0.1218697829716193,12.186978297161929,83.5,9.27777777777778,70.0,10-15%,50-75
00-0033891,Zay Jones,2021,LV,26.0,15.0,70,1,603,0.1160862354892205,11.608623548922049,82.39999999999999,5.493333333333333,71.0,10-15%,50-75
00-0035414,Jalen Guyton,2021,LAC,24.0,16.0,48,3,659,0.0728376327769347,7.283763277693469,81.7,5.10625,72.0,<10%,<50
00-0028002,Randall Cobb,2021,GB,31.0,11.0,39,5,570,0.0684210526315789,6.842105263157889,81.6,7.418181818181818,73.0,<10%,<50
00-0036550,Rashod Bateman,2021,BAL,22.0,12.0,68,1,591,0.1150592216582064,11.50592216582064,80.5,6.708333333333333,74.0,10-15%,50-75
00-0036988,Josh Palmer,2021,LAC,22.0,15.0,49,4,659,0.0743550834597875,7.43550834597875,76.4,5.093333333333334,75.0,<10%,<50
00-0033251,Zach Pascal,2021,IND,27.0,16.0,69,3,502,0.1374501992031872,13.745019920318722,75.5,4.71875,76.0,10-15%,50-75
00-0031763,DeAndre Carter,2021,WAS,28.0,17.0,44,3,534,0.0823970037453183,8.23970037453183,74.5,4.382352941176471,77.0,<10%,<50
00-0035208,Olamide Zaccheaus,2021,ATL,24.0,15.0,53,3,554,0.095667870036101,9.5667870036101,74.3,4.953333333333333,78.0,<10%,50-75
00-0034272,Marquez Valdes-Scantling,2021,GB,27.0,11.0,55,3,570,0.0964912280701754,9.64912280701754,74.0,6.727272727272728,79.0,<10%,50-75
00-0034764,Michael Gallup,2021,DAL,25.0,9.0,62,2,637,0.097331240188383,9.7331240188383,74.0,8.222222222222221,80.0,<10%,50-75
00-0036247,Freddie Swain,2021,SEA,23.0,17.0,40,4,474,0.0843881856540084,8.438818565400839,74.0,4.352941176470588,81.0,<10%,<50
00-0036357,Henry Ruggs III,2021,LV,22.0,7.0,36,2,603,0.0597014925373134,5.97014925373134,72.5,10.357142857142858,82.0,<10%,<50
00-0034765,Tre'Quan Smith,2021,NO,25.0,10.0,50,3,474,0.1054852320675105,10.54852320675105,71.7,7.17,83.0,10-15%,50-75
00-0033932,Kenny Golladay,2021,NYG,28.0,14.0,76,0,564,0.1347517730496454,13.47517730496454,70.60000000000001,5.042857142857144,84.0,10-15%,75-100
00-0036259,Jauan Jennings,2021,SF,24.0,13.0,38,5,497,0.0764587525150905,7.64587525150905,70.19999999999999,5.4,85.0,<10%,<50
00-0033572,Jamal Agnew,2021,JAX,26.0,10.0,39,1,583,0.0668953687821612,6.68953687821612,70.0,7.0,86.0,<10%,<50
00-0031428,Allen Robinson,2021,CHI,28.0,12.0,66,1,524,0.1259541984732824,12.59541984732824,68.0,5.666666666666667,87.0,10-15%,50-75
00-0036554,Nico Collins,2021,HOU,22.0,14.0,60,1,523,0.1147227533460803,11.47227533460803,67.1,4.792857142857143,88.0,10-15%,50-75
00-0033943,Josh Reynolds,2021,DET/TEN,26.0,11.0,49,2,1087,0.0450781968721251,4.507819687212511,66.1,6.009090909090909,89.0,<10%,<50
00-0036407,Jerry Jeudy,2021,DEN,22.0,10.0,56,0,517,0.1083172147001934,10.83172147001934,66.0,6.6,90.0,10-15%,50-75
00-0032951,Laquon Treadwell,2021,JAX,26.0,12.0,51,1,583,0.0874785591766723,8.74785591766723,65.9,5.491666666666667,91.0,<10%,50-75
00-0026189,DeSean Jackson,2021,LA/LV,35.0,14.0,34,2,1205,0.0282157676348547,2.82157676348547,65.80000000000001,4.700000000000001,92.0,<10%,<50
00-0027944,Julio Jones,2021,TEN,32.0,10.0,48,1,522,0.0919540229885057,9.19540229885057,64.9,6.49,93.0,<10%,<50
00-0033681,Keelan Cole,2021,NYJ,28.0,14.0,51,1,581,0.0877796901893287,8.77796901893287,64.9,4.635714285714286,94.0,<10%,50-75
00-0036913,Kadarius Toney,2021,NYG,22.0,9.0,57,0,564,0.101063829787234,10.1063829787234,62.86,6.984444444444445,95.0,10-15%,50-75
00-0029608,T.Y. Hilton,2021,IND,32.0,10.0,37,3,502,0.0737051792828685,7.37051792828685,62.6,6.26,96.0,<10%,<50
00-0036387,Jalen Reagor,2021,PHI,22.0,17.0,57,2,468,0.1217948717948717,12.17948717948717,61.6,3.623529411764706,97.0,10-15%,50-75
00-0036331,Devin Duvernay,2021,BAL,24.0,16.0,47,2,591,0.0795262267343485,7.952622673434851,60.7,3.79375,98.0,<10%,<50
00-0032385,Sterling Shepard,2021,NYG,28.0,7.0,53,1,564,0.0939716312056737,9.39716312056737,59.7,8.528571428571428,99.0,<10%,50-75
00-0032009,Adam Humphries,2021,WAS,28.0,17.0,62,0,534,0.1161048689138576,11.61048689138576,58.8,3.4588235294117644,100.0,10-15%,50-75
00-0031325,Sammy Watkins,2021,BAL,28.0,11.0,49,1,591,0.0829103214890017,8.29103214890017,56.900000000000006,5.172727272727273,101.0,<10%,<50
00-0032775,Demarcus Robinson,2021,KC,27.0,14.0,41,3,637,0.06436420722135,6.436420722135,56.9,4.064285714285714,102.0,<10%,<50
00-0026035,Danny Amendola,2021,HOU,36.0,8.0,38,3,523,0.0726577437858508,7.26577437858508,56.8,7.1,103.0,<10%,<50
00-0034837,Calvin Ridley,2021,ATL,27.0,5.0,52,2,554,0.0938628158844765,9.38628158844765,55.6,11.12,104.0,<10%,50-75
00-0035535,Darius Slayton,2021,NYG,24.0,13.0,58,2,564,0.1028368794326241,10.283687943262407,55.6,4.276923076923077,105.0,10-15%,50-75
00-0036427,Tyler Johnson,2021,TB,23.0,16.0,55,0,716,0.0768156424581005,7.68156424581005,54.0,3.375,106.0,<10%,50-75
00-0031868,Damiere Byrd,2021,CHI,28.0,11.0,38,1,524,0.0725190839694656,7.25190839694656,53.9,4.9,107.0,<10%,<50
00-0034676,James Washington,2021,PIT,25.0,15.0,44,2,653,0.0673813169984686,6.73813169984686,53.8,3.5866666666666664,108.0,<10%,<50
00-0032128,Chris Conley,2021,HOU,29.0,14.0,37,2,523,0.0707456978967495,7.074569789674951,53.6,3.8285714285714287,109.0,<10%,<50
00-0033555,Mack Hollins,2021,MIA,28.0,15.0,28,4,599,0.0467445742904841,4.6744574290484096,53.3,3.553333333333333,110.0,<10%,<50
00-0032355,Chester Rogers,2021,TEN,27.0,16.0,43,1,522,0.082375478927203,8.2375478927203,52.0,3.25,111.0,<10%,<50
00-0034407,Ray-Ray McCloud,2021,PIT,25.0,16.0,66,0,653,0.1010719754977029,10.10719754977029,48.7,3.04375,112.0,10-15%,50-75
00-0035126,Antoine Wesley,2021,ARI,24.0,8.0,32,3,570,0.0561403508771929,5.61403508771929,48.3,6.0375000000000005,113.0,<10%,<50
00-0030068,Marquise Goodwin,2021,CHI,31.0,14.0,40,1,524,0.0763358778625954,7.63358778625954,47.2,3.3714285714285714,114.0,<10%,<50
00-0032977,Rashard Higgins,2021,CLE,27.0,12.0,47,1,499,0.094188376753507,9.4188376753507,45.5,3.7916666666666665,115.0,<10%,<50
00-0032398,Chris Moore,2021,HOU,28.0,10.0,22,2,523,0.0420650095602294,4.20650095602294,45.2,4.5200000000000005,116.0,<10%,<50
00-0033466,Isaiah McKenzie,2021,BUF,26.0,15.0,26,1,623,0.0417335473515248,4.17335473515248,44.5,2.966666666666667,117.0,<10%,<50
00-0035406,Lil'Jordan Humphrey,2021,NO,23.0,8.0,18,2,474,0.0379746835443038,3.79746835443038,43.4,5.425,118.0,<10%,<50
00-0036277,Quintez Cephus,2021,DET,23.0,5.0,22,2,565,0.0389380530973451,3.8938053097345096,41.9,8.379999999999999,119.0,<10%,<50
00-0030525,Tavon Austin,2021,JAX,31.0,11.0,37,1,583,0.0634648370497427,6.34648370497427,41.4,3.763636363636364,120.0,<10%,<50
00-0034104,Cam Sims,2021,WAS,25.0,12.0,23,2,534,0.0430711610486891,4.30711610486891,41.3,3.441666666666667,121.0,<10%,<50
00-0034052,Brandon Zylstra,2021,CAR,28.0,12.0,25,1,575,0.0434782608695652,4.347826086956521,40.0,3.333333333333333,122.0,<10%,<50
00-0033215,Cyril Grayson,2021,TB,28.0,3.0,12,2,716,0.0167597765363128,1.67597765363128,39.6,13.2,123.0,<10%,<50
00-0035021,Ashton Dulin,2021,IND,24.0,16.0,22,2,502,0.0438247011952191,4.38247011952191,39.0,2.4375,124.0,<10%,<50
00-0034867,Malik Turner,2021,DAL,25.0,7.0,16,3,637,0.0251177394034536,2.51177394034536,38.9,5.557142857142857,125.0,<10%,<50
00-0032791,Jakeem Grant,2021,CHI/MIA,29.0,15.0,17,2,1123,0.0151380231522707,1.51380231522707,38.0,2.533333333333333,126.0,<10%,<50
00-0030669,Albert Wilson,2021,MIA,29.0,10.0,39,0,599,0.0651085141903172,6.51085141903172,35.5,3.55,127.0,<10%,<50
00-0032778,Tajae Sharpe,2021,ATL,27.0,14.0,37,0,554,0.0667870036101083,6.678700361010829,35.5,2.5357142857142856,128.0,<10%,<50
00-0033460,John Ross,2021,NYG,26.0,9.0,20,1,564,0.0354609929078014,3.54609929078014,35.5,3.9444444444444446,129.0,<10%,<50
00-0033471,Isaiah Ford,2021,MIA,25.0,10.0,17,2,599,0.028380634390651,2.8380634390651,34.1,3.41,130.0,<10%,<50
00-0033733,Greg Ward,2021,PHI,26.0,10.0,11,3,468,0.0235042735042735,2.35042735042735,31.08,3.108,131.0,<10%,<50
00-0035864,Kendall Hinton,2021,DEN,24.0,11.0,23,1,517,0.0444874274661508,4.44874274661508,31.04,2.821818181818182,132.0,<10%,<50
00-0034777,DJ Chark,2021,JAX,25.0,3.0,22,2,583,0.0377358490566037,3.7735849056603694,30.9,10.3,133.0,<10%,<50
00-0036999,Anthony Schwartz,2021,CLE,21.0,13.0,23,1,499,0.0460921843687374,4.60921843687374,28.4,2.184615384615385,134.0,<10%,<50
00-0036133,James Proche,2021,BAL,25.0,7.0,20,0,591,0.0338409475465313,3.3840947546531304,28.200000000000003,4.028571428571429,135.0,<10%,<50
00-0032054,Breshad Perriman,2021,TB,28.0,5.0,18,1,716,0.0251396648044692,2.51396648044692,27.9,5.58,136.0,<10%,<50
00-0033857,JuJu Smith-Schuster,2021,PIT,25.0,5.0,28,0,653,0.0428790199081163,4.28790199081163,27.3,5.459999999999999,137.0,<10%,<50
00-0035639,Parris Campbell,2021,IND,24.0,6.0,20,1,502,0.0398406374501992,3.98406374501992,27.2,4.533333333333333,138.0,<10%,<50
00-0033591,Noah Brown,2021,DAL,25.0,9.0,25,0,637,0.0392464678178963,3.92464678178963,26.4,2.933333333333333,139.0,<10%,<50
00-0036635,Ihmir Smith-Marsette,2021,MIN,22.0,6.0,6,2,578,0.0103806228373702,1.03806228373702,26.1,4.3500000000000005,140.0,<10%,<50
00-0029632,Mohamed Sanu,2021,SF,32.0,8.0,24,0,497,0.0482897384305835,4.82897384305835,25.2,3.15,141.0,<10%,<50
00-0036955,Terrace Marshall Jr.,2021,CAR,21.0,12.0,30,0,575,0.0521739130434782,5.21739130434782,24.3,2.025,142.0,<10%,<50
00-0034854,KhaDarel Hodge,2021,DET,26.0,12.0,27,0,565,0.047787610619469,4.778761061946899,24.2,2.0166666666666666,143.0,<10%,<50
00-0036620,Dee Eskridge,2021,SEA,24.0,8.0,20,1,474,0.0421940928270042,4.219409282700419,23.3,2.9125,144.0,<10%,<50
00-0036626,Dyami Brown,2021,WAS,22.0,10.0,25,0,534,0.046816479400749,4.6816479400749,22.1,2.21,145.0,<10%,<50
00-0032200,Ty Montgomery,2021,NO,28.0,14.0,26,0,474,0.0548523206751054,5.48523206751054,21.9,1.5642857142857145,146.0,<10%,<50
00-0034860,Dante Pettis,2021,NYG,26.0,3.0,16,1,564,0.0283687943262411,2.83687943262411,20.34,6.78,147.0,<10%,<50
00-0032980,Marcus Johnson,2021,TEN,27.0,7.0,19,0,522,0.0363984674329501,3.6398467432950095,20.3,2.8999999999999995,148.0,<10%,<50
00-0034487,Trent Sherfield,2021,SF,25.0,12.0,20,1,497,0.0402414486921529,4.02414486921529,19.2,1.6,149.0,<10%,<50
00-0036862,Ben Skowronek,2021,LA,24.0,12.0,20,0,602,0.0332225913621262,3.32225913621262,18.8,1.5666666666666664,150.0,<10%,<50
00-0036183,Kristian Wilkerson,2021,NE,24.0,1.0,8,2,524,0.015267175572519,1.5267175572519,18.2,18.2,151.0,<10%,<50
00-0036255,Denzel Mims,2021,NYJ,24.0,10.0,23,0,581,0.0395869191049913,3.95869191049913,17.3,1.73,152.0,<10%,<50
00-0035298,Scott Miller,2021,TB,24.0,6.0,9,0,716,0.0125698324022346,1.25698324022346,16.6,2.766666666666667,153.0,<10%,<50
00-0036254,Collin Johnson,2021,NYG,24.0,8.0,21,0,564,0.0372340425531914,3.72340425531914,16.0,2.0,154.0,<10%,<50
00-0030085,Kenny Stills,2021,NO,29.0,7.0,23,1,474,0.0485232067510548,4.85232067510548,15.9,2.271428571428572,155.0,<10%,<50
00-0034279,Equanimeous St. Brown,2021,GB,25.0,12.0,17,0,570,0.0298245614035087,2.98245614035087,15.7,1.3083333333333331,156.0,<10%,<50
00-0035544,Tom Kennedy,2021,DET,25.0,6.0,10,0,565,0.0176991150442477,1.76991150442477,15.4,2.5666666666666664,157.0,<10%,<50
00-0034930,Trinity Benson,2021,DET,24.0,7.0,22,0,565,0.0389380530973451,3.8938053097345096,15.3,2.185714285714286,158.0,<10%,<50
00-0035510,Jeff Smith,2021,NYJ,24.0,9.0,17,0,581,0.0292598967297762,2.92598967297762,15.2,1.6888888888888889,159.0,<10%,<50
00-0032208,Phillip Dorsett,2021,HOU/JAX/SEA,28.0,5.0,14,0,1580,0.0088607594936708,0.88607594936708,14.5,2.9,160.0,<10%,<50
00-0036627,Dez Fitzpatrick,2021,TEN,24.0,3.0,8,1,522,0.0153256704980842,1.53256704980842,13.4,4.466666666666667,161.0,<10%,<50
00-0036572,Shi Smith,2021,CAR,23.0,5.0,11,0,575,0.0191304347826086,1.91304347826086,13.1,2.62,162.0,<10%,<50
00-0028237,Chris Hogan,2021,NO,34.0,5.0,8,1,474,0.0168776371308016,1.68776371308016,12.1,2.42,163.0,<10%,<50
00-0027691,Andre Roberts,2021,HOU/LAC,33.0,16.0,2,0,1182,0.0016920473773265,0.16920473773265,11.9,0.74375,164.0,<10%,<50
00-0033839,Dede Westbrook,2021,MIN,28.0,15.0,15,0,578,0.0259515570934256,2.59515570934256,11.8,0.7866666666666667,165.0,<10%,<50
00-0029664,Josh Gordon,2021,KC,30.0,9.0,14,1,637,0.0219780219780219,2.19780219780219,11.7,1.2999999999999998,166.0,<10%,<50
00-0034353,Anthony Miller,2021,HOU/PIT,27.0,3.0,12,1,1176,0.010204081632653,1.0204081632653,11.5,3.8333333333333335,167.0,<10%,<50
00-0034686,Auden Tate,2021,CIN,24.0,4.0,4,1,540,0.0074074074074074,0.74074074074074,11.4,2.85,168.0,<10%,<50
00-0036671,Dax Milne,2021,WAS,22.0,9.0,14,0,534,0.0262172284644194,2.62172284644194,10.9,1.2111111111111112,169.0,<10%,<50
00-0035350,Preston Williams,2021,MIA,24.0,6.0,16,0,599,0.026711185308848,2.6711185308848,10.8,1.7999999999999998,170.0,<10%,<50
00-0034652,Cameron Batson,2021,TEN,26.0,4.0,5,1,522,0.0095785440613026,0.95785440613026,10.0,2.5,171.0,<10%,<50
00-0036412,KJ Hamler,2021,DEN,22.0,3.0,10,0,517,0.0193423597678916,1.93423597678916,9.9,3.2999999999999994,172.0,<10%,<50
00-0035022,Penny Hart,2021,SEA,25.0,11.0,12,0,474,0.0253164556962025,2.53164556962025,9.4,0.8545454545454546,173.0,<10%,<50
00-0036228,Dezmon Patmon,2021,IND,23.0,4.0,4,1,502,0.0079681274900398,0.79681274900398,9.1,2.2750000000000004,174.0,<10%,<50
00-0036877,Jaelon Darden,2021,TB,22.0,9.0,12,0,716,0.0167597765363128,1.67597765363128,8.4,0.9333333333333332,175.0,<10%,<50
00-0036110,Ja'Marcus Bradley,2021,CLE,25.0,4.0,4,0,499,0.0080160320641282,0.80160320641282,8.399999999999999,2.1,176.0,<10%,<50
00-0035593,Juwann Winfree,2021,GB,25.0,5.0,13,0,570,0.0228070175438596,2.28070175438596,7.800000000000001,1.56,177.0,<10%,<50
00-0033114,Mike Thomas,2021,CIN,27.0,7.0,11,0,540,0.0203703703703703,2.03703703703703,7.7,1.1,178.0,<10%,<50
00-0033367,C.J. Board,2021,NYG,28.0,6.0,6,0,564,0.0106382978723404,1.06382978723404,7.7,1.2833333333333334,179.0,<10%,<50
00-0036991,Amari Rodgers,2021,GB,22.0,16.0,8,0,570,0.0140350877192982,1.40350877192982,7.6,0.475,180.0,<10%,<50
00-0035432,Jason Moore,2021,LAC,26.0,1.0,4,0,659,0.0060698027314112,0.60698027314112,7.1,7.1,181.0,<10%,<50
00-0032543,Alex Erickson,2021,CAR,29.0,17.0,4,0,575,0.0069565217391304,0.69565217391304,7.0,0.4117647058823529,182.0,<10%,<50
00-0033282,Curtis Samuel,2021,WAS,25.0,5.0,9,0,534,0.0168539325842696,1.68539325842696,6.800000000000001,1.36,183.0,<10%,<50
00-0033127,Will Fuller,2021,MIA,27.0,2.0,8,0,599,0.013355592654424,1.3355592654424,6.6,3.3,184.0,<10%,<50
00-0030663,Willie Snead,2021,CAR/LV,29.0,7.0,8,0,1178,0.0067911714770797,0.6791171477079699,5.800000000000001,0.8285714285714286,186.0,<10%,<50
00-0035891,Cody White,2021,PIT,23.0,6.0,6,0,653,0.009188361408882,0.9188361408882,5.8,0.9666666666666668,187.0,<10%,<50
00-0033111,Pharoh Cooper,2021,NYG,26.0,8.0,11,0,564,0.0195035460992907,1.95035460992907,5.6,0.7,188.0,<10%,<50
00-0035500,Greg Dortch,2021,ARI,23.0,5.0,3,0,570,0.0052631578947368,0.5263157894736801,5.4,1.08,189.0,<10%,<50
00-0033386,Cody Hollister,2021,TEN,28.0,3.0,7,0,522,0.0134099616858237,1.34099616858237,5.300000000000001,1.7666666666666668,190.0,<10%,<50
00-0033292,Trent Taylor,2021,CIN,27.0,4.0,3,0,540,0.0055555555555555,0.55555555555555,5.1,1.275,191.0,<10%,<50
00-0035045,D.J. Montgomery,2021,NYJ,25.0,2.0,6,0,581,0.0103270223752151,1.03270223752151,5.1,2.55,192.0,<10%,<50
00-0035645,Gunner Olszewski,2021,NE,25.0,16.0,3,0,524,0.0057251908396946,0.57251908396946,5.0,0.3125,193.0,<10%,<50
00-0035246,J.J. Arcega-Whiteside,2021,PHI,25.0,7.0,5,0,468,0.0106837606837606,1.06837606837606,4.6,0.6571428571428571,194.0,<10%,<50
00-0034132,Christian Blake,2021,ATL,25.0,9.0,9,0,554,0.0162454873646209,1.62454873646209,4.5,0.5,195.0,<10%,<50
00-0036382,K.J. Hill,2021,LAC,24.0,6.0,3,0,659,0.0045523520485584,0.45523520485584,4.5,0.75,196.0,<10%,<50
00-0035341,Trenton Irwin,2021,CIN,26.0,5.0,5,0,540,0.0092592592592592,0.92592592592592,4.4,0.8800000000000001,197.0,<10%,<50
00-0031545,Kevin White,2021,NO,29.0,4.0,5,0,474,0.010548523206751,1.0548523206751002,4.3,1.075,198.0,<10%,<50
00-0036657,Seth Williams,2021,DEN,21.0,1.0,1,0,517,0.0019342359767891,0.19342359767891,3.9,3.9,199.0,<10%,<50
00-0031787,Jake Kumerow,2021,BUF,29.0,7.0,6,0,623,0.0096308186195826,0.96308186195826,3.8,0.5428571428571428,200.0,<10%,<50
00-0036482,Mike Strachan,2021,IND,24.0,2.0,3,0,502,0.0059760956175298,0.59760956175298,3.6,1.7999999999999998,201.0,<10%,<50
00-0033481,Marcus Kemp,2021,KC,26.0,12.0,5,0,637,0.0078492935635792,0.7849293563579199,3.4,0.2833333333333333,202.0,<10%,<50
00-0036630,Tylan Wallace,2021,BAL,22.0,10.0,6,0,591,0.0101522842639593,1.01522842639593,3.3,0.3299999999999999,203.0,<10%,<50
00-0036907,Dazz Newsome,2021,CHI,22.0,3.0,5,0,524,0.0095419847328244,0.95419847328244,3.3,1.1,204.0,<10%,<50
00-0034317,Keith Kirkwood,2021,CAR,27.0,3.0,7,0,575,0.0121739130434782,1.21739130434782,3.2,1.0666666666666669,205.0,<10%,<50
00-0035359,David Sills,2021,NYG,25.0,4.0,6,0,564,0.0106382978723404,1.06382978723404,2.7,0.675,206.0,<10%,<50
00-0035457,Tyron Johnson,2021,JAX/LV,25.0,7.0,5,0,1186,0.0042158516020236,0.42158516020236,2.6,0.3714285714285714,207.0,<10%,<50
00-0035399,Stanley Morgan,2021,CIN,25.0,11.0,4,0,540,0.0074074074074074,0.74074074074074,2.4000000000000004,0.2181818181818182,208.0,<10%,<50
00-0032160,Tyrell Williams,2021,DET,29.0,1.0,3,0,565,0.0053097345132743,0.53097345132743,2.4,2.4,209.0,<10%,<50
00-0035480,Malik Taylor,2021,GB,26.0,7.0,3,0,570,0.0052631578947368,0.5263157894736801,2.4,0.3428571428571428,210.0,<10%,<50
00-0035101,Davion Davis,2021,HOU,25.0,2.0,3,0,523,0.005736137667304,0.5736137667304,2.2,1.1,211.0,<10%,<50
00-0036910,C.J. Saunders,2021,CAR,25.0,1.0,2,0,575,0.0034782608695652,0.34782608695652,2.1,2.1,212.0,<10%,<50
00-0033006,Jaydon Mickens,2021,JAX/TB,27.0,11.0,3,0,1299,0.0023094688221709,0.2309468822170899,2.0,0.1818181818181818,213.0,<10%,<50
00-0036951,Frank Darby,2021,ATL,24.0,4.0,4,0,554,0.0072202166064981,0.72202166064981,1.9,0.475,214.0,<10%,<50
00-0035527,Andy Isabella,2021,ARI,25.0,3.0,1,0,570,0.0017543859649122,0.17543859649122,1.7999999999999998,0.6,215.0,<10%,<50
00-0035844,Kirk Merritt,2021,MIA,24.0,1.0,3,0,599,0.005008347245409,0.5008347245409001,1.7999999999999998,1.7999999999999998,216.0,<10%,<50
00-0033094,Marvin Hall,2021,ATL,28.0,1.0,1,0,554,0.0018050541516245,0.18050541516245,1.5,1.5,217.0,<10%,<50
00-0036491,Tarik Black,2021,NYJ,23.0,1.0,2,0,581,0.0034423407917383,0.34423407917383,1.5,1.5,218.0,<10%,<50
00-0032881,Tommylee Lewis,2021,MIA,29.0,2.0,2,0,599,0.003338898163606,0.3338898163606,1.2,0.6,219.0,<10%,<50
00-0035703,Miles Boykin,2021,BAL,25.0,1.0,1,0,591,0.0016920473773265,0.16920473773265,1.1,1.1,220.0,<10%,<50
00-0034366,Keke Coutee,2021,IND,24.0,1.0,1,0,502,0.0019920318725099,0.1992031872509899,1.0,1.0,221.0,<10%,<50
00-0036080,Easop Winston,2021,NO,25.0,3.0,1,0,474,0.0021097046413502,0.21097046413502,1.0,0.3333333333333333,222.0,<10%,<50
00-0031319,Diontae Spencer,2021,DEN,29.0,15.0,4,0,517,0.0077369439071566,0.77369439071566,0.1999999999999999,0.0133333333333333,224.0,<10%,<50
00-0029269,Travis Benjamin,2021,SF,32.0,5.0,5,0,497,0.0100603621730382,1.00603621730382,0.0,0.0,226.0,<10%,<50
00-0031051,John Brown,2021,DEN/JAX,31.0,3.0,3,0,1100,0.0027272727272727,0.27272727272727,0.0,0.0,227.0,<10%,<50
00-0031934,Devin Smith,2021,JAX,29.0,1.0,1,0,583,0.0017152658662092,0.17152658662092,0.0,0.0,228.0,<10%,<50
00-0032626,Geronimo Allison,2021,DET,27.0,1.0,2,0,565,0.0035398230088495,0.35398230088495,0.0,0.0,229.0,<10%,<50
00-0033589,David Moore,2021,DEN/GB,26.0,2.0,2,0,1087,0.0018399264029438,0.18399264029438,0.0,0.0,231.0,<10%,<50
00-0033957,Rodney Adams,2021,CHI,27.0,1.0,1,0,524,0.0019083969465648,0.1908396946564799,0.0,0.0,232.0,<10%,<50
00-0034631,Vyncint Smith,2021,NYJ,25.0,1.0,1,0,581,0.0017211703958691,0.17211703958691,0.0,0.0,235.0,<10%,<50
00-0036308,Isaiah Coulter,2021,CHI,23.0,1.0,1,0,524,0.0019083969465648,0.1908396946564799,0.0,0.0,243.0,<10%,<50
00-0036439,Tyrie Cleveland,2021,DEN,24.0,4.0,1,0,517,0.0019342359767891,0.19342359767891,0.0,0.0,246.0,<10%,<50
00-0036652,Racey McMath,2021,TEN,22.0,6.0,6,0,522,0.0114942528735632,1.14942528735632,-0.2000000000000001,-0.0333333333333333,255.0,<10%,<50
00-0036322,Justin Jefferson,2022,MIN,23.0,17.0,184,8,641,0.2870514820592824,28.70514820592824,304.66,17.921176470588236,1.0,25-30%,150+
00-0031381,Davante Adams,2022,LV,30.0,17.0,180,14,558,0.3225806451612903,32.25806451612903,285.5,16.794117647058822,2.0,30%+,150+
00-0033040,Tyreek Hill,2022,MIA,28.0,17.0,170,7,562,0.302491103202847,30.2491103202847,281.7,16.570588235294117,3.0,30%+,150+
00-0031588,Stefon Diggs,2022,BUF,29.0,16.0,154,11,551,0.279491833030853,27.949183303085302,262.6,16.4125,4.0,25-30%,150+
00-0035676,A.J. Brown,2022,PHI,25.0,17.0,145,11,505,0.2871287128712871,28.71287128712871,255.6,15.03529411764706,5.0,25-30%,125-150
00-0036358,CeeDee Lamb,2022,DAL,23.0,17.0,156,9,545,0.2862385321100917,28.62385321100917,248.1,14.594117647058823,6.0,25-30%,150+
00-0036613,Jaylen Waddle,2022,MIA,24.0,17.0,117,8,562,0.2081850533807829,20.81850533807829,221.7,13.041176470588235,7.0,20-25%,100-125
00-0036963,Amon-Ra St. Brown,2022,DET,23.0,16.0,146,6,563,0.2593250444049733,25.93250444049733,214.6,13.4125,8.0,25-30%,125-150
00-0036912,DeVonta Smith,2022,PHI,24.0,17.0,136,7,505,0.2693069306930693,26.930693069306933,209.1,12.3,9.0,25-30%,125-150
00-0031544,Amari Cooper,2022,CLE,28.0,17.0,132,9,507,0.2603550295857988,26.035502958579883,207.0,12.176470588235292,10.0,25-30%,125-150
00-0034775,Christian Kirk,2022,JAX,26.0,17.0,133,8,574,0.2317073170731707,23.170731707317067,199.9,11.758823529411766,11.0,20-25%,125-150
00-0036900,Ja'Marr Chase,2022,CIN,22.0,12.0,134,9,594,0.2255892255892256,22.55892255892256,198.9,16.575,12.0,20-25%,125-150
00-0032211,Tyler Lockett,2022,SEA,30.0,16.0,117,9,553,0.2115732368896926,21.15732368896926,197.3,12.33125,13.0,20-25%,100-125
00-0035659,Terry McLaurin,2022,WAS,27.0,17.0,120,5,531,0.2259887005649717,22.59887005649717,190.5,11.205882352941176,14.0,20-25%,100-125
00-0036261,Brandon Aiyuk,2022,SF,24.0,17.0,114,8,504,0.2261904761904762,22.61904761904762,188.8,11.105882352941178,15.0,20-25%,100-125
00-0031408,Mike Evans,2022,TB,29.0,15.0,127,6,724,0.1754143646408839,17.541436464088388,186.9,12.46,16.0,15-20%,125-150
00-0036410,Tee Higgins,2022,CIN,23.0,14.0,109,7,594,0.1835016835016835,18.35016835016835,183.9,13.135714285714286,17.0,15-20%,100-125
00-0035640,DK Metcalf,2022,SEA,25.0,17.0,141,6,553,0.2549728752260398,25.49728752260398,181.8,10.694117647058825,18.0,25-30%,125-150
00-0037740,Garrett Wilson,2022,NYJ,22.0,17.0,147,4,588,0.25,25.0,174.2,10.24705882352941,19.0,25-30%,125-150
00-0033921,Chris Godwin Jr.,2022,TB,26.0,15.0,142,3,724,0.1961325966850828,19.61325966850828,170.8,11.386666666666668,20.0,15-20%,125-150
00-0036407,Jerry Jeudy,2022,DEN,23.0,15.0,100,6,541,0.1848428835489833,18.48428835489833,170.7,11.38,21.0,15-20%,100-125
00-0034827,DJ Moore,2022,CAR,25.0,17.0,118,7,427,0.2763466042154566,27.63466042154566,167.6,9.858823529411763,22.0,25-30%,100-125
00-0036252,Michael Pittman,2022,IND,25.0,16.0,141,4,579,0.2435233160621761,24.352331606217607,167.0,10.4375,23.0,20-25%,125-150
00-0033908,Cooper Kupp,2022,LA,29.0,9.0,98,6,517,0.1895551257253385,18.95551257253385,163.9,18.211111111111112,24.0,15-20%,75-100
00-0037239,Chris Olave,2022,NO,22.0,15.0,119,4,493,0.2413793103448276,24.13793103448276,162.2,10.813333333333333,25.0,20-25%,100-125
00-0033891,Zay Jones,2022,JAX,27.0,16.0,121,5,574,0.2108013937282229,21.08013937282229,157.1,9.81875,26.0,20-25%,100-125
00-0034960,Jakobi Meyers,2022,NE,26.0,14.0,96,6,518,0.1853281853281853,18.532818532818528,148.8,10.62857142857143,27.0,15-20%,75-100
00-0036196,Gabe Davis,2022,BUF,23.0,15.0,93,7,551,0.1687840290381125,16.87840290381125,147.6,9.84,28.0,15-20%,75-100
00-0033857,JuJu Smith-Schuster,2022,KC,26.0,16.0,101,3,614,0.1644951140065146,16.44951140065146,146.29999999999998,9.14375,29.0,15-20%,100-125
00-0030035,Adam Thielen,2022,MIN,32.0,17.0,107,6,641,0.1669266770670827,16.69266770670827,145.0,8.529411764705882,30.0,15-20%,100-125
00-0033536,Mike Williams,2022,LAC,28.0,13.0,93,4,687,0.1353711790393013,13.53711790393013,145.0,11.153846153846152,31.0,10-15%,75-100
00-0034521,Allen Lazard,2022,GB,27.0,15.0,100,6,540,0.1851851851851851,18.51851851851851,144.8,9.653333333333334,32.0,15-20%,100-125
00-0033282,Curtis Samuel,2022,WAS,26.0,17.0,92,4,531,0.1732580037664783,17.32580037664783,144.3,8.488235294117647,33.0,15-20%,75-100
00-0038124,Christian Watson,2022,GB,23.0,14.0,66,7,540,0.1222222222222222,12.22222222222222,143.6,10.257142857142856,34.0,10-15%,50-75
00-0037238,Drake London,2022,ATL,21.0,17.0,117,4,400,0.2925,29.25,142.6,8.388235294117647,35.0,25-30%,100-125
00-0037247,George Pickens,2022,PIT,21.0,17.0,84,4,548,0.1532846715328467,15.32846715328467,140.5,8.264705882352942,36.0,15-20%,75-100
00-0035719,Deebo Samuel Sr.,2022,SF,26.0,13.0,94,2,504,0.1865079365079365,18.65079365079365,140.4,10.8,37.0,15-20%,75-100
00-0033009,Tyler Boyd,2022,CIN,28.0,16.0,82,5,594,0.138047138047138,13.8047138047138,138.12,8.6325,38.0,10-15%,75-100
00-0035216,Diontae Johnson,2022,PIT,26.0,17.0,147,0,548,0.2682481751824817,26.824817518248167,137.7,8.1,39.0,25-30%,125-150
00-0036233,Donovan Peoples-Jones,2022,CLE,23.0,17.0,96,3,507,0.1893491124260355,18.93491124260355,136.6,8.035294117647059,40.0,15-20%,75-100
00-0036988,Josh Palmer,2022,LAC,23.0,16.0,107,3,687,0.155749636098981,15.5749636098981,133.3,8.33125,41.0,15-20%,100-125
00-0030279,Keenan Allen,2022,LAC,30.0,10.0,89,4,687,0.1295487627365356,12.95487627365356,131.0,13.1,42.0,10-15%,75-100
00-0034348,Courtland Sutton,2022,DEN,27.0,15.0,109,2,541,0.2014787430683918,20.14787430683918,127.4,8.493333333333334,43.0,20-25%,100-125
00-0033555,Mack Hollins,2022,LV,29.0,17.0,94,4,558,0.1684587813620071,16.84587813620071,125.66,7.391764705882353,44.0,15-20%,75-100
00-0036345,K.J. Osborn,2022,MIN,25.0,17.0,90,5,641,0.1404056162246489,14.040561622464889,125.6,7.388235294117647,45.0,10-15%,75-100
00-0035662,Marquise Brown,2022,ARI,25.0,12.0,107,3,635,0.168503937007874,16.8503937007874,122.5,10.208333333333334,46.0,15-20%,100-125
00-0030564,DeAndre Hopkins,2022,ARI,30.0,9.0,96,3,635,0.1511811023622047,15.118110236220469,119.7,13.3,47.0,15-20%,75-100
00-0035639,Parris Campbell,2022,IND,25.0,17.0,91,3,579,0.157167530224525,15.7167530224525,117.6,6.917647058823529,48.0,15-20%,75-100
00-0031236,Brandin Cooks,2022,HOU,29.0,13.0,93,3,558,0.1666666666666666,16.66666666666666,117.1,9.007692307692308,49.0,15-20%,75-100
00-0037741,Jahan Dotson,2022,WAS,22.0,12.0,61,7,531,0.1148775894538606,11.48775894538606,113.1,9.425,50.0,10-15%,50-75
00-0034286,Richie James,2022,NYG,27.0,16.0,70,4,489,0.1431492842535787,14.31492842535787,110.0,6.875,51.0,10-15%,50-75
00-0035535,Darius Slayton,2022,NYG,25.0,13.0,71,2,489,0.1451942740286298,14.51942740286298,105.4,8.107692307692307,52.0,10-15%,50-75
00-0034272,Marquez Valdes-Scantling,2022,KC,28.0,17.0,81,2,614,0.1319218241042345,13.19218241042345,101.4,5.964705882352941,53.0,10-15%,75-100
00-0033466,Isaiah McKenzie,2022,BUF,27.0,15.0,65,4,551,0.1179673321234119,11.79673321234119,98.8,6.586666666666667,54.0,10-15%,50-75
00-0034411,Russell Gage,2022,TB,26.0,13.0,70,5,724,0.0966850828729281,9.66850828729281,98.1,7.546153846153846,55.0,<10%,50-75
00-0036331,Devin Duvernay,2022,BAL,25.0,14.0,49,3,465,0.1053763440860215,10.53763440860215,97.6,6.971428571428571,56.0,10-15%,<50
00-0029293,Marvin Jones,2022,JAX,32.0,16.0,81,3,574,0.1411149825783972,14.11149825783972,93.9,5.86875,57.0,10-15%,75-100
00-0033591,Noah Brown,2022,DAL,26.0,16.0,74,3,545,0.1357798165137614,13.57798165137614,93.0,5.8125,58.0,10-15%,50-75
00-0032464,Kalif Raymond,2022,DET,28.0,17.0,64,0,563,0.1136767317939609,11.36767317939609,92.7,5.452941176470588,59.0,10-15%,50-75
00-0037664,Alec Pierce,2022,IND,22.0,16.0,78,2,579,0.1347150259067357,13.47150259067357,91.8,5.7375,60.0,10-15%,75-100
00-0031763,DeAndre Carter,2022,LAC,29.0,17.0,65,3,687,0.0946142649199417,9.46142649199417,91.3,5.370588235294117,61.0,<10%,50-75
00-0030431,Robert Woods,2022,TEN,30.0,17.0,91,2,436,0.2087155963302752,20.87155963302752,91.2,5.364705882352942,62.0,20-25%,75-100
00-0032398,Chris Moore,2022,HOU,29.0,15.0,74,2,558,0.1326164874551971,13.261648745519713,91.1,6.073333333333333,63.0,10-15%,50-75
00-0035208,Olamide Zaccheaus,2022,ATL,25.0,16.0,61,3,400,0.1525,15.25,90.0,5.625,64.0,15-20%,50-75
00-0035500,Greg Dortch,2022,ARI,24.0,16.0,64,2,635,0.1007874015748031,10.078740157480311,89.1,5.56875,65.0,10-15%,50-75
00-0031547,DeVante Parker,2022,NE,29.0,12.0,47,3,518,0.0907335907335907,9.07335907335907,87.4,7.283333333333334,66.0,<10%,<50
00-0037545,Rashid Shaheed,2022,NO,24.0,12.0,34,2,493,0.0689655172413793,6.89655172413793,86.5,7.208333333333333,67.0,<10%,<50
00-0034764,Michael Gallup,2022,DAL,26.0,14.0,74,4,545,0.1357798165137614,13.57798165137614,85.9,6.135714285714286,68.0,10-15%,50-75
00-0033943,Josh Reynolds,2022,DET,27.0,12.0,59,3,563,0.1047957371225577,10.47957371225577,84.9,7.075,69.0,10-15%,50-75
00-0034777,DJ Chark,2022,DET,26.0,11.0,52,3,563,0.0923623445825932,9.23623445825932,83.2,7.5636363636363635,70.0,<10%,50-75
00-0036326,Chase Claypool,2022,CHI/PIT,24.0,15.0,79,1,907,0.0871003307607497,8.71003307607497,82.03999999999999,5.469333333333333,71.0,<10%,75-100
00-0036165,Isaiah Hodgins,2022,BUF/NYG,24.0,9.0,48,4,1040,0.0461538461538461,4.61538461538461,81.69999999999999,9.077777777777776,72.0,<10%,<50
00-0033871,Corey Davis,2022,NYJ,27.0,13.0,64,2,588,0.1088435374149659,10.88435374149659,81.6,6.276923076923077,73.0,10-15%,50-75
00-0036309,Darnell Mooney,2022,CHI,25.0,11.0,61,2,359,0.1699164345403899,16.99164345403899,81.5,7.409090909090909,74.0,15-20%,50-75
00-0035140,Mecole Hardman,2022,KC,24.0,8.0,34,4,614,0.0553745928338762,5.53745928338762,81.3,10.1625,75.0,<10%,<50
00-0037816,Romeo Doubs,2022,GB,22.0,13.0,67,3,540,0.124074074074074,12.4074074074074,80.6,6.199999999999999,76.0,10-15%,50-75
00-0032775,Demarcus Robinson,2022,BAL,28.0,16.0,75,2,465,0.1612903225806451,16.12903225806451,79.8,4.9875,77.0,15-20%,75-100
00-0036554,Nico Collins,2022,HOU,23.0,10.0,66,2,558,0.1182795698924731,11.82795698924731,78.6,7.859999999999999,78.0,10-15%,50-75
00-0030068,Marquise Goodwin,2022,SEA,32.0,13.0,42,4,553,0.0759493670886076,7.59493670886076,76.7,5.9,79.0,<10%,<50
00-0037742,Treylon Burks,2022,TEN,22.0,11.0,54,1,436,0.1238532110091743,12.38532110091743,71.6,6.509090909090909,80.0,10-15%,50-75
00-0033307,Kendrick Bourne,2022,NE,27.0,16.0,48,1,518,0.0926640926640926,9.26640926640926,70.8,4.425,81.0,<10%,<50
00-0036182,Nick Westbrook-Ikhine,2022,TEN,25.0,16.0,50,3,436,0.1146788990825688,11.46788990825688,70.2,4.3875,82.0,10-15%,50-75
00-0036980,Elijah Moore,2022,NYJ,22.0,14.0,65,1,588,0.1105442176870748,11.05442176870748,69.6,4.971428571428571,83.0,10-15%,50-75
00-0036955,Terrace Marshall Jr.,2022,CAR,22.0,13.0,47,1,427,0.1100702576112412,11.00702576112412,69.0,5.307692307692308,84.0,10-15%,<50
00-0034487,Trent Sherfield,2022,MIA,26.0,16.0,51,2,562,0.090747330960854,9.0747330960854,68.7,4.29375,85.0,<10%,50-75
00-0031428,Allen Robinson,2022,LA,29.0,10.0,52,3,517,0.1005802707930367,10.05802707930367,68.4,6.840000000000001,86.0,10-15%,50-75
00-0036271,Quez Watkins,2022,PHI,24.0,17.0,51,3,505,0.100990099009901,10.0990099009901,68.0,4.0,87.0,10-15%,50-75
00-0036936,Rondale Moore,2022,ARI,22.0,8.0,56,1,635,0.0881889763779527,8.81889763779527,67.39999999999999,8.424999999999999,88.0,<10%,50-75
00-0036415,Van Jefferson,2022,LA,26.0,10.0,44,3,517,0.0851063829787234,8.51063829787234,66.9,6.69,89.0,<10%,<50
00-0036259,Jauan Jennings,2022,SF,25.0,16.0,56,1,504,0.1111111111111111,11.11111111111111,65.1,4.06875,90.0,10-15%,50-75
00-0036862,Ben Skowronek,2022,LA,25.0,14.0,61,0,517,0.1179883945841392,11.79883945841392,64.8,4.628571428571428,91.0,10-15%,50-75
00-0028002,Randall Cobb,2022,GB,32.0,13.0,50,1,540,0.0925925925925925,9.25925925925925,64.7,4.976923076923077,92.0,<10%,50-75
00-0034983,Hunter Renfrow,2022,LV,27.0,10.0,50,2,558,0.089605734767025,8.9605734767025,61.0,6.1,93.0,<10%,50-75
00-0031549,Nelson Agholor,2022,NE,29.0,14.0,53,2,518,0.1023166023166023,10.23166023166023,59.7,4.264285714285714,94.0,10-15%,50-75
00-0036268,Laviska Shenault Jr.,2022,CAR,24.0,13.0,32,1,427,0.0749414519906323,7.49414519906323,59.2,4.553846153846154,95.0,<10%,<50
00-0033572,Jamal Agnew,2022,JAX,27.0,15.0,30,3,574,0.0522648083623693,5.22648083623693,58.8,3.92,96.0,<10%,<50
00-0027944,Julio Jones,2022,TB,33.0,10.0,43,2,724,0.0593922651933701,5.9392265193370095,58.4,5.84,97.0,<10%,<50
00-0035341,Trenton Irwin,2022,CIN,27.0,9.0,23,4,594,0.0387205387205387,3.8720538720538697,55.7,6.188888888888889,98.0,<10%,<50
00-0034860,Dante Pettis,2022,CHI,27.0,17.0,41,3,359,0.1142061281337047,11.42061281337047,55.7,3.276470588235294,99.0,10-15%,<50
00-0038104,Tyquan Thornton,2022,NE,22.0,12.0,45,2,518,0.0868725868725868,8.68725868725868,55.3,4.608333333333333,100.0,<10%,<50
00-0034279,Equanimeous St. Brown,2022,CHI,26.0,16.0,38,1,359,0.1058495821727019,10.584958217270191,54.2,3.3875,101.0,10-15%,<50
00-0036849,Tutu Atwell,2022,LA,23.0,12.0,35,1,517,0.0676982591876208,6.769825918762081,54.2,4.516666666666667,102.0,<10%,<50
00-0036913,Kadarius Toney,2022,KC/NYG,23.0,9.0,20,2,1103,0.0181323662737987,1.81323662737987,51.3,5.699999999999999,103.0,<10%,<50
00-0034407,Ray-Ray McCloud,2022,SF,26.0,17.0,25,1,504,0.0496031746031746,4.9603174603174605,51.1,3.0058823529411764,104.0,<10%,<50
00-0034386,Justin Watson,2022,KC,26.0,17.0,34,2,614,0.0553745928338762,5.53745928338762,51.0,3.0,105.0,<10%,<50
00-0036572,Shi Smith,2022,CAR,24.0,17.0,41,2,427,0.0960187353629976,9.60187353629976,50.6,2.976470588235294,106.0,<10%,<50
00-0027942,A.J. Green,2022,ARI,34.0,13.0,47,2,635,0.074015748031496,7.4015748031496,49.6,3.815384615384616,107.0,<10%,<50
00-0034419,Braxton Berrios,2022,NYJ,27.0,17.0,32,0,588,0.0544217687074829,5.44217687074829,48.68,2.8635294117647057,108.0,<10%,<50
00-0031382,Jarvis Landry,2022,NO,30.0,9.0,39,1,493,0.0791075050709939,7.91075050709939,47.7,5.300000000000001,109.0,<10%,<50
00-0036550,Rashod Bateman,2022,BAL,23.0,6.0,28,2,465,0.0602150537634408,6.02150537634408,46.0,7.666666666666667,110.0,<10%,<50
00-0031868,Damiere Byrd,2022,ATL,29.0,12.0,23,2,400,0.0575,5.75,45.3,3.775,111.0,<10%,<50
00-0035864,Kendall Hinton,2022,DEN,25.0,11.0,33,0,541,0.0609981515711645,6.09981515711645,44.4,4.036363636363636,112.0,<10%,<50
00-0034765,Tre'Quan Smith,2022,NO,26.0,10.0,27,1,493,0.0547667342799188,5.47667342799188,43.3,4.33,113.0,<10%,<50
00-0032765,Michael Thomas,2022,NO,29.0,3.0,22,3,493,0.0446247464503042,4.46247464503042,43.1,14.366666666666667,114.0,<10%,<50
00-0032688,Robbie Chosen,2022,ARI/CAR,29.0,12.0,44,1,1062,0.0414312617702448,4.14312617702448,42.2,3.516666666666667,115.0,<10%,<50
00-0032208,Phillip Dorsett,2022,HOU,29.0,15.0,40,1,558,0.07168458781362,7.168458781362,41.7,2.78,116.0,<10%,<50
00-0038117,Wan'Dale Robinson,2022,NYG,21.0,6.0,31,1,489,0.0633946830265848,6.33946830265848,40.1,6.683333333333333,117.0,<10%,<50
00-0031325,Sammy Watkins,2022,BAL/GB,29.0,9.0,27,0,1005,0.026865671641791,2.6865671641791,38.5,4.277777777777778,118.0,<10%,<50
00-0038090,Skyy Moore,2022,KC,22.0,16.0,33,0,614,0.0537459283387622,5.3745928338762194,38.4,2.4,119.0,<10%,<50
00-0034646,Brandon Powell,2022,LA,27.0,17.0,32,0,517,0.0618955512572533,6.18955512572533,35.6,2.094117647058824,120.0,<10%,<50
00-0036991,Amari Rodgers,2022,GB/HOU,23.0,15.0,25,1,1098,0.0227686703096539,2.27686703096539,35.1,2.3400000000000003,121.0,<10%,<50
00-0035021,Ashton Dulin,2022,IND,25.0,10.0,22,1,579,0.0379965457685664,3.79965457685664,35.0,3.5,122.0,<10%,<50
00-0034854,KhaDarel Hodge,2022,ATL,27.0,13.0,20,1,400,0.05,5.0,34.7,2.669230769230769,123.0,<10%,<50
00-0037257,David Bell,2022,CLE,22.0,15.0,35,0,507,0.0690335305719921,6.90335305719921,33.4,2.2266666666666666,124.0,<10%,<50
00-0035298,Scott Miller,2022,TB,25.0,12.0,40,0,724,0.0552486187845303,5.52486187845303,30.8,2.566666666666667,125.0,<10%,<50
00-0034297,Byron Pringle,2022,CHI,29.0,10.0,16,2,359,0.0445682451253481,4.45682451253481,30.5,3.05,126.0,<10%,<50
00-0036626,Dyami Brown,2022,WAS,23.0,9.0,14,2,531,0.0263653483992467,2.63653483992467,30.3,3.3666666666666667,127.0,<10%,<50
00-0036219,Marquez Callaway,2022,NO,24.0,10.0,32,1,493,0.0649087221095334,6.49087221095334,29.8,2.98,128.0,<10%,<50
00-0037261,Khalil Shakir,2022,BUF,22.0,10.0,20,1,551,0.0362976406533575,3.62976406533575,29.1,2.91,129.0,<10%,<50
00-0033251,Zach Pascal,2022,PHI,28.0,15.0,19,1,505,0.0376237623762376,3.76237623762376,28.5,1.9,130.0,<10%,<50
00-0037291,Jalen Nailor,2022,MIN,23.0,8.0,13,1,641,0.0202808112324493,2.02808112324493,28.4,3.55,131.0,<10%,<50
00-0032385,Sterling Shepard,2022,NYG,29.0,3.0,24,1,489,0.0490797546012269,4.90797546012269,27.9,9.3,132.0,<10%,<50
00-0034054,River Cracraft,2022,MIA,28.0,8.0,14,2,562,0.0249110320284697,2.4911032028469697,26.7,3.3375,133.0,<10%,<50
00-0033681,Keelan Cole,2022,LV,29.0,12.0,21,1,558,0.0376344086021505,3.7634408602150495,25.1,2.091666666666667,134.0,<10%,<50
00-0034928,Steven Sims,2022,PIT,25.0,12.0,23,0,548,0.041970802919708,4.1970802919708,24.4,2.033333333333333,135.0,<10%,<50
00-0036255,Denzel Mims,2022,NYJ,25.0,9.0,25,0,588,0.042517006802721,4.2517006802721,24.1,2.677777777777778,136.0,<10%,<50
00-0036387,Jalen Reagor,2022,MIN,23.0,17.0,13,1,641,0.0202808112324493,2.02808112324493,22.9,1.3470588235294116,137.0,<10%,<50
00-0036412,KJ Hamler,2022,DEN,23.0,6.0,14,0,541,0.0258780036968576,2.58780036968576,22.3,3.716666666666667,138.0,<10%,<50
00-0034418,Cedrick Wilson Jr.,2022,MIA,27.0,13.0,18,0,562,0.0320284697508896,3.20284697508896,20.4,1.5692307692307692,139.0,<10%,<50
00-0026189,DeSean Jackson,2022,BAL,36.0,7.0,17,0,465,0.0365591397849462,3.655913978494621,19.8,2.8285714285714287,140.0,<10%,<50
00-0032054,Breshad Perriman,2022,TB,29.0,8.0,19,1,724,0.0262430939226519,2.6243093922651903,18.8,2.35,141.0,<10%,<50
00-0035544,Tom Kennedy,2022,DET,26.0,5.0,15,0,563,0.0266429840142095,2.66429840142095,18.1,3.62,142.0,<10%,<50
00-0035510,Jeff Smith,2022,NYJ,25.0,7.0,11,0,588,0.0187074829931972,1.87074829931972,17.4,2.4857142857142853,143.0,<10%,<50
00-0033932,Kenny Golladay,2022,NYG,29.0,6.0,17,1,489,0.0347648261758691,3.4764826175869104,17.1,2.85,144.0,<10%,<50
00-0036999,Anthony Schwartz,2022,CLE,22.0,7.0,10,0,507,0.019723865877712,1.9723865877712,16.8,2.4,145.0,<10%,<50
00-0037098,Samori Toure,2022,GB,24.0,4.0,10,1,540,0.0185185185185185,1.85185185185185,16.7,4.175,146.0,<10%,<50
00-0035359,David Sills,2022,NYG,26.0,7.0,17,0,489,0.0347648261758691,3.4764826175869104,16.1,2.3000000000000003,147.0,<10%,<50
00-0029608,T.Y. Hilton,2022,DAL,33.0,3.0,10,0,545,0.018348623853211,1.8348623853211,15.6,5.2,148.0,<10%,<50
00-0037240,Jameson Williams,2022,DET,21.0,6.0,9,1,563,0.0159857904085257,1.59857904085257,14.6,2.433333333333333,149.0,<10%,<50
00-0037387,Jalen Virgil,2022,DEN,24.0,7.0,5,1,541,0.0092421441774491,0.92421441774491,14.5,2.071428571428572,150.0,<10%,<50
00-0032980,Marcus Johnson,2022,NYG,28.0,8.0,22,0,489,0.0449897750511247,4.49897750511247,14.4,1.7999999999999998,151.0,<10%,<50
00-0036959,Michael Bandy,2022,LAC,25.0,8.0,21,0,687,0.0305676855895196,3.05676855895196,13.9,1.7375,152.0,<10%,<50
00-0037382,Brandon Johnson,2022,DEN,24.0,5.0,14,1,541,0.0258780036968576,2.58780036968576,13.2,2.64,153.0,<10%,<50
00-0034104,Cam Sims,2022,WAS,26.0,13.0,18,0,531,0.0338983050847457,3.38983050847457,12.900000000000002,0.9923076923076924,154.0,<10%,<50
00-0036671,Dax Milne,2022,WAS,23.0,15.0,7,1,531,0.0131826741996233,1.31826741996233,12.7,0.8466666666666666,155.0,<10%,<50
00-0037273,Kyle Philips,2022,TEN,23.0,4.0,13,0,436,0.0298165137614678,2.98165137614678,11.8,2.95,156.0,<10%,<50
00-0035645,Gunner Olszewski,2022,PIT,26.0,15.0,7,0,548,0.0127737226277372,1.27737226277372,11.7,0.78,157.0,<10%,<50
00-0033292,Trent Taylor,2022,CIN,28.0,16.0,10,0,594,0.0168350168350168,1.68350168350168,10.7,0.6687500000000001,158.0,<10%,<50
00-0031051,John Brown,2022,BUF,32.0,2.0,2,1,551,0.0036297640653357,0.36297640653357,10.7,5.35,159.0,<10%,<50
00-0036620,Dee Eskridge,2022,SEA,25.0,9.0,13,0,553,0.023508137432188,2.3508137432188,10.3,1.1444444444444446,160.0,<10%,<50
00-0036247,Freddie Swain,2022,DEN,24.0,3.0,6,0,541,0.011090573012939,1.1090573012939,9.4,3.1333333333333333,161.0,<10%,<50
00-0031941,Jamison Crowder,2022,BUF,29.0,4.0,13,0,551,0.0235934664246823,2.35934664246823,9.0,2.25,162.0,<10%,<50
00-0032200,Ty Montgomery,2022,NE,29.0,1.0,4,1,518,0.0077220077220077,0.77220077220077,8.8,8.8,163.0,<10%,<50
00-0031545,Kevin White,2022,NO,30.0,6.0,5,0,493,0.0101419878296146,1.01419878296146,8.4,1.4,164.0,<10%,<50
00-0031787,Jake Kumerow,2022,BUF,30.0,5.0,7,0,551,0.0127041742286751,1.27041742286751,8.4,1.6800000000000002,165.0,<10%,<50
00-0037487,Deven Thompkins,2022,TB,23.0,5.0,10,0,724,0.0138121546961325,1.38121546961325,8.299999999999999,1.6599999999999997,166.0,<10%,<50
00-0036133,James Proche,2022,BAL,26.0,11.0,17,0,465,0.0365591397849462,3.655913978494621,8.200000000000001,0.7454545454545456,167.0,<10%,<50
00-0035876,Andre Baccellia,2022,ARI,25.0,5.0,10,0,635,0.0157480314960629,1.5748031496062902,8.0,1.6,168.0,<10%,<50
00-0035414,Jalen Guyton,2022,LAC,25.0,2.0,4,0,687,0.0058224163027656,0.5822416302765601,7.4,3.7,169.0,<10%,<50
00-0036482,Mike Strachan,2022,IND,25.0,5.0,9,0,579,0.0155440414507772,1.55440414507772,7.399999999999999,1.48,170.0,<10%,<50
00-0032951,Laquon Treadwell,2022,SEA,27.0,3.0,10,0,553,0.0180831826401446,1.80831826401446,7.199999999999999,2.4,171.0,<10%,<50
00-0033386,Cody Hollister,2022,TEN,29.0,6.0,5,0,436,0.0114678899082568,1.14678899082568,6.9,1.15,172.0,<10%,<50
00-0033114,Mike Thomas,2022,CIN,28.0,5.0,10,0,594,0.0168350168350168,1.68350168350168,6.8,1.36,173.0,<10%,<50
00-0032128,Chris Conley,2022,HOU/TEN,30.0,4.0,7,0,994,0.0070422535211267,0.70422535211267,6.6000000000000005,1.65,174.0,<10%,<50
00-0029000,Cole Beasley,2022,BUF/TB,33.0,4.0,7,0,1275,0.0054901960784313,0.54901960784313,6.5,1.625,175.0,<10%,<50
00-0037300,Mike Woods,2022,CLE,22.0,7.0,10,0,507,0.019723865877712,1.9723865877712,6.5,0.9285714285714286,176.0,<10%,<50
00-0036652,Racey McMath,2022,TEN,23.0,4.0,8,0,436,0.018348623853211,1.8348623853211,5.4,1.35,177.0,<10%,<50
00-0036630,Tylan Wallace,2022,BAL,23.0,5.0,7,0,465,0.0150537634408602,1.50537634408602,5.3,1.06,178.0,<10%,<50
00-0037272,Montrell Washington,2022,DEN,23.0,15.0,9,0,541,0.0166358595194085,1.6635859519408502,5.2,0.3466666666666667,179.0,<10%,<50
00-0036497,Tim Jones,2022,JAX,24.0,7.0,4,0,574,0.0069686411149825,0.69686411149825,4.5,0.6428571428571429,180.0,<10%,<50
00-0036646,Simi Fehoko,2022,DAL,25.0,3.0,4,0,545,0.0073394495412844,0.73394495412844,3.9,1.3,181.0,<10%,<50
00-0036877,Jaelon Darden,2022,CLE/TB,23.0,14.0,2,0,1231,0.0016246953696181,0.16246953696181,3.8,0.2714285714285714,182.0,<10%,<50
00-0036439,Tyrie Cleveland,2022,DEN,25.0,5.0,7,0,541,0.0129390018484288,1.29390018484288,3.8,0.76,183.0,<10%,<50
00-0035022,Penny Hart,2022,SEA,26.0,4.0,4,0,553,0.0072332730560578,0.72332730560578,3.5,0.875,184.0,<10%,<50
00-0038147,Daylen Baldwin,2022,CLE,23.0,1.0,2,0,507,0.0039447731755424,0.39447731755424,3.5,3.5,185.0,<10%,<50
00-0036228,Dezmon Patmon,2022,IND,24.0,1.0,6,0,579,0.0103626943005181,1.03626943005181,3.4000000000000004,3.4000000000000004,186.0,<10%,<50
00-0037093,Dareke Young,2022,SEA,23.0,6.0,2,0,553,0.0036166365280289,0.36166365280289,3.4000000000000004,0.5666666666666668,187.0,<10%,<50
00-0035527,Andy Isabella,2022,ARI/BAL,26.0,4.0,5,0,1100,0.0045454545454545,0.45454545454545,3.2,0.8,188.0,<10%,<50
00-0037801,KaVontae Turpin,2022,DAL,26.0,17.0,2,0,545,0.0036697247706422,0.36697247706422,3.1,0.1823529411764706,189.0,<10%,<50
00-0033111,Pharoh Cooper,2022,ARI,27.0,5.0,2,0,635,0.0031496062992125,0.31496062992125,3.1,0.6199999999999999,190.0,<10%,<50
00-0036810,Cade Johnson,2022,SEA,24.0,2.0,4,0,553,0.0072332730560578,0.72332730560578,3.1,1.5499999999999998,191.0,<10%,<50
00-0035406,Lil'Jordan Humphrey,2022,NE,24.0,4.0,4,0,518,0.0077220077220077,0.77220077220077,3.0,0.75,192.0,<10%,<50
00-0036365,Bryan Edwards,2022,ATL,24.0,4.0,5,0,400,0.0125,1.25,3.0,0.75,193.0,<10%,<50
00-0034317,Keith Kirkwood,2022,NO,28.0,3.0,4,0,493,0.0081135902636916,0.81135902636916,2.8,0.9333333333333332,194.0,<10%,<50
00-0036527,DJ Turner,2022,LV,25.0,5.0,1,0,558,0.0017921146953405,0.17921146953405,2.6,0.52,195.0,<10%,<50
00-0037570,Dennis Houston,2022,DAL,23.0,2.0,6,0,545,0.0110091743119266,1.10091743119266,2.6,1.3,196.0,<10%,<50
00-0036277,Quintez Cephus,2022,DET,24.0,3.0,3,0,563,0.0053285968028419,0.5328596802841901,2.5,0.8333333333333334,197.0,<10%,<50
00-0035621,Nsimba Webster,2022,CHI,26.0,1.0,3,0,359,0.0083565459610027,0.8356545961002699,2.4,2.4,198.0,<10%,<50
00-0037828,Danny Gray,2022,SF,23.0,7.0,7,0,504,0.0138888888888888,1.38888888888888,2.4,0.3428571428571428,199.0,<10%,<50
00-0035215,Deonte Harty,2022,NO,25.0,4.0,2,0,493,0.0040567951318458,0.40567951318458,2.3,0.575,200.0,<10%,<50
00-0036841,Austin Trammell,2022,LA,24.0,2.0,4,0,517,0.0077369439071566,0.77369439071566,2.3,1.15,201.0,<10%,<50
00-0035593,Juwann Winfree,2022,GB,26.0,3.0,4,0,540,0.0074074074074074,0.74074074074074,2.2,0.7333333333333334,202.0,<10%,<50
00-0037666,Jalen Tolbert,2022,DAL,23.0,3.0,3,0,545,0.0055045871559633,0.55045871559633,2.2,0.7333333333333334,203.0,<10%,<50
00-0035703,Miles Boykin,2022,PIT,26.0,10.0,3,0,548,0.0054744525547445,0.54744525547445,2.1,0.21,204.0,<10%,<50
00-0036951,Frank Darby,2022,ATL,25.0,1.0,1,0,400,0.0025,0.25,2.0,2.0,205.0,<10%,<50
00-0035457,Tyron Johnson,2022,HOU/LV,26.0,2.0,1,0,1116,0.0008960573476702,0.08960573476702,1.3,0.65,206.0,<10%,<50
00-0036858,Jalen Camp,2022,HOU,24.0,1.0,1,0,558,0.0017921146953405,0.17921146953405,1.2,1.2,207.0,<10%,<50
00-0037708,Maurice Alexander,2022,DET,25.0,3.0,1,0,563,0.0017761989342806,0.17761989342806,1.2,0.3999999999999999,208.0,<10%,<50
00-0033367,C.J. Board,2022,TEN,29.0,4.0,1,0,436,0.0022935779816513,0.22935779816513,1.1,0.275,209.0,<10%,<50
00-0036918,Jacob Harris,2022,LA,25.0,3.0,1,0,517,0.0019342359767891,0.19342359767891,1.1,0.3666666666666667,210.0,<10%,<50
00-0035432,Jason Moore,2022,LAC,27.0,1.0,2,0,687,0.0029112081513828,0.29112081513828,1.0,1.0,211.0,<10%,<50
00-0036176,Mason Kinsey,2022,TEN,24.0,2.0,1,0,436,0.0022935779816513,0.22935779816513,0.8,0.4,212.0,<10%,<50
00-0038092,Erik Ezukanma,2022,MIA,22.0,1.0,1,0,562,0.0017793594306049,0.17793594306049,0.8,0.8,213.0,<10%,<50
00-0035891,Cody White,2022,PIT,24.0,1.0,1,0,548,0.0018248175182481,0.18248175182481,0.7,0.7,214.0,<10%,<50
00-0037355,Braylon Sanders,2022,MIA,23.0,2.0,3,0,562,0.0053380782918149,0.53380782918149,0.7,0.35,215.0,<10%,<50
00-0034366,Keke Coutee,2022,IND,25.0,7.0,1,0,579,0.001727115716753,0.1727115716753,0.5,0.0714285714285714,216.0,<10%,<50
00-0029664,Josh Gordon,2022,TEN,31.0,1.0,1,0,436,0.0022935779816513,0.22935779816513,0.0,0.0,219.0,<10%,<50
00-0033633,Tanner Gentry,2022,BUF,28.0,1.0,1,0,551,0.0018148820326678,0.18148820326678,0.0,0.0,223.0,<10%,<50
00-0034676,James Washington,2022,DAL,26.0,1.0,1,0,545,0.0018348623853211,0.18348623853211,0.0,0.0,225.0,<10%,<50
00-0035399,Stanley Morgan,2022,CIN,26.0,9.0,1,0,594,0.0016835016835016,0.16835016835016,0.0,0.0,228.0,<10%,<50
00-0037055,Lance McCutcheon,2022,LA,23.0,4.0,5,0,517,0.0096711798839458,0.96711798839458,0.0,0.0,232.0,<10%,<50
00-0038149,Josh Ali,2022,ATL,23.0,1.0,1,0,400,0.0025,0.25,0.0,0.0,237.0,<10%,<50
00-0036635,Ihmir Smith-Marsette,2022,CHI,23.0,4.0,4,0,359,0.011142061281337,1.1142061281337,-0.1,-0.025,238.0,<10%,<50
00-0036358,CeeDee Lamb,2023,DAL,24.0,17.0,181,12,605,0.2991735537190083,29.91735537190083,335.7,19.74705882352941,1.0,25-30%,150+
00-0033040,Tyreek Hill,2023,MIA,29.0,16.0,171,13,549,0.3114754098360656,31.14754098360656,316.9,19.80625,2.0,30%+,150+
00-0036963,Amon-Ra St. Brown,2023,DET,24.0,16.0,164,10,574,0.2857142857142857,28.57142857142857,271.4,16.9625,3.0,25-30%,150+
00-0039075,Puka Nacua,2023,LA,22.0,17.0,160,6,555,0.2882882882882883,28.82882882882883,246.0,14.470588235294118,4.0,25-30%,150+
00-0031408,Mike Evans,2023,TB,30.0,17.0,136,13,550,0.2472727272727272,24.72727272727272,243.0,14.294117647058824,5.0,20-25%,125-150
00-0034827,DJ Moore,2023,CHI,26.0,17.0,136,8,477,0.2851153039832285,28.511530398322847,238.5,14.029411764705882,6.0,25-30%,125-150
00-0035676,A.J. Brown,2023,PHI,26.0,17.0,158,7,525,0.3009523809523809,30.09523809523809,236.6,13.91764705882353,7.0,30%+,150+
00-0030279,Keenan Allen,2023,LAC,31.0,13.0,150,7,614,0.2442996742671009,24.42996742671009,224.86,17.29692307692308,8.0,20-25%,150+
00-0036554,Nico Collins,2023,HOU,24.0,15.0,109,8,566,0.1925795053003533,19.25795053003533,220.4,14.693333333333332,9.0,15-20%,100-125
00-0031588,Stefon Diggs,2023,BUF,30.0,17.0,160,8,545,0.2935779816513761,29.35779816513761,220.3,12.958823529411765,10.0,25-30%,150+
00-0031381,Davante Adams,2023,LV,31.0,17.0,175,8,531,0.3295668549905838,32.95668549905838,213.9,12.58235294117647,11.0,30%+,150+
00-0035719,Deebo Samuel Sr.,2023,SF,27.0,15.0,89,7,471,0.1889596602972399,18.89596602972399,213.7,14.246666666666666,12.0,15-20%,75-100
00-0036900,Ja'Marr Chase,2023,CIN,23.0,16.0,145,7,592,0.2449324324324324,24.49324324324324,212.72,13.295,13.0,20-25%,125-150
00-0036261,Brandon Aiyuk,2023,SF,25.0,16.0,105,7,471,0.2229299363057325,22.29299363057325,211.7,13.23125,14.0,20-25%,100-125
00-0036252,Michael Pittman,2023,IND,26.0,16.0,156,4,546,0.2857142857142857,28.57142857142857,197.7,12.35625,15.0,25-30%,150+
00-0035640,DK Metcalf,2023,SEA,26.0,16.0,119,8,547,0.2175502742230347,21.75502742230347,192.4,12.025,16.0,20-25%,100-125
00-0034837,Calvin Ridley,2023,JAX,29.0,17.0,136,8,607,0.2240527182866556,22.40527182866556,191.9,11.288235294117648,17.0,20-25%,125-150
00-0031544,Amari Cooper,2023,CLE,29.0,15.0,128,5,597,0.2144053601340033,21.44053601340033,191.0,12.733333333333333,18.0,20-25%,125-150
00-0037239,Chris Olave,2023,NO,23.0,16.0,138,5,579,0.238341968911917,23.8341968911917,187.8,11.7375,19.0,20-25%,125-150
00-0036912,DeVonta Smith,2023,PHI,25.0,16.0,112,7,525,0.2133333333333333,21.33333333333333,187.1,11.69375,20.0,20-25%,100-125
00-0038994,Jordan Addison,2023,MIN,21.0,17.0,108,10,606,0.1782178217821782,17.82178217821782,186.3,10.958823529411765,21.0,15-20%,100-125
00-0030564,DeAndre Hopkins,2023,TEN,31.0,17.0,137,7,478,0.2866108786610878,28.66108786610878,186.1,10.947058823529412,22.0,25-30%,125-150
00-0039146,Jayden Reed,2023,GB,23.0,16.0,94,8,561,0.1675579322638146,16.75579322638146,185.2,11.575,23.0,15-20%,75-100
00-0034960,Jakobi Meyers,2023,LV,27.0,16.0,106,8,531,0.199623352165725,19.96233521657249,183.08,11.4425,24.0,15-20%,100-125
00-0030035,Adam Thielen,2023,CAR,33.0,17.0,137,4,534,0.2565543071161049,25.65543071161049,179.5,10.558823529411764,25.0,25-30%,125-150
00-0037247,George Pickens,2023,PIT,22.0,17.0,106,5,484,0.2190082644628099,21.90082644628099,177.3,10.429411764705884,26.0,20-25%,100-125
00-0039067,Rashee Rice,2023,KC,23.0,16.0,102,7,599,0.1702838063439065,17.02838063439065,173.0,10.8125,27.0,15-20%,100-125
00-0036322,Justin Jefferson,2023,MIN,24.0,10.0,100,5,606,0.165016501650165,16.5016501650165,168.2,16.82,28.0,15-20%,100-125
00-0039064,Zay Flowers,2023,BAL,23.0,16.0,108,5,476,0.226890756302521,22.689075630252105,167.9,10.49375,29.0,20-25%,100-125
00-0033921,Chris Godwin Jr.,2023,TB,27.0,17.0,130,2,550,0.2363636363636363,23.63636363636363,167.7,9.86470588235294,30.0,20-25%,125-150
00-0037740,Garrett Wilson,2023,NYJ,23.0,17.0,168,3,563,0.2984014209591474,29.84014209591474,165.70000000000002,9.747058823529413,31.0,25-30%,150+
00-0035659,Terry McLaurin,2023,WAS,28.0,17.0,132,4,601,0.2196339434276206,21.96339434276206,163.70000000000002,9.629411764705884,32.0,20-25%,125-150
00-0032211,Tyler Lockett,2023,SEA,31.0,17.0,122,5,547,0.2230347349177331,22.30347349177331,162.9,9.58235294117647,33.0,20-25%,100-125
00-0036613,Jaylen Waddle,2023,MIA,25.0,14.0,104,4,549,0.1894353369763206,18.94353369763206,162.6,11.614285714285714,34.0,15-20%,100-125
00-0034348,Courtland Sutton,2023,DEN,28.0,16.0,90,10,477,0.1886792452830188,18.86792452830188,160.7,10.04375,35.0,15-20%,75-100
00-0031236,Brandin Cooks,2023,DAL,30.0,16.0,81,8,605,0.1338842975206611,13.388429752066113,146.2,9.1375,36.0,10-15%,75-100
00-0037816,Romeo Doubs,2023,GB,23.0,17.0,96,8,561,0.1711229946524064,17.11229946524064,144.9,8.523529411764706,37.0,15-20%,75-100
00-0038977,Tank Dell,2023,HOU,24.0,10.0,75,7,566,0.1325088339222614,13.25088339222614,141.5,14.15,38.0,10-15%,75-100
00-0037238,Drake London,2023,ATL,22.0,16.0,110,2,508,0.2165354330708661,21.653543307086608,139.88,8.7425,39.0,20-25%,100-125
00-0036196,Gabe Davis,2023,BUF,24.0,16.0,81,7,545,0.1486238532110091,14.86238532110091,138.9,8.68125,40.0,10-15%,75-100
00-0033908,Cooper Kupp,2023,LA,30.0,12.0,95,5,555,0.1711711711711711,17.117117117117107,134.9,11.241666666666667,41.0,15-20%,75-100
00-0037545,Rashid Shaheed,2023,NO,25.0,15.0,75,5,579,0.1295336787564766,12.95336787564766,134.6,8.973333333333333,42.0,10-15%,75-100
00-0035216,Diontae Johnson,2023,PIT,27.0,13.0,87,5,484,0.1797520661157025,17.97520661157025,127.2,9.784615384615384,43.0,15-20%,75-100
00-0033282,Curtis Samuel,2023,WAS,27.0,16.0,91,4,601,0.151414309484193,15.141430948419298,126.2,7.8875,44.0,15-20%,75-100
00-0035535,Darius Slayton,2023,NYG,26.0,17.0,79,4,485,0.1628865979381443,16.288659793814432,126.0,7.411764705882353,45.0,15-20%,75-100
00-0038997,Josh Downs,2023,IND,22.0,17.0,98,2,546,0.1794871794871795,17.94871794871795,123.1,7.241176470588235,46.0,15-20%,75-100
00-0034775,Christian Kirk,2023,JAX,27.0,12.0,85,3,607,0.1400329489291598,14.00329489291598,121.76,10.146666666666668,47.0,10-15%,75-100
00-0038543,Jaxon Smith-Njigba,2023,SEA,21.0,17.0,93,4,547,0.170018281535649,17.001828153564897,118.3,6.958823529411765,48.0,15-20%,75-100
00-0036410,Tee Higgins,2023,CIN,24.0,12.0,76,5,592,0.1283783783783783,12.837837837837828,116.6,9.716666666666669,49.0,10-15%,75-100
00-0036407,Jerry Jeudy,2023,DEN,24.0,16.0,87,2,477,0.1823899371069182,18.23899371069182,114.8,7.175,50.0,15-20%,75-100
00-0033009,Tyler Boyd,2023,CIN,29.0,17.0,98,2,592,0.1655405405405405,16.55405405405405,111.3,6.547058823529412,51.0,15-20%,75-100
00-0035662,Marquise Brown,2023,ARI,26.0,13.0,101,4,540,0.187037037037037,18.7037037037037,109.2,8.4,52.0,15-20%,100-125
00-0033943,Josh Reynolds,2023,DET,28.0,16.0,64,5,574,0.1114982578397212,11.14982578397212,108.8,6.8,53.0,10-15%,50-75
00-0038117,Wan'Dale Robinson,2023,NYG,22.0,15.0,78,1,485,0.1608247422680412,16.08247422680412,103.2,6.879999999999999,54.0,15-20%,75-100
00-0036980,Elijah Moore,2023,CLE,23.0,16.0,104,2,597,0.1742043551088777,17.42043551088777,102.6,6.4125000000000005,55.0,15-20%,100-125
00-0037741,Jahan Dotson,2023,WAS,23.0,17.0,83,4,601,0.1381031613976705,13.810316139767052,100.3,5.9,56.0,10-15%,75-100
00-0038393,Dontayvion Wicks,2023,GB,22.0,15.0,58,4,561,0.1033868092691622,10.33868092691622,100.26,6.683999999999999,57.0,10-15%,50-75
00-0034777,DJ Chark,2023,CAR,27.0,14.0,66,5,534,0.1235955056179775,12.35955056179775,98.0,7.0,58.0,10-15%,50-75
00-0036345,K.J. Osborn,2023,MIN,26.0,15.0,75,3,606,0.1237623762376237,12.376237623762371,96.0,6.4,59.0,10-15%,75-100
00-0038559,Michael Wilson,2023,ARI,23.0,13.0,58,3,540,0.1074074074074074,10.74074074074074,95.5,7.346153846153846,60.0,10-15%,50-75
00-0037261,Khalil Shakir,2023,BUF,23.0,16.0,45,2,545,0.0825688073394495,8.25688073394495,93.6,5.85,61.0,<10%,<50
00-0036849,Tutu Atwell,2023,LA,24.0,14.0,67,3,555,0.1207207207207207,12.07207207207207,92.9,6.635714285714285,62.0,10-15%,50-75
00-0031235,Odell Beckham Jr.,2023,BAL,31.0,14.0,64,3,476,0.134453781512605,13.4453781512605,90.0,6.428571428571429,63.0,10-15%,50-75
00-0036988,Josh Palmer,2023,LAC,24.0,10.0,61,2,614,0.0993485342019544,9.93485342019544,87.7,8.77,64.0,<10%,50-75
00-0038124,Christian Watson,2023,GB,24.0,9.0,53,5,561,0.0944741532976827,9.44741532976827,87.3,9.7,65.0,<10%,50-75
00-0033591,Noah Brown,2023,HOU,27.0,10.0,55,2,566,0.097173144876325,9.7173144876325,85.1,8.51,66.0,<10%,50-75
00-0036936,Rondale Moore,2023,ARI,23.0,17.0,62,1,540,0.1148148148148148,11.48148148148148,85.0,5.0,67.0,10-15%,50-75
00-0038621,DeMario Douglas,2023,NE,23.0,14.0,79,0,541,0.1460258780036968,14.60258780036968,82.7,5.9071428571428575,68.0,10-15%,75-100
00-0033307,Kendrick Bourne,2023,NE,28.0,8.0,55,4,541,0.1016635859519408,10.16635859519408,81.5,10.1875,69.0,10-15%,50-75
00-0032464,Kalif Raymond,2023,DET,29.0,17.0,44,1,574,0.0766550522648083,7.66550522648083,79.9,4.7,70.0,<10%,<50
00-0031549,Nelson Agholor,2023,BAL,30.0,16.0,45,4,476,0.0945378151260504,9.45378151260504,79.6,4.975,71.0,<10%,<50
00-0037664,Alec Pierce,2023,IND,23.0,17.0,65,2,546,0.119047619047619,11.9047619047619,79.4,4.670588235294118,72.0,10-15%,50-75
00-0039052,Trey Palmer,2023,TB,22.0,17.0,68,3,550,0.1236363636363636,12.36363636363636,76.2,4.482352941176471,73.0,10-15%,50-75
00-0034386,Justin Watson,2023,KC,27.0,15.0,53,3,599,0.0884808013355592,8.84808013355592,75.5,5.033333333333333,74.0,<10%,50-75
00-0038544,Quentin Johnston,2023,LAC,22.0,17.0,67,2,614,0.1091205211726384,10.91205211726384,75.0,4.411764705882353,75.0,10-15%,50-75
00-0032775,Demarcus Robinson,2023,LA,29.0,8.0,39,4,555,0.0702702702702702,7.02702702702702,74.39999999999999,9.3,76.0,<10%,<50
00-0036182,Nick Westbrook-Ikhine,2023,TEN,26.0,13.0,45,3,478,0.0941422594142259,9.41422594142259,71.0,5.461538461538462,77.0,<10%,<50
00-0034764,Michael Gallup,2023,DAL,27.0,16.0,57,2,605,0.0942148760330578,9.42148760330578,70.8,4.425,78.0,<10%,50-75
00-0032765,Michael Thomas,2023,NO,30.0,10.0,64,1,579,0.1105354058721934,11.05354058721934,70.3,7.029999999999999,79.0,10-15%,50-75
00-0030431,Robert Woods,2023,HOU,31.0,14.0,75,1,566,0.1325088339222614,13.25088339222614,69.3,4.95,80.0,10-15%,75-100
00-0037240,Jameson Williams,2023,DET,22.0,12.0,42,2,574,0.073170731707317,7.3170731707317,68.3,5.691666666666666,81.0,<10%,<50
00-0037382,Brandon Johnson,2023,DEN,25.0,10.0,30,4,477,0.0628930817610062,6.28930817610062,63.900000000000006,6.390000000000001,82.0,<10%,<50
00-0038976,Marvin Mims Jr.,2023,DEN,21.0,16.0,33,1,477,0.0691823899371069,6.91823899371069,63.7,3.98125,83.0,<10%,<50
00-0036309,Darnell Mooney,2023,CHI,26.0,14.0,61,1,477,0.1278825995807128,12.78825995807128,63.4,4.5285714285714285,84.0,10-15%,50-75
00-0039062,Jonathan Mingo,2023,CAR,22.0,15.0,85,0,534,0.1591760299625468,15.91760299625468,63.3,4.22,85.0,15-20%,75-100
00-0038563,Tre Tucker,2023,LV,22.0,13.0,34,2,531,0.064030131826742,6.4030131826742,62.3,4.792307692307692,86.0,<10%,<50
00-0033891,Zay Jones,2023,JAX,28.0,9.0,64,2,607,0.1054365733113673,10.54365733113673,61.1,6.788888888888889,87.0,10-15%,50-75
00-0036550,Rashod Bateman,2023,BAL,24.0,15.0,56,1,476,0.1176470588235294,11.76470588235294,60.5,4.033333333333333,88.0,10-15%,50-75
00-0034418,Cedrick Wilson Jr.,2023,MIA,28.0,11.0,38,3,549,0.0692167577413479,6.921675774134791,58.6,5.327272727272727,89.0,<10%,<50
00-0032398,Chris Moore,2023,TEN,30.0,15.0,35,0,478,0.0732217573221757,7.32217573221757,57.3,3.82,90.0,<10%,<50
00-0031547,DeVante Parker,2023,NE,30.0,13.0,55,0,541,0.1016635859519408,10.16635859519408,55.9,4.3,91.0,10-15%,50-75
00-0034646,Brandon Powell,2023,MIN,28.0,17.0,44,1,606,0.0726072607260726,7.26072607260726,54.6,3.211764705882353,92.0,<10%,<50
00-0038612,A.T. Perry,2023,NO,24.0,8.0,18,4,579,0.0310880829015544,3.10880829015544,54.6,6.825,93.0,<10%,<50
00-0037801,KaVontae Turpin,2023,DAL,27.0,16.0,18,3,605,0.0297520661157024,2.97520661157024,53.7,3.35625,94.0,<10%,<50
00-0035500,Greg Dortch,2023,ARI,25.0,16.0,41,2,540,0.0759259259259259,7.59259259259259,52.5,3.28125,95.0,<10%,<50
00-0038496,Xavier Gipson,2023,NYJ,22.0,17.0,38,0,563,0.0674955595026643,6.74955595026643,52.2,3.070588235294118,96.0,<10%,<50
00-0035341,Trenton Irwin,2023,CIN,28.0,12.0,32,1,592,0.054054054054054,5.4054054054054,50.1,4.175,97.0,<10%,<50
00-0037666,Jalen Tolbert,2023,DAL,24.0,14.0,36,2,605,0.0595041322314049,5.95041322314049,49.8,3.557142857142857,98.0,<10%,<50
00-0036165,Isaiah Hodgins,2023,NYG,25.0,14.0,33,3,485,0.068041237113402,6.8041237113402,49.5,3.5357142857142856,99.0,<10%,<50
00-0038938,Jalin Hyatt,2023,NYG,22.0,13.0,40,0,485,0.0824742268041237,8.24742268041237,48.8,3.753846153846154,100.0,<10%,<50
00-0034521,Allen Lazard,2023,NYJ,28.0,14.0,49,1,563,0.0870337477797513,8.70337477797513,48.6,3.471428571428571,101.0,<10%,<50
00-0038752,Jake Bobo,2023,SEA,25.0,14.0,25,2,547,0.0457038391224862,4.570383912248619,47.4,3.3857142857142857,102.0,<10%,<50
00-0033857,JuJu Smith-Schuster,2023,NE,27.0,11.0,47,1,541,0.0868761552680221,8.68761552680221,46.5,4.227272727272728,103.0,<10%,<50
00-0034272,Marquez Valdes-Scantling,2023,KC,29.0,16.0,42,1,599,0.0701168614357262,7.01168614357262,46.0,2.875,104.0,<10%,<50
00-0031428,Allen Robinson,2023,PIT,30.0,15.0,49,0,484,0.1012396694214876,10.12396694214876,45.0,3.0,105.0,10-15%,<50
00-0034419,Braxton Berrios,2023,MIA,28.0,16.0,33,1,549,0.0601092896174863,6.01092896174863,44.4,2.775,106.0,<10%,<50
00-0037837,Calvin Austin III,2023,PIT,24.0,16.0,30,1,484,0.0619834710743801,6.19834710743801,44.2,2.7625,107.0,<10%,<50
00-0038090,Skyy Moore,2023,KC,23.0,13.0,38,1,599,0.0634390651085141,6.3439065108514106,43.2,3.323076923076924,108.0,<10%,<50
00-0038619,Andrei Iosivas,2023,CIN,24.0,11.0,25,4,592,0.0422297297297297,4.22297297297297,43.1,3.9181818181818175,109.0,<10%,<50
00-0036259,Jauan Jennings,2023,SF,26.0,13.0,33,1,471,0.0700636942675159,7.006369426751589,42.0,3.230769230769231,110.0,<10%,<50
00-0037257,David Bell,2023,CLE,23.0,9.0,23,3,597,0.0385259631490787,3.8525963149078697,41.7,4.633333333333334,111.0,<10%,<50
00-0033536,Mike Williams,2023,LAC,29.0,3.0,26,1,614,0.0423452768729641,4.23452768729641,40.7,13.566666666666668,112.0,<10%,<50
00-0035406,Lil'Jordan Humphrey,2023,DEN,25.0,11.0,19,3,477,0.0398322851153039,3.98322851153039,40.7,3.7,113.0,<10%,<50
00-0036913,Kadarius Toney,2023,KC,24.0,13.0,38,1,599,0.0634390651085141,6.3439065108514106,39.5,3.0384615384615383,114.0,<10%,<50
00-0032543,Alex Erickson,2023,LAC,31.0,8.0,29,1,614,0.0472312703583061,4.723127035830609,37.2,4.65,115.0,<10%,<50
00-0034983,Hunter Renfrow,2023,LV,28.0,14.0,37,0,531,0.0696798493408663,6.96798493408663,36.0,2.571428571428572,116.0,<10%,<50
00-0035215,Deonte Harty,2023,BUF,26.0,16.0,21,1,545,0.0385321100917431,3.85321100917431,34.5,2.15625,117.0,<10%,<50
00-0033555,Mack Hollins,2023,ATL,30.0,12.0,30,0,508,0.0590551181102362,5.90551181102362,34.1,2.841666666666667,118.0,<10%,<50
00-0038979,Cedric Tillman,2023,CLE,23.0,11.0,44,0,597,0.0737018425460636,7.37018425460636,33.7,3.063636363636363,119.0,<10%,<50
00-0035298,Scott Miller,2023,ATL,26.0,11.0,16,2,508,0.0314960629921259,3.14960629921259,33.6,3.0545454545454547,120.0,<10%,<50
00-0035208,Olamide Zaccheaus,2023,PHI,26.0,11.0,20,2,525,0.0380952380952381,3.8095238095238098,33.4,3.036363636363636,121.0,<10%,<50
00-0033572,Jamal Agnew,2023,JAX,28.0,11.0,21,1,607,0.0345963756177924,3.45963756177924,33.3,3.027272727272727,122.0,<10%,<50
00-0037742,Treylon Burks,2023,TEN,23.0,9.0,30,0,478,0.0627615062761506,6.27615062761506,31.9,3.5444444444444443,123.0,<10%,<50
00-0036415,Van Jefferson,2023,ATL/LA,27.0,14.0,43,0,1063,0.0404515522107243,4.04515522107243,31.300000000000004,2.235714285714286,124.0,<10%,<50
00-0038606,Parker Washington,2023,JAX,21.0,8.0,21,2,607,0.0345963756177924,3.45963756177924,31.2,3.9,125.0,<10%,<50
00-0027944,Julio Jones,2023,PHI,34.0,8.0,19,3,525,0.0361904761904761,3.6190476190476097,30.9,3.8625,126.0,<10%,<50
00-0034854,KhaDarel Hodge,2023,ATL,28.0,14.0,23,0,508,0.0452755905511811,4.52755905511811,30.2,2.157142857142857,127.0,<10%,<50
00-0038573,Derius Davis,2023,LAC,23.0,17.0,17,0,614,0.0276872964169381,2.76872964169381,30.2,1.776470588235294,128.0,<10%,<50
00-0031941,Jamison Crowder,2023,WAS,30.0,16.0,20,1,601,0.0332778702163061,3.32778702163061,29.9,1.86875,129.0,<10%,<50
00-0036626,Dyami Brown,2023,WAS,24.0,16.0,23,1,601,0.038269550748752,3.8269550748752,28.96,1.81,130.0,<10%,<50
00-0036635,Ihmir Smith-Marsette,2023,CAR,24.0,17.0,10,0,534,0.0187265917602996,1.87265917602996,28.5,1.6764705882352942,131.0,<10%,<50
00-0038647,Ronnie Bell,2023,SF,23.0,13.0,13,3,471,0.0276008492569002,2.76008492569002,27.8,2.1384615384615384,132.0,<10%,<50
00-0036271,Quez Watkins,2023,PHI,25.0,5.0,21,1,525,0.04,4.0,27.700000000000003,5.540000000000001,133.0,<10%,<50
00-0038941,Tyler Scott,2023,CHI,22.0,13.0,32,0,477,0.0670859538784067,6.70859538784067,27.4,2.107692307692308,134.0,<10%,<50
00-0037487,Deven Thompkins,2023,TB,24.0,17.0,25,1,550,0.0454545454545454,4.54545454545454,26.4,1.552941176470588,135.0,<10%,<50
00-0038465,Malik Heath,2023,GB,23.0,12.0,24,1,561,0.0427807486631016,4.27807486631016,26.0,2.1666666666666665,136.0,<10%,<50
00-0037273,Kyle Philips,2023,TEN,24.0,8.0,22,0,478,0.0460251046025104,4.60251046025104,25.6,3.2,137.0,<10%,<50
00-0036387,Jalen Reagor,2023,NE,24.0,9.0,23,0,541,0.0425138632162661,4.25138632162661,25.0,2.7777777777777777,138.0,<10%,<50
00-0037614,John Metchie III,2023,HOU,23.0,14.0,30,0,566,0.0530035335689045,5.30035335689045,24.2,1.7285714285714284,139.0,<10%,<50
00-0036955,Terrace Marshall Jr.,2023,CAR,23.0,8.0,33,0,534,0.0617977528089887,6.17977528089887,23.4,2.925,140.0,<10%,<50
00-0034297,Byron Pringle,2023,WAS,30.0,13.0,22,0,601,0.0366056572379367,3.66056572379367,23.1,1.776923076923077,141.0,<10%,<50
00-0034054,River Cracraft,2023,MIA,29.0,6.0,12,1,549,0.0218579234972677,2.18579234972677,22.6,3.766666666666667,142.0,<10%,<50
00-0034407,Ray-Ray McCloud,2023,SF,27.0,12.0,15,0,471,0.0318471337579617,3.18471337579617,22.5,1.875,143.0,<10%,<50
00-0036233,Donovan Peoples-Jones,2023,CLE/DET,24.0,14.0,25,0,1171,0.0213492741246797,2.13492741246797,22.0,1.5714285714285714,144.0,<10%,<50
00-0038104,Tyquan Thornton,2023,NE,23.0,9.0,23,0,541,0.0425138632162661,4.25138632162661,20.7,2.3,145.0,<10%,<50
00-0032688,Robbie Chosen,2023,MIA,30.0,6.0,6,1,549,0.0109289617486338,1.09289617486338,20.6,3.4333333333333336,146.0,<10%,<50
00-0035639,Parris Campbell,2023,NYG,26.0,10.0,27,0,485,0.0556701030927835,5.56701030927835,20.4,2.04,147.0,<10%,<50
00-0035140,Mecole Hardman,2023,KC/NYJ,25.0,7.0,24,0,1162,0.0206540447504302,2.06540447504302,20.200000000000003,2.885714285714286,148.0,<10%,<50
00-0034487,Trent Sherfield,2023,BUF,27.0,11.0,22,1,545,0.0403669724770642,4.03669724770642,20.1,1.827272727272728,149.0,<10%,<50
00-0035414,Jalen Guyton,2023,LAC,26.0,7.0,21,1,614,0.0342019543973941,3.4201954397394103,19.9,2.8428571428571425,150.0,<10%,<50
00-0033589,David Moore,2023,TB,28.0,6.0,7,1,550,0.0127272727272727,1.27272727272727,17.9,2.983333333333333,151.0,<10%,<50
00-0038618,Xavier Hutchinson,2023,HOU,23.0,12.0,19,0,566,0.0335689045936395,3.3568904593639504,17.9,1.4916666666666665,152.0,<10%,<50
00-0036326,Chase Claypool,2023,CHI/MIA,25.0,11.0,21,1,1026,0.0204678362573099,2.0467836257309897,17.7,1.6090909090909091,153.0,<10%,<50
00-0036862,Ben Skowronek,2023,LA,26.0,13.0,12,1,555,0.0216216216216216,2.16216216216216,17.5,1.3461538461538465,154.0,<10%,<50
00-0032385,Sterling Shepard,2023,NYG,30.0,10.0,22,1,485,0.045360824742268,4.5360824742268,17.3,1.73,155.0,<10%,<50
00-0038576,Charlie Jones,2023,CIN,25.0,11.0,9,0,592,0.0152027027027027,1.52027027027027,17.2,1.5636363636363635,156.0,<10%,<50
00-0036364,Lynn Bowden,2023,NO,26.0,8.0,16,0,579,0.0276338514680483,2.76338514680483,17.0,2.125,157.0,<10%,<50
00-0036268,Laviska Shenault Jr.,2023,CAR,25.0,8.0,10,0,534,0.0187265917602996,1.87265917602996,16.5,2.0625,158.0,<10%,<50
00-0034286,Richie James,2023,KC,28.0,9.0,14,0,599,0.023372287145242,2.3372287145242,16.400000000000002,1.8222222222222224,159.0,<10%,<50
00-0033466,Isaiah McKenzie,2023,IND,28.0,13.0,14,0,546,0.0256410256410256,2.56410256410256,15.1,1.1615384615384614,160.0,<10%,<50
00-0028002,Randall Cobb,2023,NYJ,33.0,9.0,17,1,563,0.0301953818827708,3.01953818827708,14.4,1.6,161.0,<10%,<50
00-0038492,Jason Brownlee,2023,NYJ,24.0,4.0,8,1,563,0.0142095914742451,1.42095914742451,14.1,3.525,162.0,<10%,<50
00-0036497,Tim Jones,2023,JAX,25.0,10.0,18,0,607,0.029654036243822,2.9654036243822,13.8,1.38,163.0,<10%,<50
00-0037098,Samori Toure,2023,GB,25.0,8.0,18,0,561,0.0320855614973262,3.20855614973262,13.8,1.725,164.0,<10%,<50
00-0035045,D.J. Montgomery,2023,IND,27.0,2.0,8,1,546,0.0146520146520146,1.46520146520146,13.1,6.550000000000001,165.0,<10%,<50
00-0034317,Keith Kirkwood,2023,NO,29.0,7.0,9,1,579,0.0155440414507772,1.55440414507772,12.2,1.7428571428571429,166.0,<10%,<50
00-0030068,Marquise Goodwin,2023,CLE,33.0,10.0,13,0,597,0.0217755443886097,2.17755443886097,12.0,1.2,167.0,<10%,<50
00-0038640,Jalen Brooks,2023,DAL,23.0,3.0,6,0,605,0.0099173553719008,0.99173553719008,9.4,3.1333333333333333,168.0,<10%,<50
00-0034279,Equanimeous St. Brown,2023,CHI,27.0,5.0,6,0,477,0.0125786163522012,1.25786163522012,8.7,1.7399999999999998,169.0,<10%,<50
00-0032128,Chris Conley,2023,SF,31.0,1.0,6,0,471,0.0127388535031847,1.27388535031847,8.4,8.4,170.0,<10%,<50
00-0037216,Justyn Ross,2023,KC,24.0,6.0,11,0,599,0.018363939899833,1.8363939899833,8.3,1.3833333333333335,171.0,<10%,<50
00-0038821,Rakim Jarrett,2023,TB,22.0,7.0,9,0,550,0.0163636363636363,1.6363636363636298,8.0,1.1428571428571428,172.0,<10%,<50
00-0036427,Tyler Johnson,2023,LA,25.0,1.0,3,1,555,0.0054054054054054,0.54054054054054,7.800000000000001,7.800000000000001,173.0,<10%,<50
00-0031763,DeAndre Carter,2023,LV,30.0,17.0,7,0,531,0.0131826741996233,1.31826741996233,7.7,0.4529411764705882,174.0,<10%,<50
00-0036630,Tylan Wallace,2023,BAL,24.0,6.0,2,0,476,0.0042016806722689,0.4201680672268899,7.6,1.2666666666666666,175.0,<10%,<50
00-0032200,Ty Montgomery,2023,NE,30.0,11.0,12,0,541,0.022181146025878,2.2181146025878,7.4,0.6727272727272727,176.0,<10%,<50
00-0036646,Simi Fehoko,2023,LAC,26.0,2.0,2,1,614,0.003257328990228,0.3257328990228,7.4,3.7,177.0,<10%,<50
00-0035120,Keelan Doss,2023,LAC,27.0,2.0,13,0,614,0.021172638436482,2.1172638436482,6.3,3.15,178.0,<10%,<50
00-0037132,Britain Covey,2023,PHI,26.0,15.0,6,0,525,0.0114285714285714,1.14285714285714,6.2,0.4133333333333333,179.0,<10%,<50
00-0036331,Devin Duvernay,2023,BAL,26.0,13.0,9,0,476,0.01890756302521,1.890756302521,5.3,0.4076923076923077,180.0,<10%,<50
00-0038667,Elijah Cooks,2023,JAX,25.0,4.0,4,0,607,0.0065897858319604,0.65897858319604,5.3,1.325,181.0,<10%,<50
00-0036482,Mike Strachan,2023,CAR,26.0,2.0,3,0,534,0.0056179775280898,0.56179775280898,5.0,2.5,182.0,<10%,<50
00-0036841,Austin Trammell,2023,LA,25.0,15.0,7,0,555,0.0126126126126126,1.26126126126126,4.9,0.3266666666666667,183.0,<10%,<50
00-0035645,Gunner Olszewski,2023,NYG/PIT,27.0,12.0,1,0,969,0.001031991744066,0.1031991744066,4.5,0.375,184.0,<10%,<50
00-0037291,Jalen Nailor,2023,MIN,24.0,3.0,6,0,606,0.0099009900990099,0.99009900990099,4.4,1.4666666666666668,185.0,<10%,<50
00-0034928,Steven Sims,2023,HOU,26.0,3.0,3,0,566,0.0053003533568904,0.5300353356890399,4.1,1.3666666666666665,186.0,<10%,<50
00-0029293,Marvin Jones,2023,DET,33.0,4.0,10,0,574,0.0174216027874564,1.74216027874564,4.0,1.0,187.0,<10%,<50
00-0035934,Trishton Jackson,2023,MIN,25.0,2.0,4,0,606,0.0066006600660066,0.66006600660066,3.9,1.95,188.0,<10%,<50
00-0033251,Zach Pascal,2023,ARI,29.0,10.0,15,0,540,0.0277777777777777,2.77777777777777,3.9,0.39,189.0,<10%,<50
00-0035703,Miles Boykin,2023,PIT,27.0,8.0,4,0,484,0.0082644628099173,0.82644628099173,3.2,0.4,190.0,<10%,<50
00-0038608,Kayshon Boutte,2023,NE,21.0,3.0,7,0,541,0.0129390018484288,1.29390018484288,2.9000000000000004,0.9666666666666668,191.0,<10%,<50
00-0030663,Willie Snead,2023,SF,31.0,2.0,3,0,471,0.0063694267515923,0.63694267515923,2.4,1.2,192.0,<10%,<50
00-0035480,Malik Taylor,2023,NYJ,28.0,2.0,4,0,563,0.0071047957371225,0.71047957371225,2.3,1.15,193.0,<10%,<50
00-0038092,Erik Ezukanma,2023,MIA,23.0,2.0,1,0,549,0.0018214936247723,0.18214936247723,2.2,1.1,194.0,<10%,<50
00-0032951,Laquon Treadwell,2023,BAL,28.0,3.0,3,0,476,0.0063025210084033,0.63025210084033,2.1,0.7000000000000001,195.0,<10%,<50
00-0036254,Collin Johnson,2023,CHI,26.0,1.0,1,0,477,0.0020964360587002,0.20964360587002,1.6,1.6,196.0,<10%,<50
00-0035164,Cody Thompson,2023,SEA,27.0,2.0,1,0,547,0.0018281535648994,0.18281535648994,1.5,0.75,197.0,<10%,<50
00-0036176,Mason Kinsey,2023,TEN,25.0,6.0,1,0,478,0.002092050209205,0.2092050209205,1.1,0.1833333333333333,198.0,<10%,<50
00-0038632,Colton Dowell,2023,TEN,24.0,4.0,2,0,478,0.00418410041841,0.418410041841,0.8,0.2,199.0,<10%,<50
00-0037420,Kwamie Lassiter II,2023,CIN,25.0,1.0,1,0,592,0.0016891891891891,0.16891891891891,0.7,0.7,200.0,<10%,<50
00-0038627,Antoine Green,2023,DET,24.0,2.0,2,0,574,0.0034843205574912,0.34843205574912,0.7,0.35,201.0,<10%,<50
00-0036620,Dee Eskridge,2023,SEA,26.0,4.0,1,0,547,0.0018281535648994,0.18281535648994,0.5,0.125,202.0,<10%,<50
00-0031868,Damiere Byrd,2023,ATL,30.0,1.0,2,0,508,0.0039370078740157,0.39370078740157,0.0,0.0,204.0,<10%,<50
00-0032208,Phillip Dorsett,2023,DEN,30.0,2.0,3,0,477,0.0062893081761006,0.62893081761006,0.0,0.0,205.0,<10%,<50
00-0035593,Juwann Winfree,2023,IND,27.0,1.0,1,0,546,0.0018315018315018,0.18315018315018,0.0,0.0,208.0,<10%,<50
00-0036133,James Proche,2023,CLE,27.0,10.0,5,0,597,0.0083752093802345,0.83752093802345,0.0,0.0,211.0,<10%,<50
00-0036991,Amari Rodgers,2023,IND,24.0,1.0,2,0,546,0.0036630036630036,0.36630036630036,0.0,0.0,215.0,<10%,<50
00-0037156,Irvin Charles,2023,NYJ,26.0,6.0,1,0,563,0.0017761989342806,0.17761989342806,0.0,0.0,218.0,<10%,<50
00-0038891,Shedrick Jackson,2023,CIN,24.0,2.0,1,0,592,0.0016891891891891,0.16891891891891,0.0,0.0,220.0,<10%,<50
00-0033292,Trent Taylor,2023,CHI,29.0,15.0,2,0,477,0.0041928721174004,0.41928721174004,-0.2,-0.0133333333333333,223.0,<10%,<50
00-0036900,Ja'Marr Chase,2024,CIN,24.0,17.0,175,17,628,0.2786624203821656,27.86624203821656,339.5,19.97058823529412,1.0,25-30%,150+
00-0036322,Justin Jefferson,2024,MIN,25.0,17.0,154,10,517,0.2978723404255319,29.78723404255319,265.98,15.645882352941175,2.0,25-30%,150+
00-0036963,Amon-Ra St. Brown,2024,DET,25.0,17.0,141,12,522,0.2701149425287356,27.01149425287356,258.68,15.216470588235294,3.0,25-30%,125-150
00-0039893,Brian Thomas Jr.,2024,JAX,22.0,17.0,133,10,522,0.2547892720306513,25.478927203065133,240.5,14.147058823529411,4.0,25-30%,125-150
00-0037238,Drake London,2024,ATL,23.0,17.0,158,9,539,0.2931354359925788,29.31354359925788,230.8,13.576470588235296,5.0,25-30%,150+
00-0035659,Terry McLaurin,2024,WAS,29.0,17.0,117,13,504,0.2321428571428571,23.214285714285708,226.8,13.341176470588236,6.0,20-25%,100-125
00-0039337,Malik Nabers,2024,NYG,21.0,15.0,170,7,554,0.3068592057761732,30.68592057761732,219.1,14.606666666666666,7.0,30%+,150+
00-0036358,CeeDee Lamb,2024,DAL,25.0,15.0,152,6,622,0.2443729903536977,24.43729903536977,212.9,14.193333333333332,8.0,20-25%,150+
00-0031408,Mike Evans,2024,TB,31.0,14.0,110,11,563,0.1953818827708703,19.53818827708703,203.4,14.528571428571428,9.0,15-20%,100-125
00-0038543,Jaxon Smith-Njigba,2024,SEA,22.0,17.0,137,6,569,0.2407732864674868,24.07732864674868,203.0,11.941176470588236,10.0,20-25%,125-150
00-0037740,Garrett Wilson,2024,NYJ,24.0,17.0,153,7,589,0.2597623089983022,25.97623089983022,201.4,11.847058823529412,11.0,25-30%,150+
00-0039915,Ladd McConkey,2024,LAC,23.0,16.0,112,7,491,0.2281059063136456,22.81059063136456,199.9,12.49375,12.0,20-25%,100-125
00-0034348,Courtland Sutton,2024,DEN,29.0,16.0,135,8,549,0.2459016393442623,24.59016393442623,199.8,12.4875,13.0,20-25%,125-150
00-0031381,Davante Adams,2024,LV/NYJ,32.0,14.0,141,8,1181,0.1193903471634208,11.93903471634208,198.8,14.2,14.0,10-15%,125-150
00-0036407,Jerry Jeudy,2024,CLE,25.0,17.0,145,4,634,0.2287066246056782,22.87066246056782,195.9,11.523529411764706,15.0,20-25%,125-150
00-0034827,DJ Moore,2024,CHI,27.0,17.0,140,6,526,0.2661596958174905,26.61596958174905,189.1,11.123529411764704,16.0,25-30%,125-150
00-0036410,Tee Higgins,2024,CIN,25.0,12.0,109,10,628,0.1735668789808917,17.35668789808917,185.6,15.466666666666669,17.0,15-20%,100-125
00-0035676,A.J. Brown,2024,PHI,27.0,13.0,97,7,418,0.2320574162679425,23.20574162679425,183.4,14.107692307692307,18.0,20-25%,75-100
00-0037240,Jameson Williams,2024,DET,23.0,15.0,91,7,522,0.1743295019157088,17.43295019157088,183.2,12.213333333333331,19.0,15-20%,75-100
00-0038994,Jordan Addison,2024,MIN,22.0,15.0,99,9,517,0.1914893617021276,19.14893617021276,181.0,12.066666666666666,20.0,15-20%,75-100
00-0033040,Tyreek Hill,2024,MIA,30.0,17.0,122,6,568,0.2147887323943662,21.47887323943662,177.7,10.452941176470588,21.0,20-25%,100-125
00-0036554,Nico Collins,2024,HOU,25.0,12.0,99,7,547,0.1809872029250457,18.09872029250457,176.6,14.716666666666669,22.0,15-20%,75-100
00-0034960,Jakobi Meyers,2024,LV,28.0,15.0,129,4,592,0.2179054054054054,21.79054054054054,174.5,11.633333333333333,23.0,20-25%,125-150
00-0039064,Zay Flowers,2024,BAL,24.0,17.0,116,4,457,0.2538293216630197,25.38293216630197,172.5,10.147058823529411,24.0,25-30%,100-125
00-0036259,Jauan Jennings,2024,SF,27.0,15.0,113,6,513,0.2202729044834308,22.02729044834308,172.0,11.466666666666669,25.0,20-25%,100-125
00-0039146,Jayden Reed,2024,GB,24.0,17.0,75,6,464,0.1616379310344827,16.16379310344827,169.5,9.970588235294118,26.0,15-20%,75-100
00-0034837,Calvin Ridley,2024,TEN,30.0,17.0,120,4,507,0.2366863905325443,23.66863905325443,167.2,9.835294117647058,27.0,20-25%,100-125
00-0039075,Puka Nacua,2024,LA,23.0,11.0,106,3,541,0.1959334565619223,19.59334565619223,167.1,15.19090909090909,28.0,15-20%,100-125
00-0039849,Marvin Harrison Jr.,2024,ARI,22.0,17.0,116,8,523,0.2217973231357552,22.17973231357552,165.5,9.735294117647058,29.0,20-25%,100-125
00-0036912,DeVonta Smith,2024,PHI,26.0,13.0,89,8,418,0.2129186602870813,21.29186602870813,165.4,12.723076923076924,30.0,20-25%,75-100
00-0036309,Darnell Mooney,2024,ATL,27.0,16.0,106,5,539,0.196660482374768,19.6660482374768,161.2,10.075,31.0,15-20%,100-125
00-0035640,DK Metcalf,2024,SEA,27.0,15.0,108,5,569,0.1898066783831282,18.98066783831282,158.2,10.546666666666663,32.0,15-20%,100-125
00-0039894,Xavier Worthy,2024,KC,21.0,16.0,98,6,572,0.1713286713286713,17.13286713286713,157.7,9.85625,33.0,15-20%,75-100
00-0036550,Rashod Bateman,2024,BAL,25.0,16.0,72,9,457,0.1575492341356674,15.75492341356674,152.10000000000002,9.50625,34.0,15-20%,50-75
00-0030279,Keenan Allen,2024,CHI,32.0,15.0,121,7,526,0.2300380228136882,23.00380228136882,149.4,9.96,35.0,20-25%,100-125
00-0038997,Josh Downs,2024,IND,23.0,14.0,107,5,492,0.2174796747967479,21.74796747967479,147.5,10.535714285714286,36.0,20-25%,100-125
00-0038544,Quentin Johnston,2024,LAC,23.0,15.0,91,8,491,0.185336048879837,18.5336048879837,147.20000000000002,9.813333333333334,37.0,15-20%,75-100
00-0037261,Khalil Shakir,2024,BUF,24.0,15.0,100,4,495,0.202020202020202,20.2020202020202,144.5,9.633333333333333,38.0,20-25%,100-125
00-0037664,Alec Pierce,2024,IND,24.0,16.0,69,7,492,0.1402439024390244,14.02439024390244,142.9,8.93125,39.0,10-15%,50-75
00-0033908,Cooper Kupp,2024,LA,31.0,12.0,100,6,541,0.1848428835489833,18.48428835489833,141.5,11.791666666666666,40.0,15-20%,100-125
00-0038117,Wan'Dale Robinson,2024,NYG,23.0,17.0,140,3,554,0.2527075812274368,25.27075812274368,136.2,8.011764705882353,41.0,25-30%,125-150
00-0037247,George Pickens,2024,PIT,23.0,14.0,103,3,460,0.2239130434782608,22.39130434782608,134.9,9.635714285714286,42.0,20-25%,100-125
00-0036252,Michael Pittman,2024,IND,27.0,16.0,111,3,492,0.2256097560975609,22.56097560975609,131.3,8.20625,43.0,20-25%,100-125
00-0035719,Deebo Samuel Sr.,2024,SF,28.0,15.0,81,3,513,0.1578947368421052,15.78947368421052,130.1,8.673333333333334,44.0,15-20%,75-100
00-0037666,Jalen Tolbert,2024,DAL,25.0,17.0,79,7,622,0.1270096463022508,12.700964630225082,127.5,7.5,45.0,10-15%,75-100
00-0036613,Jaylen Waddle,2024,MIA,26.0,15.0,83,2,568,0.1461267605633802,14.61267605633802,120.6,8.04,46.0,10-15%,75-100
00-0036182,Nick Westbrook-Ikhine,2024,TEN,27.0,14.0,60,9,507,0.1183431952662721,11.83431952662721,119.7,8.55,47.0,10-15%,50-75
00-0030564,DeAndre Hopkins,2024,KC/TEN,32.0,16.0,80,5,1079,0.0741427247451343,7.41427247451343,119.0,7.4375,48.0,<10%,75-100
00-0039919,Rome Odunze,2024,CHI,22.0,17.0,101,3,526,0.1920152091254753,19.20152091254753,117.9,6.935294117647059,49.0,15-20%,100-125
00-0039855,Jalen McMillan,2024,TB,23.0,13.0,58,8,563,0.103019538188277,10.3019538188277,116.9,8.992307692307692,50.0,10-15%,50-75
00-0030035,Adam Thielen,2024,CAR,34.0,10.0,62,5,518,0.1196911196911196,11.96911196911196,115.5,11.55,51.0,10-15%,50-75
00-0038621,DeMario Douglas,2024,NE,24.0,16.0,87,3,500,0.174,17.4,114.7,7.16875,52.0,15-20%,75-100
00-0038977,Tank Dell,2024,HOU,25.0,14.0,81,3,547,0.1480804387568556,14.80804387568556,114.5,8.178571428571429,53.0,10-15%,75-100
00-0033921,Chris Godwin Jr.,2024,TB,28.0,7.0,62,5,563,0.1101243339253996,11.01243339253996,112.8,16.114285714285714,54.0,10-15%,50-75
00-0034407,Ray-Ray McCloud,2024,ATL,28.0,17.0,87,1,539,0.1614100185528757,16.14100185528757,111.5,6.5588235294117645,55.0,15-20%,75-100
00-0038976,Marvin Mims Jr.,2024,DEN,22.0,17.0,52,6,549,0.0947176684881603,9.47176684881603,110.0,6.470588235294118,56.0,<10%,50-75
00-0037816,Romeo Doubs,2024,GB,24.0,13.0,72,4,464,0.1551724137931034,15.51724137931034,109.1,8.392307692307693,57.0,15-20%,50-75
00-0032775,Demarcus Robinson,2024,LA,30.0,17.0,64,7,541,0.1182994454713493,11.829944547134929,108.0,6.352941176470588,58.0,10-15%,50-75
00-0034521,Allen Lazard,2024,NYJ,29.0,12.0,61,6,589,0.1035653650254669,10.35653650254669,107.5,8.958333333333334,59.0,10-15%,50-75
00-0038563,Tre Tucker,2024,LV,23.0,17.0,81,3,592,0.1368243243243243,13.682432432432428,105.8,6.223529411764706,60.0,10-15%,75-100
00-0037837,Calvin Austin III,2024,PIT,25.0,17.0,58,4,460,0.1260869565217391,12.60869565217391,102.8,6.047058823529412,61.0,10-15%,50-75
00-0038619,Andrei Iosivas,2024,CIN,25.0,17.0,61,6,628,0.0971337579617834,9.71337579617834,101.9,5.994117647058824,62.0,<10%,50-75
00-0038559,Michael Wilson,2024,ARI,24.0,16.0,71,4,523,0.135755258126195,13.5755258126195,101.0,6.3125,63.0,10-15%,50-75
00-0031544,Amari Cooper,2024,BUF/CLE,30.0,13.0,85,4,1129,0.0752878653675819,7.52878653675819,100.7,7.746153846153846,64.0,<10%,75-100
00-0039342,Xavier Legette,2024,CAR,23.0,15.0,84,4,518,0.1621621621621621,16.21621621621621,100.6,6.706666666666667,65.0,15-20%,75-100
00-0038608,Kayshon Boutte,2024,NE,22.0,15.0,68,3,500,0.136,13.6,100.4,6.693333333333333,66.0,10-15%,50-75
00-0031588,Stefon Diggs,2024,HOU,31.0,8.0,64,3,547,0.1170018281535649,11.70018281535649,98.42,12.3025,67.0,10-15%,50-75
00-0039901,Keon Coleman,2024,BUF,21.0,13.0,57,4,495,0.1151515151515151,11.51515151515151,97.0,7.461538461538462,68.0,10-15%,50-75
00-0032211,Tyler Lockett,2024,SEA,32.0,17.0,74,2,569,0.1300527240773286,13.00527240773286,96.5,5.676470588235294,69.0,10-15%,50-75
00-0035208,Olamide Zaccheaus,2024,WAS,27.0,16.0,64,3,504,0.1269841269841269,12.698412698412689,91.9,5.74375,70.0,10-15%,50-75
00-0037291,Jalen Nailor,2024,MIN,25.0,15.0,42,6,517,0.081237911025145,8.123791102514499,91.0,6.066666666666666,71.0,<10%,<50
00-0038393,Dontayvion Wicks,2024,GB,23.0,17.0,76,5,464,0.1637931034482758,16.37931034482758,91.0,5.352941176470588,72.0,15-20%,75-100
00-0038124,Christian Watson,2024,GB,25.0,14.0,53,2,464,0.1142241379310344,11.42241379310344,90.8,6.485714285714286,73.0,10-15%,50-75
00-0035535,Darius Slayton,2024,NYG,27.0,16.0,71,2,554,0.1281588447653429,12.81588447653429,90.5,5.65625,74.0,10-15%,50-75
00-0036980,Elijah Moore,2024,CLE,24.0,17.0,102,1,634,0.1608832807570978,16.08832807570978,90.4,5.31764705882353,75.0,15-20%,100-125
00-0037801,KaVontae Turpin,2024,DAL,28.0,17.0,52,2,622,0.0836012861736334,8.36012861736334,88.7,5.2176470588235295,76.0,<10%,50-75
00-0036988,Josh Palmer,2024,LAC,25.0,15.0,65,1,491,0.1323828920570264,13.23828920570264,87.9,5.86,77.0,10-15%,50-75
00-0039424,Devaughn Vele,2024,DEN,27.0,13.0,55,3,549,0.1001821493624772,10.01821493624772,86.0,6.615384615384615,78.0,10-15%,50-75
00-0033555,Mack Hollins,2024,BUF,31.0,17.0,50,5,495,0.101010101010101,10.1010101010101,83.3,4.9,79.0,10-15%,50-75
00-0038606,Parker Washington,2024,JAX,22.0,14.0,51,3,522,0.0977011494252873,9.77011494252873,81.0,5.785714285714286,80.0,<10%,50-75
00-0039916,Ricky Pearsall,2024,SF,24.0,11.0,46,3,513,0.0896686159844054,8.96686159844054,78.0,7.090909090909091,81.0,<10%,<50
00-0036849,Tutu Atwell,2024,LA,25.0,15.0,62,0,541,0.1146025878003696,11.46025878003696,77.9,5.193333333333333,82.0,10-15%,50-75
00-0039491,Jalen Coker,2024,CAR,23.0,11.0,46,2,518,0.0888030888030888,8.880308880308881,76.56,6.96,83.0,<10%,<50
00-0033375,Tim Patrick,2024,DET,31.0,15.0,44,3,522,0.0842911877394636,8.42911877394636,75.9,5.0600000000000005,84.0,<10%,<50
00-0034272,Marquez Valdes-Scantling,2024,BUF/NO,30.0,13.0,44,4,1012,0.0434782608695652,4.347826086956521,74.99999999999999,5.769230769230768,85.0,<10%,<50
00-0035216,Diontae Johnson,2024,BAL/CAR/HOU,28.0,11.0,67,3,1522,0.0440210249671484,4.40210249671484,72.6,6.6,86.0,<10%,50-75
00-0035500,Greg Dortch,2024,ARI,26.0,17.0,50,3,523,0.0956022944550669,9.56022944550669,71.8,4.223529411764706,87.0,<10%,50-75
00-0037545,Rashid Shaheed,2024,NO,26.0,6.0,41,3,517,0.0793036750483558,7.93036750483558,71.8,11.966666666666669,88.0,<10%,<50
00-0033589,David Moore,2024,CAR,29.0,15.0,57,3,518,0.11003861003861,11.003861003861,69.10000000000001,4.606666666666667,89.0,10-15%,50-75
00-0033591,Noah Brown,2024,WAS,28.0,11.0,56,1,504,0.1111111111111111,11.11111111111111,68.8,6.254545454545454,90.0,10-15%,50-75
00-0038979,Cedric Tillman,2024,CLE,24.0,9.0,49,3,634,0.0772870662460567,7.72870662460567,65.9,7.322222222222223,91.0,<10%,<50
00-0032385,Sterling Shepard,2024,TB,31.0,13.0,51,1,563,0.0905861456483126,9.05861456483126,64.3,4.946153846153846,92.0,<10%,50-75
00-0037239,Chris Olave,2024,NO,24.0,8.0,44,1,517,0.0851063829787234,8.51063829787234,60.7,7.587499999999999,93.0,<10%,<50
00-0033009,Tyler Boyd,2024,TEN,30.0,15.0,57,0,507,0.1124260355029585,11.24260355029585,58.8,3.92,94.0,10-15%,50-75
00-0034775,Christian Kirk,2024,JAX,28.0,8.0,47,1,522,0.0900383141762452,9.00383141762452,57.400000000000006,7.175000000000001,95.0,<10%,<50
00-0031236,Brandin Cooks,2024,DAL,31.0,10.0,54,3,622,0.0868167202572347,8.68167202572347,56.6,5.66,96.0,<10%,50-75
00-0039868,Troy Franklin,2024,DEN,21.0,16.0,53,2,549,0.0965391621129326,9.65391621129326,53.1,3.31875,97.0,<10%,50-75
00-0039067,Rashee Rice,2024,KC,24.0,4.0,29,2,572,0.0506993006993006,5.06993006993006,52.900000000000006,13.225,98.0,<10%,<50
00-0036626,Dyami Brown,2024,WAS,25.0,15.0,40,1,504,0.0793650793650793,7.93650793650793,52.4,3.493333333333333,99.0,<10%,<50
00-0034386,Justin Watson,2024,KC,28.0,15.0,32,2,572,0.0559440559440559,5.594405594405591,51.9,3.46,100.0,<10%,<50
00-0036415,Van Jefferson,2024,PIT,28.0,15.0,40,2,460,0.0869565217391304,8.695652173913041,51.6,3.44,101.0,<10%,<50
00-0033307,Kendrick Bourne,2024,NE,29.0,12.0,38,1,500,0.076,7.6,51.1,4.258333333333334,102.0,<10%,<50
00-0036261,Brandon Aiyuk,2024,SF,26.0,7.0,47,0,513,0.0916179337231968,9.16179337231968,49.9,7.128571428571428,103.0,<10%,<50
00-0035406,Lil'Jordan Humphrey,2024,DEN,26.0,14.0,45,1,549,0.081967213114754,8.1967213114754,48.8,3.4857142857142853,104.0,<10%,<50
00-0033282,Curtis Samuel,2024,BUF,28.0,14.0,46,1,495,0.0929292929292929,9.29292929292929,48.2,3.442857142857143,105.0,<10%,<50
00-0036427,Tyler Johnson,2024,LA,26.0,11.0,41,1,541,0.0757855822550831,7.57855822550831,48.1,4.372727272727273,106.0,<10%,<50
00-0032464,Kalif Raymond,2024,DET,30.0,12.0,22,2,522,0.0421455938697318,4.21455938697318,48.0,4.0,107.0,<10%,<50
00-0033536,Mike Williams,2024,NYJ/PIT,30.0,14.0,34,1,1049,0.0324118207816968,3.24118207816968,46.3,3.307142857142857,108.0,<10%,<50
00-0033857,JuJu Smith-Schuster,2024,KC,28.0,11.0,26,2,572,0.0454545454545454,4.54545454545454,44.1,4.009090909090909,109.0,<10%,<50
00-0036196,Gabe Davis,2024,JAX,25.0,10.0,42,2,522,0.0804597701149425,8.04597701149425,43.9,4.39,110.0,<10%,<50
00-0039880,Malik Washington,2024,MIA,24.0,14.0,36,0,568,0.0633802816901408,6.3380281690140805,43.8,3.128571428571429,111.0,<10%,<50
00-0037614,John Metchie III,2024,HOU,24.0,10.0,37,1,547,0.0676416819012797,6.76416819012797,43.4,4.34,112.0,<10%,<50
00-0039890,Adonai Mitchell,2024,IND,22.0,17.0,55,0,492,0.1117886178861788,11.17886178861788,42.26,2.4858823529411764,113.0,10-15%,50-75
00-0031549,Nelson Agholor,2024,BAL,31.0,13.0,29,2,457,0.0634573304157549,6.34573304157549,42.1,3.2384615384615385,114.0,<10%,<50
00-0034418,Cedrick Wilson Jr.,2024,NO,29.0,13.0,27,1,517,0.0522243713733075,5.222437137330751,41.94,3.226153846153846,115.0,<10%,<50
00-0039751,Jordan Whittington,2024,LA,24.0,14.0,28,0,541,0.0517560073937153,5.17560073937153,41.5,2.9642857142857144,116.0,<10%,<50
00-0036527,DJ Turner,2024,LV,27.0,12.0,29,1,592,0.0489864864864864,4.89864864864864,39.1,3.2583333333333333,117.0,<10%,<50
00-0038573,Derius Davis,2024,LAC,24.0,15.0,17,2,491,0.0346232179226069,3.4623217922606897,33.6,2.24,118.0,<10%,<50
00-0037741,Jahan Dotson,2024,PHI,24.0,14.0,33,0,418,0.0789473684210526,7.89473684210526,32.4,2.314285714285714,119.0,<10%,<50
00-0033943,Josh Reynolds,2024,DEN/JAX,29.0,8.0,24,1,1071,0.0224089635854341,2.2408963585434103,31.9,3.9875,120.0,<10%,<50
00-0036630,Tylan Wallace,2024,BAL,25.0,12.0,12,1,457,0.0262582056892779,2.62582056892779,30.8,2.566666666666667,121.0,<10%,<50
00-0038824,Ryan Miller,2024,TB,24.0,9.0,20,2,563,0.0355239786856127,3.5523978685612705,30.8,3.422222222222222,122.0,<10%,<50
00-0038640,Jalen Brooks,2024,DAL,24.0,12.0,30,1,622,0.0482315112540192,4.82315112540192,29.7,2.475,123.0,<10%,<50
00-0039052,Trey Palmer,2024,TB,23.0,15.0,22,1,563,0.039076376554174,3.9076376554174,29.2,1.9466666666666663,124.0,<10%,<50
00-0030431,Robert Woods,2024,HOU,32.0,14.0,30,0,547,0.0548446069469835,5.48446069469835,28.3,2.021428571428572,125.0,<10%,<50
00-0035140,Mecole Hardman,2024,KC,26.0,12.0,14,0,572,0.0244755244755244,2.44755244755244,27.2,2.2666666666666666,126.0,<10%,<50
00-0038465,Malik Heath,2024,GB,24.0,5.0,13,2,464,0.0280172413793103,2.80172413793103,26.7,5.34,127.0,<10%,<50
00-0039907,Ja'Lynn Polk,2024,NE,23.0,14.0,33,2,500,0.066,6.6000000000000005,26.7,1.907142857142857,128.0,<10%,<50
00-0034860,Dante Pettis,2024,NO,29.0,8.0,28,1,517,0.0541586073500967,5.4158607350096695,26.0,3.25,129.0,<10%,<50
00-0039355,Luke McCaffrey,2024,WAS,23.0,13.0,24,0,504,0.0476190476190476,4.76190476190476,25.8,1.984615384615385,130.0,<10%,<50
00-0039062,Jonathan Mingo,2024,CAR/DAL,23.0,14.0,42,0,1140,0.0368421052631578,3.68421052631578,23.700000000000003,1.692857142857143,131.0,<10%,<50
00-0031941,Jamison Crowder,2024,WAS,31.0,5.0,13,2,504,0.0257936507936507,2.5793650793650698,23.7,4.74,132.0,<10%,<50
00-0038752,Jake Bobo,2024,SEA,26.0,12.0,17,1,569,0.0298769771528998,2.98769771528998,23.2,1.933333333333333,133.0,<10%,<50
00-0034854,KhaDarel Hodge,2024,ATL,29.0,10.0,12,1,539,0.0222634508348794,2.22634508348794,22.6,2.26,134.0,<10%,<50
00-0039386,Bub Means,2024,NO,23.0,4.0,15,1,517,0.0290135396518375,2.9013539651837497,22.3,5.575,135.0,<10%,<50
00-0037231,Kevin Austin Jr.,2024,NO,24.0,8.0,22,0,517,0.0425531914893617,4.25531914893617,21.5,2.6875,136.0,<10%,<50
00-0034487,Trent Sherfield,2024,MIN,28.0,13.0,9,1,517,0.0174081237911025,1.74081237911025,18.3,1.4076923076923078,137.0,<10%,<50
00-0035021,Ashton Dulin,2024,IND,27.0,13.0,8,1,492,0.016260162601626,1.6260162601626,18.2,1.4,138.0,<10%,<50
00-0038618,Xavier Hutchinson,2024,HOU,24.0,14.0,26,0,547,0.0475319926873857,4.75319926873857,17.7,1.2642857142857142,139.0,<10%,<50
00-0038821,Rakim Jarrett,2024,TB,23.0,8.0,11,0,563,0.019538188277087,1.9538188277087,16.900000000000002,2.1125000000000003,140.0,<10%,<50
00-0039623,Mason Tipton,2024,NO,24.0,9.0,26,0,517,0.0502901353965183,5.02901353965183,16.9,1.877777777777777,141.0,<10%,<50
00-0036345,K.J. Osborn,2024,NE/WAS,27.0,7.0,18,1,1004,0.0179282868525896,1.79282868525896,15.2,2.171428571428572,142.0,<10%,<50
00-0039747,Ainias Smith,2024,PHI,23.0,3.0,9,1,418,0.0215311004784689,2.15311004784689,14.2,4.733333333333333,143.0,<10%,<50
00-0036331,Devin Duvernay,2024,JAX,27.0,13.0,16,0,522,0.0306513409961685,3.06513409961685,13.7,1.053846153846154,144.0,<10%,<50
00-0036646,Simi Fehoko,2024,LAC,27.0,6.0,16,0,491,0.0325865580448065,3.25865580448065,13.6,2.266666666666667,145.0,<10%,<50
00-0035662,Marquise Brown,2024,KC,27.0,2.0,15,0,572,0.0262237762237762,2.62237762237762,13.6,6.8,146.0,<10%,<50
00-0038496,Xavier Gipson,2024,NYJ,23.0,17.0,10,1,589,0.0169779286926994,1.6977928692699402,13.4,0.788235294117647,147.0,<10%,<50
00-0038679,Tyrell Shavers,2024,BUF,25.0,1.0,1,1,495,0.002020202020202,0.2020202020202,13.4,13.4,148.0,<10%,<50
00-0039410,Ryan Flournoy,2024,DAL,25.0,9.0,14,0,622,0.022508038585209,2.2508038585209,13.2,1.4666666666666666,149.0,<10%,<50
00-0039810,Jermaine Burton,2024,CIN,23.0,8.0,14,0,628,0.0222929936305732,2.22929936305732,12.7,1.5875,150.0,<10%,<50
00-0039650,Bryce Oliver,2024,TEN,24.0,8.0,9,0,507,0.0177514792899408,1.77514792899408,12.5,1.5625,151.0,<10%,<50
00-0033891,Zay Jones,2024,ARI,29.0,6.0,11,0,523,0.0210325047801147,2.10325047801147,12.4,2.0666666666666664,152.0,<10%,<50
00-0039236,Johnny Wilson,2024,PHI,23.0,10.0,15,1,418,0.0358851674641148,3.58851674641148,12.3,1.23,153.0,<10%,<50
00-0036268,Laviska Shenault Jr.,2024,SEA,26.0,10.0,5,0,569,0.0087873462214411,0.8787346221441099,12.2,1.22,154.0,<10%,<50
00-0035639,Parris Campbell,2024,PHI,27.0,4.0,8,1,418,0.0191387559808612,1.91387559808612,12.0,3.0,155.0,<10%,<50
00-0031763,DeAndre Carter,2024,CHI,31.0,13.0,14,0,526,0.026615969581749,2.6615969581749,11.7,0.8999999999999999,156.0,<10%,<50
00-0037524,Tay Martin,2024,TEN,27.0,1.0,2,1,507,0.0039447731755424,0.39447731755424,11.4,11.4,157.0,<10%,<50
00-0036387,Jalen Reagor,2024,LAC,25.0,7.0,12,0,491,0.0244399185336048,2.44399185336048,11.2,1.6,158.0,<10%,<50
00-0034777,DJ Chark,2024,LAC,28.0,4.0,10,1,491,0.020366598778004,2.0366598778004,11.1,2.775,159.0,<10%,<50
00-0039365,Jacob Cowing,2024,SF,23.0,15.0,6,0,513,0.0116959064327485,1.16959064327485,10.7,0.7133333333333333,160.0,<10%,<50
00-0032128,Chris Conley,2024,SF,32.0,9.0,12,0,513,0.023391812865497,2.3391812865497,10.6,1.1777777777777778,161.0,<10%,<50
00-0034646,Brandon Powell,2024,MIN,29.0,16.0,10,0,517,0.0193423597678916,1.93423597678916,10.6,0.6625,162.0,<10%,<50
00-0038938,Jalin Hyatt,2024,NYG,23.0,10.0,19,0,554,0.0342960288808664,3.42960288808664,10.2,1.02,163.0,<10%,<50
00-0034054,River Cracraft,2024,MIA,30.0,5.0,9,0,568,0.0158450704225352,1.58450704225352,10.1,2.02,164.0,<10%,<50
00-0031235,Odell Beckham Jr.,2024,MIA,32.0,8.0,19,0,568,0.0334507042253521,3.34507042253521,10.0,1.25,165.0,<10%,<50
00-0037300,Mike Woods,2024,CLE,24.0,5.0,17,0,634,0.0268138801261829,2.68138801261829,10.0,2.0,166.0,<10%,<50
00-0036862,Ben Skowronek,2024,PIT,27.0,9.0,5,0,460,0.0108695652173913,1.0869565217391302,9.4,1.0444444444444445,167.0,<10%,<50
00-0035298,Scott Miller,2024,PIT,27.0,6.0,9,0,460,0.0195652173913043,1.95652173913043,9.4,1.5666666666666664,168.0,<10%,<50
00-0036183,Kristian Wilkerson,2024,LV,27.0,1.0,3,1,592,0.0050675675675675,0.50675675675675,8.8,8.8,169.0,<10%,<50
00-0039792,Devontez Walker,2024,BAL,23.0,3.0,3,1,457,0.0065645514223194,0.65645514223194,8.6,2.8666666666666667,170.0,<10%,<50
00-0038576,Charlie Jones,2024,CIN,26.0,7.0,1,0,628,0.001592356687898,0.1592356687898,7.0,1.0,171.0,<10%,<50
00-0037132,Britain Covey,2024,PHI,27.0,5.0,8,0,418,0.0191387559808612,1.91387559808612,6.9,1.38,172.0,<10%,<50
00-0038104,Tyquan Thornton,2024,NE,24.0,4.0,8,0,500,0.016,1.6,6.7,1.675,173.0,<10%,<50
00-0036620,Dee Eskridge,2024,MIA,27.0,5.0,3,0,568,0.005281690140845,0.5281690140845,5.9,1.1800000000000002,176.0,<10%,<50
00-0038519,Nikko Remigio,2024,KC,25.0,5.0,6,0,572,0.0104895104895104,1.04895104895104,5.8,1.16,177.0,<10%,<50
00-0036497,Tim Jones,2024,JAX,26.0,8.0,5,0,522,0.0095785440613026,0.95785440613026,5.6,0.7,178.0,<10%,<50
00-0036955,Terrace Marshall Jr.,2024,LV,24.0,5.0,6,0,592,0.0101351351351351,1.0135135135135098,5.6,1.12,179.0,<10%,<50
00-0037742,Treylon Burks,2024,TEN,24.0,5.0,8,0,507,0.0157790927021696,1.57790927021696,5.5,1.1,180.0,<10%,<50
00-0035891,Cody White,2024,SEA,26.0,2.0,3,0,569,0.0052724077328646,0.52724077328646,5.4,2.7,181.0,<10%,<50
00-0035976,Dan Chisena,2024,CAR,27.0,4.0,4,0,518,0.0077220077220077,0.77220077220077,5.2,1.3,182.0,<10%,<50
00-0038359,Xavier Smith,2024,LA,27.0,14.0,2,0,541,0.0036968576709796,0.36968576709796,5.2,0.3714285714285714,183.0,<10%,<50
00-0036841,Austin Trammell,2024,JAX,26.0,1.0,3,0,522,0.0057471264367816,0.57471264367816,5.0,5.0,184.0,<10%,<50
00-0037487,Deven Thompkins,2024,CAR,25.0,5.0,4,0,518,0.0077220077220077,0.77220077220077,4.699999999999999,0.9399999999999998,185.0,<10%,<50
00-0035602,Alex Bachman,2024,LV,28.0,5.0,3,0,592,0.0050675675675675,0.50675675675675,4.6,0.92,186.0,<10%,<50
00-0031428,Allen Robinson,2024,DET,31.0,6.0,7,0,522,0.0134099616858237,1.34099616858237,4.5,0.75,187.0,<10%,<50
00-0037257,David Bell,2024,CLE,24.0,1.0,3,0,634,0.0047318611987381,0.47318611987381,4.2,4.2,188.0,<10%,<50
00-0039379,Jamari Thrash,2024,CLE,24.0,6.0,7,0,634,0.0110410094637223,1.10410094637223,3.7,0.6166666666666667,189.0,<10%,<50
00-0039920,Malachi Corley,2024,NYJ,22.0,5.0,6,0,589,0.0101867572156196,1.01867572156196,3.7,0.74,190.0,<10%,<50
00-0036133,James Proche,2024,CLE,28.0,9.0,3,0,634,0.0047318611987381,0.47318611987381,3.6,0.3999999999999999,191.0,<10%,<50
00-0038647,Ronnie Bell,2024,SF,24.0,4.0,6,0,513,0.0116959064327485,1.16959064327485,3.2,0.8,192.0,<10%,<50
00-0035341,Trenton Irwin,2024,CIN,29.0,6.0,10,0,628,0.0159235668789808,1.5923566878980802,3.0,0.5,193.0,<10%,<50
00-0039816,Anthony Gould,2024,IND,23.0,8.0,1,0,492,0.0020325203252032,0.20325203252032,2.8,0.35,194.0,<10%,<50
00-0036176,Mason Kinsey,2024,TEN,26.0,6.0,2,0,507,0.0039447731755424,0.39447731755424,2.7,0.45,195.0,<10%,<50
00-0036165,Isaiah Hodgins,2024,NYG,26.0,2.0,2,0,554,0.003610108303249,0.3610108303249,2.2,1.1,196.0,<10%,<50
00-0036463,Chris Blair,2024,ATL,27.0,2.0,2,0,539,0.0037105751391465,0.37105751391465,2.2,1.1,197.0,<10%,<50
00-0034353,Anthony Miller,2024,BAL,30.0,1.0,1,0,457,0.0021881838074398,0.21881838074398,2.1,2.1,198.0,<10%,<50
00-0038507,Grant DuBose,2024,MIA,23.0,2.0,4,0,568,0.0070422535211267,0.70422535211267,2.1,1.0499999999999998,199.0,<10%,<50
00-0039394,Casey Washington,2024,ATL,23.0,2.0,2,0,539,0.0037105751391465,0.37105751391465,1.9,0.95,200.0,<10%,<50
00-0039853,Javon Baker,2024,NE,22.0,6.0,4,0,500,0.008,0.8,1.7000000000000002,0.2833333333333334,201.0,<10%,<50
00-0033292,Trent Taylor,2024,SF,30.0,2.0,1,0,513,0.0019493177387914,0.1949317738791399,1.6,0.8,202.0,<10%,<50
00-0039451,Isaiah Williams,2024,CIN/DET,23.0,8.0,3,0,1150,0.0026086956521739,0.2608695652173899,1.6,0.2,203.0,<10%,<50
00-0037382,Brandon Johnson,2024,PIT,26.0,1.0,1,0,460,0.0021739130434782,0.21739130434782,1.4,1.4,204.0,<10%,<50
00-0037422,Kendric Pryor,2024,CIN,26.0,1.0,1,0,628,0.001592356687898,0.1592356687898,1.4,1.4,205.0,<10%,<50
00-0039543,Ramel Keyton,2024,LV,24.0,3.0,3,0,592,0.0050675675675675,0.50675675675675,1.2,0.3999999999999999,206.0,<10%,<50
00-0033460,John Ross,2024,PHI,29.0,1.0,2,0,418,0.0047846889952153,0.47846889952153,1.1,1.1,207.0,<10%,<50
00-0036254,Collin Johnson,2024,CHI,27.0,6.0,2,0,526,0.0038022813688212,0.38022813688212,1.1,0.1833333333333333,208.0,<10%,<50
00-0036877,Jaelon Darden,2024,CLE/SEA,25.0,11.0,1,0,1203,0.0008312551953449,0.08312551953449,1.1,0.1,209.0,<10%,<50
00-0039589,Kameron Johnson,2024,TB,22.0,4.0,1,0,563,0.0017761989342806,0.17761989342806,1.1,0.275,211.0,<10%,<50
00-0032688,Robbie Chosen,2024,MIA,31.0,1.0,4,0,568,0.0070422535211267,0.70422535211267,1.0,1.0,212.0,<10%,<50
00-0038941,Tyler Scott,2024,CHI,23.0,4.0,1,0,526,0.0019011406844106,0.19011406844106,1.0,0.25,213.0,<10%,<50
00-0039392,Jha'Quan Jackson,2024,TEN,24.0,12.0,3,0,507,0.0059171597633136,0.59171597633136,0.8,0.0666666666666666,214.0,<10%,<50
00-0038840,Brycen Tremayne,2024,WAS,25.0,2.0,1,0,504,0.0019841269841269,0.19841269841269,0.3,0.15,215.0,<10%,<50
00-0034419,Braxton Berrios,2024,MIA,29.0,6.0,4,0,568,0.0070422535211267,0.70422535211267,0.0,0.0,218.0,<10%,<50
00-0035544,Tom Kennedy,2024,DET,28.0,3.0,1,0,522,0.0019157088122605,0.19157088122605,0.0,0.0,222.0,<10%,<50
00-0037093,Dareke Young,2024,SEA,25.0,7.0,1,0,569,0.0017574692442882,0.1757469244288199,0.0,0.0,223.0,<10%,<50
00-0037156,Irvin Charles,2024,NYJ,27.0,8.0,1,0,589,0.0016977928692699,0.16977928692699,0.0,0.0,224.0,<10%,<50
00-0037216,Justyn Ross,2024,KC,25.0,1.0,1,0,572,0.0017482517482517,0.17482517482517,0.0,0.0,225.0,<10%,<50
00-0038090,Skyy Moore,2024,KC,24.0,3.0,3,0,572,0.0052447552447552,0.52447552447552,0.0,0.0,230.0,<10%,<50
00-0038092,Erik Ezukanma,2024,MIA,24.0,1.0,2,0,568,0.0035211267605633,0.35211267605633,0.0,0.0,231.0,<10%,<50
00-0039521,Xavier Weaver,2024,ARI,24.0,2.0,2,0,523,0.0038240917782026,0.38240917782026,0.0,0.0,232.0,<10%,<50
00-0036913,Kadarius Toney,2024,CLE,25.0,3.0,1,0,634,0.001577287066246,0.1577287066245999,-0.3999999999999999,-0.1333333333333333,234.0,<10%,<50
00-0039075,Puka Nacua,2025,LA,24.0,16.0,166,10,581,0.2857142857142857,28.57142857142857,310.5,19.40625,1.0,25-30%,150+
00-0038543,Jaxon Smith-Njigba,2025,SEA,23.0,17.0,163,10,455,0.3582417582417582,35.82417582417582,300.4,17.670588235294115,2.0,30%+,150+
00-0036963,Amon-Ra St. Brown,2025,DET,26.0,17.0,172,11,550,0.3127272727272727,31.27272727272727,265.5,15.617647058823527,3.0,30%+,150+
00-0036900,Ja'Marr Chase,2025,CIN,25.0,16.0,185,8,608,0.3042763157894737,30.427631578947366,251.1,15.69375,4.0,30%+,150+
00-0037247,George Pickens,2025,DAL,24.0,17.0,137,9,607,0.2257001647446458,22.57001647446458,245.4,14.43529411764706,5.0,20-25%,125-150
00-0037239,Chris Olave,2025,NO,25.0,16.0,156,9,565,0.2761061946902655,27.61061946902655,218.0,13.625,6.0,25-30%,150+
00-0039064,Zay Flowers,2025,BAL,25.0,17.0,118,5,407,0.2899262899262899,28.992628992628987,200.3,11.782352941176471,7.0,25-30%,100-125
00-0031381,Davante Adams,2025,LA,33.0,14.0,114,14,581,0.1962134251290878,19.62134251290878,192.9,13.778571428571428,8.0,15-20%,100-125
00-0036554,Nico Collins,2025,HOU,26.0,15.0,120,6,553,0.2169981916817359,21.69981916817359,190.7,12.713333333333331,9.0,20-25%,100-125
00-0037240,Jameson Williams,2025,DET,24.0,17.0,102,7,550,0.1854545454545454,18.54545454545454,187.4,11.023529411764706,10.0,15-20%,100-125
00-0034348,Courtland Sutton,2025,DEN,30.0,17.0,124,7,584,0.2123287671232876,21.23287671232876,182.7,10.74705882352941,11.0,20-25%,100-125
00-0036410,Tee Higgins,2025,CIN,26.0,15.0,98,11,608,0.1611842105263158,16.11842105263158,182.1,12.14,12.0,15-20%,75-100
00-0038559,Michael Wilson,2025,ARI,25.0,17.0,126,7,617,0.2042139384116693,20.42139384116693,181.6,10.68235294117647,13.0,20-25%,125-150
00-0035676,A.J. Brown,2025,PHI,28.0,15.0,121,7,464,0.2607758620689655,26.07758620689655,181.3,12.086666666666668,14.0,25-30%,100-125
00-0040124,Tetairoa McMillan,2025,CAR,22.0,17.0,122,7,480,0.2541666666666666,25.41666666666666,178.4,10.494117647058824,15.0,25-30%,100-125
00-0038117,Wan'Dale Robinson,2025,NYG,24.0,16.0,140,4,503,0.2783300198807157,27.83300198807157,171.9,10.74375,16.0,25-30%,125-150
00-0037238,Drake London,2025,ATL,24.0,12.0,112,7,519,0.2157996146435452,21.57996146435452,167.9,13.991666666666667,17.0,20-25%,100-125
00-0031588,Stefon Diggs,2025,NE,32.0,17.0,102,4,482,0.2116182572614107,21.16182572614107,167.8,9.870588235294118,18.0,20-25%,100-125
00-0040129,Emeka Egbuka,2025,TB,23.0,17.0,127,6,541,0.2347504621072088,23.47504621072088,164.2,9.658823529411764,19.0,20-25%,125-150
00-0036358,CeeDee Lamb,2025,DAL,26.0,13.0,117,3,607,0.1927512355848435,19.27512355848435,163.4,12.569230769230767,20.0,15-20%,100-125
00-0036912,DeVonta Smith,2025,PHI,27.0,17.0,113,4,464,0.2435344827586207,24.353448275862068,163.3,9.605882352941178,21.0,20-25%,100-125
00-0036252,Michael Pittman,2025,IND,28.0,17.0,111,7,530,0.2094339622641509,20.94339622641509,162.4,9.552941176470588,22.0,20-25%,100-125
00-0036613,Jaylen Waddle,2025,MIA,27.0,16.0,100,6,462,0.2164502164502164,21.64502164502164,162.12,10.1325,23.0,20-25%,100-125
00-0037664,Alec Pierce,2025,IND,25.0,15.0,84,6,530,0.1584905660377358,15.84905660377358,159.8,10.653333333333334,24.0,15-20%,75-100
00-0036322,Justin Jefferson,2025,MIN,26.0,17.0,141,2,468,0.3012820512820512,30.12820512820512,159.5,9.382352941176473,25.0,30%+,125-150
00-0035640,DK Metcalf,2025,PIT,28.0,15.0,99,6,522,0.1896551724137931,18.96551724137931,157.7,10.513333333333332,26.0,15-20%,75-100
00-0038606,Parker Washington,2025,JAX,23.0,16.0,95,5,547,0.1736745886654479,17.36745886654479,155.7,9.73125,27.0,15-20%,75-100
00-0035719,Deebo Samuel Sr.,2025,WAS,29.0,16.0,99,5,432,0.2291666666666666,22.91666666666666,152.2,9.5125,28.0,20-25%,75-100
00-0039915,Ladd McConkey,2025,LAC,24.0,16.0,106,6,544,0.1948529411764706,19.48529411764705,147.9,9.24375,29.0,15-20%,100-125
00-0034827,DJ Moore,2025,CHI,28.0,17.0,85,6,532,0.1597744360902255,15.97744360902255,147.18,8.65764705882353,30.0,15-20%,75-100
00-0036259,Jauan Jennings,2025,SF,28.0,15.0,90,9,550,0.1636363636363636,16.36363636363636,145.8,9.72,31.0,15-20%,75-100
00-0038544,Quentin Johnston,2025,LAC,24.0,13.0,84,8,544,0.1544117647058823,15.44117647058823,145.7,11.207692307692309,32.0,15-20%,75-100
00-0039868,Troy Franklin,2025,DEN,22.0,17.0,104,6,584,0.1780821917808219,17.80821917808219,144.6,8.505882352941176,33.0,15-20%,100-125
00-0030279,Keenan Allen,2025,LAC,33.0,17.0,122,4,544,0.2242647058823529,22.42647058823529,142.2,8.36470588235294,34.0,20-25%,100-125
00-0034960,Jakobi Meyers,2025,JAX/LV,29.0,16.0,110,3,1041,0.1056676272814601,10.56676272814601,138.3,8.64375,35.0,10-15%,100-125
00-0037816,Romeo Doubs,2025,GB,25.0,16.0,85,6,460,0.1847826086956521,18.47826086956521,137.9,8.61875,36.0,15-20%,75-100
00-0038563,Tre Tucker,2025,LV,24.0,17.0,92,5,494,0.1862348178137652,18.62348178137652,133.2,7.835294117647058,37.0,15-20%,75-100
00-0037261,Khalil Shakir,2025,BUF,25.0,16.0,95,4,479,0.1983298538622129,19.83298538622129,130.4,8.15,38.0,15-20%,75-100
00-0037545,Rashid Shaheed,2025,NO/SEA,27.0,18.0,92,2,1020,0.0901960784313725,9.019607843137251,127.1,7.061111111111112,39.0,<10%,75-100
00-0039919,Rome Odunze,2025,CHI,23.0,12.0,90,6,532,0.169172932330827,16.9172932330827,124.1,10.341666666666669,40.0,15-20%,75-100
00-0039067,Rashee Rice,2025,KC,25.0,8.0,78,5,549,0.1420765027322404,14.20765027322404,123.6,15.45,41.0,10-15%,75-100
00-0038124,Christian Watson,2025,GB,26.0,10.0,55,6,460,0.1195652173913043,11.95652173913043,114.9,11.49,42.0,10-15%,50-75
00-0039893,Brian Thomas Jr.,2025,JAX,23.0,14.0,91,2,547,0.1663619744058501,16.63619744058501,114.8,8.2,43.0,15-20%,75-100
00-0038994,Jordan Addison,2025,MIN,23.0,14.0,79,3,468,0.1688034188034188,16.880341880341877,114.1,8.15,44.0,15-20%,75-100
00-0035662,Marquise Brown,2025,KC,28.0,16.0,74,5,549,0.1347905282331511,13.47905282331511,113.2,7.075,45.0,10-15%,50-75
00-0038997,Josh Downs,2025,IND,24.0,16.0,88,4,530,0.1660377358490566,16.60377358490566,109.4,6.8375,46.0,15-20%,75-100
00-0040130,Jayden Higgins,2025,HOU,23.0,17.0,68,6,553,0.1229656419529837,12.296564195298371,109.0,6.411764705882353,47.0,10-15%,50-75
00-0038608,Kayshon Boutte,2025,NE,23.0,14.0,46,6,482,0.0954356846473029,9.54356846473029,107.6,7.685714285714286,48.0,<10%,<50
00-0039849,Marvin Harrison Jr.,2025,ARI,23.0,12.0,73,4,617,0.1183144246353322,11.83144246353322,107.3,8.941666666666668,49.0,10-15%,50-75
00-0040735,Luther Burden III,2025,CHI,22.0,15.0,60,2,532,0.112781954887218,11.2781954887218,104.4,6.96,50.0,10-15%,50-75
00-0040705,Chimere Dike,2025,TEN,24.0,17.0,74,4,530,0.1396226415094339,13.96226415094339,104.1,6.123529411764705,51.0,10-15%,50-75
00-0040170,Elic Ayomanor,2025,TEN,22.0,16.0,89,4,530,0.1679245283018867,16.79245283018867,96.0,6.0,52.0,15-20%,75-100
00-0036407,Jerry Jeudy,2025,CLE,26.0,17.0,106,2,522,0.2030651340996168,20.30651340996168,95.7,5.629411764705883,53.0,20-25%,100-125
00-0035659,Terry McLaurin,2025,WAS,30.0,10.0,60,3,432,0.1388888888888889,13.88888888888889,95.2,9.52,54.0,10-15%,50-75
00-0039410,Ryan Flournoy,2025,DAL,26.0,15.0,56,4,607,0.0922570016474464,9.22570016474464,94.0,6.266666666666667,55.0,<10%,50-75
00-0039880,Malik Washington,2025,MIA,25.0,17.0,65,3,462,0.1406926406926407,14.06926406926407,93.7,5.511764705882353,56.0,10-15%,50-75
00-0033908,Cooper Kupp,2025,SEA,32.0,16.0,70,2,455,0.1538461538461538,15.38461538461538,92.8,5.8,57.0,15-20%,50-75
00-0033555,Mack Hollins,2025,NE,32.0,14.0,65,2,482,0.1348547717842323,13.48547717842323,90.4,6.457142857142857,58.0,10-15%,50-75
00-0039894,Xavier Worthy,2025,KC,22.0,14.0,73,1,549,0.1329690346083788,13.29690346083788,88.9,6.3500000000000005,59.0,10-15%,50-75
00-0037291,Jalen Nailor,2025,MIN,26.0,17.0,53,4,468,0.1132478632478632,11.32478632478632,86.2,5.070588235294117,60.0,10-15%,50-75
00-0039901,Keon Coleman,2025,BUF,22.0,12.0,59,4,479,0.1231732776617954,12.31732776617954,83.4,6.95,61.0,10-15%,50-75
00-0037740,Garrett Wilson,2025,NYJ,25.0,7.0,59,4,472,0.125,12.5,81.5,11.642857142857142,62.0,10-15%,50-75
00-0038618,Xavier Hutchinson,2025,HOU,25.0,16.0,57,3,553,0.1030741410488245,10.307414104882447,80.5,5.03125,63.0,10-15%,50-75
00-0035535,Darius Slayton,2025,NYG,28.0,14.0,63,1,503,0.125248508946322,12.5248508946322,80.3,5.735714285714286,64.0,10-15%,50-75
00-0038621,DeMario Douglas,2025,NE,25.0,16.0,46,3,482,0.0954356846473029,9.54356846473029,80.3,5.01875,65.0,<10%,<50
00-0040237,Tez Johnson,2025,TB,23.0,15.0,44,5,541,0.0813308687615526,8.13308687615526,78.4,5.226666666666668,66.0,<10%,<50
00-0038976,Marvin Mims Jr.,2025,DEN,23.0,15.0,51,1,584,0.0873287671232876,8.73287671232876,76.5,5.1,67.0,<10%,50-75
00-0039491,Jalen Coker,2025,CAR,24.0,11.0,43,3,480,0.0895833333333333,8.95833333333333,73.9,6.718181818181819,68.0,<10%,<50
00-0033307,Kendrick Bourne,2025,SF,30.0,14.0,53,0,550,0.0963636363636363,9.63636363636363,73.6,5.257142857142857,69.0,<10%,50-75
00-0038619,Andrei Iosivas,2025,CIN,26.0,15.0,58,2,608,0.0953947368421052,9.53947368421052,73.4,4.8933333333333335,70.0,<10%,50-75
00-0039342,Xavier Legette,2025,CAR,24.0,15.0,64,3,480,0.1333333333333333,13.33333333333333,71.8,4.786666666666666,71.0,10-15%,50-75
00-0037801,KaVontae Turpin,2025,DAL,29.0,15.0,38,2,607,0.0626029654036243,6.26029654036243,71.5,4.766666666666667,72.0,<10%,<50
00-0039890,Adonai Mitchell,2025,IND/NYJ,23.0,16.0,74,2,1002,0.0738522954091816,7.385229540918161,71.39999999999999,4.4625,73.0,<10%,50-75
00-0038104,Tyquan Thornton,2025,KC,25.0,12.0,37,3,549,0.0673952641165755,6.7395264116575495,71.3,5.941666666666666,74.0,<10%,<50
00-0037837,Calvin Austin III,2025,PIT,26.0,14.0,55,3,522,0.1053639846743295,10.53639846743295,70.7,5.05,75.0,10-15%,50-75
00-0039916,Ricky Pearsall,2025,SF,25.0,9.0,53,0,550,0.0963636363636363,9.63636363636363,70.6,7.844444444444444,76.0,<10%,50-75
00-0031408,Mike Evans,2025,TB,32.0,8.0,62,3,541,0.1146025878003696,11.46025878003696,69.8,8.725,77.0,10-15%,50-75
00-0040669,Isaac TeSlaa,2025,DET,23.0,14.0,27,6,550,0.049090909090909,4.909090909090899,67.9,4.8500000000000005,78.0,<10%,<50
00-0033921,Chris Godwin Jr.,2025,TB,29.0,9.0,51,2,541,0.0942698706099815,9.426987060998153,66.5,7.388888888888889,79.0,<10%,50-75
00-0036309,Darnell Mooney,2025,ATL,28.0,15.0,72,1,519,0.1387283236994219,13.87283236994219,66.3,4.42,80.0,10-15%,50-75
00-0035208,Olamide Zaccheaus,2025,CHI,28.0,14.0,65,2,532,0.1221804511278195,12.218045112781953,65.3,4.664285714285714,81.0,10-15%,50-75
00-0032385,Sterling Shepard,2025,TB,32.0,13.0,53,1,541,0.0979667282809611,9.79667282809611,62.5,4.807692307692308,82.0,<10%,50-75
00-0038393,Dontayvion Wicks,2025,GB,24.0,13.0,46,2,460,0.1,10.0,60.8,4.676923076923076,83.0,10-15%,<50
00-0035500,Greg Dortch,2025,ARI,27.0,12.0,33,3,617,0.0534846029173419,5.34846029173419,60.6,5.05,84.0,<10%,<50
00-0040134,Pat Bryant,2025,DEN,23.0,13.0,49,1,584,0.0839041095890411,8.39041095890411,59.3,4.561538461538461,85.0,<10%,<50
00-0040648,Tory Horton,2025,SEA,23.0,8.0,22,5,455,0.0483516483516483,4.8351648351648295,58.6,7.325,86.0,<10%,<50
00-0033857,JuJu Smith-Schuster,2025,KC,29.0,17.0,45,1,549,0.081967213114754,8.1967213114754,57.0,3.3529411764705883,87.0,<10%,<50
00-0030564,DeAndre Hopkins,2025,BAL,33.0,17.0,39,2,407,0.0958230958230958,9.58230958230958,56.0,3.294117647058824,88.0,<10%,<50
00-0036415,Van Jefferson,2025,TEN,29.0,14.0,52,1,530,0.0981132075471698,9.81132075471698,55.5,3.9642857142857135,89.0,<10%,50-75
00-0040667,Matthew Golden,2025,GB,22.0,14.0,44,0,460,0.0956521739130434,9.56521739130434,55.5,3.9642857142857135,90.0,<10%,<50
00-0037614,John Metchie III,2025,NYJ/PHI,25.0,13.0,48,2,936,0.0512820512820512,5.12820512820512,55.4,4.2615384615384615,91.0,<10%,<50
00-0040138,Jaylin Noel,2025,HOU,23.0,17.0,35,2,553,0.0632911392405063,6.32911392405063,55.4,3.2588235294117647,92.0,<10%,<50
00-0032464,Kalif Raymond,2025,DET,31.0,15.0,30,1,550,0.0545454545454545,5.45454545454545,54.8,3.653333333333333,93.0,<10%,<50
00-0040727,Tre Harris,2025,LAC,23.0,16.0,43,1,544,0.0790441176470588,7.90441176470588,54.4,3.4,94.0,<10%,<50
00-0039424,Devaughn Vele,2025,NO,28.0,9.0,39,2,565,0.0690265486725663,6.90265486725663,53.8,5.977777777777778,95.0,<10%,<50
00-0032211,Tyler Lockett,2025,LV/TEN,33.0,17.0,55,1,1024,0.0537109375,5.37109375,51.1,3.005882352941176,96.0,<10%,50-75
00-0040718,Travis Hunter,2025,JAX,22.0,7.0,45,1,547,0.0822669104204753,8.22669104204753,49.8,7.114285714285715,97.0,<10%,<50
00-0038979,Cedric Tillman,2025,CLE,25.0,12.0,39,2,522,0.0747126436781609,7.47126436781609,49.5,4.125,98.0,<10%,<50
00-0039337,Malik Nabers,2025,NYG,22.0,4.0,35,2,503,0.0695825049701789,6.95825049701789,48.1,12.025,99.0,<10%,<50
00-0039451,Isaiah Williams,2025,NYJ,24.0,15.0,36,0,472,0.0762711864406779,7.6271186440677905,47.7,3.18,100.0,<10%,<50
00-0032775,Demarcus Robinson,2025,SF,31.0,14.0,35,1,550,0.0636363636363636,6.36363636363636,47.2,3.3714285714285714,101.0,<10%,<50
00-0036550,Rashod Bateman,2025,BAL,26.0,13.0,38,2,407,0.0933660933660933,9.33660933660933,45.9,3.5307692307692307,102.0,<10%,<50
00-0039355,Luke McCaffrey,2025,WAS,24.0,9.0,15,3,432,0.0347222222222222,3.47222222222222,45.8,5.088888888888889,103.0,<10%,<50
00-0040782,Isaiah Bond,2025,CLE,21.0,15.0,44,0,522,0.0842911877394636,8.42911877394636,45.7,3.046666666666667,104.0,<10%,<50
00-0033375,Tim Patrick,2025,JAX,32.0,13.0,24,3,547,0.0438756855575868,4.38756855575868,44.2,3.4000000000000004,105.0,<10%,<50
00-0040131,Kyle Williams,2025,NE,23.0,14.0,21,3,482,0.0435684647302904,4.35684647302904,44.2,3.157142857142857,106.0,<10%,<50
00-0034775,Christian Kirk,2025,HOU,29.0,11.0,52,1,553,0.0940325497287522,9.40325497287522,43.9,3.9909090909090894,107.0,<10%,50-75
00-0040164,Jaylin Lane,2025,WAS,23.0,15.0,32,0,432,0.074074074074074,7.4074074074074,43.2,2.8800000000000003,108.0,<10%,<50
00-0033040,Tyreek Hill,2025,MIA,31.0,4.0,29,1,462,0.0627705627705627,6.2770562770562695,43.0,10.75,109.0,<10%,<50
00-0036988,Josh Palmer,2025,BUF,26.0,12.0,37,0,479,0.0772442588726513,7.724425887265129,41.3,3.4416666666666664,110.0,<10%,<50
00-0037741,Jahan Dotson,2025,PHI,25.0,15.0,36,1,464,0.0775862068965517,7.75862068965517,41.2,2.746666666666667,111.0,<10%,<50
00-0035359,David Sills,2025,ATL,30.0,12.0,36,2,519,0.0693641618497109,6.93641618497109,40.1,3.341666666666667,112.0,<10%,<50
00-0031236,Brandin Cooks,2025,BUF/NO,32.0,13.0,36,0,1044,0.0344827586206896,3.44827586206896,39.9,3.069230769230769,113.0,<10%,<50
00-0036626,Dyami Brown,2025,JAX,26.0,11.0,37,1,547,0.0676416819012797,6.76416819012797,39.7,3.609090909090909,114.0,<10%,<50
00-0038359,Xavier Smith,2025,LA,28.0,16.0,24,0,581,0.0413080895008605,4.13080895008605,39.3,2.45625,115.0,<10%,<50
00-0039146,Jayden Reed,2025,GB,25.0,5.0,22,1,460,0.0478260869565217,4.78260869565217,39.0,7.8,116.0,<10%,<50
00-0034837,Calvin Ridley,2025,TEN,31.0,7.0,36,0,530,0.0679245283018867,6.79245283018867,38.8,5.542857142857143,117.0,<10%,<50
00-0038679,Tyrell Shavers,2025,BUF,26.0,11.0,23,1,479,0.0480167014613778,4.80167014613778,38.0,3.4545454545454546,118.0,<10%,<50
00-0037666,Jalen Tolbert,2025,DAL,26.0,12.0,34,1,607,0.0560131795716639,5.60131795716639,37.3,3.108333333333333,119.0,<10%,<50
00-0039792,Devontez Walker,2025,BAL,24.0,8.0,8,3,407,0.0196560196560196,1.96560196560196,34.6,4.325,120.0,<10%,<50
00-0032398,Chris Moore,2025,WAS,32.0,10.0,23,1,432,0.0532407407407407,5.32407407407407,33.1,3.31,121.0,<10%,<50
00-0039739,Roman Wilson,2025,PIT,24.0,9.0,21,2,522,0.0402298850574712,4.02298850574712,32.6,3.6222222222222222,122.0,<10%,<50
00-0040729,Jack Bech,2025,LV,23.0,14.0,29,0,494,0.0587044534412955,5.87044534412955,32.4,2.314285714285714,123.0,<10%,<50
00-0036427,Tyler Johnson,2025,NYJ,27.0,9.0,18,1,472,0.0381355932203389,3.8135593220338895,31.7,3.522222222222222,124.0,<10%,<50
00-0035645,Gunner Olszewski,2025,NYG,29.0,16.0,13,1,503,0.025844930417495,2.5844930417495,30.82,1.92625,125.0,<10%,<50
00-0030035,Adam Thielen,2025,MIN/PIT,35.0,14.0,35,0,990,0.0353535353535353,3.5353535353535297,30.1,2.15,126.0,<10%,<50
00-0034983,Hunter Renfrow,2025,CAR,30.0,6.0,26,2,480,0.0541666666666666,5.41666666666666,28.4,4.733333333333333,127.0,<10%,<50
00-0036849,Tutu Atwell,2025,LA,26.0,8.0,15,1,581,0.0258175559380378,2.58175559380378,28.2,3.525,128.0,<10%,<50
00-0035406,Lil'Jordan Humphrey,2025,DEN/NYG,27.0,7.0,25,1,1087,0.0229990800367985,2.29990800367985,28.1,4.014285714285714,129.0,<10%,<50
00-0038839,Mitchell Tinsley,2025,CIN,26.0,8.0,24,2,608,0.0394736842105263,3.94736842105263,27.6,3.45,130.0,<10%,<50
00-0039751,Jordan Whittington,2025,LA,25.0,15.0,25,0,581,0.0430292598967297,4.3029259896729695,27.3,1.82,131.0,<10%,<50
00-0037231,Kevin Austin Jr.,2025,NO,25.0,5.0,23,1,565,0.0407079646017699,4.0707964601769895,26.5,5.3,132.0,<10%,<50
00-0039920,Malachi Corley,2025,CLE,23.0,12.0,14,0,522,0.0268199233716475,2.68199233716475,26.1,2.1750000000000003,133.0,<10%,<50
00-0034272,Marquez Valdes-Scantling,2025,PIT/SF,31.0,9.0,29,1,1072,0.0270522388059701,2.7052238805970097,25.0,2.7777777777777777,134.0,<10%,<50
00-0036196,Gabe Davis,2025,BUF,26.0,6.0,18,1,479,0.0375782881002087,3.75782881002087,24.9,4.15,135.0,<10%,<50
00-0033891,Zay Jones,2025,ARI,30.0,6.0,18,0,617,0.0291734197730956,2.91734197730956,24.3,4.05,136.0,<10%,<50
00-0036980,Elijah Moore,2025,BUF,25.0,9.0,17,0,479,0.0354906054279749,3.54906054279749,24.1,2.6777777777777776,137.0,<10%,<50
00-0037742,Treylon Burks,2025,WAS,25.0,8.0,22,1,432,0.0509259259259259,5.09259259259259,24.0,3.0,138.0,<10%,<50
00-0039855,Jalen McMillan,2025,TB,24.0,4.0,15,0,541,0.0277264325323475,2.77264325323475,23.9,5.975,139.0,<10%,<50
00-0040277,Jahdae Walker,2025,CHI,23.0,6.0,10,2,532,0.018796992481203,1.8796992481203,23.7,3.95,140.0,<10%,<50
00-0040218,Jimmy Horn Jr.,2025,CAR,23.0,10.0,15,0,480,0.03125,3.125,23.2,2.32,141.0,<10%,<50
00-0038840,Brycen Tremayne,2025,CAR,26.0,15.0,18,0,480,0.0375,3.75,23.0,1.5333333333333334,142.0,<10%,<50
00-0040311,Theo Wease Jr.,2025,MIA,24.0,3.0,10,1,462,0.0216450216450216,2.16450216450216,22.9,7.633333333333333,143.0,<10%,<50
00-0036165,Isaiah Hodgins,2025,NYG,27.0,6.0,19,1,503,0.0377733598409542,3.77733598409542,22.5,3.75,144.0,<10%,<50
00-0040009,Savion Williams,2025,GB,24.0,12.0,10,1,460,0.0217391304347826,2.1739130434782603,20.5,1.7083333333333333,145.0,<10%,<50
00-0040590,Konata Mumpfield,2025,LA,23.0,10.0,23,1,581,0.0395869191049913,3.95869191049913,20.2,2.02,146.0,<10%,<50
00-0040581,Dont'e Thornton Jr.,2025,LV,23.0,11.0,30,0,494,0.0607287449392712,6.072874493927119,18.5,1.681818181818182,147.0,<10%,<50
00-0034521,Allen Lazard,2025,NYJ,30.0,9.0,18,1,472,0.0381355932203389,3.8135593220338895,18.0,2.0,148.0,<10%,<50
00-0033282,Curtis Samuel,2025,BUF,29.0,6.0,9,1,479,0.0187891440501043,1.87891440501043,17.6,2.9333333333333336,149.0,<10%,<50
00-0033943,Josh Reynolds,2025,NYJ,30.0,5.0,21,0,472,0.0444915254237288,4.44915254237288,17.6,3.5200000000000005,150.0,<10%,<50
00-0035021,Ashton Dulin,2025,IND,28.0,12.0,10,0,530,0.0188679245283018,1.88679245283018,17.5,1.4583333333333333,151.0,<10%,<50
00-0035891,Cody White,2025,SEA,27.0,8.0,4,1,455,0.0087912087912087,0.8791208791208699,16.5,2.0625,152.0,<10%,<50
00-0039379,Jamari Thrash,2025,CLE,25.0,8.0,15,0,522,0.028735632183908,2.8735632183908,15.7,1.9625,153.0,<10%,<50
00-0039589,Kameron Johnson,2025,TB,23.0,17.0,7,1,541,0.0129390018484288,1.29390018484288,15.699999999999998,0.9235294117647056,154.0,<10%,<50
00-0034860,Dante Pettis,2025,NO,30.0,8.0,11,0,565,0.0194690265486725,1.94690265486725,15.2,1.9,155.0,<10%,<50
00-0040563,Efton Chism III,2025,NE,24.0,8.0,3,1,482,0.0062240663900414,0.62240663900414,15.0,1.875,156.0,<10%,<50
00-0039623,Mason Tipton,2025,NO,25.0,8.0,17,0,565,0.0300884955752212,3.00884955752212,14.9,1.8625,157.0,<10%,<50
00-0036862,Ben Skowronek,2025,PIT,28.0,16.0,6,1,522,0.0114942528735632,1.14942528735632,14.9,0.93125,158.0,<10%,<50
00-0036182,Nick Westbrook-Ikhine,2025,MIA,28.0,13.0,20,0,462,0.0432900432900432,4.32900432900432,14.4,1.1076923076923078,159.0,<10%,<50
00-0038891,Shedrick Jackson,2025,LV,26.0,3.0,5,1,494,0.0101214574898785,1.0121457489878498,13.9,4.633333333333334,160.0,<10%,<50
00-0040024,Darius Cooper,2025,PHI,24.0,6.0,11,0,464,0.0237068965517241,2.3706896551724097,13.7,2.283333333333333,161.0,<10%,<50
00-0040184,KeAndre Lambert-Smith,2025,LAC,24.0,10.0,12,1,544,0.0220588235294117,2.20588235294117,13.6,1.36,162.0,<10%,<50
00-0036959,Michael Bandy,2025,DEN,28.0,4.0,4,1,584,0.0068493150684931,0.68493150684931,13.0,3.25,163.0,<10%,<50
00-0036630,Tylan Wallace,2025,BAL,26.0,11.0,8,1,407,0.0196560196560196,1.96560196560196,12.5,1.1363636363636365,164.0,<10%,<50
00-0039394,Casey Washington,2025,ATL,24.0,5.0,14,0,519,0.0269749518304431,2.69749518304431,12.4,2.48,165.0,<10%,<50
00-0038090,Skyy Moore,2025,SF,25.0,17.0,7,0,550,0.0127272727272727,1.27272727272727,12.3,0.723529411764706,166.0,<10%,<50
00-0038465,Malik Heath,2025,GB,25.0,7.0,7,0,460,0.0152173913043478,1.52173913043478,11.6,1.657142857142857,167.0,<10%,<50
00-0040259,Gage Larvadain,2025,CLE,22.0,13.0,14,0,522,0.0268199233716475,2.68199233716475,10.9,0.8384615384615385,168.0,<10%,<50
00-0033591,Noah Brown,2025,WAS,29.0,4.0,10,0,432,0.0231481481481481,2.31481481481481,10.8,2.7,169.0,<10%,<50
00-0035298,Scott Miller,2025,PIT,28.0,5.0,14,0,522,0.0268199233716475,2.68199233716475,10.7,2.14,170.0,<10%,<50
00-0034407,Ray-Ray McCloud,2025,ATL/NYG,29.0,6.0,15,0,1022,0.0146771037181996,1.46771037181996,10.4,1.7333333333333334,171.0,<10%,<50
00-0038824,Ryan Miller,2025,TB,25.0,9.0,4,1,541,0.0073937153419593,0.7393715341959299,10.4,1.1555555555555557,172.0,<10%,<50
00-0039521,Xavier Weaver,2025,ARI,25.0,7.0,13,0,617,0.0210696920583468,2.1069692058346803,10.2,1.457142857142857,173.0,<10%,<50
00-0040582,Arian Smith,2025,NYJ,24.0,13.0,16,0,472,0.0338983050847457,3.38983050847457,10.0,0.7692307692307693,174.0,<10%,<50
00-0036133,James Proche,2025,TEN,29.0,6.0,12,0,530,0.0226415094339622,2.26415094339622,9.5,1.5833333333333333,175.0,<10%,<50
00-0038647,Ronnie Bell,2025,NO,25.0,2.0,4,1,565,0.0070796460176991,0.70796460176991,9.3,4.65,176.0,<10%,<50
00-0036620,Dee Eskridge,2025,MIA,28.0,11.0,7,0,462,0.0151515151515151,1.51515151515151,8.2,0.7454545454545454,177.0,<10%,<50
00-0032688,Robbie Chosen,2025,WAS,32.0,3.0,9,0,432,0.0208333333333333,2.08333333333333,7.8,2.6,178.0,<10%,<50
00-0038953,Dylan Drummond,2025,ATL,25.0,6.0,11,0,519,0.0211946050096339,2.11946050096339,7.699999999999999,1.2833333333333332,179.0,<10%,<50
00-0034418,Cedrick Wilson Jr.,2025,MIA,30.0,6.0,9,0,462,0.0194805194805194,1.94805194805194,6.9,1.15,180.0,<10%,<50
00-0034419,Braxton Berrios,2025,HOU,30.0,4.0,8,0,553,0.0144665461121157,1.44665461121157,6.700000000000001,1.6750000000000005,181.0,<10%,<50
00-0038640,Jalen Brooks,2025,ARI/DAL,25.0,5.0,6,0,1224,0.0049019607843137,0.49019607843137,6.6,1.3199999999999998,182.0,<10%,<50
00-0036841,Austin Trammell,2025,JAX,27.0,6.0,10,0,547,0.0182815356489945,1.8281535648994496,6.1,1.0166666666666666,183.0,<10%,<50
00-0038576,Charlie Jones,2025,CIN,27.0,14.0,1,0,608,0.0016447368421052,0.16447368421052,6.0,0.4285714285714285,184.0,<10%,<50
00-0038938,Jalin Hyatt,2025,NYG,24.0,6.0,14,0,503,0.0278330019880715,2.78330019880715,6.0,1.0,185.0,<10%,<50
00-0036176,Mason Kinsey,2025,TEN,27.0,6.0,4,0,530,0.0075471698113207,0.75471698113207,5.800000000000001,0.9666666666666668,186.0,<10%,<50
00-0037093,Dareke Young,2025,SEA,26.0,8.0,3,0,455,0.0065934065934065,0.65934065934065,5.8,0.725,187.0,<10%,<50
00-0035544,Tom Kennedy,2025,DET,29.0,6.0,4,0,550,0.0072727272727272,0.72727272727272,5.6,0.9333333333333332,188.0,<10%,<50
00-0040522,Xavier Restrepo,2025,TEN,23.0,2.0,7,0,530,0.0132075471698113,1.32075471698113,5.6,2.8,189.0,<10%,<50
00-0037487,Deven Thompkins,2025,ATL,26.0,7.0,3,0,519,0.0057803468208092,0.57803468208092,4.699999999999999,0.6714285714285714,190.0,<10%,<50
00-0034854,KhaDarel Hodge,2025,ATL,31.0,8.0,10,0,519,0.0192678227360308,1.92678227360308,4.6,0.575,191.0,<10%,<50
00-0034386,Justin Watson,2025,HOU,29.0,3.0,4,0,553,0.0072332730560578,0.72332730560578,4.5,1.5,192.0,<10%,<50
00-0040154,Tai Felton,2025,MIN,22.0,12.0,3,0,468,0.0064102564102564,0.64102564102564,4.0,0.3333333333333333,193.0,<10%,<50
00-0038519,Nikko Remigio,2025,KC,26.0,14.0,1,0,549,0.0018214936247723,0.18214936247723,3.7,0.2642857142857143,194.0,<10%,<50
00-0034487,Trent Sherfield,2025,ARI/DEN,29.0,4.0,5,0,1201,0.0041631973355537,0.41631973355537,3.6,0.9,195.0,<10%,<50
00-0036331,Devin Duvernay,2025,CHI,28.0,17.0,5,0,532,0.0093984962406015,0.93984962406015,3.6,0.2117647058823529,196.0,<10%,<50
00-0040172,Jordan Watkins,2025,SF,23.0,2.0,3,0,550,0.0054545454545454,0.5454545454545401,3.6,1.7999999999999998,197.0,<10%,<50
00-0040406,Quentin Skinner,2025,NYJ,24.0,1.0,1,0,472,0.0021186440677966,0.21186440677966,3.5,3.5,198.0,<10%,<50
00-0040432,Beaux Collins,2025,NYG,23.0,4.0,6,0,503,0.0119284294234592,1.19284294234592,3.5,0.875,199.0,<10%,<50
00-0037524,Tay Martin,2025,WAS,28.0,2.0,2,0,432,0.0046296296296296,0.4629629629629599,3.3,1.65,200.0,<10%,<50
00-0039884,Tahj Washington,2025,MIA,24.0,2.0,5,0,462,0.0108225108225108,1.08225108225108,3.2,1.6,201.0,<10%,<50
00-0037132,Britain Covey,2025,PHI,28.0,6.0,4,0,464,0.0086206896551724,0.86206896551724,3.0,0.5,202.0,<10%,<50
00-0038728,Jared Wayne,2025,HOU,25.0,1.0,2,0,553,0.0036166365280289,0.36166365280289,3.0,3.0,203.0,<10%,<50
00-0038752,Jake Bobo,2025,SEA,27.0,5.0,2,0,455,0.0043956043956043,0.43956043956043,3.0,0.6,204.0,<10%,<50
00-0039062,Jonathan Mingo,2025,DAL,24.0,5.0,5,0,607,0.0082372322899505,0.82372322899505,3.0,0.6,205.0,<10%,<50
00-0040317,Jacoby Jones,2025,WAS,24.0,1.0,1,0,432,0.0023148148148148,0.2314814814814799,3.0,3.0,206.0,<10%,<50
00-0038573,Derius Davis,2025,LAC,25.0,11.0,3,0,544,0.0055147058823529,0.5514705882352899,2.5,0.2272727272727272,207.0,<10%,<50
00-0040388,Jakobie Keeney-James,2025,GB,25.0,1.0,2,0,460,0.0043478260869565,0.43478260869565,2.5,2.5,208.0,<10%,<50
00-0033589,David Moore,2025,CAR,30.0,3.0,1,0,480,0.0020833333333333,0.2083333333333299,2.2,0.7333333333333334,209.0,<10%,<50
00-0035602,Alex Bachman,2025,LV,29.0,11.0,3,0,494,0.0060728744939271,0.6072874493927101,2.2,0.2,210.0,<10%,<50
00-0036497,Tim Jones,2025,JAX,27.0,2.0,1,0,547,0.0018281535648994,0.18281535648994,2.0,1.0,211.0,<10%,<50
00-0040534,Ke'Shawn Williams,2025,CIN/PIT,24.0,11.0,1,0,1130,0.0008849557522123,0.08849557522123,2.0,0.1818181818181818,212.0,<10%,<50
00-0035876,Andre Baccellia,2025,ARI,28.0,4.0,4,0,617,0.006482982171799,0.6482982171799,1.8,0.45,213.0,<10%,<50
00-0038496,Xavier Gipson,2025,NYJ/PHI,24.0,6.0,2,0,936,0.0021367521367521,0.21367521367521,1.6,0.2666666666666666,214.0,<10%,<50
00-0039816,Anthony Gould,2025,IND,24.0,11.0,2,0,530,0.0037735849056603,0.37735849056603,1.6,0.1454545454545454,215.0,<10%,<50
00-0040646,Jalen Royals,2025,KC,22.0,2.0,3,0,549,0.0054644808743169,0.54644808743169,1.4,0.7,216.0,<10%,<50
00-0039650,Bryce Oliver,2025,TEN,25.0,2.0,1,0,530,0.0018867924528301,0.18867924528301,1.3,0.65,217.0,<10%,<50
00-0037098,Samori Toure,2025,NO,27.0,1.0,3,0,565,0.0053097345132743,0.53097345132743,0.8,0.8,218.0,<10%,<50
00-0034867,Malik Turner,2025,SF,29.0,2.0,1,0,550,0.0018181818181818,0.18181818181818,0.0,0.0,224.0,<10%,<50
00-0034928,Steven Sims,2025,ARI,28.0,3.0,1,0,617,0.0016207455429497,0.16207455429497,0.0,0.0,225.0,<10%,<50
00-0035140,Mecole Hardman,2025,BUF,27.0,2.0,1,0,479,0.0020876826722338,0.20876826722338,0.0,0.0,226.0,<10%,<50
00-0038492,Jason Brownlee,2025,KC,26.0,3.0,1,0,549,0.0018214936247723,0.18214936247723,0.0,0.0,232.0,<10%,<50
00-0040352,Coleman Owen,2025,IND,24.0,2.0,1,0,530,0.0018867924528301,0.18867924528301,0.0,0.0,237.0,<10%,<50
