season,player_id,player_name,position,age,fantasy_points,positional_finish
1999,00-0005092,M.Faulk,RB,26.0,380.3,1.0
1999,00-0007024,M.Harrison,WR,27.0,353.7,1.0
1999,00-0017200,K.Warner,QB,28.0,301.06,1.0
1999,00-0001218,S.Beuerlein,QB,34.0,297.84,2.0
1999,00-0008241,E.James,RB,21.0,369.9,2.0
1999,00-0015218,J.Smith,WR,30.0,315.59999999999997,2.0
1999,00-0005741,R.Gannon,QB,34.0,258.1,3.0
1999,00-0005883,E.George,RB,26.0,293.2,3.0
1999,00-0011754,R.Moss,WR,22.0,300.68,3.0
1999,00-0002721,C.Carter,WR,34.0,292.1,4.0
1999,00-0009829,D.Levens,RB,29.0,281.7,4.0
1999,00-0010346,P.Manning,QB,23.0,254.7,4.0
1999,00-0004052,S.Davis,RB,25.0,276.6,5.0
1999,00-0008442,B.Johnson,QB,31.0,235.3,5.0
1999,00-0013888,M.Robinson,WR,24.0,278.0,5.0
1999,00-0005363,D.Flutie,QB,37.0,216.44,6.0
1999,00-0005779,C.Garner,RB,27.0,264.4,6.0
1999,00-0011795,M.Muhammad,WR,26.0,267.3,6.0
1999,00-0002058,T.Brown,WR,33.0,260.8,7.0
1999,00-0005106,B.Favre,QB,30.0,213.84,7.0
1999,00-0015165,E.Smith,RB,30.0,250.6,7.0
1999,00-0003700,G.Crowell,WR,23.0,260.6,8.0
1999,00-0010442,C.Martin,RB,26.0,247.3,8.0
1999,00-0011024,S.McNair,QB,26.0,200.86,8.0
1999,00-0001361,D.Bledsoe,QB,27.0,197.5,9.0
1999,00-0008561,K.Johnson,WR,27.0,254.6,9.0
1999,00-0017322,R.Watters,RB,30.0,233.7,9.0
1999,00-0002099,I.Bruce,WR,27.0,247.5,10.0
1999,00-0002110,M.Brunell,QB,29.0,191.2,10.0
1999,00-0015523,D.Staley,RB,24.0,225.70000000000002,10.0
1999,00-0004304,C.Dillon,RB,25.0,212.0,11.0
1999,00-0008300,P.Jeffers,WR,26.0,244.8,11.0
1999,00-0009311,J.Kitna,QB,27.0,189.44,11.0
1999,00-0006300,E.Grbac,QB,29.0,188.56,12.0
1999,00-0009288,T.Kirby,RB,29.0,208.08,12.0
1999,00-0017470,M.Westbrook,WR,27.0,241.6,12.0
1999,00-0001335,J.Blake,QB,29.0,186.0,13.0
1999,00-0008060,R.Ismail,WR,30.0,240.7,13.0
1999,00-0015698,J.Stewart,RB,28.0,196.9,13.0
1999,00-0005885,J.George,QB,32.0,174.74,14.0
1999,00-0016550,A.Toomer,WR,25.0,233.7,14.0
1999,00-0017486,T.Wheatley,RB,27.0,194.2,14.0
1999,00-0000104,T.Aikman,QB,33.0,167.56,15.0
1999,00-0005816,O.Gary,RB,24.0,192.79999999999998,15.0
1999,00-0011727,J.Morton,WR,28.0,222.89999999999998,15.0
1999,00-0004916,C.Enis,RB,23.0,192.6,16.0
1999,00-0006423,B.Griese,QB,24.0,165.08,16.0
1999,00-0010539,T.Mathis,WR,32.0,218.6,16.0
1999,00-0004640,W.Dunn,RB,24.0,192.5,17.0
1999,00-0005562,A.Freeman,WR,27.0,217.20000000000002,17.0
1999,00-0005755,J.Garcia,QB,29.0,156.86,17.0
1999,00-0001215,J.Bettis,RB,27.0,185.94,18.0
1999,00-0003378,A.Connell,WR,25.0,216.0,18.0
1999,00-0003535,T.Couch,QB,22.0,154.58,18.0
1999,00-0000745,T.Barber,RB,24.0,170.7,19.0
1999,00-0002876,C.Chandler,QB,34.0,143.26,19.0
1999,00-0010650,E.McCaffrey,WR,31.0,214.8,19.0
1999,00-0000865,C.Batch,QB,25.0,136.98,20.0
1999,00-0013622,E.Rhett,RB,29.0,168.1,20.0
1999,00-0014544,D.Scott,WR,27.0,212.20000000000002,20.0
1999,00-0000232,T.Allen,RB,31.0,162.1,21.0
1999,00-0000722,T.Banks,QB,26.0,134.74,21.0
1999,00-0008560,K.Johnson,WR,23.0,212.0,21.0
1999,00-0004915,B.Engram,WR,26.0,207.79999999999998,22.0
1999,00-0006808,J.Harbaugh,QB,36.0,131.04,22.0
1999,00-0007969,R.Huntley,RB,27.0,153.0,22.0
1999,00-0010137,R.Lucas,QB,27.0,127.52,23.0
1999,00-0014489,B.Schroeder,WR,28.0,207.1,23.0
1999,00-0015286,R.Smith,RB,27.0,152.1,23.0
1999,00-0001224,T.Biakabutuka,RB,25.0,147.7,24.0
1999,00-0008059,Q.Ismail,WR,29.0,206.29999999999998,24.0
1999,00-0015700,K.Stewart,QB,27.0,124.66,24.0
1999,00-0005589,G.Frerotte,QB,28.0,111.98,25.0
1999,00-0007520,L.Hoard,RB,31.0,143.1,25.0
1999,00-0010599,D.Mayes,WR,25.0,204.9,25.0
1999,00-0003292,K.Collins,QB,27.0,108.32,26.0
1999,00-0011770,E.Moulds,WR,26.0,204.5,26.0
1999,00-0017915,R.Williams,RB,22.0,139.6,26.0
1999,00-0006043,T.Glenn,WR,25.0,203.7,27.0
1999,00-0011869,A.Murrell,RB,29.0,133.8,27.0
1999,00-0016534,B.Tolliver,QB,33.0,106.84,27.0
1999,00-0006212,K.Graham,QB,31.0,105.98,28.0
1999,00-0015290,R.Smith,WR,29.0,203.0,28.0
1999,00-0016098,F.Taylor,RB,23.0,127.5,28.0
1999,00-0009038,N.Kaufman,RB,26.0,123.5,29.0
1999,00-0010379,D.Marino,QB,38.0,105.32000000000001,29.0
1999,00-0010477,T.Martin,WR,34.0,200.1,29.0
1999,00-0010668,K.McCardell,WR,29.0,199.1,30.0
1999,00-0013262,S.Pritchett,RB,26.0,120.0,30.0
1999,00-0016538,M.Tomczak,QB,37.0,96.9,30.0
1999,00-0004077,S.Dawkins,WR,28.0,197.2,31.0
1999,00-0008529,J.Johnson,RB,25.0,102.8,31.0
1999,00-0013042,J.Plummer,QB,25.0,94.54,31.0
1999,00-0004293,T.Dilfer,QB,27.0,91.16,32.0
1999,00-0007468,I.Hilliard,WR,23.0,191.2,32.0
1999,00-0017209,C.Warren,RB,31.0,102.7,32.0
1999,00-0010560,S.Matthews,QB,29.0,90.9,33.0
1999,00-0013639,J.Rice,WR,37.0,181.3,33.0
1999,00-0015091,A.Smith,RB,27.0,98.6,33.0
1999,00-0005324,T.Fletcher,RB,26.0,93.60000000000001,34.0
1999,00-0007835,D.Huard,QB,26.0,84.92,34.0
1999,00-0014328,F.Sanders,WR,26.0,176.4,34.0
1999,00-0009163,E.Kennison,WR,26.0,172.5,35.0
1999,00-0009599,F.Lane,RB,24.0,90.8,35.0
1999,00-0011044,C.McNown,QB,22.0,82.6,35.0
1999,00-0011399,B.Mitchell,RB,31.0,89.5,36.0
1999,00-0012261,N.O'Donnell,QB,33.0,81.38,36.0
1999,00-0017162,H.Ward,WR,23.0,168.6,36.0
1999,00-0006210,J.Graham,WR,30.0,165.8,37.0
1999,00-0007436,G.Hill,RB,27.0,84.9,37.0
1999,00-0011022,D.McNabb,QB,23.0,79.62,37.0
1999,00-0003761,R.Cunningham,QB,36.0,74.8,38.0
1999,00-0008046,S.Irvin,RB,21.0,83.6,38.0
1999,00-0012953,C.Pickens,WR,29.0,164.94,38.0
1999,00-0005668,O.Gadsden,WR,28.0,164.3,39.0
1999,00-0011276,J.Miller,QB,28.0,64.58,39.0
1999,00-0012480,K.Oxendine,RB,24.0,83.4,39.0
1999,00-0000145,D.Alexander,WR,28.0,163.4,40.0
1999,00-0000871,M.Bates,RB,26.0,82.6,40.0
1999,00-0002787,S.Case,QB,27.0,63.620000000000005,40.0
1999,00-0000003,A.al-Jabbar,RB,25.0,81.89999999999999,41.0
1999,00-0004780,T.Edwards,WR,22.0,162.4,41.0
1999,00-0007530,B.Hobert,QB,28.0,59.5,41.0
1999,00-0002459,K.Bynum,RB,25.0,81.60000000000001,42.0
1999,00-0011378,R.Mirer,QB,29.0,57.38,42.0
1999,00-0013097,K.Poole,WR,25.0,159.0,42.0
1999,00-0007661,P.Holmes,RB,26.0,78.5,43.0
1999,00-0009266,S.King,QB,22.0,52.8,43.0
1999,00-0012478,T.Owens,WR,26.0,157.4,43.0
1999,00-0004673,T.Dwight,WR,24.0,155.7,44.0
1999,00-0012726,D.Pederson,QB,31.0,52.34,44.0
1999,00-0013013,M.Pittman,RB,24.0,75.53999999999999,44.0
1999,00-0006331,J.Green,WR,23.0,153.9,45.0
1999,00-0013785,R.Rivers,RB,28.0,74.8,45.0
1999,00-0015082,A.Smith,QB,24.0,47.199999999999996,45.0
1999,00-0004230,T.Detmer,QB,32.0,43.72,46.0
1999,00-0007681,T.Holt,WR,23.0,152.7,46.0
1999,00-0017218,L.Warren,RB,26.0,73.2,46.0
1999,00-0004161,J.Delhomme,QB,24.0,40.04,47.0
1999,00-0006627,A.Hakim,WR,22.0,150.79999999999998,47.0
1999,00-0011081,N.Means,RB,27.0,71.8,47.0
1999,00-0001907,D.Brown,QB,29.0,36.66,48.0
1999,00-0004972,C.Evans,RB,32.0,69.4,48.0
1999,00-0008313,S.Jefferson,WR,30.0,145.8,48.0
1999,00-0004694,K.Dyson,WR,24.0,144.1,49.0
1999,00-0005180,J.Fiedler,QB,28.0,34.84,49.0
1999,00-0011675,B.Morris,RB,27.0,68.1,49.0
1999,00-0000856,M.Basnight,RB,22.0,64.0,50.0
1999,00-0009007,D.Kanell,QB,26.0,31.72,50.0
1999,00-0015063,T.Small,WR,29.0,138.5,50.0
1999,00-0006456,H.Griffith,RB,32.0,63.8,51.0
1999,00-0011244,C.Miller,QB,34.0,31.08,51.0
1999,00-0017697,T.Wilkins,WR,24.0,132.7,51.0
1999,00-0007744,J.Horn,WR,27.0,131.1,52.0
1999,00-0008612,R.Johnson,QB,26.0,26.02,52.0
1999,00-0010747,F.McCrary,RB,27.0,63.1,52.0
1999,00-0001627,C.Bradford,WR,24.0,130.7,53.0
1999,00-0006803,B.Hanspard,RB,23.0,61.6,53.0
1999,00-0018441,S.Young,QB,38.0,25.54,53.0
1999,00-0002962,W.Chrebet,WR,26.0,129.1,54.0
1999,00-0006299,T.Graziani,QB,26.0,25.46,54.0
1999,00-0015242,L.Smith,RB,29.0,61.6,54.0
1999,00-0003271,C.Collins,RB,23.0,60.6,55.0
1999,00-0005794,J.Garrett,QB,33.0,23.76,55.0
1999,00-0011601,R.Moore,WR,31.0,129.1,55.0
1999,00-0009451,E.Kramer,QB,35.0,17.62,56.0
1999,00-0014759,R.Shehee,RB,24.0,59.4,56.0
1999,00-0016214,Y.Thigpen,WR,30.0,124.8,56.0
1999,00-0005379,G.Foley,QB,29.0,17.22,57.0
1999,00-0013512,J.Reed,WR,32.0,120.3,57.0
1999,00-0015655,T.Stephens,RB,23.0,59.4,57.0
1999,00-0002942,D.Chiaverini,WR,22.0,116.7,58.0
1999,00-0007389,S.Hicks,RB,25.0,58.9,58.0
1999,00-0015627,S.Stenstrom,QB,28.0,16.84,58.0
1999,00-0004229,K.Detmer,QB,26.0,15.04,59.0
1999,00-0012931,L.Phillips,RB,24.0,56.6,59.0
1999,00-0013499,A.Reed,WR,35.0,111.6,59.0
1999,00-0003396,C.Conway,WR,28.0,108.4,60.0
1999,00-0003663,Z.Crockett,RB,27.0,52.7,60.0
1999,00-0018333,D.Wuerffel,QB,25.0,10.540000000000001,60.0
1999,00-0005091,K.Faulk,RB,23.0,52.5,61.0
1999,00-0008400,J.Jett,WR,29.0,108.2,61.0
1999,00-0012732,R.Peete,QB,33.0,10.180000000000001,61.0
1999,00-0010824,O.McDuffie,WR,30.0,104.6,62.0
1999,00-0011506,J.Montgomery,RB,23.0,50.8,62.0
1999,00-0018483,E.Zeier,QB,27.0,7.5,62.0
1999,00-0000422,J.Armour,WR,26.0,103.2,63.0
1999,00-0007091,M.Hasselbeck,QB,24.0,7.14,63.0
1999,00-0008570,L.Johnson,RB,28.0,48.9,63.0
1999,00-0005110,J.Fazande,RB,24.0,44.5,64.0
1999,00-0007093,A.Hastings,WR,28.0,102.8,64.0
1999,00-0016193,V.Testaverde,QB,36.0,5.84,64.0
1999,00-0001532,D.Boston,WR,21.0,99.3,65.0
1999,00-0008970,P.Justin,QB,31.0,3.54,65.0
1999,00-0010107,D.Loville,RB,31.0,42.3,65.0
1999,00-0005902,J.Germaine,QB,24.0,3.44,66.0
1999,00-0008598,P.Johnson,WR,23.0,98.8,66.0
1999,00-0012603,B.Parmalee,RB,32.0,39.6,66.0
1999,00-0011640,M.Moreno,QB,24.0,3.12,67.0
1999,00-0015751,J.Stokes,WR,27.0,96.9,67.0
1999,00-0016321,R.Thomas,RB,26.0,38.599999999999994,67.0
1999,00-0002068,T.Brown,WR,28.0,89.1,68.0
1999,00-0004054,T.Davis,RB,27.0,36.7,68.0
1999,00-0011524,W.Moon,QB,43.0,0.8,68.0
1999,00-0000721,T.Banks,RB,25.0,35.9,69.0
1999,00-0003739,D.Culpepper,QB,22.0,0.6,69.0
1999,00-0010007,K.Lockett,WR,25.0,88.6,69.0
1999,00-0009868,J.Lewis,QB,26.0,0.54,70.0
1999,00-0012556,D.Parker,RB,23.0,35.9,70.0
1999,00-0013232,P.Price,WR,23.0,87.6,70.0
1999,00-0002713,T.Carter,RB,27.0,33.4,71.0
1999,00-0003557,S.Covington,QB,23.0,0.52,71.0
1999,00-0014729,B.Shaw,WR,26.0,84.7,71.0
1999,00-0000210,J.Allen,RB,24.0,30.0,72.0
1999,00-0008210,W.Jackson,WR,28.0,81.89999999999999,72.0
1999,00-0016838,A.Van Pelt,QB,29.0,0.26,72.0
1999,00-0006410,C.Greisen,QB,23.0,0.16,73.0
1999,00-0008454,C.Johnson,WR,27.0,81.39999999999999,73.0
1999,00-0008921,R.Jordan,RB,29.0,29.4,73.0
1999,00-0007832,B.Hoying,QB,27.0,0.10000000000000003,74.0
1999,00-0008430,A.Johnson,RB,32.0,28.5,74.0
1999,00-0016654,J.Tucker,WR,23.0,79.7,74.0
1999,00-0006100,P.Gonzalez,QB,25.0,0.02,75.0
1999,00-0011392,B.Mitchell,RB,24.0,28.5,75.0
1999,00-0013258,M.Pritchard,WR,30.0,75.5,75.0
1999,00-0001471,S.Bono,QB,37.0,-0.2,76.0
1999,00-0016331,T.Thomas,RB,33.0,27.9,76.0
1999,00-0017160,D.Ward,WR,25.0,72.4,76.0
1999,00-0001103,E.Bennett,RB,30.0,26.4,77.0
1999,00-0005600,J.Friesz,QB,32.0,-0.2,77.0
1999,00-0017860,K.Williams,WR,28.0,70.4,77.0
1999,00-0001112,S.Bennett,RB,22.0,25.3,78.0
1999,00-0009869,J.Lewis,WR,25.0,66.2,78.0
1999,00-0018518,S.Zolak,QB,32.0,-0.2,78.0
1999,00-0000387,R.Anthony,WR,23.0,65.8,79.0
1999,00-0012832,W.Perry,RB,24.0,24.6,79.0
1999,00-0017415,C.Weldon,QB,30.0,-0.4,79.0
1999,00-0001785,B.Brister,QB,37.0,-0.82,80.0
1999,00-0013268,R.Proehl,WR,31.0,63.5,80.0
1999,00-0017896,N.Luchey,RB,22.0,22.6,80.0
1999,00-0005616,I.Fryar,WR,37.0,63.400000000000006,81.0
1999,00-0011434,S.Mitchell,QB,31.0,-1.98,81.0
1999,00-0012368,W.Oliver,RB,26.0,22.599999999999998,81.0
1999,00-0000279,K.Anders,RB,33.0,21.5,82.0
1999,00-0011328,E.Mills,WR,31.0,62.4,82.0
1999,00-0017121,S.Walsh,QB,33.0,-2.12,82.0
1999,00-0005720,J.Galloway,WR,28.0,61.400000000000006,83.0
1999,00-0017892,M.Williams,RB,25.0,21.1,83.0
1999,00-0001477,M.Booker,WR,23.0,59.7,84.0
1999,00-0001938,G.Brown,RB,30.0,19.9,84.0
1999,00-0001233,E.Bieniemy,RB,30.0,18.3,85.0
1999,00-0014319,C.Sanders,WR,27.0,59.6,85.0
1999,00-0002544,C.Calloway,WR,31.0,59.4,86.0
1999,00-0003136,M.Cloud,RB,24.0,18.3,86.0
1999,00-0004200,A.Denson,RB,23.0,16.6,87.0
1999,00-0014918,T.Simmons,WR,25.0,58.6,87.0
1999,00-0007120,C.Hawkins,WR,30.0,58.5,88.0
1999,00-0007546,J.Hodgins,RB,22.0,16.5,88.0
1999,00-0004060,T.Davis,RB,24.0,15.5,89.0
1999,00-0008962,J.Jurevicius,WR,25.0,53.8,89.0
1999,00-0005903,J.German,WR,25.0,51.900000000000006,90.0
1999,00-0017303,J.Watson,RB,24.0,15.4,90.0
1999,00-0004888,B.Emanuel,WR,29.0,51.8,91.0
1999,00-0010436,C.Martin,RB,24.0,13.5,91.0
1999,00-0002743,K.Carter,RB,26.0,12.899999999999999,92.0
1999,00-0011213,G.Milburn,WR,28.0,51.3,92.0
1999,00-0008391,T.Jervey,RB,27.0,12.1,93.0
1999,00-0014790,L.Shepherd,WR,30.0,50.9,93.0
1999,00-0002469,I.Byrd,WR,25.0,50.1,94.0
1999,00-0006305,A.Green,RB,22.0,12.0,94.0
1999,00-0003344,G.Comella,RB,24.0,11.899999999999999,95.0
1999,00-0007144,D.Hayes,WR,24.0,50.0,95.0
1999,00-0006322,E.Green,WR,24.0,49.699999999999996,96.0
1999,00-0014742,S.Shaw,RB,26.0,11.6,96.0
1999,00-0009738,A.Lee,RB,28.0,11.5,97.0
1999,00-0011568,H.Moore,WR,30.0,47.699999999999996,97.0
1999,00-0000316,J.Anderson,RB,27.0,11.3,98.0
1999,00-0012764,C.Penn,WR,28.0,46.7,98.0
1999,00-0004871,J.Ellison,RB,28.0,10.0,99.0
1999,00-0008044,M.Irvin,WR,33.0,44.699999999999996,99.0
1999,00-0001783,V.Brisby,WR,28.0,44.6,100.0
1999,00-0008196,T.Jackson,RB,23.0,9.1,100.0
1999,00-0000541,J.Avery,RB,23.0,8.5,101.0
1999,00-0011187,T.Mickens,WR,28.0,44.1,101.0
1999,00-0002005,N.Brown,WR,22.0,42.8,102.0
1999,00-0010994,K.McLeod,RB,25.0,8.5,102.0
1999,00-0013770,A.Rison,WR,32.0,42.8,103.0
1999,00-0018501,A.Zereoue,RB,23.0,8.5,103.0
1999,00-0004079,L.Dawsey,WR,32.0,41.6,104.0
1999,00-0004824,K.Elias,RB,27.0,8.4,104.0
1999,00-0006359,Y.Green,WR,26.0,41.4,105.0
1999,00-0012515,D.Palmer,RB,27.0,7.7,105.0
1999,00-0000765,R.Barlow,WR,26.0,40.199999999999996,106.0
1999,00-0014809,P.Shields,RB,23.0,7.699999999999999,106.0
1999,00-0007795,C.Howard,RB,24.0,7.3,107.0
1999,00-0008329,D.Jells,WR,27.0,40.0,107.0
1999,00-0007103,M.Hatchette,WR,25.0,39.0,108.0
1999,00-0015152,D.Smith,RB,25.0,7.0,108.0
1999,00-0001317,W.Blackwell,WR,24.0,38.6,109.0
1999,00-0012370,B.Olivo,RB,23.0,6.5,109.0
1999,00-0011333,J.Mills,RB,30.0,6.0,110.0
1999,00-0017847,K.Williams,WR,28.0,38.6,110.0
1999,00-0002701,R.Carruth,WR,25.0,34.4,111.0
1999,00-0013958,C.Rogers,RB,23.0,6.0,111.0
1999,00-0012946,D.Philyaw,RB,29.0,5.9,112.0
1999,00-0015507,B.Stablein,WR,29.0,30.9,112.0
1999,00-0001525,J.Bostic,RB,27.0,5.7,113.0
1999,00-0001842,M.Brooks,WR,24.0,30.7,113.0
1999,00-0002873,R.Chancey,RB,27.0,5.7,114.0
1999,00-0012637,J.Pathon,WR,24.0,30.3,114.0
1999,00-0011341,B.Milne,RB,26.0,5.0,115.0
1999,00-0012321,J.Ogden,WR,24.0,26.4,115.0
1999,00-0000007,R.Abdullah,RB,24.0,4.3,116.0
1999,00-0011151,E.Metcalf,WR,31.0,26.3,116.0
1999,00-0010240,S.Mack,RB,24.0,4.0,117.0
1999,00-0010796,D.McDonald,WR,23.0,24.6,117.0
1999,00-0006155,L.Gordon,RB,21.0,3.8,118.0
1999,00-0006994,R.Harris,WR,29.0,24.4,118.0
1999,00-0008704,C.Jones,WR,27.0,24.2,119.0
1999,00-0017829,J.Williams,RB,27.0,3.0,119.0
1999,00-0006431,D.Griffin,WR,23.0,23.2,120.0
1999,00-0009819,T.Lester,RB,31.0,2.9000000000000004,120.0
1999,00-0012642,D.Patten,WR,25.0,23.2,121.0
1999,00-0017301,E.Watson,RB,23.0,1.7000000000000002,121.0
1999,00-0008751,G.Jones,RB,26.0,1.4999999999999998,122.0
1999,00-0010500,D.Mason,WR,25.0,22.900000000000002,122.0
1999,00-0002380,S.Bush,RB,25.0,1.4,123.0
1999,00-0004463,D.Douglas,WR,23.0,21.9,123.0
1999,00-0006380,S.Greene,RB,27.0,1.4,124.0
1999,00-0015723,B.Still,WR,25.0,21.0,124.0
1999,00-0000627,E.Baker,WR,23.0,18.8,125.0
1999,00-0008660,D.Johnston,RB,33.0,1.4,125.0
1999,00-0003441,A.Cooper,WR,24.0,18.799999999999997,126.0
1999,00-0010951,D.McKinley,RB,23.0,1.4,126.0
1999,00-0000552,O.Ayanbadejo,RB,24.0,1.2,127.0
1999,00-0000969,B.Bech,WR,28.0,18.5,127.0
1999,00-0003944,B.Davis,WR,27.0,18.1,128.0
1999,00-0005620,C.Fuamatu-Ma'afala,RB,22.0,0.4,128.0
1999,00-0003175,M.Cody,WR,27.0,18.0,129.0
1999,00-0008568,L.Johnson,RB,25.0,0.2,129.0
1999,00-0010194,A.Lynn,RB,31.0,0.2,130.0
1999,00-0016440,J.Thrash,WR,24.0,17.1,130.0
1999,00-0001719,C.Brazzell,WR,23.0,16.4,131.0
1999,00-0014256,R.Salaam,RB,25.0,0.2,131.0
1999,00-0001582,F.Bownes,WR,27.0,15.4,132.0
1999,00-0013173,M.Powell,RB,23.0,0.1,132.0
1999,00-0001573,L.Bowie,RB,26.0,0.0,133.0
1999,00-0018382,C.Yeast,WR,23.0,15.4,133.0
1999,00-0000872,M.Bates,WR,30.0,14.4,134.0
1999,00-0005071,R.Farmer,RB,25.0,0.0,134.0
1999,00-0004705,Q.Early,WR,34.0,14.3,135.0
1999,00-0005891,S.George,RB,26.0,0.0,135.0
1999,00-0007447,M.Hill,RB,23.0,0.0,136.0
1999,00-0010843,W.McGarity,WR,23.0,14.0,136.0
1999,00-0006977,M.Harris,WR,29.0,12.6,137.0
1999,00-0007647,D.Holmes,RB,28.0,0.0,137.0
1999,00-0008488,D.Johnson,RB,26.0,0.0,138.0
1999,00-0010092,K.Loud,WR,23.0,12.6,138.0
1999,00-0004541,D.Driver,WR,24.0,12.1,139.0
1999,00-0013498,T.Reece,RB,24.0,0.0,139.0
1999,00-0007749,T.Horne,WR,23.0,12.0,140.0
1999,00-0015362,M.Snider,RB,23.0,0.0,140.0
1999,00-0016837,T.Vanover,WR,25.0,12.0,141.0
1999,00-0017110,C.Walsh,WR,31.0,10.4,142.0
1999,00-0008907,C.Jordan,WR,30.0,9.0,143.0
1999,00-0000172,B.Alford,WR,24.0,7.7,144.0
1999,00-0010762,A.McCullough,WR,24.0,7.5,145.0
1999,00-0009165,J.Kent,WR,25.0,7.2,146.0
1999,00-0017611,A.Whitted,WR,25.0,6.9,147.0
1999,00-0011854,Y.Murphy,WR,26.0,6.8,148.0
1999,00-0010892,T.McGriff,WR,23.0,6.699999999999999,149.0
1999,00-0007798,D.Howard,WR,29.0,6.0,150.0
1999,00-0014753,K.Shedd,WR,28.0,6.0,151.0
1999,00-0004071,Z.Davis,WR,24.0,5.8,152.0
1999,00-0004386,C.Doering,WR,26.0,5.2,153.0
1999,00-0015811,T.Streets,WR,22.0,4.5,154.0
1999,00-0008575,M.Johnson,WR,22.0,4.3,155.0
1999,00-0005231,B.Finneran,WR,23.0,4.1,156.0
1999,00-0013176,R.Powell,WR,25.0,4.1,157.0
1999,00-0000869,D.Bates,WR,24.0,3.9000000000000004,158.0
1999,00-0008229,N.Jacquet,WR,24.0,3.1999999999999997,159.0
1999,00-0015759,D.Stone,WR,35.0,2.7,160.0
1999,00-0015331,T.Smith,WR,22.0,2.4,161.0
1999,00-0008763,I.Jones,WR,24.0,1.8,162.0
1999,00-0010942,K.McKenzie,WR,24.0,1.8,163.0
1999,00-0016232,C.Thomas,WR,28.0,1.6,164.0
1999,00-0007924,J.Hundon,WR,28.0,1.5,165.0
1999,00-0016811,I.Uwaezuoke,WR,26.0,1.5,166.0
1999,00-0004634,D.Dunn,WR,27.0,1.4,167.0
1999,00-0005932,D.Gibson,WR,24.0,0.0,168.0
1999,00-0006877,A.Harper,WR,31.0,0.0,169.0
1999,00-0008156,L.Jackson,WR,22.0,0.0,170.0
1999,00-0010786,J.McDaniel,WR,23.0,0.0,171.0
1999,00-0011641,S.Morey,WR,23.0,0.0,172.0
1999,00-0011932,M.Nash,WR,23.0,0.0,173.0
1999,00-0012569,L.Parker,WR,23.0,0.0,174.0
1999,00-0013214,R.Preston,WR,27.0,0.0,175.0
1999,00-0015754,B.Stokley,WR,23.0,0.0,176.0
1999,00-0016821,A.Van Dyke,WR,25.0,0.0,177.0
1999,00-0017922,R.Williams,WR,26.0,0.0,178.0
1999,00-0018056,R.Wilson,WR,25.0,0.0,179.0
1999,00-0013523,R.Reed,WR,24.0,-0.9,180.0
2000,00-0005092,M.Faulk,RB,27.0,459.9,1.0
2000,00-0005755,J.Garcia,QB,30.0,340.52,1.0
2000,00-0007024,M.Harrison,WR,28.0,325.3,1.0
2000,00-0003739,D.Culpepper,QB,23.0,338.48,2.0
2000,00-0008241,E.James,RB,22.0,393.3,2.0
2000,00-0015290,R.Smith,WR,30.0,322.1,2.0
2000,00-0005741,R.Gannon,QB,35.0,296.1,3.0
2000,00-0005883,E.George,RB,27.0,336.2,3.0
2000,00-0012478,T.Owens,WR,27.0,319.2,3.0
2000,00-0006305,A.Green,RB,23.0,316.4,4.0
2000,00-0010346,P.Manning,QB,24.0,294.12,4.0
2000,00-0011754,R.Moss,WR,23.0,313.2,4.0
2000,00-0010442,C.Martin,RB,27.0,307.92,5.0
2000,00-0010650,E.McCaffrey,WR,32.0,288.7,5.0
2000,00-0011022,D.McNabb,QB,24.0,289.0,5.0
2000,00-0002099,I.Bruce,WR,28.0,287.2,6.0
2000,00-0005779,C.Garner,RB,28.0,300.9,6.0
2000,00-0006300,E.Grbac,QB,30.0,234.56,6.0
2000,00-0002110,M.Brunell,QB,30.0,229.2,7.0
2000,00-0007681,T.Holt,WR,24.0,278.2,7.0
2000,00-0017322,R.Watters,RB,31.0,298.5,7.0
2000,00-0000745,T.Barber,RB,25.0,290.5,8.0
2000,00-0007744,J.Horn,WR,28.0,277.0,8.0
2000,00-0009266,S.King,QB,23.0,222.06,8.0
2000,00-0002721,C.Carter,WR,35.0,275.4,9.0
2000,00-0003292,K.Collins,QB,28.0,214.9,9.0
2000,00-0015286,R.Smith,RB,28.0,280.9,9.0
2000,00-0000145,D.Alexander,WR,29.0,272.8,10.0
2000,00-0005106,B.Favre,QB,31.0,205.28,10.0
2000,00-0016098,F.Taylor,RB,24.0,279.9,10.0
2000,00-0001361,D.Bledsoe,QB,28.0,193.44,11.0
2000,00-0015218,J.Smith,WR,31.0,260.3,11.0
2000,00-0019594,M.Anderson,RB,27.0,275.9,11.0
2000,00-0001218,S.Beuerlein,QB,35.0,191.8,12.0
2000,00-0004052,S.Davis,RB,26.0,254.1,12.0
2000,00-0011795,M.Muhammad,WR,27.0,257.5,12.0
2000,00-0002058,T.Brown,WR,34.0,256.0,13.0
2000,00-0004640,W.Dunn,RB,25.0,251.5,13.0
2000,00-0006423,B.Griese,QB,25.0,187.72,13.0
2000,00-0011770,E.Moulds,WR,27.0,249.9,14.0
2000,00-0015698,J.Stewart,RB,29.0,247.1,14.0
2000,00-0017200,K.Warner,QB,29.0,186.86,14.0
2000,00-0015242,L.Smith,RB,30.0,245.9,15.0
2000,00-0016193,V.Testaverde,QB,37.0,182.48,15.0
2000,00-0016550,A.Toomer,WR,26.0,242.5,15.0
2000,00-0010668,K.McCardell,WR,30.0,238.7,16.0
2000,00-0015700,K.Stewart,QB,28.0,182.0,16.0
2000,00-0017915,R.Williams,RB,23.0,234.26,16.0
2000,00-0001532,D.Boston,WR,22.0,227.5,17.0
2000,00-0011024,S.McNair,QB,27.0,176.18,17.0
2000,00-0013013,M.Pittman,RB,25.0,232.8,17.0
2000,00-0000865,C.Batch,QB,26.0,147.46,18.0
2000,00-0006043,T.Glenn,WR,26.0,215.2,18.0
2000,00-0019693,J.Lewis,RB,21.0,227.0,18.0
2000,00-0002962,W.Chrebet,WR,27.0,210.4,19.0
2000,00-0004304,C.Dillon,RB,26.0,213.3,19.0
2000,00-0006355,T.Green,QB,30.0,145.42000000000002,19.0
2000,00-0000316,J.Anderson,RB,28.0,212.6,20.0
2000,00-0002068,T.Brown,WR,29.0,210.0,20.0
2000,00-0009311,J.Kitna,QB,28.0,145.02,20.0
2000,00-0001215,J.Bettis,RB,28.0,202.8,21.0
2000,00-0005180,J.Fiedler,QB,29.0,142.2,21.0
2000,00-0005562,A.Freeman,WR,28.0,205.7,21.0
2000,00-0008561,K.Johnson,WR,28.0,202.9,22.0
2000,00-0008612,R.Johnson,QB,27.0,140.58,22.0
2000,00-0017486,T.Wheatley,RB,28.0,194.2,22.0
2000,00-0000210,J.Allen,RB,25.0,190.1,23.0
2000,00-0001335,J.Blake,QB,30.0,139.3,23.0
2000,00-0013639,J.Rice,WR,38.0,193.3,23.0
2000,00-0010500,D.Mason,WR,26.0,188.6,24.0
2000,00-0013042,J.Plummer,QB,26.0,138.14000000000001,24.0
2000,00-0015165,E.Smith,RB,31.0,183.2,24.0
2000,00-0005091,K.Faulk,RB,24.0,178.5,25.0
2000,00-0011044,C.McNown,QB,23.0,124.44,25.0
2000,00-0014489,B.Schroeder,WR,29.0,188.0,25.0
2000,00-0007468,I.Hilliard,WR,24.0,183.6,26.0
2000,00-0008442,B.Johnson,QB,32.0,120.0,26.0
2000,00-0019609,T.Prentice,RB,24.0,153.3,26.0
2000,00-0001224,T.Biakabutuka,RB,26.0,148.8,27.0
2000,00-0005363,D.Flutie,QB,38.0,112.34,27.0
2000,00-0007144,D.Hayes,WR,25.0,174.6,27.0
2000,00-0001823,A.Brooks,QB,24.0,111.56,28.0
2000,00-0005324,T.Fletcher,RB,27.0,127.9,28.0
2000,00-0006210,J.Graham,WR,31.0,169.7,28.0
2000,00-0002159,S.Bryson,RB,24.0,127.6,29.0
2000,00-0002876,C.Chandler,QB,35.0,110.03999999999999,29.0
2000,00-0019455,P.Warrick,WR,23.0,167.0,29.0
2000,00-0004077,S.Dawkins,WR,29.0,166.1,30.0
2000,00-0005589,G.Frerotte,QB,29.0,97.44,30.0
2000,00-0019484,S.Morris,RB,23.0,123.6,30.0
2000,00-0004293,T.Dilfer,QB,28.0,90.47999999999999,31.0
2000,00-0007661,P.Holmes,RB,27.0,122.9,31.0
2000,00-0014328,F.Sanders,WR,27.0,164.9,31.0
2000,00-0000722,T.Banks,QB,27.0,86.82000000000001,32.0
2000,00-0005668,O.Gadsden,WR,29.0,164.3,32.0
2000,00-0019643,R.Dayne,RB,22.0,109.1,32.0
2000,00-0008454,C.Johnson,WR,28.0,164.0,33.0
2000,00-0008921,R.Jordan,RB,30.0,108.2,33.0
2000,00-0009715,R.Leaf,QB,24.0,78.24000000000001,33.0
2000,00-0000534,D.Autry,RB,24.0,106.9,34.0
2000,00-0005885,J.George,QB,33.0,73.96000000000001,34.0
2000,00-0011727,J.Morton,WR,29.0,160.3,34.0
2000,00-0003535,T.Couch,QB,23.0,73.82,35.0
2000,00-0013888,M.Robinson,WR,25.0,157.7,35.0
2000,00-0017209,C.Warren,RB,32.0,105.89999999999999,35.0
2000,00-0006808,J.Harbaugh,QB,37.0,67.04,36.0
2000,00-0019641,T.Jones,RB,22.0,96.1,36.0
2000,00-0019663,D.Jackson,WR,22.0,156.2,36.0
2000,00-0003761,R.Cunningham,QB,37.0,64.86,37.0
2000,00-0010974,J.McKnight,WR,28.0,154.6,37.0
2000,00-0019722,J.Redmond,RB,23.0,91.2,37.0
2000,00-0000104,T.Aikman,QB,34.0,64.58,38.0
2000,00-0001098,B.Bennett,RB,27.0,84.2,38.0
2000,00-0017160,D.Ward,WR,26.0,154.4,38.0
2000,00-0006627,A.Hakim,WR,23.0,154.3,39.0
2000,00-0015082,A.Smith,QB,25.0,56.019999999999996,39.0
2000,00-0015523,D.Staley,RB,25.0,81.5,39.0
2000,00-0008313,S.Jefferson,WR,31.0,154.29999999999998,40.0
2000,00-0009038,N.Kaufman,RB,27.0,79.6,40.0
2000,00-0011434,S.Mitchell,QB,32.0,42.739999999999995,40.0
2000,00-0003396,C.Conway,WR,29.0,153.5,41.0
2000,00-0005110,J.Fazande,RB,25.0,73.2,41.0
2000,00-0012726,D.Pederson,QB,32.0,40.68,41.0
2000,00-0010539,T.Mathis,WR,33.0,152.4,42.0
2000,00-0010560,S.Matthews,QB,30.0,40.06,42.0
2000,00-0011399,B.Mitchell,RB,32.0,71.44,42.0
2000,00-0003663,Z.Crockett,RB,28.0,71.2,43.0
2000,00-0006212,K.Graham,QB,32.0,35.82,43.0
2000,00-0008059,Q.Ismail,WR,30.0,144.5,43.0
2000,00-0002787,S.Case,QB,28.0,33.81999999999999,44.0
2000,00-0009829,D.Levens,RB,30.0,71.0,44.0
2000,00-0017162,H.Ward,WR,24.0,144.5,44.0
2000,00-0007834,B.Huard,QB,24.0,32.5,45.0
2000,00-0013262,S.Pritchett,RB,27.0,70.8,45.0
2000,00-0013770,A.Rison,WR,33.0,137.6,45.0
2000,00-0003344,G.Comella,RB,25.0,65.9,46.0
2000,00-0006331,J.Green,WR,24.0,135.6,46.0
2000,00-0012261,N.O'Donnell,QB,34.0,23.0,46.0
2000,00-0000279,K.Anders,RB,34.0,65.7,47.0
2000,00-0009007,D.Kanell,QB,27.0,18.96,47.0
2000,00-0016440,J.Thrash,WR,25.0,135.5,47.0
2000,00-0011276,J.Miller,QB,29.0,17.78,48.0
2000,00-0013232,P.Price,WR,24.0,135.3,48.0
2000,00-0019590,C.Morton,RB,23.0,64.9,48.0
2000,00-0003378,A.Connell,WR,26.0,133.20000000000002,49.0
2000,00-0010455,J.Martin,QB,30.0,17.68,49.0
2000,00-0017303,J.Watson,RB,25.0,64.5,49.0
2000,00-0001907,D.Brown,QB,30.0,16.68,50.0
2000,00-0012637,J.Pathon,WR,25.0,132.9,50.0
2000,00-0015091,A.Smith,RB,28.0,62.400000000000006,50.0
2000,00-0009163,E.Kennison,WR,27.0,129.1,51.0
2000,00-0010436,C.Martin,RB,25.0,58.6,51.0
2000,00-0019087,D.Johnson,QB,23.0,13.34,51.0
2000,00-0005616,I.Fryar,WR,38.0,127.4,52.0
2000,00-0007969,R.Huntley,RB,28.0,58.599999999999994,52.0
2000,00-0011378,R.Mirer,QB,30.0,11.04,52.0
2000,00-0000552,O.Ayanbadejo,RB,25.0,55.5,53.0
2000,00-0007835,D.Huard,QB,27.0,10.719999999999999,53.0
2000,00-0014729,B.Shaw,WR,27.0,127.2,53.0
2000,00-0000871,M.Bates,RB,27.0,50.6,54.0
2000,00-0008210,W.Jackson,WR,29.0,123.3,54.0
2000,00-0011524,W.Moon,QB,44.0,10.52,54.0
2000,00-0007091,M.Hasselbeck,QB,25.0,7.659999999999999,55.0
2000,00-0008560,K.Johnson,WR,24.0,122.82,55.0
2000,00-0019647,S.Alexander,RB,23.0,48.4,55.0
2000,00-0010786,J.McDaniel,WR,24.0,116.9,56.0
2000,00-0013622,E.Rhett,RB,30.0,47.6,56.0
2000,00-0019559,C.Pennington,QB,24.0,6.68,56.0
2000,00-0008430,A.Johnson,RB,33.0,44.5,57.0
2000,00-0009868,J.Lewis,QB,27.0,6.4,57.0
2000,00-0017697,T.Wilkins,WR,25.0,116.7,57.0
2000,00-0005620,C.Fuamatu-Ma'afala,RB,23.0,42.6,58.0
2000,00-0015063,T.Small,WR,30.0,115.0,58.0
2000,00-0019442,C.Stoerner,QB,23.0,6.12,58.0
2000,00-0001272,M.Bishop,QB,24.0,5.1000000000000005,59.0
2000,00-0001477,M.Booker,WR,24.0,105.9,59.0
2000,00-0004054,T.Davis,RB,28.0,42.599999999999994,59.0
2000,00-0006410,C.Greisen,QB,24.0,4.7,60.0
2000,00-0010747,F.McCrary,RB,28.0,40.0,60.0
2000,00-0015751,J.Stokes,WR,28.0,103.0,60.0
2000,00-0001785,B.Brister,QB,38.0,3.28,61.0
2000,00-0008529,J.Johnson,RB,26.0,38.9,61.0
2000,00-0011568,H.Moore,WR,31.0,101.4,61.0
2000,00-0006456,H.Griffith,RB,33.0,38.5,62.0
2000,00-0013268,R.Proehl,WR,32.0,99.10000000000001,62.0
2000,00-0018272,A.Wright,QB,24.0,3.08,62.0
2000,00-0003600,D.Craig,QB,26.0,2.8,63.0
2000,00-0012642,D.Patten,WR,26.0,96.60000000000001,63.0
2000,00-0019057,J.White,RB,22.0,37.5,63.0
2000,00-0002713,T.Carter,RB,28.0,37.3,64.0
2000,00-0003700,G.Crowell,WR,24.0,96.2,64.0
2000,00-0016838,A.Van Pelt,QB,30.0,2.68,64.0
2000,00-0010137,R.Lucas,QB,28.0,2.4400000000000004,65.0
2000,00-0016331,T.Thomas,RB,34.0,37.3,65.0
2000,00-0019726,S.Morris,WR,23.0,93.84,65.0
2000,00-0012603,B.Parmalee,RB,33.0,36.3,66.0
2000,00-0014790,L.Shepherd,WR,31.0,93.8,66.0
2000,00-0019553,S.Wynn,QB,22.0,2.18,66.0
2000,00-0000232,T.Allen,RB,32.0,33.6,67.0
2000,00-0004673,T.Dwight,WR,25.0,89.4,67.0
2000,00-0019709,C.Redman,QB,23.0,0.76,67.0
2000,00-0004200,A.Denson,RB,24.0,33.5,68.0
2000,00-0005600,J.Friesz,QB,33.0,0.64,68.0
2000,00-0010007,K.Lockett,WR,26.0,87.2,68.0
2000,00-0014319,C.Sanders,WR,28.0,86.6,69.0
2000,00-0016321,R.Thomas,RB,27.0,33.0,69.0
2000,00-0018483,E.Zeier,QB,28.0,0.56,69.0
2000,00-0019278,K.Thompson,QB,23.0,0.32,70.0
2000,00-0019614,M.Wiley,RB,22.0,32.0,70.0
2000,00-0019650,D.Northcutt,WR,23.0,84.5,70.0
2000,00-0008060,R.Ismail,WR,31.0,73.3,71.0
2000,00-0011869,A.Murrell,RB,30.0,30.3,71.0
2000,00-0019596,T.Brady,QB,23.0,0.24,71.0
2000,00-0004916,C.Enis,RB,24.0,29.2,72.0
2000,00-0007059,M.Hartsell,QB,27.0,0.0,72.0
2000,00-0010843,W.McGarity,WR,24.0,72.9,72.0
2000,00-0019192,Tr.Brown,QB,23.0,0.0,73.0
2000,00-0019471,F.Moreau,RB,24.0,28.1,73.0
2000,00-0019721,T.Taylor,WR,21.0,72.7,73.0
2000,00-0002873,R.Chancey,RB,28.0,26.9,74.0
2000,00-0018958,L.Coles,WR,23.0,68.5,74.0
2000,00-0019682,J.Jackson,QB,23.0,-0.1,74.0
2000,00-0008196,T.Jackson,RB,24.0,24.4,75.0
2000,00-0008400,J.Jett,WR,30.0,67.6,75.0
2000,00-0019622,T.Husak,QB,22.0,-0.18,75.0
2000,00-0010477,T.Martin,WR,35.0,63.199999999999996,76.0
2000,00-0013338,J.Quinn,QB,25.0,-0.2,76.0
2000,00-0019382,K.Coleman,RB,22.0,23.799999999999997,76.0
2000,00-0000387,R.Anthony,WR,24.0,62.199999999999996,77.0
2000,00-0007389,S.Hicks,RB,26.0,23.1,77.0
2000,00-0018333,D.Wuerffel,QB,26.0,-0.2,77.0
2000,00-0004541,D.Driver,WR,25.0,61.6,78.0
2000,00-0012556,D.Parker,RB,24.0,22.5,78.0
2000,00-0019623,T.Rattay,QB,23.0,-0.26,78.0
2000,00-0003136,M.Cloud,RB,25.0,21.900000000000002,79.0
2000,00-0007832,B.Hoying,QB,28.0,-0.3,79.0
2000,00-0010599,D.Mayes,WR,26.0,61.4,79.0
2000,00-0002469,I.Byrd,WR,26.0,58.1,80.0
2000,00-0005794,J.Garrett,QB,34.0,-0.4,80.0
2000,00-0011573,J.Moore,RB,26.0,21.6,80.0
2000,00-0009869,J.Lewis,WR,26.0,57.019999999999996,81.0
2000,00-0011640,M.Moreno,QB,25.0,-0.6400000000000001,81.0
2000,00-0017896,N.Luchey,RB,23.0,20.8,81.0
2000,00-0004229,K.Detmer,QB,27.0,-1.2,82.0
2000,00-0008046,S.Irvin,RB,22.0,19.9,82.0
2000,00-0013097,K.Poole,WR,26.0,56.3,82.0
2000,00-0010240,S.Mack,RB,25.0,18.5,83.0
2000,00-0016214,Y.Thigpen,WR,31.0,55.9,83.0
2000,00-0019579,J.Hamilton,QB,23.0,-2.2,83.0
2000,00-0017892,M.Williams,RB,26.0,15.8,84.0
2000,00-0018382,C.Yeast,WR,24.0,55.6,84.0
2000,00-0007795,C.Howard,RB,25.0,14.8,85.0
2000,00-0008962,J.Jurevicius,WR,26.0,55.2,85.0
2000,00-0007120,C.Hawkins,WR,31.0,48.8,86.0
2000,00-0019673,P.Smith,RB,22.0,14.7,86.0
2000,00-0001842,M.Brooks,WR,25.0,47.6,87.0
2000,00-0011341,B.Milne,RB,27.0,14.4,87.0
2000,00-0005816,O.Gary,RB,25.0,12.0,88.0
2000,00-0008841,R.Jones,WR,29.0,47.3,88.0
2000,00-0018971,S.Stith,RB,22.0,11.5,89.0
2000,00-0019642,P.Burress,WR,23.0,47.3,89.0
2000,00-0007103,M.Hatchette,WR,26.0,47.0,90.0
2000,00-0019533,P.Pass,RB,23.0,11.5,90.0
2000,00-0000007,R.Abdullah,RB,25.0,10.4,91.0
2000,00-0015811,T.Streets,WR,23.0,45.7,91.0
2000,00-0008357,M.Jenkins,WR,25.0,44.5,92.0
2000,00-0009288,T.Kirby,RB,30.0,10.0,92.0
2000,00-0006322,E.Green,WR,25.0,44.1,93.0
2000,00-0006989,R.Harris,RB,30.0,9.6,93.0
2000,00-0018977,M.Smith,RB,24.0,8.4,94.0
2000,00-0019543,D.Farmer,WR,23.0,43.8,94.0
2000,00-0012370,B.Olivo,RB,24.0,8.0,95.0
2000,00-0014918,T.Simmons,WR,26.0,43.1,95.0
2000,00-0000781,M.Barnes,RB,24.0,7.8,96.0
2000,00-0017611,A.Whitted,WR,26.0,42.7,96.0
2000,00-0015754,B.Stokley,WR,24.0,42.0,97.0
2000,00-0019025,R.Jenkins,RB,23.0,7.699999999999999,97.0
2000,00-0008598,P.Johnson,WR,24.0,41.7,98.0
2000,00-0015152,D.Smith,RB,26.0,7.1,98.0
2000,00-0002380,S.Bush,RB,26.0,6.8999999999999995,99.0
2000,00-0019231,L.Foster,WR,24.0,41.6,99.0
2000,00-0004508,S.Dragos,RB,25.0,6.8,100.0
2000,00-0004780,T.Edwards,WR,23.0,39.9,100.0
2000,00-0003175,M.Cody,WR,28.0,38.2,101.0
2000,00-0011506,J.Montgomery,RB,24.0,6.4,101.0
2000,00-0013958,C.Rogers,RB,24.0,6.0,102.0
2000,00-0019604,R.Soward,WR,22.0,38.2,102.0
2000,00-0015601,A.Stecker,RB,25.0,5.6,103.0
2000,00-0017110,C.Walsh,WR,32.0,37.1,103.0
2000,00-0010632,F.McAfee,RB,32.0,3.7,104.0
2000,00-0013512,J.Reed,WR,33.0,36.599999999999994,104.0
2000,00-0016654,J.Tucker,WR,24.0,35.8,105.0
2000,00-0019473,D.Dyer,RB,23.0,3.4,105.0
2000,00-0010951,D.McKinley,RB,24.0,3.3,106.0
2000,00-0019670,T.Gaylor,WR,23.0,35.4,106.0
2000,00-0009738,A.Lee,RB,29.0,3.2,107.0
2000,00-0012953,C.Pickens,WR,30.0,34.2,107.0
2000,00-0007546,J.Hodgins,RB,23.0,2.8,108.0
2000,00-0019708,R.Dugans,WR,23.0,32.5,108.0
2000,00-0019516,T.Hambrick,RB,24.0,2.8,109.0
2000,00-0019606,T.Pinkston,WR,23.0,28.1,109.0
2000,00-0010824,O.McDuffie,WR,31.0,28.0,110.0
2000,00-0013785,R.Rivers,RB,29.0,2.6999999999999997,110.0
2000,00-0004915,B.Engram,WR,27.0,27.0,111.0
2000,00-0019466,C.Keaton,RB,24.0,2.4,111.0
2000,00-0018056,R.Wilson,WR,26.0,26.4,112.0
2000,00-0019649,T.Canidate,RB,23.0,2.0,112.0
2000,00-0013499,A.Reed,WR,36.0,26.3,113.0
2000,00-0018568,C.Williams,RB,23.0,1.5,113.0
2000,00-0007749,T.Horne,WR,24.0,25.8,114.0
2000,00-0018501,A.Zereoue,RB,24.0,1.4,114.0
2000,00-0006155,L.Gordon,RB,22.0,1.3,115.0
2000,00-0019461,J.Dawson,WR,23.0,24.700000000000003,115.0
2000,00-0002459,K.Bynum,RB,26.0,0.9,116.0
2000,00-0019505,C.Lee,WR,23.0,23.4,116.0
2000,00-0002005,N.Brown,WR,23.0,23.0,117.0
2000,00-0011392,B.Mitchell,RB,25.0,0.8,117.0
2000,00-0012515,D.Palmer,RB,28.0,0.8,118.0
2000,00-0019660,D.White,WR,21.0,22.7,118.0
2000,00-0017829,J.Williams,RB,28.0,0.8,119.0
2000,00-0019662,R.Dixon,WR,24.0,22.5,119.0
2000,00-0004694,K.Dyson,WR,25.0,22.4,120.0
2000,00-0019238,J.Lewis,RB,24.0,0.6,120.0
2000,00-0004595,C.Dukes,RB,29.0,0.2,121.0
2000,00-0004888,B.Emanuel,WR,30.0,19.5,121.0
2000,00-0004495,G.Downs,RB,28.0,0.0,122.0
2000,00-0017470,M.Westbrook,WR,28.0,19.3,122.0
2000,00-0002942,D.Chiaverini,WR,23.0,18.8,123.0
2000,00-0008391,T.Jervey,RB,28.0,0.0,123.0
2000,00-0008568,L.Johnson,RB,26.0,0.0,124.0
2000,00-0019481,W.Hayes,WR,24.0,18.8,124.0
2000,00-0000598,K.Bailey,WR,23.0,18.2,125.0
2000,00-0009286,C.Kirby,RB,26.0,0.0,125.0
2000,00-0012368,W.Oliver,RB,27.0,0.0,126.0
2000,00-0019491,J.Williams,WR,22.0,17.4,126.0
2000,00-0005720,J.Galloway,WR,29.0,16.2,127.0
2000,00-0014809,P.Shields,RB,24.0,0.0,127.0
2000,00-0000872,M.Bates,WR,31.0,16.1,128.0
2000,00-0015362,M.Snider,RB,24.0,0.0,128.0
2000,00-0016811,I.Uwaezuoke,WR,27.0,14.6,129.0
2000,00-0017006,C.Walendy,RB,23.0,0.0,129.0
2000,00-0002544,C.Calloway,WR,32.0,14.5,130.0
2000,00-0017239,D.Washington,RB,23.0,0.0,130.0
2000,00-0015507,B.Stablein,WR,30.0,13.3,131.0
2000,00-0019268,K.McDougal,RB,23.0,0.0,131.0
2000,00-0004634,D.Dunn,WR,28.0,13.299999999999999,132.0
2000,00-0019576,M.Green,RB,24.0,0.0,132.0
2000,00-0000003,A.al-Jabbar,RB,26.0,-0.2,133.0
2000,00-0010892,T.McGriff,WR,24.0,13.100000000000001,133.0
2000,00-0005231,B.Finneran,WR,24.0,13.0,134.0
2000,00-0019028,H.Goodman,RB,23.0,-1.2000000000000002,134.0
2000,00-0017847,K.Williams,WR,29.0,11.5,135.0
2000,00-0019350,K.Cavil,WR,21.0,10.600000000000001,136.0
2000,00-0012321,J.Ogden,WR,25.0,10.4,137.0
2000,00-0001317,W.Blackwell,WR,25.0,10.3,138.0
2000,00-0001783,V.Brisby,WR,29.0,10.0,139.0
2000,00-0019338,D.Hodge,WR,23.0,10.0,140.0
2000,00-0007798,D.Howard,WR,30.0,9.4,141.0
2000,00-0019255,C.Jackson,WR,27.0,9.4,142.0
2000,00-0003944,B.Davis,WR,28.0,9.2,143.0
2000,00-0001848,R.Brooks,WR,30.0,8.1,144.0
2000,00-0000869,D.Bates,WR,25.0,8.0,145.0
2000,00-0006777,K.Hankton,WR,30.0,7.8,146.0
2000,00-0004055,T.Davis,WR,25.0,6.0,147.0
2000,00-0012569,L.Parker,WR,24.0,4.6,148.0
2000,00-0006431,D.Griffin,WR,24.0,4.5,149.0
2000,00-0000765,R.Barlow,WR,27.0,3.8,150.0
2000,00-0008229,N.Jacquet,WR,25.0,3.5,151.0
2000,00-0019027,B.Brown,WR,23.0,3.4000000000000004,152.0
2000,00-0001719,C.Brazzell,WR,24.0,3.2,153.0
2000,00-0019206,S.Davis,WR,23.0,3.2,154.0
2000,00-0011213,G.Milburn,WR,29.0,2.4000000000000004,155.0
2000,00-0005903,J.German,WR,26.0,2.0,156.0
2000,00-0019109,S.Montgomery,WR,22.0,2.0,157.0
2000,00-0004463,D.Douglas,WR,24.0,1.9,158.0
2000,00-0015970,J.Swift,WR,25.0,1.8,159.0
2000,00-0016821,A.Van Dyke,WR,26.0,1.8,160.0
2000,00-0019552,T.Walters,WR,24.0,1.8,161.0
2000,00-0004633,D.Dunn,WR,24.0,1.6,162.0
2000,00-0019703,J.Porter,WR,22.0,1.6,163.0
2000,00-0008156,L.Jackson,WR,23.0,1.5,164.0
2000,00-0015759,D.Stone,WR,36.0,0.30000000000000004,165.0
2000,00-0001582,F.Bownes,WR,28.0,0.0,166.0
2000,00-0001627,C.Bradford,WR,25.0,0.0,167.0
2000,00-0002266,D.Burks,WR,26.0,0.0,168.0
2000,00-0007093,A.Hastings,WR,29.0,0.0,169.0
2000,00-0008109,C.Jackson,WR,25.0,0.0,170.0
2000,00-0008575,M.Johnson,WR,23.0,0.0,171.0
2000,00-0008763,I.Jones,WR,25.0,0.0,172.0
2000,00-0016232,C.Thomas,WR,29.0,0.0,173.0
2000,00-0017860,K.Williams,WR,29.0,0.0,174.0
2000,00-0018625,D.Blevins,WR,24.0,0.0,175.0
2000,00-0019021,B.Yamini,WR,23.0,0.0,176.0
2000,00-0019038,C.Coleman,WR,23.0,0.0,177.0
2000,00-0019113,L.Boyd,WR,24.0,0.0,178.0
2000,00-0019487,F.Murphy,WR,23.0,0.0,179.0
2000,00-0019539,D.Hall,WR,22.0,0.0,180.0
2000,00-0019547,A.Black,WR,23.0,0.0,181.0
2000,00-0019661,C.Cole,WR,23.0,0.0,182.0
2001,00-0005092,M.Faulk,RB,28.0,419.7,1.0
2001,00-0005755,J.Garcia,QB,31.0,296.92,1.0
2001,00-0007024,M.Harrison,WR,29.0,351.7,1.0
2001,00-0007661,P. Holmes,RB,28.0,332.9,2.0
2001,00-0012478,T.Owens,WR,28.0,332.3,2.0
2001,00-0017200,K.Warner,QB,30.0,293.2,2.0
2001,00-0005741,R. Gannon,QB,36.0,266.21999999999997,3.0
2001,00-0006305,A.Green,RB,24.0,318.1,3.0
2001,00-0015290,R.Smith,WR,31.0,318.0,3.0
2001,00-0001532,D.Boston,WR,23.0,307.3,4.0
2001,00-0011024,S.McNair,QB,28.0,265.4,4.0
2001,00-0019647,S.Alexander,RB,24.0,298.1,4.0
2001,00-0002068,T.Brown,WR,30.0,272.0,5.0
2001,00-0010346,P.Manning,QB,25.0,260.94,5.0
2001,00-0010442,C.Martin,RB,28.0,297.02,5.0
2001,00-0002058,T. Brown,WR,35.0,271.4,6.0
2001,00-0011022,D.McNabb,QB,25.0,259.52,6.0
2001,00-0020536,L.Tomlinson,RB,22.0,269.3,6.0
2001,00-0005106,B.Favre,QB,32.0,258.44,7.0
2001,00-0011754,R.Moss,WR,24.0,270.26,7.0
2001,00-0017915,R.Williams,RB,24.0,265.6,7.0
2001,00-0001823,A.Brooks,QB,25.0,253.08,8.0
2001,00-0004304,C.Dillon,RB,27.0,258.3,8.0
2001,00-0007744,J.Horn,WR,29.0,261.9,8.0
2001,00-0005779,C. Garner,RB,29.0,227.70000000000002,9.0
2001,00-0007681,T.Holt,WR,25.0,259.3,9.0
2001,00-0015700,K.Stewart,QB,29.0,234.06,9.0
2001,00-0001477,M. Booker,WR,25.0,259.26,10.0
2001,00-0005180,J.Fiedler,QB,30.0,220.01999999999998,10.0
2001,00-0007180,G.Hearst,RB,30.0,224.3,10.0
2001,00-0002110,M.Brunell,QB,31.0,206.76,11.0
2001,00-0013639,J. Rice,WR,39.0,250.9,11.0
2001,00-0015091,A.Smith,RB,29.0,223.9,11.0
2001,00-0004052,S.Davis,RB,27.0,217.7,12.0
2001,00-0010500,D.Mason,WR,27.0,247.8,12.0
2001,00-0013042,J.Plummer,QB,27.0,202.42000000000002,12.0
2001,00-0003739,D.Culpepper,QB,24.0,199.08,13.0
2001,00-0008560,K.Johnson,WR,25.0,247.7,13.0
2001,00-0019863,D.Rhodes,RB,22.0,214.8,13.0
2001,00-0008442,B.Johnson,QB,33.0,196.24,14.0
2001,00-0010668,K.McCardell,WR,31.0,240.0,14.0
2001,00-0015523,D.Staley,RB,26.0,208.0,14.0
2001,00-0006423,B.Griese,QB,26.0,192.78,15.0
2001,00-0008561,K.Johnson,WR,29.0,236.6,15.0
2001,00-0020403,A. Thomas,RB,24.0,202.1,15.0
2001,00-0003396,C.Conway,WR,30.0,235.1,16.0
2001,00-0004640,W.Dunn,RB,26.0,200.4,16.0
2001,00-0006355,T. Green,QB,31.0,186.22,16.0
2001,00-0005363,D.Flutie,QB,39.0,183.76,17.0
2001,00-0015242,L.Smith,RB,31.0,188.2,17.0
2001,00-0019663,D.Jackson,WR,23.0,227.0,17.0
2001,00-0010240,S.Mack,RB,26.0,185.2,18.0
2001,00-0017162,H.Ward,WR,25.0,224.6,18.0
2001,00-0020434,C.Weinke,QB,29.0,166.04,18.0
2001,00-0000745,T. Barber,RB,26.0,179.5,19.0
2001,00-0008059,Q.Ismail,WR,31.0,221.9,19.0
2001,00-0019596,T.Brady,QB,24.0,163.32,19.0
2001,00-0002876,C.Chandler,QB,36.0,158.28,20.0
2001,00-0008210,W.Jackson,WR,30.0,217.6,20.0
2001,00-0013013,M.Pittman,RB,26.0,179.0,20.0
2001,00-0003535,T.Couch,QB,24.0,154.4,21.0
2001,00-0005883,E.George,RB,28.0,176.79999999999998,21.0
2001,00-0011727,J.Morton,WR,30.0,215.0,21.0
2001,00-0002099,I.Bruce,WR,29.0,208.9,22.0
2001,00-0006300,E.Grbac,QB,31.0,143.12,22.0
2001,00-0019057,J.White,RB,23.0,166.10000000000002,22.0
2001,00-0016193,V.Testaverde,QB,38.0,140.57999999999998,23.0
2001,00-0018977,M.Smith,RB,25.0,152.0,23.0
2001,00-0019642,P.Burress,WR,24.0,202.8,23.0
2001,00-0001215,J.Bettis,RB,29.0,149.28,24.0
2001,00-0009311,J.Kitna,QB,29.0,139.94,24.0
2001,00-0014489,B.Schroeder,WR,30.0,199.4,24.0
2001,00-0003292,K. Collins,QB,29.0,137.57999999999998,25.0
2001,00-0015165,E.Smith,RB,32.0,146.7,25.0
2001,00-0018958,L.Coles,WR,24.0,198.6,25.0
2001,00-0000722,T.Banks,QB,28.0,136.64,26.0
2001,00-0016440,J.Thrash,WR,26.0,198.0,26.0
2001,00-0020514,M.Bennett,RB,23.0,137.8,26.0
2001,00-0000865,C.Batch,QB,27.0,118.18,27.0
2001,00-0013232,P.Price,WR,25.0,196.2,27.0
2001,00-0020471,T.Henry,RB,23.0,132.79999999999998,27.0
2001,00-0002721,C.Carter,WR,36.0,192.5,28.0
2001,00-0011276,J. Miller,QB,30.0,116.06,28.0
2001,00-0020474,K.Barlow,RB,22.0,127.9,28.0
2001,00-0011770,E.Moulds,WR,28.0,187.7,29.0
2001,00-0015698,J.Stewart,RB,30.0,127.7,29.0
2001,00-0016838,A.Van Pelt,QB,31.0,111.54,29.0
2001,00-0004694,K.Dyson,WR,26.0,180.5,30.0
2001,00-0007091,M.Hasselbeck,QB,26.0,103.02000000000001,30.0
2001,00-0008241,E.James,RB,23.0,125.5,30.0
2001,00-0008612,R.Johnson,QB,28.0,86.7,31.0
2001,00-0017218,L.Warren,RB,28.0,116.7,31.0
2001,00-0020446,C.Chambers,WR,23.0,177.20000000000002,31.0
2001,00-0007969,R.Huntley,RB,29.0,111.6,32.0
2001,00-0015218,Ji.Smith,WR,32.0,175.3,32.0
2001,00-0020404,Q.Carter,QB,24.0,65.88,32.0
2001,00-0000210,J. Allen,RB,26.0,109.2,33.0
2001,00-0004293,T.Dilfer,QB,29.0,64.76,33.0
2001,00-0005562,A.Freeman,WR,29.0,171.3,33.0
2001,00-0001545,T.Bouman,QB,29.0,61.900000000000006,34.0
2001,00-0012642,D.Patten,WR,27.0,167.0,34.0
2001,00-0019649,T.Canidate,RB,24.0,108.50000000000001,34.0
2001,00-0000232,T.Allen,RB,33.0,105.6,35.0
2001,00-0006210,J.Graham,WR,32.0,161.1,35.0
2001,00-0020245,M.Vick,QB,21.0,58.3,35.0
2001,00-0003292,K.Collins,QB,29.0,53.08,36.0
2001,00-0016550,A. Toomer,WR,27.0,154.6,36.0
2001,00-0019594,M.Anderson,RB,28.0,104.4,36.0
2001,00-0015751,J.Stokes,WR,29.0,154.5,37.0
2001,00-0019641,T.Jones,RB,23.0,102.1,37.0
2001,00-0020308,M.McMahon,QB,22.0,51.34,37.0
2001,00-0003761,R.Cunningham,QB,38.0,42.92,38.0
2001,00-0008060,R.Ismail,WR,32.0,151.5,38.0
2001,00-0020448,T.Minor,RB,22.0,101.4,38.0
2001,00-0005620,C.Fuamatu-Ma'afala,RB,24.0,98.0,39.0
2001,00-0010560,S. Matthews,QB,31.0,34.26,39.0
2001,00-0014544,D.Scott,WR,29.0,150.9,39.0
2001,00-0017470,M.Westbrook,WR,29.0,148.2,40.0
2001,00-0018272,A.Wright,QB,25.0,32.86,40.0
2001,00-0019643,R. Dayne,RB,23.0,93.9,40.0
2001,00-0005589,G.Frerotte,QB,30.0,29.220000000000002,41.0
2001,00-0019423,J.Brookins,RB,25.0,93.6,41.0
2001,00-0020525,R.Gardner,WR,24.0,143.7,41.0
2001,00-0004230,T.Detmer,QB,34.0,28.839999999999996,42.0
2001,00-0005720,J.Galloway,WR,30.0,143.06,42.0
2001,00-0020270,C.Buckhalter,RB,23.0,92.6,42.0
2001,00-0004054,T.Davis,RB,29.0,89.0,43.0
2001,00-0012261,N.O'Donnell,QB,35.0,26.64,43.0
2001,00-0019455,P.Warrick,WR,24.0,142.1,43.0
2001,00-0001361,D.Bledsoe,QB,29.0,21.8,44.0
2001,00-0005091,K.Faulk,RB,25.0,82.72,44.0
2001,00-0010974,J.McKnight,WR,29.0,141.3,44.0
2001,00-0007468,I. Hilliard,WR,25.0,139.0,45.0
2001,00-0019442,C.Stoerner,QB,24.0,21.259999999999998,45.0
2001,00-0019889,E.Joseph,RB,23.0,81.7,45.0
2001,00-0005668,O.Gadsden,WR,30.0,138.4,46.0
2001,00-0010261,T.Maddox,QB,30.0,15.06,46.0
2001,00-0018501,A.Zereoue,RB,25.0,80.5,46.0
2001,00-0002962,W.Chrebet,WR,28.0,137.0,47.0
2001,00-0013338,J.Quinn,QB,26.0,14.64,47.0
2001,00-0017486,T. Wheatley,RB,29.0,79.7,47.0
2001,00-0013268,R.Proehl,WR,33.0,128.8,48.0
2001,00-0019516,T.Hambrick,RB,25.0,78.1,48.0
2001,00-0020531,D.Brees,QB,22.0,14.64,48.0
2001,00-0009715,R.Leaf,QB,25.0,13.06,49.0
2001,00-0019606,T.Pinkston,WR,24.0,125.10000000000001,49.0
2001,00-0020430,J.Jackson,RB,25.0,78.0,49.0
2001,00-0006212,K.Graham,QB,33.0,12.54,50.0
2001,00-0007144,D.Hayes,WR,26.0,123.7,50.0
2001,00-0017892,M.Williams,RB,27.0,71.10000000000001,50.0
2001,00-0002743,K.Carter,RB,28.0,70.10000000000001,51.0
2001,00-0015218,J.Smith,WR,32.0,121.7,51.0
2001,00-0020305,A.Feeley,QB,24.0,11.72,51.0
2001,00-0000552,O.Ayanbadejo,RB,26.0,63.4,52.0
2001,00-0019553,S.Wynn,QB,23.0,10.82,52.0
2001,00-0019721,T.Taylor,WR,22.0,120.6,52.0
2001,00-0007834,B.Huard,QB,25.0,10.18,53.0
2001,00-0009829,D.Levens,RB,31.0,62.4,53.0
2001,00-0010539,T.Mathis,WR,34.0,119.39999999999999,53.0
2001,00-0002159,S.Bryson,RB,25.0,61.0,54.0
2001,00-0014328,F.Sanders,WR,28.0,112.8,54.0
2001,00-0019192,T.Brown,QB,24.0,9.04,54.0
2001,00-0000745,T.Barber,RB,26.0,60.7,55.0
2001,00-0011795,M.Muhammad,WR,28.0,112.5,55.0
2001,00-0019559,C.Pennington,QB,25.0,8.780000000000001,55.0
2001,00-0007576,K.Holcomb,QB,28.0,8.56,56.0
2001,00-0010477,T.Martin,WR,36.0,109.8,56.0
2001,00-0017322,R.Watters,RB,32.0,59.5,56.0
2001,00-0001098,B.Bennett,RB,28.0,58.2,57.0
2001,00-0008962,J. Jurevicius,WR,27.0,108.0,57.0
2001,00-0010137,R.Lucas,QB,29.0,8.4,57.0
2001,00-0008313,S.Jefferson,WR,32.0,104.9,58.0
2001,00-0009266,S.King,QB,24.0,7.2,58.0
2001,00-0020527,D.McAllister,RB,23.0,57.17999999999999,58.0
2001,00-0006627,A.Hakim,WR,24.0,103.44,59.0
2001,00-0010206,M.Lytle,QB,26.0,4.12,59.0
2001,00-0019614,M.Wiley,RB,23.0,56.6,59.0
2001,00-0008357,M.Jenkins,WR,26.0,102.2,60.0
2001,00-0019087,D.Johnson,QB,24.0,4.12,60.0
2001,00-0019712,D.Chapman,RB,24.0,55.0,60.0
2001,00-0003344,G. Comella,RB,26.0,52.7,61.0
2001,00-0019682,J.Jackson,QB,24.0,3.62,61.0
2001,00-0020490,K.Robinson,WR,21.0,99.9,61.0
2001,00-0015082,A.Smith,QB,26.0,3.48,62.0
2001,00-0020462,L.Jordan,RB,23.0,52.6,62.0
2001,00-0020513,D. Terrell,WR,22.0,99.5,62.0
2001,00-0001627,C.Bradford,WR,26.0,95.6,63.0
2001,00-0003600,D.Craig,QB,27.0,3.36,63.0
2001,00-0003663,Z. Crockett,RB,29.0,51.5,63.0
2001,00-0000145,D. Alexander,WR,30.0,93.6,64.0
2001,00-0010436,C.Martin,RB,26.0,51.1,64.0
2001,00-0014234,M.Rypien,QB,39.0,2.28,64.0
2001,00-0002469,I.Byrd,WR,27.0,92.0,65.0
2001,00-0003315,T. Collins,QB,30.0,2.2,65.0
2001,00-0008196,T.Jackson,RB,25.0,50.9,65.0
2001,00-0005324,T.Fletcher,RB,28.0,50.1,66.0
2001,00-0009163,E.Kennison,WR,28.0,90.3,66.0
2001,00-0020405,M. Tuiasosopo,QB,22.0,1.46,66.0
2001,00-0001224,T.Biakabutuka,RB,27.0,49.1,67.0
2001,00-0005231,B.Finneran,WR,25.0,90.1,67.0
2001,00-0019633,T.Martin,QB,23.0,0.8,67.0
2001,00-0004229,K.Detmer,QB,28.0,0.6400000000000001,68.0
2001,00-0007389,S.Hicks,RB,27.0,47.300000000000004,68.0
2001,00-0020427,Q.Morgan,WR,24.0,87.9,68.0
2001,00-0000316,J.Anderson,RB,29.0,43.099999999999994,69.0
2001,00-0019623,T.Rattay,QB,24.0,0.54,69.0
2001,00-0019660,D. White,WR,22.0,87.8,69.0
2001,00-0006331,J.Green,WR,25.0,82.2,70.0
2001,00-0015601,A.Stecker,RB,26.0,39.3,70.0
2001,00-0018333,D. Wuerffel,QB,27.0,0.0,70.0
2001,00-0019041,B.Volek,QB,25.0,0.0,71.0
2001,00-0019722,J.Redmond,RB,24.0,38.099999999999994,71.0
2001,00-0020272,M. Minnis,WR,24.0,80.10000000000001,71.0
2001,00-0004673,T.Dwight,WR,26.0,80.0,72.0
2001,00-0005816,O.Gary,RB,26.0,35.7,72.0
2001,00-0020126,T.Woodbury,QB,23.0,0.0,72.0
2001,00-0008568,L.Johnson,RB,27.0,35.620000000000005,73.0
2001,00-0010455,J.Martin,QB,31.0,-0.01999999999999999,73.0
2001,00-0014729,B.Shaw,WR,28.0,76.9,73.0
2001,00-0001335,J.Blake,QB,31.0,-0.1,74.0
2001,00-0017697,T.Wilkins,WR,26.0,73.2,74.0
2001,00-0019576,M.Green,RB,25.0,33.5,74.0
2001,00-0012726,D.Pederson,QB,33.0,-0.1,75.0
2001,00-0015754,B.Stokley,WR,25.0,70.5,75.0
2001,00-0019643,R.Dayne,RB,23.0,31.799999999999997,75.0
2001,00-0004915,B.Engram,WR,28.0,69.0,76.0
2001,00-0005885,J.George,QB,34.0,-1.2799999999999998,76.0
2001,00-0019831,N.Goings,RB,23.0,31.599999999999998,76.0
2001,00-0011434,S.Mitchell,QB,33.0,-4.48,77.0
2001,00-0015811,T.Streets,WR,24.0,68.5,77.0
2001,00-0020391,J.Cook,RB,22.0,26.1,77.0
2001,00-0009288,T. Kirby,RB,31.0,26.099999999999998,78.0
2001,00-0012637,J.Pathon,WR,26.0,68.2,78.0
2001,00-0011399,B.Mitchell,RB,33.0,25.1,79.0
2001,00-0017847,K.Williams,WR,30.0,67.4,79.0
2001,00-0019708,R.Dugans,WR,24.0,67.10000000000001,80.0
2001,00-0020417,B.Gay,RB,21.0,24.3,80.0
2001,00-0008921,R. Jordan,RB,31.0,21.2,81.0
2001,00-0020397,C.Johnson,WR,23.0,66.9,81.0
2001,00-0010747,F.McCrary,RB,29.0,20.4,82.0
2001,00-0013512,J.Reed,WR,34.0,65.9,82.0
2001,00-0019533,P.Pass,RB,24.0,19.3,83.0
2001,00-0019976,D.Bennett,WR,23.0,64.9,83.0
2001,00-0003700,G.Crowell,WR,25.0,63.5,84.0
2001,00-0019610,R.Droughns,RB,23.0,19.299999999999997,84.0
2001,00-0003344,G.Comella,RB,26.0,19.1,85.0
2001,00-0013888,M. Robinson,WR,26.0,61.9,85.0
2001,00-0002713,A.Carter,RB,29.0,17.7,86.0
2001,00-0020498,R.Wayne,WR,23.0,61.5,86.0
2001,00-0016321,R.Thomas,RB,28.0,17.2,87.0
2001,00-0019461,J.Dawson,WR,24.0,56.1,87.0
2001,00-0002380,S.Bush,RB,27.0,16.0,88.0
2001,00-0020497,F.Mitchell,WR,23.0,54.9,88.0
2001,00-0010007,K.Lockett,WR,27.0,54.54,89.0
2001,00-0019484,S.Morris,RB,24.0,15.799999999999999,89.0
2001,00-0004780,T.Edwards,WR,24.0,54.1,90.0
2001,00-0019826,R.Bowers,RB,27.0,15.399999999999999,90.0
2001,00-0016550,A.Toomer,WR,27.0,53.6,91.0
2001,00-0019609,T.Prentice,RB,25.0,15.3,91.0
2001,00-0017239,D. Washington,RB,24.0,13.4,92.0
2001,00-0019231,L.Foster,WR,25.0,50.9,92.0
2001,00-0016098,F.Taylor,RB,25.0,12.9,93.0
2001,00-0016232,C. Thomas,WR,30.0,49.7,93.0
2001,00-0007546,J.Hodgins,RB,24.0,12.899999999999999,94.0
2001,00-0018056,R.Wilson,WR,27.0,48.7,94.0
2001,00-0019382,K.Coleman,RB,23.0,12.2,95.0
2001,00-0020337,S.Smith,WR,22.0,47.7,95.0
2001,00-0012569,L. Parker,WR,25.0,47.5,96.0
2001,00-0019025,R.Jenkins,RB,24.0,11.9,96.0
2001,00-0003136,M. Cloud,RB,26.0,11.4,97.0
2001,00-0004888,B.Emanuel,WR,31.0,45.6,97.0
2001,00-0004541,D.Driver,WR,26.0,45.5,98.0
2001,00-0020094,S.Trejo,RB,24.0,11.1,98.0
2001,00-0017160,D.Ward,WR,27.0,44.0,99.0
2001,00-0019534,R.Mealey,RB,24.0,8.8,99.0
2001,00-0019268,K.McDougal,RB,24.0,8.799999999999999,100.0
2001,00-0019543,D.Farmer,WR,24.0,43.8,100.0
2001,00-0019471,F.Moreau,RB,25.0,8.7,101.0
2001,00-0020438,T.Houshmandzadeh,WR,24.0,43.8,101.0
2001,00-0003378,A.Connell,WR,27.0,43.7,102.0
2001,00-0019673,P.Smith,RB,23.0,8.7,102.0
2001,00-0000007,R.Abdullah,RB,26.0,8.6,103.0
2001,00-0004077,S.Dawkins,WR,30.0,43.4,103.0
2001,00-0008529,J.Johnson,RB,27.0,8.3,104.0
2001,00-0019703,J. Porter,WR,23.0,42.300000000000004,104.0
2001,00-0006043,T.Glenn,WR,27.0,40.4,105.0
2001,00-0019794,A.Cason,RB,22.0,8.299999999999999,105.0
2001,00-0019466,C.Keaton,RB,25.0,6.7,106.0
2001,00-0019650,D.Northcutt,WR,24.0,39.7,106.0
2001,00-0006208,J.Graham,RB,26.0,5.9,107.0
2001,00-0019491,J.Williams,WR,23.0,39.2,107.0
2001,00-0013467,J.Reader,RB,27.0,3.4,108.0
2001,00-0020370,S.Anderson,WR,22.0,39.1,108.0
2001,00-0017829,J. Williams,RB,29.0,3.0999999999999996,109.0
2001,00-0019054,T.Insley,WR,24.0,36.5,109.0
2001,00-0010951,D.McKinley,RB,25.0,2.1,110.0
2001,00-0019670,T.Gaylor,WR,24.0,35.7,110.0
2001,00-0015959,K.Swayne,WR,26.0,33.3,111.0
2001,00-0020181,T.Witherspoon,RB,24.0,1.9,111.0
2001,00-0002942,D.Chiaverini,WR,24.0,33.0,112.0
2001,00-0006930,D.Harris,RB,29.0,1.7,112.0
2001,00-0013958,C.Rogers,RB,25.0,1.7,113.0
2001,00-0020320,R.Germany,WR,23.0,32.300000000000004,113.0
2001,00-0007798,D.Howard,WR,31.0,31.8,114.0
2001,00-0019862,W.Ours,RB,24.0,1.3,114.0
2001,00-0008391,T.Jervey,RB,29.0,0.6,115.0
2001,00-0008962,J.Jurevicius,WR,27.0,31.599999999999998,115.0
2001,00-0000387,R.Anthony,WR,25.0,31.4,116.0
2001,00-0012370,B.Olivo,RB,25.0,0.6,116.0
2001,00-0008454,C.Johnson,WR,29.0,31.1,117.0
2001,00-0019453,R.Smart,RB,24.0,0.6,117.0
2001,00-0000869,D. Bates,WR,26.0,31.0,118.0
2001,00-0004200,A.Denson,RB,25.0,0.4,118.0
2001,00-0010632,F.McAfee,RB,33.0,0.2,119.0
2001,00-0015980,R.Swinton,WR,26.0,30.3,119.0
2001,00-0004508,S. Dragos,RB,26.0,0.0,120.0
2001,00-0008300,P.Jeffers,WR,28.0,26.700000000000003,120.0
2001,00-0004463,D.Douglas,WR,25.0,24.7,121.0
2001,00-0013262,S.Pritchett,RB,28.0,0.0,121.0
2001,00-0010786,J.McDaniel,WR,25.0,23.900000000000002,122.0
2001,00-0015152,D.Smith,RB,27.0,0.0,122.0
2001,00-0015362,M.Snider,RB,25.0,0.0,123.0
2001,00-0020415,A.King,WR,28.0,23.9,123.0
2001,00-0015970,J.Swift,WR,26.0,23.599999999999998,124.0
2001,00-0017239,D.Washington,RB,24.0,0.0,124.0
2001,00-0010650,E.McCaffrey,WR,33.0,21.4,125.0
2001,00-0017303,J.Watson,RB,26.0,0.0,125.0
2001,00-0017896,N.Williams,RB,24.0,0.0,126.0
2001,00-0019109,S.Montgomery,WR,23.0,21.4,126.0
2001,00-0018588,A.Ricard,RB,24.0,0.0,127.0
2001,00-0019487,F.Murphy,WR,24.0,21.1,127.0
2001,00-0019238,J.Lewis,RB,25.0,0.0,128.0
2001,00-0019661,C.Cole,WR,24.0,19.8,128.0
2001,00-0012321,J.Ogden,WR,26.0,19.3,129.0
2001,00-0019473,D.Dyer,RB,24.0,0.0,129.0
2001,00-0019590,C.Morton,RB,24.0,0.0,130.0
2001,00-0019662,R. Dixon,WR,25.0,18.5,130.0
2001,00-0020022,M.Shipp,RB,23.0,0.0,131.0
2001,00-0020256,K.Kasper,WR,24.0,18.3,131.0
2001,00-0019662,R.Dixon,WR,25.0,18.200000000000003,132.0
2001,00-0020112,T.Taylor,RB,23.0,0.0,132.0
2001,00-0010843,W.McGarity,WR,25.0,17.3,133.0
2001,00-0020125,R.White,RB,22.0,0.0,133.0
2001,00-0007468,I.Hilliard,WR,25.0,17.0,134.0
2001,00-0020173,J.Fenderson,RB,25.0,0.0,134.0
2001,00-0019547,A.Black,WR,24.0,17.0,135.0
2001,00-0020224,C.Fair,RB,24.0,0.0,135.0
2001,00-0008598,P.Johnson,WR,25.0,16.7,136.0
2001,00-0020407,Ru. Johnson,RB,22.0,0.0,136.0
2001,00-0002005,N.Brown,WR,24.0,16.5,137.0
2001,00-0020479,G.Layne,RB,23.0,0.0,137.0
2001,00-0017110,C.Walsh,WR,33.0,15.700000000000001,138.0
2001,00-0020487,D.Alexander,RB,23.0,0.0,138.0
2001,00-0019028,H.Goodman,RB,24.0,-0.1,139.0
2001,00-0020361,A.Bannister,WR,22.0,15.0,139.0
2001,00-0016373,D.Thompson,WR,24.0,14.2,140.0
2001,00-0005903,J.German,WR,27.0,13.5,141.0
2001,00-0020018,A.Jackson,WR,24.0,13.4,142.0
2001,00-0014319,C.Sanders,WR,29.0,12.4,143.0
2001,00-0019505,C.Lee,WR,24.0,12.2,144.0
2001,00-0011151,E.Metcalf,WR,33.0,11.9,145.0
2001,00-0020381,J.McCareins,WR,23.0,11.8,146.0
2001,00-0011568,H.Moore,WR,32.0,11.6,147.0
2001,00-0020387,M.Wynn,WR,23.0,10.9,148.0
2001,00-0020272,M.Minnis,WR,24.0,10.0,149.0
2001,00-0020340,Q.McCord,WR,23.0,9.4,150.0
2001,00-0013097,K.Poole,WR,27.0,8.8,151.0
2001,00-0009869,J.Lewis,WR,27.0,8.5,152.0
2001,00-0008841,R.Jones,WR,30.0,7.9,153.0
2001,00-0003220,F.Coleman,WR,26.0,7.0,154.0
2001,00-0015063,T.Small,WR,31.0,6.9,155.0
2001,00-0004055,T.Davis,WR,26.0,6.4,156.0
2001,00-0007103,M.Hatchette,WR,27.0,6.4,157.0
2001,00-0020425,K.Rambo,WR,23.0,5.8,158.0
2001,00-0019164,P.Batteaux,WR,23.0,5.5,159.0
2001,00-0020494,S.Moss,WR,22.0,5.4,160.0
2001,00-0005932,D.Gibson,WR,26.0,5.2,161.0
2001,00-0020485,E.Berlin,WR,23.0,4.8,162.0
2001,00-0019468,G.Scott,WR,23.0,4.6,163.0
2001,00-0011213,G. Milburn,WR,30.0,4.2,164.0
2001,00-0017611,A.Whitted,WR,27.0,4.1,165.0
2001,00-0019510,A.Merritt,WR,24.0,4.0,166.0
2001,00-0008400,J. Jett,WR,31.0,3.9,167.0
2001,00-0014918,T.Simmons,WR,27.0,3.7,168.0
2001,00-0019255,C.Jackson,WR,28.0,3.6,169.0
2001,00-0020273,V.Sutherland,WR,23.0,3.1,170.0
2001,00-0019038,C.Coleman,WR,24.0,2.9,171.0
2001,00-0001317,W.Blackwell,WR,26.0,1.8,172.0
2001,00-0004634,D. Dunn,WR,29.0,1.8,173.0
2001,00-0019539,D. Hall,WR,23.0,1.0,174.0
2001,00-0000872,M.Bates,WR,32.0,0.0,175.0
2001,00-0001582,F.Bownes,WR,29.0,0.0,176.0
2001,00-0004055,T. Davis,WR,26.0,0.0,177.0
2001,00-0006777,K.Hankton,WR,31.0,0.0,178.0
2001,00-0008156,L.Jackson,WR,24.0,0.0,179.0
2001,00-0008229,N.Jacquet,WR,26.0,0.0,180.0
2001,00-0010892,T.McGriff,WR,25.0,0.0,181.0
2001,00-0011213,G.Milburn,WR,30.0,0.0,182.0
2001,00-0011854,Y.Murphy,WR,28.0,0.0,183.0
2001,00-0018382,C.Yeast,WR,25.0,0.0,184.0
2001,00-0018981,M. Knight,WR,23.0,0.0,185.0
2001,00-0019481,W.Hayes,WR,25.0,0.0,186.0
2001,00-0019552,T.Walters,WR,25.0,0.0,187.0
2001,00-0019600,M.Lewis,WR,30.0,0.0,188.0
2001,00-0019937,T.Baker,WR,24.0,0.0,189.0
2001,00-0020226,N.Turner,WR,23.0,0.0,190.0
2001,00-0020343,J.Carter,WR,22.0,0.0,191.0
2001,00-0020428,R.Ferguson,WR,22.0,0.0,192.0
2001,00-0020452,C.Wilson,WR,23.0,0.0,193.0
2001,00-0020542,M.Ross,WR,25.0,0.0,194.0
2002,00-0003739,D.Culpepper,QB,25.0,285.02,1.0
2002,00-0007024,M.Harrison,WR,30.0,384.2,1.0
2002,00-0007661,P. Holmes,RB,29.0,440.7,1.0
2002,00-0017162,H.Ward,WR,26.0,335.09999999999997,2.0
2002,00-0020245,M.Vick,QB,22.0,280.74,2.0
2002,00-0020536,L.Tomlinson,RB,23.0,348.0,2.0
2002,00-0010346,P.Manning,QB,26.0,264.8,3.0
2002,00-0012478,T.Owens,WR,29.0,321.9,3.0
2002,00-0019647,S.Alexander,RB,25.0,328.5,3.0
2002,00-0000745,T.Barber,RB,27.0,321.4,4.0
2002,00-0001823,A.Brooks,QB,26.0,256.18,4.0
2002,00-0011754,R.Moss,WR,25.0,290.32,4.0
2002,00-0006355,T. Green,QB,32.0,256.1,5.0
2002,00-0016550,A.Toomer,WR,28.0,264.5,5.0
2002,00-0020527,D.McAllister,RB,24.0,311.0,5.0
2002,00-0007744,J.Horn,WR,30.0,263.4,6.0
2002,00-0011024,S.McNair,QB,29.0,253.48,6.0
2002,00-0017915,R. Williams,RB,25.0,284.7,6.0
2002,00-0001477,M.Booker,WR,26.0,257.65999999999997,7.0
2002,00-0005092,M. Faulk,RB,29.0,283.0,7.0
2002,00-0005755,J.Garcia,QB,32.0,251.06,7.0
2002,00-0006305,A.Green,RB,25.0,268.3,8.0
2002,00-0019596,T.Brady,QB,25.0,245.56,8.0
2002,00-0019642,P.Burress,WR,25.0,252.5,8.0
2002,00-0005883,E.George,RB,29.0,262.0,9.0
2002,00-0011022,D.McNabb,QB,26.0,223.56,9.0
2002,00-0018958,L.Coles,WR,25.0,251.3,9.0
2002,00-0005106,B.Favre,QB,33.0,221.62,10.0
2002,00-0007681,T. Holt,WR,26.0,245.0,10.0
2002,00-0015523,D.Staley,RB,27.0,258.0,10.0
2002,00-0019559,C.Pennington,QB,26.0,217.7,11.0
2002,00-0019693,J.Lewis,RB,23.0,251.9,11.0
2002,00-0020490,K.Robinson,WR,22.0,237.6,11.0
2002,00-0003292,K.Collins,QB,30.0,210.62,12.0
2002,00-0004541,D.Driver,WR,27.0,235.4,12.0
2002,00-0016098,F. Taylor,RB,26.0,247.4,12.0
2002,00-0002099,I. Bruce,WR,30.0,226.3,13.0
2002,00-0004304,C.Dillon,RB,28.0,241.9,13.0
2002,00-0008442,B.Johnson,QB,34.0,200.96,13.0
2002,00-0001361,D.Bledsoe,QB,30.0,193.46,14.0
2002,00-0010442,C.Martin,RB,29.0,238.6,14.0
2002,00-0011770,E.Moulds,WR,29.0,221.6,14.0
2002,00-0007091,M.Hasselbeck,QB,27.0,183.2,15.0
2002,00-0020514,M.Bennett,RB,24.0,231.7,15.0
2002,00-0020525,R.Gardner,WR,25.0,219.70000000000002,15.0
2002,00-0004640,W.Dunn,RB,27.0,228.4,16.0
2002,00-0008561,K.Johnson,WR,30.0,218.79999999999998,16.0
2002,00-0009311,J.Kitna,QB,30.0,176.82,16.0
2002,00-0005741,R. Gannon,QB,37.0,167.54,17.0
2002,00-0007180,G.Hearst,RB,31.0,226.9,17.0
2002,00-0020397,C.Johnson,WR,24.0,215.6,17.0
2002,00-0002110,M. Brunell,QB,32.0,167.2,18.0
2002,00-0013232,P.Price,WR,26.0,210.1,18.0
2002,00-0015698,J.Stewart,RB,31.0,217.4,18.0
2002,00-0008241,E.James,RB,24.0,211.29999999999998,19.0
2002,00-0010261,T.Maddox,QB,31.0,165.73999999999998,19.0
2002,00-0010500,D.Mason,WR,28.0,208.2,19.0
2002,00-0003535,T.Couch,QB,25.0,155.38,20.0
2002,00-0015218,J. Smith,WR,33.0,206.5,20.0
2002,00-0020471,T.Henry,RB,24.0,207.9,20.0
2002,00-0002068,T.Brown,WR,31.0,198.6,21.0
2002,00-0015091,A.Smith,RB,30.0,201.5,21.0
2002,00-0020608,D.Carr,QB,23.0,145.88,21.0
2002,00-0005779,C. Garner,RB,30.0,199.7,22.0
2002,00-0019721,T.Taylor,WR,23.0,194.4,22.0
2002,00-0020531,D.Brees,QB,23.0,142.7,22.0
2002,00-0005741,R.Gannon,QB,37.0,135.62,23.0
2002,00-0020427,Q.Morgan,WR,25.0,193.1,23.0
2002,00-0021179,C. Portis,RB,21.0,191.0,23.0
2002,00-0005720,J.Galloway,WR,31.0,188.9,24.0
2002,00-0013013,M.Pittman,RB,27.0,180.5,24.0
2002,00-0013042,J.Plummer,QB,28.0,129.28,24.0
2002,00-0003396,C.Conway,WR,31.0,185.5,25.0
2002,00-0012732,R.Peete,QB,36.0,124.6,25.0
2002,00-0019057,J.White,RB,24.0,173.2,25.0
2002,00-0001335,J.Blake,QB,32.0,123.96,26.0
2002,00-0018501,A.Zereoue,RB,26.0,172.3,26.0
2002,00-0019606,T.Pinkston,WR,25.0,180.3,26.0
2002,00-0015811,T.Streets,WR,25.0,177.6,27.0
2002,00-0017892,M.Williams,RB,28.0,159.5,27.0
2002,00-0019599,M. Bulger,QB,25.0,119.03999999999999,27.0
2002,00-0004052,S.Davis,RB,28.0,159.2,28.0
2002,00-0011276,J.Miller,QB,31.0,108.86,28.0
2002,00-0016440,J.Thrash,WR,27.0,174.1,28.0
2002,00-0012642,D.Patten,WR,28.0,174.0,29.0
2002,00-0015165,E.Smith,RB,33.0,150.4,29.0
2002,00-0021141,J.Harrington,QB,24.0,106.16,29.0
2002,00-0005231,B.Finneran,WR,26.0,173.79999999999998,30.0
2002,00-0006423,B.Griese,QB,27.0,94.26,30.0
2002,00-0015242,L.Smith,RB,32.0,148.4,30.0
2002,00-0005180,J. Fiedler,QB,31.0,89.3,31.0
2002,00-0020337,S.Smith,WR,23.0,170.8,31.0
2002,00-0021150,W.Green,RB,23.0,148.0,31.0
2002,00-0002962,W.Chrebet,WR,29.0,170.1,32.0
2002,00-0005779,C.Garner,RB,30.0,147.60000000000002,32.0
2002,00-0015700,K.Stewart,QB,30.0,87.3,32.0
2002,00-0010560,S.Matthews,QB,32.0,84.84,33.0
2002,00-0019663,D.Jackson,WR,24.0,170.0,33.0
2002,00-0020403,A.Thomas,RB,25.0,142.4,33.0
2002,00-0005091,K.Faulk,RB,26.0,142.0,34.0
2002,00-0006423,B. Griese,QB,27.0,81.0,34.0
2002,00-0011795,M.Muhammad,WR,29.0,167.3,34.0
2002,00-0000210,J.Allen,RB,27.0,133.3,35.0
2002,00-0008560,K.Johnson,WR,26.0,166.62,35.0
2002,00-0021379,P.Ramsey,QB,23.0,79.46000000000001,35.0
2002,00-0001215,J.Bettis,RB,30.0,131.3,36.0
2002,00-0010668,K.McCardell,WR,32.0,162.3,36.0
2002,00-0020308,M.McMahon,QB,23.0,74.26,36.0
2002,00-0009163,E. Kennison,WR,29.0,161.4,37.0
2002,00-0020404,Q.Carter,QB,25.0,73.7,37.0
2002,00-0021179,C.Portis,RB,21.0,125.2,37.0
2002,00-0019650,D.Northcutt,WR,25.0,158.5,38.0
2002,00-0020474,K.Barlow,RB,23.0,123.1,38.0
2002,00-0020562,C.Hutchinson,QB,25.0,65.6,38.0
2002,00-0010137,R. Lucas,QB,30.0,62.6,39.0
2002,00-0016373,D.Thompson,WR,25.0,158.0,39.0
2002,00-0019808,K.Watson,RB,24.0,122.69999999999999,39.0
2002,00-0019709,C.Redman,QB,25.0,60.16,40.0
2002,00-0020022,M.Shipp,RB,24.0,121.7,40.0
2002,00-0021191,A.Bryant,WR,21.0,153.3,40.0
2002,00-0001361,D. Bledsoe,QB,30.0,57.6,41.0
2002,00-0010240,S. Mack,RB,27.0,114.9,41.0
2002,00-0019455,P.Warrick,WR,25.0,151.8,41.0
2002,00-0001627,C.Bradford,WR,27.0,149.6,42.0
2002,00-0005180,J.Fiedler,QB,31.0,55.56,42.0
2002,00-0020700,J.Mungro,RB,24.0,98.7,42.0
2002,00-0007576,K.Holcomb,QB,29.0,54.5,43.0
2002,00-0021147,D.Stallworth,WR,22.0,149.6,43.0
2002,00-0021209,L. Gordon,RB,22.0,94.6,43.0
2002,00-0006043,T.Glenn,WR,28.0,147.7,44.0
2002,00-0010455,J. Martin,QB,32.0,53.24,44.0
2002,00-0019641,T.Jones,RB,24.0,90.4,44.0
2002,00-0000869,D.Bates,WR,27.0,142.9,45.0
2002,00-0013042,J. Plummer,QB,28.0,53.1,45.0
2002,00-0021376,T.Duckett,RB,21.0,89.8,45.0
2002,00-0020022,M. Shipp,RB,24.0,87.0,46.0
2002,00-0020305,A.Feeley,QB,25.0,53.04,46.0
2002,00-0020498,R.Wayne,WR,24.0,142.6,46.0
2002,00-0004293,T.Dilfer,QB,30.0,51.98,47.0
2002,00-0013639,J. Rice,WR,40.0,140.5,47.0
2002,00-0020376,D.Brown,RB,24.0,83.6,47.0
2002,00-0017200,K. Warner,QB,31.0,46.54,48.0
2002,00-0019660,D.White,WR,23.0,139.7,48.0
2002,00-0021223,J.Wells,RB,23.0,82.7,48.0
2002,00-0002876,C.Chandler,QB,37.0,46.12,49.0
2002,00-0005562,A.Freeman,WR,30.0,130.0,49.0
2002,00-0009829,D.Levens,RB,32.0,82.5,49.0
2002,00-0020462,L.Jordan,RB,24.0,78.6,50.0
2002,00-0020531,D. Brees,QB,23.0,45.66,50.0
2002,00-0021190,A.Randle El,WR,23.0,129.1,50.0
2002,00-0014489,B.Schroeder,WR,31.0,127.5,51.0
2002,00-0018333,D.Wuerffel,QB,28.0,34.36,51.0
2002,00-0020471,T. Henry,RB,24.0,77.8,51.0
2002,00-0017915,R.Williams,RB,25.0,75.9,52.0
2002,00-0020446,C. Chambers,WR,24.0,121.0,52.0
2002,00-0021231,D. Garrard,QB,24.0,33.14,52.0
2002,00-0001218,S.Beuerlein,QB,37.0,30.380000000000003,53.0
2002,00-0012637,J.Pathon,WR,27.0,119.3,53.0
2002,00-0019643,R.Dayne,RB,24.0,74.7,53.0
2002,00-0004915,B.Engram,WR,29.0,115.89999999999999,54.0
2002,00-0019087,D.Johnson,QB,25.0,27.520000000000003,54.0
2002,00-0019794,A.Cason,RB,23.0,70.5,54.0
2002,00-0006627,A.Hakim,WR,25.0,115.4,55.0
2002,00-0016193,V.Testaverde,QB,39.0,26.26,55.0
2002,00-0019516,T.Hambrick,RB,26.0,66.6,55.0
2002,00-0001218,S. Beuerlein,QB,37.0,25.52,56.0
2002,00-0008568,L.Johnson,RB,28.0,66.48,56.0
2002,00-0015290,R.Smith,WR,32.0,114.80000000000001,56.0
2002,00-0008612,R.Johnson,QB,29.0,24.740000000000002,57.0
2002,00-0013639,J.Rice,WR,40.0,114.6,57.0
2002,00-0020964,T.Fisher,RB,23.0,63.3,57.0
2002,00-0004229,K.Detmer,QB,29.0,23.36,58.0
2002,00-0020494,S.Moss,WR,23.0,114.1,58.0
2002,00-0021184,L.Betts,RB,23.0,62.1,58.0
2002,00-0002110,M.Brunell,QB,32.0,19.02,59.0
2002,00-0004673,T.Dwight,WR,27.0,113.6,59.0
2002,00-0017486,T. Wheatley,RB,30.0,58.6,59.0
2002,00-0013268,R. Proehl,WR,34.0,113.6,60.0
2002,00-0019623,T.Rattay,QB,25.0,17.28,60.0
2002,00-0021031,J.Simon,RB,24.0,58.5,60.0
2002,00-0019764,H.Burris,QB,27.0,16.68,61.0
2002,00-0020583,M. Boerigter,WR,24.0,110.0,61.0
2002,00-0021314,C.Taylor,RB,23.0,53.1,61.0
2002,00-0003663,Z. Crockett,RB,30.0,53.099999999999994,62.0
2002,00-0004694,K.Dyson,WR,27.0,108.6,62.0
2002,00-0005589,G.Frerotte,QB,31.0,13.68,62.0
2002,00-0002058,T. Brown,WR,36.0,108.3,63.0
2002,00-0012726,D.Pederson,QB,34.0,9.26,63.0
2002,00-0019594,M.Anderson,RB,29.0,52.5,63.0
2002,00-0001098,B.Bennett,RB,29.0,50.400000000000006,64.0
2002,00-0003315,T. Collins,QB,31.0,7.62,64.0
2002,00-0008059,Q.Ismail,WR,32.0,108.2,64.0
2002,00-0015290,R. Smith,WR,32.0,105.8,65.0
2002,00-0019614,M.Wiley,RB,24.0,50.2,65.0
2002,00-0021254,R.Fasani,QB,24.0,5.739999999999999,65.0
2002,00-0004161,J.Delhomme,QB,27.0,4.32,66.0
2002,00-0009288,T.Kirby,RB,32.0,47.599999999999994,66.0
2002,00-0021192,D.Branch,WR,23.0,103.9,66.0
2002,00-0008962,J.Jurevicius,WR,28.0,103.3,67.0
2002,00-0009266,S.King,QB,25.0,3.7,67.0
2002,00-0019831,N.Goings,RB,24.0,45.9,67.0
2002,00-0005363,D.Flutie,QB,40.0,3.16,68.0
2002,00-0019594,M. Anderson,RB,29.0,42.8,68.0
2002,00-0021163,J.Gaffney,WR,22.0,102.86,68.0
2002,00-0013262,S.Pritchett,RB,29.0,41.7,69.0
2002,00-0014384,C.Sauter,QB,28.0,3.16,69.0
2002,00-0014729,B. Shaw,WR,29.0,98.7,69.0
2002,00-0005816,O.Gary,RB,27.0,39.8,70.0
2002,00-0010650,E.McCaffrey,WR,34.0,97.7,70.0
2002,00-0021254,R.Fasani (3rd QB),QB,24.0,2.6,70.0
2002,00-0001545,T.Bouman,QB,30.0,2.3,71.0
2002,00-0020438,T.Houshmandzadeh,WR,25.0,96.2,71.0
2002,00-0021216,B.Westbrook,RB,23.0,37.9,71.0
2002,00-0020126,T.Woodbury,QB,24.0,2.3,72.0
2002,00-0020849,C.Stackhouse,RB,22.0,37.8,72.0
2002,00-0021175,A.Davis,WR,23.0,95.6,72.0
2002,00-0019703,J. Porter,WR,24.0,95.3,73.0
2002,00-0020434,C.Weinke,QB,30.0,2.0999999999999996,73.0
2002,00-0020536,L. Tomlinson,RB,23.0,36.2,73.0
2002,00-0010974,J. McKnight,WR,30.0,94.4,74.0
2002,00-0015082,A.Smith,QB,27.0,1.18,74.0
2002,00-0015601,A.Stecker,RB,27.0,35.3,74.0
2002,00-0005324,T.Fletcher,RB,29.0,35.0,75.0
2002,00-0019539,D. Hall,WR,24.0,93.6,75.0
2002,00-0020483,J.Palmer,QB,24.0,0.9,75.0
2002,00-0003136,M. Cloud,RB,27.0,34.3,76.0
2002,00-0012261,N.O'Donnell,QB,36.0,0.66,76.0
2002,00-0019976,D.Bennett,WR,24.0,92.8,76.0
2002,00-0001532,D.Boston,WR,24.0,92.10000000000001,77.0
2002,00-0007835,D.Huard,QB,29.0,0.4,77.0
2002,00-0018588,A.Ricard,RB,25.0,33.8,77.0
2002,00-0003557,S. Covington,QB,26.0,0.28,78.0
2002,00-0010747,F.McCrary,RB,30.0,31.8,78.0
2002,00-0019708,R.Dugans,WR,25.0,89.10000000000001,78.0
2002,00-0014328,F.Sanders,WR,29.0,88.2,79.0
2002,00-0016838,A. Van Pelt,QB,32.0,0.2,79.0
2002,00-0021357,R.Cartwright,RB,23.0,31.3,79.0
2002,00-0011727,J. Morton,WR,31.0,87.1,80.0
2002,00-0013338,J. Quinn  (3rd QB),QB,27.0,-0.1,80.0
2002,00-0021252,N.Davenport,RB,23.0,30.700000000000003,80.0
2002,00-0010137,R.Lucas,QB,30.0,-0.2,81.0
2002,00-0017896,N.Luchey,RB,25.0,29.5,81.0
2002,00-0019703,J.Porter,WR,24.0,83.1,81.0
2002,00-0004774,R. Edwards,RB,28.0,27.0,82.0
2002,00-0019670,T.Gaylor,WR,25.0,81.5,82.0
2002,00-0021238,R.Davey,QB,23.0,-0.28,82.0
2002,00-0002058,T.Brown,WR,36.0,79.6,83.0
2002,00-0004774,R.Edwards,RB,28.0,26.3,83.0
2002,00-0020405,M.Tuiasosopo,QB,23.0,-0.3,83.0
2002,00-0007468,I.Hilliard,WR,26.0,78.3,84.0
2002,00-0019576,M.Green,RB,26.0,25.799999999999997,84.0
2002,00-0020480,S. Rosenfels,QB,24.0,-0.9,84.0
2002,00-0010436,C.Martin,RB,27.0,25.2,85.0
2002,00-0021166,J.Reed,WR,22.0,76.0,85.0
2002,00-0021206,J. McCown,QB,23.0,-1.3599999999999999,85.0
2002,00-0010650,E. McCaffrey,WR,34.0,73.8,86.0
2002,00-0021182,M.Morris,RB,23.0,24.8,86.0
2002,00-0013512,Ja.Reed,WR,35.0,73.0,87.0
2002,00-0017218,L.Warren,RB,29.0,22.4,87.0
2002,00-0015754,B.Stokley,WR,26.0,72.8,88.0
2002,00-0016098,F.Taylor,RB,26.0,21.8,88.0
2002,00-0008313,S.Jefferson,WR,33.0,72.4,89.0
2002,00-0019534,R.Mealey,RB,25.0,21.1,89.0
2002,00-0002380,S. Bush,RB,28.0,20.9,90.0
2002,00-0015751,J.Stokes,WR,30.0,71.2,90.0
2002,00-0019662,R.Dixon,WR,26.0,69.7,91.0
2002,00-0021306,A.Peterson,RB,23.0,20.9,91.0
2002,00-0020173,J.Fenderson,RB,26.0,20.3,92.0
2002,00-0020428,R.Ferguson,WR,23.0,69.3,92.0
2002,00-0011770,E. Moulds,WR,29.0,68.3,93.0
2002,00-0019590,C.Morton,RB,25.0,17.7,93.0
2002,00-0019673,P.Smith,RB,24.0,17.3,94.0
2002,00-0021152,A.Lelie,WR,22.0,65.2,94.0
2002,00-0013888,M.Robinson,WR,27.0,63.4,95.0
2002,00-0020448,T. Minor,RB,23.0,17.3,95.0
2002,00-0020315,D. Blaylock,RB,23.0,16.9,96.0
2002,00-0020370,S.Anderson,WR,23.0,63.2,96.0
2002,00-0002380,S.Bush,RB,28.0,16.2,97.0
2002,00-0010007,K.Lockett,WR,28.0,63.06,97.0
2002,00-0020381,J.McCareins,WR,24.0,62.9,98.0
2002,00-0020407,Ru.Johnson,RB,23.0,16.1,98.0
2002,00-0019610,R. Droughns,RB,24.0,16.0,99.0
2002,00-0021153,J.Walker,WR,24.0,60.0,99.0
2002,00-0010747,F. McCrary,RB,30.0,15.899999999999999,100.0
2002,00-0013232,P. Price,WR,26.0,59.8,100.0
2002,00-0008357,M.Jenkins,WR,27.0,58.6,101.0
2002,00-0021253,J.Baxter,RB,23.0,15.7,101.0
2002,00-0003344,G.Comella,RB,27.0,15.0,102.0
2002,00-0020464,D.McCants,WR,24.0,57.5,102.0
2002,00-0005620,C.Fuamatu-Ma'afala,RB,25.0,14.7,103.0
2002,00-0010539,T.Mathis,WR,35.0,56.8,103.0
2002,00-0007546,J. Hodgins,RB,25.0,14.4,104.0
2002,00-0008210,W.Jackson,WR,31.0,54.7,104.0
2002,00-0017486,T.Wheatley,RB,30.0,14.4,105.0
2002,00-0020256,K.Kasper,WR,25.0,52.9,105.0
2002,00-0004386,C.Doering,WR,29.0,51.2,106.0
2002,00-0005816,O. Gary,RB,27.0,13.7,106.0
2002,00-0014544,D.Scott,WR,30.0,51.2,107.0
2002,00-0021048,D.Anderson,RB,23.0,13.1,107.0
2002,00-0020448,T.Minor,RB,23.0,12.7,108.0
2002,00-0020754,K.Campbell,WR,22.0,49.7,108.0
2002,00-0019461,J.Dawson,WR,25.0,49.6,109.0
2002,00-0020739,R.Williams,RB,24.0,12.5,109.0
2002,00-0003700,G.Crowell,WR,26.0,48.1,110.0
2002,00-0011399,B.Mitchell,RB,34.0,12.280000000000001,110.0
2002,00-0008921,R.Jordan,RB,32.0,11.3,111.0
2002,00-0019600,M.Lewis,WR,31.0,45.5,111.0
2002,00-0021087,O. Easy,RB,25.0,11.3,112.0
2002,00-0021176,R.Caldwell,WR,23.0,44.6,112.0
2002,00-0019649,T. Canidate,RB,25.0,9.9,113.0
2002,00-0020340,Q.McCord,WR,24.0,42.3,113.0
2002,00-0019552,T.Walters,WR,26.0,40.00000000000001,114.0
2002,00-0020430,J.Jackson,RB,26.0,9.3,114.0
2002,00-0019712,D.Chapman,RB,25.0,8.899999999999999,115.0
2002,00-0020513,D.Terrell,WR,23.0,39.7,115.0
2002,00-0001112,S.Bennett,RB,25.0,8.7,116.0
2002,00-0021152,A. Lelie,WR,22.0,38.3,116.0
2002,00-0020391,J.Cook,RB,23.0,8.299999999999999,117.0
2002,00-0020452,C.Wilson,WR,24.0,37.599999999999994,117.0
2002,00-0007144,D.Hayes,WR,27.0,37.3,118.0
2002,00-0020820,J.Chatman,RB,23.0,7.8999999999999995,118.0
2002,00-0017110,C.Walsh,WR,34.0,37.2,119.0
2002,00-0019484,S.Morris,RB,25.0,7.8,119.0
2002,00-0002469,I.Byrd,WR,28.0,36.4,120.0
2002,00-0019610,R.Droughns,RB,24.0,7.3999999999999995,120.0
2002,00-0019725,R.Cooper,RB,27.0,7.1,121.0
2002,00-0020425,K.Rambo,WR,24.0,35.1,121.0
2002,00-0003663,Z.Crockett,RB,30.0,6.7,122.0
2002,00-0021094,J. McAddley,WR,23.0,33.7,122.0
2002,00-0013958,C.Rogers,RB,26.0,6.0,123.0
2002,00-0021094,J.McAddley,WR,23.0,33.5,123.0
2002,00-0000145,D.Alexander,WR,31.0,33.4,124.0
2002,00-0020973,W.Dantzler,RB,23.0,6.0,124.0
2002,00-0002159,S.Bryson,RB,26.0,5.4,125.0
2002,00-0021242,R.Johnson,WR,22.0,33.4,125.0
2002,00-0020094,S.Trejo,RB,25.0,3.3,126.0
2002,00-0020446,C.Chambers,WR,24.0,30.2,126.0
2002,00-0006208,J.Graham,RB,27.0,2.9,127.0
2002,00-0008598,P. Johnson,WR,26.0,30.0,127.0
2002,00-0019533,P.Pass,RB,25.0,2.7,128.0
2002,00-0020021,N. Poole,WR,25.0,29.8,128.0
2002,00-0017470,M.Westbrook,WR,30.0,29.500000000000004,129.0
2002,00-0019722,J.Redmond,RB,25.0,2.7,129.0
2002,00-0015152,D.Smith,RB,28.0,2.4,130.0
2002,00-0017160,D. Ward,WR,28.0,29.2,130.0
2002,00-0011506,J.Montgomery,RB,26.0,2.0,131.0
2002,00-0019231,L.Foster,WR,26.0,29.2,131.0
2002,00-0005668,O. Gadsden,WR,31.0,28.3,132.0
2002,00-0019466,C.Keaton,RB,26.0,1.9,132.0
2002,00-0004673,T. Dwight,WR,27.0,27.5,133.0
2002,00-0008391,T.Jervey,RB,30.0,1.7000000000000002,133.0
2002,00-0020564,D.Joyce,RB,24.0,1.7000000000000002,134.0
2002,00-0020904,E.Parker,WR,23.0,27.200000000000003,134.0
2002,00-0004780,T.Edwards,WR,25.0,27.1,135.0
2002,00-0020805,J.McKie,RB,22.0,1.7,135.0
2002,00-0010240,S.Mack,RB,27.0,1.6,136.0
2002,00-0017847,K.Williams,WR,31.0,26.2,136.0
2002,00-0020479,G.Layne,RB,24.0,1.6,137.0
2002,00-0021175,Andre' Davis,WR,23.0,26.1,137.0
2002,00-0021353,D.Givens,WR,22.0,24.2,138.0
2002,00-0021386,T.Stephens,RB,24.0,1.6,138.0
2002,00-0006777,K.Hankton,WR,32.0,23.2,139.0
2002,00-0020820,J. Chatman,RB,23.0,1.4,139.0
2002,00-0010632,F.McAfee,RB,34.0,1.1,140.0
2002,00-0020904,E. Parker,WR,23.0,22.6,140.0
2002,00-0019510,A.Merritt,WR,25.0,22.5,141.0
2002,00-0020917,J.Burns,RB,23.0,0.7,141.0
2002,00-0019484,S. Morris,RB,25.0,0.5,142.0
2002,00-0020497,F.Mitchell,WR,24.0,22.5,142.0
2002,00-0007969,R.Huntley,RB,30.0,0.4,143.0
2002,00-0021166,J. Reed,WR,22.0,21.900000000000002,143.0
2002,00-0004200,A.Denson,RB,26.0,0.2,144.0
2002,00-0015980,R.Swinton,WR,27.0,21.6,144.0
2002,00-0006331,J.Green,WR,26.0,21.3,145.0
2002,00-0019453,R.Smart,RB,25.0,0.2,145.0
2002,00-0000007,R.Abdullah,RB,27.0,0.0,146.0
2002,00-0019543,D.Farmer,WR,25.0,20.5,146.0
2002,00-0002713,T.Carter,RB,30.0,0.0,147.0
2002,00-0015218,J.Smith,WR,33.0,20.4,147.0
2002,00-0007447,M. Hill,RB,26.0,0.0,148.0
2002,00-0019491,J.Williams,WR,24.0,18.9,148.0
2002,00-0004780,T. Edwards,WR,25.0,18.700000000000003,149.0
2002,00-0008196,T.Jackson,RB,26.0,0.0,149.0
2002,00-0008921,R. Jordan,RB,32.0,0.0,150.0
2002,00-0020984,R.Hymes,WR,23.0,18.299999999999997,150.0
2002,00-0010951,D. McKinley,RB,26.0,0.0,151.0
2002,00-0021176,R. Caldwell,WR,23.0,17.9,151.0
2002,00-0010951,D.McKinley,RB,26.0,0.0,152.0
2002,00-0021330,Daryl Jones,WR,23.0,17.4,152.0
2002,00-0013958,C. Rogers,RB,26.0,0.0,153.0
2002,00-0019547,A.Black,WR,25.0,17.2,153.0
2002,00-0015970,J.Swift,WR,27.0,16.3,154.0
2002,00-0017239,D.Washington,RB,25.0,0.0,154.0
2002,00-0018977,M.Smith,RB,26.0,0.0,155.0
2002,00-0019109,S.Montgomery,WR,24.0,15.2,155.0
2002,00-0019025,R.Jenkins,RB,25.0,0.0,156.0
2002,00-0020018,A.Jackson,WR,25.0,15.2,156.0
2002,00-0002721,C. Carter,WR,37.0,14.5,157.0
2002,00-0019134,J. Goodspeed,RB,24.0,0.0,157.0
2002,00-0017697,T. Wilkins,WR,27.0,13.7,158.0
2002,00-0019134,J.Goodspeed,RB,24.0,0.0,158.0
2002,00-0019382,K.Coleman,RB,24.0,0.0,159.0
2002,00-0020692,E.Drummond,WR,22.0,11.5,159.0
2002,00-0015959,K.Swayne,WR,27.0,10.8,160.0
2002,00-0019473,D.Dyer,RB,25.0,0.0,160.0
2002,00-0005668,O.Gadsden,WR,31.0,10.5,161.0
2002,00-0019826,R.Bowers,RB,28.0,0.0,161.0
2002,00-0014729,B.Shaw,WR,29.0,9.8,162.0
2002,00-0019889,E. Joseph,RB,24.0,0.0,162.0
2002,00-0019889,E.Joseph,RB,24.0,0.0,163.0
2002,00-0021313,J.Hunter,WR,22.0,9.4,163.0
2002,00-0020206,J.Wofford,RB,24.0,0.0,164.0
2002,00-0020415,A.King,WR,29.0,9.1,164.0
2002,00-0008598,P.Johnson,WR,26.0,8.8,165.0
2002,00-0020424,D.Combs,RB,23.0,0.0,165.0
2002,00-0020487,D. Alexander,RB,24.0,0.0,166.0
2002,00-0021174,T.Carter,WR,23.0,8.5,166.0
2002,00-0011854,Y. Murphy,WR,29.0,7.3,167.0
2002,00-0020587,J.Robertson,RB,25.0,0.0,167.0
2002,00-0017160,D.Ward,WR,28.0,7.0,168.0
2002,00-0020988,J. Julien,RB,23.0,0.0,168.0
2002,00-0009869,J.Lewis,WR,28.0,6.9,169.0
2002,00-0021048,D. Anderson,RB,23.0,0.0,169.0
2002,00-0002068,Tro.Brown,WR,31.0,6.8,170.0
2002,00-0021063,J.Soliday,WR,24.0,6.4,171.0
2002,00-0000598,K.Bailey,WR,25.0,5.6,172.0
2002,00-0000765,R.Barlow,WR,29.0,5.3,173.0
2002,00-0002721,C.Carter,WR,37.0,4.1,174.0
2002,00-0020484,C.James,WR,23.0,3.9,175.0
2002,00-0018981,M.Knight,WR,24.0,3.8000000000000003,176.0
2002,00-0008454,C. Johnson,WR,30.0,3.7,177.0
2002,00-0008454,C.Johnson,WR,30.0,3.2,178.0
2002,00-0019454,R.Baker,WR,26.0,2.7,179.0
2002,00-0019109,S. Montgomery,WR,24.0,2.6,180.0
2002,00-0019302,B.Gilmore,WR,24.0,2.4,181.0
2002,00-0020485,E.Berlin,WR,24.0,2.4,182.0
2002,00-0019625,D.Haddad,WR,24.0,2.1,183.0
2002,00-0018981,M. Knight,WR,24.0,1.8,184.0
2002,00-0021121,A.Harris,WR,23.0,1.8,185.0
2002,00-0020780,F.Jackson,WR,23.0,1.6,186.0
2002,00-0021063,J. Soliday,WR,24.0,1.5,187.0
2002,00-0020272,M.Minnis,WR,25.0,1.4,188.0
2002,00-0010974,J.McKnight,WR,30.0,1.2,189.0
2002,00-0020676,N.Davis,WR,23.0,1.1,190.0
2002,00-0011151,E.Metcalf,WR,34.0,0.7,191.0
2002,00-0002942,D.Chiaverini,WR,25.0,0.0,192.0
2002,00-0003396,C. Conway,WR,31.0,0.0,193.0
2002,00-0004463,D.Douglas,WR,26.0,0.0,194.0
2002,00-0005932,D.Gibson,WR,27.0,0.0,195.0
2002,00-0007798,D.Howard,WR,32.0,0.0,196.0
2002,00-0011568,H.Moore,WR,33.0,0.0,197.0
2002,00-0012321,J.Ogden,WR,27.0,0.0,198.0
2002,00-0016837,T.Vanover,WR,28.0,0.0,199.0
2002,00-0017611,A. Whitted,WR,28.0,0.0,200.0
2002,00-0017611,A.Whitted,WR,28.0,0.0,201.0
2002,00-0019454,R. Baker,WR,26.0,0.0,202.0
2002,00-0019487,F.Murphy,WR,25.0,0.0,203.0
2002,00-0019745,A. Johnson,WR,25.0,0.0,204.0
2002,00-0019745,A.Johnson,WR,25.0,0.0,205.0
2002,00-0019779,J.Moses,WR,23.0,0.0,206.0
2002,00-0019902,J.Skaggs,WR,23.0,0.0,207.0
2002,00-0019975,J. Redmond,WR,25.0,0.0,208.0
2002,00-0020018,A. Jackson,WR,25.0,0.0,209.0
2002,00-0020062,J.Jordan,WR,24.0,0.0,210.0
2002,00-0020159,D.Dorris,WR,24.0,0.0,211.0
2002,00-0020256,K. Kasper,WR,25.0,0.0,212.0
2002,00-0020273,V.Sutherland,WR,24.0,0.0,213.0
2002,00-0020343,J.Carter,WR,23.0,0.0,214.0
2002,00-0020361,A.Bannister,WR,23.0,0.0,215.0
2002,00-0020387,M.Wynn,WR,24.0,0.0,216.0
2002,00-0020520,A.Bright,WR,25.0,0.0,217.0
2002,00-0020542,M. Ross,WR,26.0,0.0,218.0
2002,00-0020542,M.Ross,WR,26.0,0.0,219.0
2002,00-0021034,N.Black,WR,24.0,0.0,220.0
2002,00-0021093,H.Haygood,WR,25.0,0.0,221.0
2002,00-0021097,K.Hill,WR,23.0,0.0,222.0
2002,00-0021309,L.Mays,WR,24.0,0.0,223.0
2002,00-0021329,D.Hill,WR,23.0,0.0,224.0
2002,00-0021330,D.Jones,WR,23.0,0.0,225.0
2002,00-0021337,R.Curry,WR,23.0,0.0,226.0
2003,00-0003739,D. Culpepper,QB,26.0,273.36,1.0
2003,00-0007661,P. Holmes,RB,30.0,445.0,1.0
2003,00-0011754,R. Moss,WR,26.0,376.0,1.0
2003,00-0007681,T.Holt,WR,27.0,359.1,2.0
2003,00-0010346,P.Manning,QB,27.0,270.38,2.0
2003,00-0020536,L. Tomlinson,RB,24.0,443.84,2.0
2003,00-0006305,A.Green,RB,26.0,385.0,3.0
2003,00-0006355,T. Green,QB,33.0,251.85999999999999,3.0
2003,00-0020397,C.Johnson,WR,25.0,285.5,3.0
2003,00-0007091,M.Hasselbeck,QB,28.0,250.26,4.0
2003,00-0020527,D.McAllister,RB,25.0,324.7,4.0
2003,00-0022084,A.Boldin,WR,23.0,284.7,4.0
2003,00-0007024,M.Harrison,WR,31.0,277.5,5.0
2003,00-0011024,S.McNair,QB,30.0,243.04,5.0
2003,00-0019693,J.Lewis,RB,24.0,322.8,5.0
2003,00-0001823,A.Brooks,QB,27.0,230.14,6.0
2003,00-0010500,D.Mason,WR,29.0,274.4,6.0
2003,00-0019647,S.Alexander,RB,26.0,305.0,6.0
2003,00-0005755,J.Garcia,QB,33.0,226.26,7.0
2003,00-0016098,F.Taylor,RB,27.0,276.2,7.0
2003,00-0020337,S.Smith,WR,24.0,251.2,7.0
2003,00-0005106,B.Favre,QB,34.0,221.94,8.0
2003,00-0010668,K.McCardell,WR,33.0,247.9,8.0
2003,00-0017915,R.Williams,RB,26.0,272.3,8.0
2003,00-0008241,E.James,RB,25.0,265.9,9.0
2003,00-0009311,J.Kitna,QB,31.0,221.9,9.0
2003,00-0020494,S.Moss,WR,24.0,247.20000000000002,9.0
2003,00-0011022,D.McNabb,QB,27.0,219.12,10.0
2003,00-0012478,T.Owens,WR,30.0,244.0,10.0
2003,00-0017892,M. Williams,RB,29.0,249.9,10.0
2003,00-0000745,T.Barber,RB,28.0,244.6,11.0
2003,00-0018958,L.Coles,WR,26.0,242.3,11.0
2003,00-0019599,M.Bulger,QB,26.0,217.3,11.0
2003,00-0007744,J.Horn,WR,31.0,237.35999999999999,12.0
2003,00-0008442,B.Johnson,QB,35.0,216.14,12.0
2003,00-0021179,C.Portis,RB,22.0,244.2,12.0
2003,00-0019596,T.Brady,QB,26.0,215.1,13.0
2003,00-0019663,D.Jackson,WR,25.0,233.70000000000002,13.0
2003,00-0021979,D.Davis,RB,23.0,227.2,13.0
2003,00-0005092,M.Faulk,RB,30.0,221.8,14.0
2003,00-0020404,Q.Carter,QB,26.0,189.78,14.0
2003,00-0020446,C.Chambers,WR,25.0,227.3,14.0
2003,00-0004161,J.Delhomme,QB,28.0,171.06,15.0
2003,00-0013013,M.Pittman,RB,28.0,219.2,15.0
2003,00-0019455,P.Warrick,WR,26.0,225.6,15.0
2003,00-0004052,S.Davis,RB,29.0,216.29999999999998,16.0
2003,00-0013042,J.Plummer,QB,29.0,152.78,16.0
2003,00-0017162,H. Ward,WR,27.0,207.8,16.0
2003,00-0002099,I.Bruce,WR,31.0,201.44,17.0
2003,00-0020471,T.Henry,RB,25.0,212.7,17.0
2003,00-0022177,B.Leftwich,QB,23.0,147.56,17.0
2003,00-0003292,K.Collins,QB,31.0,141.3,18.0
2003,00-0016550,A.Toomer,WR,29.0,199.2,18.0
2003,00-0021216,B.Westbrook,RB,24.0,210.5,18.0
2003,00-0001335,J.Blake,QB,33.0,135.78,19.0
2003,00-0010442,C.Martin,RB,30.0,207.0,19.0
2003,00-0020498,R.Wayne,WR,25.0,193.8,19.0
2003,00-0001361,D.Bledsoe,QB,31.0,133.02,20.0
2003,00-0020474,K.Barlow,RB,24.0,202.1,20.0
2003,00-0022044,A.Johnson,WR,22.0,186.6,20.0
2003,00-0001532,D.Boston,WR,25.0,180.2,21.0
2003,00-0020407,Ru.Johnson,RB,24.0,186.3,21.0
2003,00-0021379,P.Ramsey,QB,24.0,130.96,21.0
2003,00-0005883,E.George,RB,30.0,171.4,22.0
2003,00-0010261,T. Maddox,QB,32.0,129.26,22.0
2003,00-0020490,K.Robinson,WR,23.0,178.1,22.0
2003,00-0004640,W.Dunn,RB,28.0,165.8,23.0
2003,00-0019559,C.Pennington,QB,27.0,127.76,23.0
2003,00-0020381,J.McCareins,WR,25.0,177.6,23.0
2003,00-0009163,E. Kennison,WR,30.0,170.3,24.0
2003,00-0021141,J.Harrington,QB,25.0,124.72,24.0
2003,00-0021376,T.Duckett,RB,22.0,160.3,24.0
2003,00-0005180,J.Fiedler,QB,32.0,123.02,25.0
2003,00-0013232,P.Price,WR,27.0,166.1,25.0
2003,00-0015523,D.Staley,RB,28.0,157.9,25.0
2003,00-0019516,T.Hambrick,RB,27.0,148.1,26.0
2003,00-0020608,D.Carr,QB,24.0,117.62,26.0
2003,00-0021153,J.Walker,WR,25.0,164.7,26.0
2003,00-0005091,K.Faulk,RB,27.0,147.8,27.0
2003,00-0006043,T.Glenn,WR,29.0,162.9,27.0
2003,00-0020531,D. Brees,QB,24.0,111.82,27.0
2003,00-0007180,G.Hearst,RB,32.0,142.9,28.0
2003,00-0015700,K.Stewart,QB,31.0,104.08,28.0
2003,00-0020525,R.Gardner,WR,26.0,158.84,28.0
2003,00-0002159,S.Bryson,RB,27.0,142.7,29.0
2003,00-0005363,D. Flutie,QB,41.0,92.67999999999999,29.0
2003,00-0015218,J.Smith,WR,34.0,158.5,29.0
2003,00-0004915,B.Engram,WR,30.0,158.0,30.0
2003,00-0019087,D.Johnson,QB,26.0,82.3,30.0
2003,00-0020403,A.Thomas,RB,26.0,142.2,30.0
2003,00-0011727,J. Morton,WR,32.0,157.4,31.0
2003,00-0016193,V.Testaverde,QB,40.0,80.7,31.0
2003,00-0020270,C.Buckhalter,RB,25.0,127.5,31.0
2003,00-0018272,A.Wright,QB,27.0,71.46,32.0
2003,00-0020022,M.Shipp,RB,25.0,125.4,32.0
2003,00-0021192,D.Branch,WR,24.0,156.4,32.0
2003,00-0005741,R.Gannon,QB,38.0,68.6,33.0
2003,00-0005779,C.Garner,RB,31.0,119.89999999999999,33.0
2003,00-0007468,I.Hilliard,WR,27.0,154.7,33.0
2003,00-0011795,M.Muhammad,WR,30.0,153.5,34.0
2003,00-0019641,T.Jones,RB,25.0,118.7,34.0
2003,00-0021206,J.McCown,QB,24.0,67.12,34.0
2003,00-0015811,T.Streets,WR,26.0,148.5,35.0
2003,00-0022138,O. Smith,RB,23.0,117.8,35.0
2003,00-0022164,K.Boller,QB,22.0,63.6,35.0
2003,00-0015091,A.Smith,RB,31.0,103.4,36.0
2003,00-0015290,R.Smith,WR,33.0,146.3,36.0
2003,00-0020245,M.Vick,QB,23.0,62.900000000000006,36.0
2003,00-0001215,J. Bettis,RB,31.0,101.3,37.0
2003,00-0014729,B.Shaw,WR,30.0,145.0,37.0
2003,00-0019623,T.Rattay,QB,26.0,58.24,37.0
2003,00-0005589,G. Frerotte,QB,32.0,53.4,38.0
2003,00-0008560,K.Johnson,WR,27.0,138.1,38.0
2003,00-0021357,R.Cartwright,RB,24.0,98.7,38.0
2003,00-0001477,M.Booker,WR,27.0,131.6,39.0
2003,00-0018501,A. Zereoue,RB,27.0,98.6,39.0
2003,00-0019816,T.Hasselbeck,QB,25.0,46.58,39.0
2003,00-0003535,T.Couch,QB,26.0,46.480000000000004,40.0
2003,00-0004541,D.Driver,WR,28.0,131.2,40.0
2003,00-0021164,D.Foster,RB,23.0,95.6,40.0
2003,00-0007576,K. Holcomb,QB,30.0,45.64,41.0
2003,00-0011770,E.Moulds,WR,30.0,128.5,41.0
2003,00-0019649,T.Canidate,RB,26.0,88.8,41.0
2003,00-0000722,T.Banks,QB,30.0,44.42,42.0
2003,00-0004304,C.Dillon,RB,29.0,84.2,42.0
2003,00-0019660,D.White,WR,24.0,126.60000000000001,42.0
2003,00-0010261,T.Maddox,QB,32.0,42.5,43.0
2003,00-0019721,T.Taylor,WR,24.0,126.39999999999999,43.0
2003,00-0020964,T.Fisher,RB,24.0,79.6,43.0
2003,00-0011378,R. Mirer,QB,33.0,42.14,44.0
2003,00-0019642,P. Burress,WR,26.0,125.2,44.0
2003,00-0021750,A.Harris,RB,23.0,74.7,44.0
2003,00-0002876,C.Chandler,QB,38.0,41.86,45.0
2003,00-0012637,J.Pathon,WR,28.0,123.8,45.0
2003,00-0019057,J. White,RB,25.0,74.1,45.0
2003,00-0008561,K.Johnson,WR,31.0,123.1,46.0
2003,00-0019041,B.Volek,QB,27.0,40.2,46.0
2003,00-0020514,M.Bennett,RB,25.0,73.9,46.0
2003,00-0003396,C.Conway,WR,32.0,122.0,47.0
2003,00-0007576,K.Holcomb,QB,30.0,38.94,47.0
2003,00-0021150,W.Green,RB,24.0,72.9,47.0
2003,00-0002110,M.Brunell,QB,33.0,35.26,48.0
2003,00-0021314,C.Taylor,RB,24.0,70.8,48.0
2003,00-0021353,D.Givens,WR,23.0,119.0,48.0
2003,00-0005816,O.Gary,RB,28.0,70.3,49.0
2003,00-0006423,B.Griese,QB,28.0,34.02,49.0
2003,00-0019539,D. Hall,WR,25.0,116.9,49.0
2003,00-0016440,J.Thrash,WR,28.0,116.1,50.0
2003,00-0021141,J. Harrington,QB,25.0,30.08,50.0
2003,00-0021184,L.Betts,RB,24.0,69.2,50.0
2003,00-0003535,T. Couch,QB,26.0,26.880000000000003,51.0
2003,00-0005720,J.Galloway,WR,32.0,115.4,51.0
2003,00-0019590,C.Morton,RB,26.0,68.3,51.0
2003,00-0002068,T.Brown,WR,32.0,113.9,52.0
2003,00-0020483,J.Palmer,QB,25.0,25.58,52.0
2003,00-0021179,C. Portis,RB,22.0,68.3,52.0
2003,00-0020428,R.Ferguson,WR,24.0,113.2,53.0
2003,00-0020739,R.Williams,RB,25.0,67.2,53.0
2003,00-0022121,R.Grossman,QB,23.0,22.14,53.0
2003,00-0011378,R.Mirer,QB,33.0,20.84,54.0
2003,00-0019242,D.Looker,WR,27.0,112.94,54.0
2003,00-0022057,L.Toefield,RB,23.0,64.98,54.0
2003,00-0012261,N.O'Donnell,QB,37.0,15.18,55.0
2003,00-0013888,M.Robinson,WR,28.0,112.1,55.0
2003,00-0019794,A.Cason,RB,24.0,64.68,55.0
2003,00-0013042,J. Plummer,QB,29.0,15.04,56.0
2003,00-0020462,L.Jordan,RB,25.0,64.1,56.0
2003,00-0021166,J.Reed,WR,23.0,110.89999999999999,56.0
2003,00-0001098,B.Bennett,RB,30.0,63.9,57.0
2003,00-0019976,D.Bennett,WR,25.0,106.96,57.0
2003,00-0021271,K.Kittner,QB,23.0,12.94,57.0
2003,00-0015165,E.Smith,RB,34.0,62.300000000000004,58.0
2003,00-0017200,K.Warner,QB,32.0,10.6,58.0
2003,00-0020754,K. Campbell,WR,23.0,106.3,58.0
2003,00-0001218,S. Beuerlein,QB,38.0,10.14,59.0
2003,00-0020315,D. Blaylock,RB,24.0,62.300000000000004,59.0
2003,00-0021191,A.Bryant,WR,22.0,106.0,59.0
2003,00-0009266,S.King,QB,26.0,9.2,60.0
2003,00-0019594,M.Anderson,RB,30.0,62.1,60.0
2003,00-0020464,D.McCants,WR,25.0,103.0,60.0
2003,00-0019606,T.Pinkston,WR,26.0,102.4,61.0
2003,00-0020405,M.Tuiasosopo,QB,24.0,9.16,61.0
2003,00-0022011,J.Griffith,RB,23.0,62.0,61.0
2003,00-0009007,D. Kanell,QB,30.0,8.16,62.0
2003,00-0020497,F.Mitchell,WR,25.0,101.8,62.0
2003,00-0021252,N.Davenport,RB,24.0,61.800000000000004,62.0
2003,00-0004780,T.Edwards,WR,26.0,100.8,63.0
2003,00-0009007,D.Kanell,QB,30.0,8.020000000000001,63.0
2003,00-0017486,T.Wheatley,RB,31.0,61.2,63.0
2003,00-0010240,S.Mack,RB,28.0,57.8,64.0
2003,00-0021152,A.Lelie,WR,23.0,100.7,64.0
2003,00-0021231,D.Garrard,QB,25.0,7.44,64.0
2003,00-0001545,T.Bouman,QB,31.0,7.340000000000001,65.0
2003,00-0019552,T.Walters,WR,27.0,100.2,65.0
2003,00-0020430,J. Jackson,RB,27.0,55.8,65.0
2003,00-0001627,C.Bradford,WR,28.0,94.0,66.0
2003,00-0003663,Z.Crockett,RB,31.0,53.3,66.0
2003,00-0022091,D.Ragone,QB,24.0,7.0,66.0
2003,00-0013639,J.Rice,WR,41.0,93.5,67.0
2003,00-0017486,T. Wheatley,RB,31.0,50.599999999999994,67.0
2003,00-0020480,S.Rosenfels,QB,25.0,5.9,67.0
2003,00-0019192,Tr.Brown,QB,26.0,4.9,68.0
2003,00-0020452,C.Wilson,WR,25.0,92.44,68.0
2003,00-0021209,L.Gordon,RB,23.0,49.699999999999996,68.0
2003,00-0001218,S.Beuerlein,QB,38.0,4.72,69.0
2003,00-0013262,S.Pritchett,RB,30.0,46.6,69.0
2003,00-0013268,R.Proehl,WR,35.0,89.9,69.0
2003,00-0002876,C. Chandler,QB,38.0,3.64,70.0
2003,00-0021147,D.Stallworth,WR,23.0,89.8,70.0
2003,00-0022095,Q.Griffin,RB,22.0,46.6,70.0
2003,00-0003315,T. Collins,QB,32.0,2.26,71.0
2003,00-0009829,D.Levens,RB,33.0,46.599999999999994,71.0
2003,00-0019505,C.Lee,WR,26.0,89.60000000000001,71.0
2003,00-0005779,C. Garner,RB,31.0,46.0,72.0
2003,00-0008612,R.Johnson,QB,30.0,2.16,72.0
2003,00-0021163,J.Gaffney,WR,23.0,87.5,72.0
2003,00-0003136,M.Cloud,RB,28.0,43.6,73.0
2003,00-0007834,B.Huard,QB,27.0,1.78,73.0
2003,00-0019650,D. Northcutt,WR,26.0,84.8,73.0
2003,00-0008612,R. Johnson,QB,30.0,1.66,74.0
2003,00-0021999,N. Burleson,WR,22.0,84.5,74.0
2003,00-0022180,L.Suggs,RB,23.0,40.900000000000006,74.0
2003,00-0019057,J.White,RB,25.0,38.8,75.0
2003,00-0019633,T. Martin,QB,25.0,1.56,75.0
2003,00-0021190,A. Randle El,WR,24.0,83.18,75.0
2003,00-0002058,T.Brown,WR,37.0,82.8,76.0
2003,00-0004229,K.Detmer,QB,30.0,1.28,76.0
2003,00-0020391,J.Cook,RB,24.0,37.9,76.0
2003,00-0021238,R.Davey,QB,24.0,1.24,77.0
2003,00-0021938,B.Forsey,RB,23.0,37.800000000000004,77.0
2003,00-0022156,B.Johnson,WR,22.0,82.8,77.0
2003,00-0001215,J.Bettis,RB,31.0,37.4,78.0
2003,00-0006627,A.Hakim,WR,26.0,82.64,78.0
2003,00-0022121,R. Grossman,QB,23.0,1.24,78.0
2003,00-0004293,T.Dilfer,QB,31.0,1.14,79.0
2003,00-0020513,D.Terrell,WR,24.0,79.0,79.0
2003,00-0021182,M.Morris,RB,24.0,37.1,79.0
2003,00-0000865,C. Batch,QB,29.0,0.98,80.0
2003,00-0010974,J.McKnight,WR,31.0,77.0,80.0
2003,00-0022092,C.Brown,RB,22.0,36.2,80.0
2003,00-0019831,N.Goings,RB,25.0,34.6,81.0
2003,00-0020308,M. McMahon,QB,24.0,0.84,81.0
2003,00-0022171,K.Washington,WR,24.0,76.39999999999999,81.0
2003,00-0005231,B.Finneran,WR,27.0,74.8,82.0
2003,00-0012732,R.Peete,QB,37.0,0.76,82.0
2003,00-0019863,D.Rhodes,RB,24.0,33.9,82.0
2003,00-0007546,J.Hodgins,RB,26.0,32.4,83.0
2003,00-0019682,J.Jackson,QB,26.0,0.54,83.0
2003,00-0022087,T.Calico,WR,23.0,74.2,83.0
2003,00-0015601,A.Stecker,RB,28.0,32.3,84.0
2003,00-0019650,D.Northcutt,WR,26.0,70.39999999999999,84.0
2003,00-0022112,G.Hamdan,QB,22.0,0.28,84.0
2003,00-0014489,B.Schroeder,WR,32.0,70.3,85.0
2003,00-0020448,T.Minor,RB,24.0,30.6,85.0
2003,00-0020562,C.Hutchinson,QB,26.0,0.02,85.0
2003,00-0012726,D.Pederson,QB,35.0,-0.06000000000000004,86.0
2003,00-0017162,H.Ward,WR,27.0,69.60000000000001,86.0
2003,00-0019484,S.Morris,RB,26.0,29.8,86.0
2003,00-0007835,D.Huard,QB,30.0,-0.1,87.0
2003,00-0018501,A.Zereoue,RB,27.0,27.7,87.0
2003,00-0022072,C.Rogers,WR,22.0,66.0,87.0
2003,00-0013639,J. Rice,WR,41.0,65.6,88.0
2003,00-0019610,R.Droughns,RB,25.0,25.5,88.0
2003,00-0020308,M.McMahon,QB,24.0,-0.16,88.0
2003,00-0015700,K. Stewart,QB,31.0,-0.36,89.0
2003,00-0020370,S.Anderson,WR,24.0,63.5,89.0
2003,00-0020917,J.Burns,RB,24.0,24.5,89.0
2003,00-0002380,S.Bush,RB,29.0,24.1,90.0
2003,00-0016838,A.Van Pelt,QB,33.0,-1.12,90.0
2003,00-0020904,E. Parker,WR,24.0,62.5,90.0
2003,00-0001361,D. Bledsoe,QB,31.0,-1.72,91.0
2003,00-0002159,S. Bryson,RB,27.0,23.9,91.0
2003,00-0002962,W.Chrebet,WR,30.0,61.9,91.0
2003,00-0016373,D.Thompson,WR,26.0,61.9,92.0
2003,00-0016838,A. Van Pelt,QB,33.0,-3.52,92.0
2003,00-0018588,A.Ricard,RB,26.0,23.1,92.0
2003,00-0015754,B.Stokley,WR,27.0,61.099999999999994,93.0
2003,00-0019709,C.Redman,QB,26.0,-5.279999999999999,93.0
2003,00-0020471,T. Henry,RB,25.0,22.4,93.0
2003,00-0005620,C.Fuamatu-Ma'afala,RB,26.0,21.6,94.0
2003,00-0021982,J.Gage,WR,22.0,60.8,94.0
2003,00-0020427,Q. Morgan,WR,26.0,58.2,95.0
2003,00-0020700,J.Mungro,RB,25.0,20.6,95.0
2003,00-0021175,A.Davis,WR,24.0,57.0,96.0
2003,00-0022093,J.Fargas,RB,23.0,20.5,96.0
2003,00-0020430,J.Jackson,RB,27.0,19.8,97.0
2003,00-0021174,T.Carter,WR,24.0,56.9,97.0
2003,00-0021175,An. Davis,WR,24.0,54.7,98.0
2003,00-0022006,A. Pinner,RB,25.0,18.9,98.0
2003,00-0020058,D.Allen,RB,25.0,18.8,99.0
2003,00-0021993,B.Johnson,WR,24.0,53.7,99.0
2003,00-0011869,A.Murrell,RB,33.0,17.9,100.0
2003,00-0021570,K. Osgood,WR,23.0,52.8,100.0
2003,00-0000552,O.Ayanbadejo,RB,28.0,17.099999999999998,101.0
2003,00-0019302,B.Gilmore,WR,25.0,50.3,101.0
2003,00-0021048,D.Anderson,RB,24.0,16.4,102.0
2003,00-0022097,B.Lloyd,WR,22.0,49.2,102.0
2003,00-0011399,B.Mitchell,RB,35.0,15.8,103.0
2003,00-0020427,Q.Morgan,WR,26.0,49.0,103.0
2003,00-0015290,R. Smith,WR,33.0,48.980000000000004,104.0
2003,00-0021976,L. Johnson,RB,24.0,15.7,104.0
2003,00-0002743,K.Carter,RB,30.0,15.3,105.0
2003,00-0007103,M.Hatchette,WR,29.0,47.3,105.0
2003,00-0019642,P.Burress,WR,26.0,44.1,106.0
2003,00-0022130,M.Smith,RB,21.0,15.1,106.0
2003,00-0004386,C. Doering,WR,30.0,44.0,107.0
2003,00-0019453,R.Smart,RB,26.0,15.0,107.0
2003,00-0004673,T. Dwight,WR,28.0,42.1,108.0
2003,00-0020587,J.Robertson,RB,26.0,13.6,108.0
2003,00-0003663,Z. Crockett,RB,31.0,13.5,109.0
2003,00-0006627,A. Hakim,WR,26.0,41.2,109.0
2003,00-0000007,R.Abdullah,RB,28.0,12.5,110.0
2003,00-0019703,J.Porter,WR,25.0,41.0,110.0
2003,00-0019281,M.Furrey,WR,26.0,39.4,111.0
2003,00-0020820,J. Chatman,RB,24.0,12.1,111.0
2003,00-0019600,M.Lewis,WR,32.0,38.8,112.0
2003,00-0022174,E.Bickerstaff,RB,23.0,11.6,112.0
2003,00-0008598,P.Johnson,WR,27.0,38.0,113.0
2003,00-0019594,M. Anderson,RB,30.0,10.9,113.0
2003,00-0002058,T. Brown,WR,37.0,36.9,114.0
2003,00-0022116,T.Hollings,RB,22.0,10.7,114.0
2003,00-0000541,J. Avery,RB,27.0,10.399999999999999,115.0
2003,00-0020021,N.Poole,WR,26.0,36.7,115.0
2003,00-0019673,P. Smith,RB,25.0,10.0,116.0
2003,00-0021927,D.Tyree,WR,23.0,36.2,116.0
2003,00-0000869,D. Bates,WR,28.0,36.1,117.0
2003,00-0021528,A.Cobourne,RB,24.0,9.7,117.0
2003,00-0010650,E.McCaffrey,WR,35.0,35.9,118.0
2003,00-0020849,C.Stackhouse,RB,23.0,9.0,118.0
2003,00-0008962,J.Jurevicius,WR,29.0,35.8,119.0
2003,00-0019533,P.Pass,RB,26.0,8.8,119.0
2003,00-0020403,A. Thomas,RB,26.0,8.8,120.0
2003,00-0021460,C.Hankton,WR,22.0,33.6,120.0
2003,00-0014328,F.Sanders,WR,30.0,31.0,121.0
2003,00-0021306,A.Peterson,RB,24.0,8.5,121.0
2003,00-0015751,J.Stokes,WR,31.0,30.4,122.0
2003,00-0020973,W.Dantzler,RB,24.0,8.1,122.0
2003,00-0005562,A.Freeman,WR,31.0,28.1,123.0
2003,00-0021098,J.Scobey,RB,24.0,7.9,123.0
2003,00-0015242,L.Smith,RB,33.0,7.300000000000001,124.0
2003,00-0019703,J. Porter,WR,25.0,28.099999999999998,124.0
2003,00-0019826,R. Bowers,RB,29.0,7.2,125.0
2003,00-0019905,J.Farris,WR,25.0,28.0,125.0
2003,00-0019484,S. Morris,RB,26.0,7.199999999999999,126.0
2003,00-0020583,M. Boerigter,WR,25.0,26.8,126.0
2003,00-0017611,A.Whitted,WR,29.0,26.2,127.0
2003,00-0021031,J.Simon,RB,25.0,6.0,127.0
2003,00-0019610,R. Droughns,RB,25.0,5.6,128.0
2003,00-0020343,J.Carter,WR,24.0,25.3,128.0
2003,00-0020564,D.Joyce,RB,25.0,5.6,129.0
2003,00-0022144,B.Wade,WR,22.0,24.1,129.0
2003,00-0017160,D.Ward,WR,29.0,23.6,130.0
2003,00-0021581,S.McCullough,RB,23.0,5.2,130.0
2003,00-0012642,D.Patten,WR,29.0,23.4,131.0
2003,00-0019712,D. Chapman,RB,26.0,5.1000000000000005,131.0
2003,00-0020340,Q.McCord,WR,25.0,21.3,132.0
2003,00-0021223,J.Wells,RB,24.0,5.1,132.0
2003,00-0009869,J.Lewis,WR,29.0,20.6,133.0
2003,00-0021087,O. Easy,RB,26.0,4.9,133.0
2003,00-0017847,K.Williams,WR,32.0,20.6,134.0
2003,00-0020173,J.Fenderson,RB,27.0,4.8999999999999995,134.0
2003,00-0000007,R. Abdullah,RB,28.0,4.7,135.0
2003,00-0020415,A. King,WR,30.0,20.6,135.0
2003,00-0019722,J. Redmond,RB,26.0,4.6,136.0
2003,00-0021406,D.Armstrong,WR,24.0,20.5,136.0
2003,00-0015980,R.Swinton,WR,28.0,19.9,137.0
2003,00-0021387,J.Martin,RB,23.0,3.5999999999999996,137.0
2003,00-0010747,F.McCrary,RB,31.0,3.5,138.0
2003,00-0021176,R. Caldwell,WR,24.0,19.9,138.0
2003,00-0021166,J. Reed,WR,23.0,19.7,139.0
2003,00-0021845,C.Sapp,RB,25.0,3.1,139.0
2003,00-0001532,D. Boston,WR,25.0,19.6,140.0
2003,00-0020479,G.Layne,RB,25.0,2.8,140.0
2003,00-0008568,L. Johnson,RB,29.0,2.6,141.0
2003,00-0011770,E. Moulds,WR,30.0,19.5,141.0
2003,00-0014489,B. Schroeder,WR,32.0,17.4,142.0
2003,00-0017896,N.Luchey,RB,26.0,2.5,142.0
2003,00-0021509,R.Mahe,RB,23.0,1.5,143.0
2003,00-0021780,A.Moorehead,WR,23.0,17.1,143.0
2003,00-0010632,F.McAfee,RB,35.0,1.3,144.0
2003,00-0021190,A.Randle El,WR,24.0,16.96,144.0
2003,00-0020094,S. Trejo,RB,26.0,1.2,145.0
2003,00-0021981,S.McDonald,WR,22.0,16.900000000000002,145.0
2003,00-0013262,S. Pritchett,RB,30.0,1.0,146.0
2003,00-0020030,D.Gilliam,WR,26.0,15.5,146.0
2003,00-0020786,K.Simonton,RB,24.0,0.4,147.0
2003,00-0021508,G.Lewis,WR,23.0,15.5,147.0
2003,00-0003344,G.Comella,RB,28.0,0.0,148.0
2003,00-0021152,A. Lelie,WR,23.0,15.399999999999999,148.0
2003,00-0001477,M. Booker,WR,27.0,15.2,149.0
2003,00-0008196,T.Jackson,RB,27.0,0.0,149.0
2003,00-0008391,T.Jervey,RB,31.0,0.0,150.0
2003,00-0021028,C.Coleman,WR,23.0,14.9,150.0
2003,00-0013958,C.Rogers,RB,27.0,0.0,151.0
2003,00-0020361,A.Bannister,WR,24.0,14.8,151.0
2003,00-0015152,D.Smith,RB,29.0,0.0,152.0
2003,00-0022124,T.Jacobs,WR,22.0,12.700000000000001,152.0
2003,00-0010007,K.Lockett,WR,29.0,12.600000000000001,153.0
2003,00-0019025,R.Jenkins,RB,26.0,0.0,153.0
2003,00-0015980,R. Swinton,WR,28.0,12.2,154.0
2003,00-0019134,J.Goodspeed,RB,25.0,0.0,154.0
2003,00-0019673,P.Smith,RB,25.0,0.0,155.0
2003,00-0021175,Andre' Davis,WR,24.0,12.2,155.0
2003,00-0019808,K.Watson,RB,25.0,0.0,156.0
2003,00-0020485,E.Berlin,WR,25.0,12.0,156.0
2003,00-0008313,S.Jefferson,WR,34.0,10.9,157.0
2003,00-0020094,S.Trejo,RB,26.0,0.0,157.0
2003,00-0015959,K.Swayne,WR,28.0,10.899999999999999,158.0
2003,00-0020376,D.Brown,RB,25.0,0.0,158.0
2003,00-0020424,D.Combs,RB,24.0,0.0,159.0
2003,00-0021923,W.Ponder,WR,23.0,10.5,159.0
2003,00-0000765,R.Barlow,WR,30.0,9.700000000000001,160.0
2003,00-0020805,J.McKie,RB,23.0,0.0,160.0
2003,00-0019975,J.Redmond,WR,26.0,9.7,161.0
2003,00-0020917,J. Burns,RB,24.0,0.0,161.0
2003,00-0021094,J.McAddley,WR,24.0,9.3,162.0
2003,00-0021305,L.Ned,RB,25.0,0.0,162.0
2003,00-0005668,O.Gadsden,WR,32.0,8.8,163.0
2003,00-0021311,B.Allen,RB,23.0,0.0,163.0
2003,00-0019510,A.Merritt,WR,26.0,8.0,164.0
2003,00-0021423,R.Jackson,RB,25.0,0.0,164.0
2003,00-0020794,E.Shepherd,WR,23.0,7.8,165.0
2003,00-0021431,J.Reynolds,RB,24.0,0.0,165.0
2003,00-0021563,N.Maddox,RB,23.0,0.0,166.0
2003,00-0022024,Z.Smith,WR,23.0,7.6,166.0
2003,00-0021102,K.Newson,WR,23.0,7.5,167.0
2003,00-0021848,D.Hicks,RB,22.0,0.0,167.0
2003,00-0021337,R.Curry,WR,24.0,7.0,168.0
2003,00-0021936,A. Pinnock,RB,23.0,0.0,168.0
2003,00-0019661,C.Cole,WR,26.0,6.6,169.0
2003,00-0021747,K.Carter,RB,23.0,-0.2,169.0
2003,00-0020513,D. Terrell,WR,24.0,6.5,170.0
2003,00-0021175,A. Davis,WR,24.0,6.5,171.0
2003,00-0014729,B. Shaw,WR,30.0,6.199999999999999,172.0
2003,00-0020692,E.Drummond,WR,23.0,6.1,173.0
2003,00-0022102,D. Gabriel,WR,23.0,6.0,174.0
2003,00-0022111,T.Gardner,WR,23.0,5.9,175.0
2003,00-0021915,S.Aiken,WR,23.0,5.699999999999999,176.0
2003,00-0021973,D. Kircus,WR,23.0,5.699999999999999,177.0
2003,00-0022001,K.Curtis,WR,25.0,5.3,178.0
2003,00-0020780,F.Jackson,WR,24.0,4.9,179.0
2003,00-0021931,K.Walter,WR,22.0,4.8,180.0
2003,00-0006777,K.Hankton,WR,33.0,4.7,181.0
2003,00-0004386,C.Doering,WR,30.0,4.0,182.0
2003,00-0004694,K.Dyson,WR,28.0,3.5,183.0
2003,00-0022032,K. Howry,WR,22.0,3.5,184.0
2003,00-0020415,A.King,WR,30.0,3.2,185.0
2003,00-0021212,C.Russell,WR,24.0,3.0,186.0
2003,00-0022144,B. Wade,WR,22.0,3.0,187.0
2003,00-0020256,K.Kasper,WR,26.0,2.9,188.0
2003,00-0022102,D.Gabriel,WR,23.0,2.7,189.0
2003,00-0010650,E. McCaffrey,WR,35.0,2.6,190.0
2003,00-0021973,D.Kircus,WR,23.0,2.6,191.0
2003,00-0021921,A.Madise,WR,23.0,2.5,192.0
2003,00-0021242,R.Johnson,WR,23.0,2.2,193.0
2003,00-0021437,T.Edwards,WR,24.0,2.0,194.0
2003,00-0021309,L. Mays,WR,25.0,1.9,195.0
2003,00-0021309,L.Mays,WR,25.0,1.8,196.0
2003,00-0019231,L.Foster,WR,27.0,1.7,197.0
2003,00-0020735,D.Lewis,WR,28.0,1.7,198.0
2003,00-0021425,A.Brown,WR,25.0,1.7,199.0
2003,00-0021921,A. Madise,WR,23.0,1.5,200.0
2003,00-0022064,A.Battle,WR,23.0,1.4,201.0
2003,00-0008560,K. Johnson,WR,27.0,1.3,202.0
2003,00-0021969,B.Pyatt,WR,23.0,1.2,203.0
2003,00-0022135,B.McMullen,WR,23.0,1.2,204.0
2003,00-0017611,A. Whitted,WR,29.0,1.1,205.0
2003,00-0021337,R. Curry,WR,24.0,1.1,206.0
2003,00-0019661,C. Cole,WR,26.0,0.8,207.0
2003,00-0021915,S. Aiken,WR,23.0,0.8,208.0
2003,00-0000872,M.Bates,WR,34.0,0.0,209.0
2003,00-0008109,C.Jackson,WR,28.0,0.0,210.0
2003,00-0011641,S.Morey,WR,27.0,0.0,211.0
2003,00-0017697,T.Wilkins,WR,28.0,0.0,212.0
2003,00-0018996,A.Bruce,WR,26.0,0.0,213.0
2003,00-0019510,A. Merritt,WR,26.0,0.0,214.0
2003,00-0019745,A.Johnson,WR,26.0,0.0,215.0
2003,00-0019779,J.Moses,WR,24.0,0.0,216.0
2003,00-0019890,K. Clark,WR,25.0,0.0,217.0
2003,00-0019997,A.Chatman,WR,24.0,0.0,218.0
2003,00-0020062,J.Jordan,WR,25.0,0.0,219.0
2003,00-0020542,M.Ross,WR,27.0,0.0,220.0
2003,00-0020676,N.Davis,WR,24.0,0.0,221.0
2003,00-0020692,E. Drummond,WR,23.0,0.0,222.0
2003,00-0021028,C. Coleman,WR,23.0,0.0,223.0
2003,00-0021264,J.Schifino,WR,24.0,0.0,224.0
2003,00-0021283,S.Simmons,WR,24.0,0.0,225.0
2003,00-0021329,D.Hill,WR,24.0,0.0,226.0
2003,00-0021425,A. Brown,WR,25.0,0.0,227.0
2003,00-0021565,G.Mattos,WR,22.0,0.0,228.0
2003,00-0021588,L.Ward,WR,23.0,0.0,229.0
2003,00-0021886,W.Young,WR,24.0,0.0,230.0
2003,00-0021930,L.Dunbar,WR,23.0,0.0,231.0
2004,00-0000745,T.Barber,RB,29.0,347.6,1.0
2004,00-0003739,D.Culpepper,QB,27.0,373.28000000000003,1.0
2004,00-0011795,M.Muhammad,WR,31.0,329.0,1.0
2004,00-0007744,J.Horn,WR,32.0,301.9,2.0
2004,00-0010346,P.Manning,QB,28.0,360.08,2.0
2004,00-0020536,L.Tomlinson,RB,25.0,334.12,2.0
2004,00-0011022,D.McNabb,QB,28.0,291.1,3.0
2004,00-0019647,S.Alexander,RB,27.0,322.8,3.0
2004,00-0021153,J.Walker,WR,26.0,295.0,3.0
2004,00-0006355,T.Green,QB,34.0,260.06,4.0
2004,00-0007681,T.Holt,WR,28.0,289.2,4.0
2004,00-0021979,D.Davis,RB,24.0,322.6,4.0
2004,00-0007024,M.Harrison,WR,32.0,285.3,5.0
2004,00-0010442,C.Martin,RB,31.0,319.2,5.0
2004,00-0013042,J.Plummer,QB,30.0,257.06,5.0
2004,00-0005106,B.Favre,QB,35.0,255.04000000000002,6.0
2004,00-0008241,E.James,RB,26.0,306.1,6.0
2004,00-0020397,C.Johnson,WR,26.0,280.3,6.0
2004,00-0004161,J.Delhomme,QB,29.0,248.54,7.0
2004,00-0012478,T.Owens,WR,31.0,278.5,7.0
2004,00-0021216,B.Westbrook,RB,25.0,276.1,7.0
2004,00-0001823,A.Brooks,QB,28.0,247.4,8.0
2004,00-0004304,C.Dillon,RB,30.0,260.8,8.0
2004,00-0019976,D.Bennett,WR,26.0,276.94,8.0
2004,00-0020498,R.Wayne,WR,26.0,269.6,9.0
2004,00-0020531,D.Brees,QB,25.0,243.66,9.0
2004,00-0021179,C.Portis,RB,23.0,233.6,9.0
2004,00-0004541,D.Driver,WR,29.0,257.2,10.0
2004,00-0019599,M.Bulger,QB,27.0,235.46,10.0
2004,00-0019641,T.Jones,RB,26.0,233.5,10.0
2004,00-0010500,D.Mason,WR,30.0,254.5,11.0
2004,00-0019596,T.Brady,QB,27.0,224.4,11.0
2004,00-0020407,R.Johnson,RB,25.0,233.1,11.0
2004,00-0006305,A.Green,RB,27.0,228.6,12.0
2004,00-0019663,D.Jackson,WR,26.0,249.7,12.0
2004,00-0020245,M.Vick,QB,24.0,218.72,12.0
2004,00-0002099,I.Bruce,WR,32.0,246.2,13.0
2004,00-0007091,M.Hasselbeck,QB,29.0,211.0,13.0
2004,00-0022178,W.McGahee,RB,23.0,225.7,13.0
2004,00-0019610,R.Droughns,RB,26.0,222.1,14.0
2004,00-0020608,D.Carr,QB,25.0,203.86,14.0
2004,00-0022725,M.Clayton,WR,22.0,244.3,14.0
2004,00-0013013,M.Pittman,RB,29.0,220.7,15.0
2004,00-0015290,R.Smith,WR,34.0,238.7,15.0
2004,00-0022177,B.Leftwich,QB,24.0,190.74,15.0
2004,00-0004640,W.Dunn,RB,29.0,218.9,16.0
2004,00-0021141,J.Harrington,QB,26.0,187.38,16.0
2004,00-0021999,N.Burleson,WR,23.0,235.5,16.0
2004,00-0003292,K.Collins,QB,32.0,181.3,17.0
2004,00-0007661,P.Holmes,RB,31.0,212.9,17.0
2004,00-0015754,B.Stokley,WR,28.0,233.7,17.0
2004,00-0016193,V.Testaverde,QB,41.0,173.48,18.0
2004,00-0020527,D.McAllister,RB,26.0,210.2,18.0
2004,00-0022044,A.Johnson,WR,23.0,228.4,18.0
2004,00-0015218,J.Smith,WR,35.0,225.2,19.0
2004,00-0016098,F.Taylor,RB,28.0,206.9,19.0
2004,00-0019559,C.Pennington,QB,28.0,167.52,19.0
2004,00-0011770,E.Moulds,WR,31.0,222.2,20.0
2004,00-0019831,N.Goings,RB,26.0,206.5,20.0
2004,00-0022924,B.Roethlisberger,QB,22.0,167.24,20.0
2004,00-0001361,D.Bledsoe,QB,32.0,160.48,21.0
2004,00-0009163,E.Kennison,WR,31.0,220.1,21.0
2004,00-0022782,K.Jones,RB,22.0,193.3,21.0
2004,00-0001215,J.Bettis,RB,32.0,187.1,22.0
2004,00-0006423,B.Griese,QB,29.0,159.58,22.0
2004,00-0019703,J.Porter,WR,26.0,213.4,22.0
2004,00-0005092,M.Faulk,RB,31.0,184.4,23.0
2004,00-0017162,H.Ward,WR,28.0,212.9,23.0
2004,00-0019041,B.Volek,QB,28.0,159.3,23.0
2004,00-0020446,C.Chambers,WR,26.0,208.4,24.0
2004,00-0020474,K.Barlow,RB,25.0,176.4,24.0
2004,00-0021429,C.Palmer,QB,25.0,158.57999999999998,24.0
2004,00-0015165,E.Smith,RB,35.0,176.04,25.0
2004,00-0021152,A.Lelie,WR,24.0,204.9,25.0
2004,00-0022164,K.Boller,QB,23.0,145.26,25.0
2004,00-0008561,K.Johnson,WR,32.0,201.4,26.0
2004,00-0021206,J.McCown,QB,25.0,140.14000000000001,26.0
2004,00-0021976,L.Johnson,RB,25.0,173.9,26.0
2004,00-0005755,J.Garcia,QB,34.0,108.14,27.0
2004,00-0011754,R.Moss,WR,27.0,201.18,27.0
2004,00-0022092,C.Brown,RB,23.0,169.4,27.0
2004,00-0019623,T.Rattay,QB,27.0,106.25999999999999,28.0
2004,00-0019693,J.Lewis,RB,25.0,164.2,28.0
2004,00-0020438,T.Houshmandzadeh,WR,27.0,199.9,28.0
2004,00-0017200,K.Warner,QB,33.0,99.16,29.0
2004,00-0020315,D.Blaylock,RB,25.0,157.3,29.0
2004,00-0022910,L.Evans,WR,23.0,192.8,29.0
2004,00-0018958,L.Coles,WR,27.0,188.7,30.0
2004,00-0020305,A.Feeley,QB,27.0,91.02,30.0
2004,00-0022138,O.Smith,RB,24.0,153.8,30.0
2004,00-0021379,P.Ramsey,QB,25.0,84.5,31.0
2004,00-0022840,J.Jones,RB,23.0,145.8,31.0
2004,00-0022921,L.Fitzgerald,WR,21.0,185.4,31.0
2004,00-0011024,S.McNair,QB,31.0,82.52,32.0
2004,00-0021314,C.Taylor,RB,25.0,129.8,32.0
2004,00-0022909,R.Williams,WR,23.0,181.79999999999998,32.0
2004,00-0002110,M.Brunell,QB,34.0,65.96000000000001,33.0
2004,00-0021147,D.Stallworth,WR,24.0,168.4,33.0
2004,00-0022736,S.Jackson,RB,21.0,129.2,33.0
2004,00-0005180,J.Fiedler,QB,33.0,57.34,34.0
2004,00-0012642,D.Patten,WR,30.0,166.5,34.0
2004,00-0018501,A.Zereoue,RB,28.0,125.89999999999999,34.0
2004,00-0021191,A.Bryant,WR,23.0,161.2,35.0
2004,00-0022039,K.Dorsey,QB,23.0,49.94,35.0
2004,00-0022180,L.Suggs,RB,24.0,124.19999999999999,35.0
2004,00-0019484,S.Morris,RB,27.0,122.7,36.0
2004,00-0021353,D.Givens,WR,24.0,161.2,36.0
2004,00-0022803,E.Manning,QB,23.0,49.22,36.0
2004,00-0007576,K.Holcomb,QB,31.0,47.28000000000001,37.0
2004,00-0013888,M.Robinson,WR,29.0,160.7,37.0
2004,00-0015091,A.Smith,RB,32.0,111.8,37.0
2004,00-0020494,S.Moss,WR,25.0,160.6,38.0
2004,00-0020562,C.Hutchinson,QB,27.0,39.52,38.0
2004,00-0020964,T.Fisher,RB,25.0,104.42,38.0
2004,00-0002159,S.Bryson,RB,28.0,100.6,39.0
2004,00-0009311,J.Kitna,QB,32.0,39.120000000000005,39.0
2004,00-0020381,J.McCareins,WR,26.0,156.5,39.0
2004,00-0008442,B.Johnson,QB,36.0,35.260000000000005,40.0
2004,00-0011727,J.Morton,WR,33.0,154.8,40.0
2004,00-0021376,T.Duckett,RB,23.0,99.4,40.0
2004,00-0015523,D.Staley,RB,29.0,96.5,41.0
2004,00-0021231,D.Garrard,QB,26.0,34.56,41.0
2004,00-0021337,R.Curry,WR,25.0,153.6,41.0
2004,00-0005091,K.Faulk,RB,28.0,92.3,42.0
2004,00-0020404,Q.Carter,QB,27.0,31.92,42.0
2004,00-0022726,K.Colbert,WR,22.0,152.4,42.0
2004,00-0005741,R.Gannon,QB,39.0,31.56,43.0
2004,00-0019650,D.Northcutt,WR,27.0,149.5,43.0
2004,00-0021150,W.Green,RB,25.0,88.89999999999999,43.0
2004,00-0005363,D.Flutie,QB,42.0,30.94,44.0
2004,00-0020525,R.Gardner,WR,27.0,146.7,44.0
2004,00-0022217,M.Moore,RB,22.0,88.7,44.0
2004,00-0015601,A.Stecker,RB,29.0,86.8,45.0
2004,00-0020904,E.Parker,WR,25.0,143.3,45.0
2004,00-0022864,L.McCown,QB,23.0,30.82,45.0
2004,00-0017892,M.Williams,RB,30.0,84.4,46.0
2004,00-0021277,C.Nall,QB,25.0,29.26,46.0
2004,00-0022097,B.Lloyd,WR,23.0,137.5,46.0
2004,00-0019642,P.Burress,WR,27.0,134.8,47.0
2004,00-0020462,L.Jordan,RB,26.0,84.1,47.0
2004,00-0022121,R.Grossman,QB,24.0,29.08,47.0
2004,00-0009829,D.Levens,RB,34.0,83.2,48.0
2004,00-0020452,C.Wilson,WR,26.0,129.7,48.0
2004,00-0022818,C.Krenzel,QB,23.0,22.82,48.0
2004,00-0005883,E.George,RB,31.0,82.5,49.0
2004,00-0013232,P.Price,WR,28.0,124.9,49.0
2004,00-0013338,J.Quinn,QB,29.0,18.02,49.0
2004,00-0009266,S.King,QB,27.0,17.08,50.0
2004,00-0020514,M.Bennett,RB,26.0,81.3,50.0
2004,00-0021190,A.Randle El,WR,25.0,124.9,50.0
2004,00-0016550,A.Toomer,WR,30.0,123.7,51.0
2004,00-0020403,A.Thomas,RB,27.0,80.6,51.0
2004,00-0022744,J.Sorgi,QB,24.0,14.5,51.0
2004,00-0017486,T.Wheatley,RB,32.0,79.5,52.0
2004,00-0022005,C.Simms,QB,24.0,14.08,52.0
2004,00-0022084,A.Boldin,WR,24.0,122.6,52.0
2004,00-0001477,M.Booker,WR,28.0,120.92,53.0
2004,00-0004293,T.Dilfer,QB,32.0,12.719999999999999,53.0
2004,00-0021223,J.Wells,RB,25.0,78.8,53.0
2004,00-0020448,T.Minor,RB,25.0,78.0,54.0
2004,00-0021163,J.Gaffney,WR,24.0,117.2,54.0
2004,00-0022787,M.Schaub,QB,23.0,11.760000000000002,54.0
2004,00-0010261,T.Maddox,QB,33.0,10.66,55.0
2004,00-0020513,D.Terrell,WR,25.0,116.9,55.0
2004,00-0020797,M.Hicks,RB,26.0,73.60000000000001,55.0
2004,00-0000552,O.Ayanbadejo,RB,29.0,72.3,56.0
2004,00-0002876,C.Chandler,QB,39.0,8.600000000000001,56.0
2004,00-0005720,J.Galloway,WR,33.0,112.5,56.0
2004,00-0019606,T.Pinkston,WR,27.0,109.6,57.0
2004,00-0020480,S.Rosenfels,QB,26.0,8.56,57.0
2004,00-0021184,L.Betts,RB,25.0,68.9,57.0
2004,00-0010455,J.Martin,QB,34.0,7.52,58.0
2004,00-0022156,B.Johnson,WR,23.0,108.1,58.0
2004,00-0022893,T.Bell,RB,23.0,68.6,58.0
2004,00-0001335,J.Blake,QB,34.0,5.640000000000001,59.0
2004,00-0004780,T.Edwards,WR,27.0,105.5,59.0
2004,00-0019722,J.Redmond,RB,27.0,65.2,59.0
2004,00-0010560,S.Matthews,QB,34.0,5.46,60.0
2004,00-0021192,D.Branch,WR,25.0,104.4,60.0
2004,00-0022057,L.Toefield,RB,24.0,64.0,60.0
2004,00-0019533,P.Pass,RB,27.0,63.6,61.0
2004,00-0021981,S.McDonald,WR,23.0,104.4,61.0
2004,00-0022942,P.Rivers,QB,23.0,4.819999999999999,61.0
2004,00-0006627,A.Hakim,WR,27.0,102.3,62.0
2004,00-0019808,K.Watson,RB,26.0,61.9,62.0
2004,00-0022181,D.Henson,QB,24.0,3.8200000000000003,62.0
2004,00-0020308,M.McMahon,QB,25.0,2.88,63.0
2004,00-0020820,J.Chatman,RB,25.0,60.9,63.0
2004,00-0022102,D.Gabriel,WR,24.0,100.8,63.0
2004,00-0003396,C.Conway,WR,33.0,98.3,64.0
2004,00-0022095,Q.Griffin,RB,23.0,59.900000000000006,64.0
2004,00-0022827,J.Navarre,QB,24.0,2.72,64.0
2004,00-0003663,Z.Crockett,RB,32.0,59.9,65.0
2004,00-0012637,J.Pathon,WR,29.0,96.1,65.0
2004,00-0022026,B.Bollinger,QB,25.0,2.6,65.0
2004,00-0004915,B.Engram,WR,31.0,95.9,66.0
2004,00-0019087,D.Johnson,QB,27.0,2.52,66.0
2004,00-0021252,N.Davenport,RB,25.0,55.2,66.0
2004,00-0012726,D.Pederson,QB,36.0,2.3,67.0
2004,00-0021164,D.Foster,RB,24.0,54.099999999999994,67.0
2004,00-0022144,B.Wade,WR,23.0,95.7,67.0
2004,00-0003315,T.Collins,QB,33.0,2.08,68.0
2004,00-0007468,I.Hilliard,WR,28.0,94.1,68.0
2004,00-0022011,J.Griffith,RB,24.0,53.9,68.0
2004,00-0020490,K.Robinson,WR,24.0,92.8,69.0
2004,00-0021238,R.Davey,QB,25.0,2.06,69.0
2004,00-0022825,T.Fleming,RB,24.0,51.4,69.0
2004,00-0004229,K.Detmer,QB,31.0,1.58,70.0
2004,00-0013639,J.Rice,WR,42.0,90.9,70.0
2004,00-0022006,A.Pinner,RB,26.0,47.6,70.0
2004,00-0000722,T.Banks,QB,31.0,0.64,71.0
2004,00-0020427,Q.Morgan,WR,27.0,89.7,71.0
2004,00-0020471,T.Henry,RB,26.0,47.1,71.0
2004,00-0012732,R.Peete,QB,38.0,0.02,72.0
2004,00-0021098,J.Scobey,RB,25.0,46.0,72.0
2004,00-0022001,K.Curtis,WR,26.0,88.5,72.0
2004,00-0005589,G.Frerotte,QB,33.0,0.0,73.0
2004,00-0019516,T.Hambrick,RB,28.0,45.9,73.0
2004,00-0022171,K.Washington,WR,25.0,86.7,73.0
2004,00-0001627,C.Bradford,WR,29.0,84.9,74.0
2004,00-0008196,T.Jackson,RB,28.0,43.0,74.0
2004,00-0015700,K.Stewart,QB,32.0,-0.1,74.0
2004,00-0013268,R.Proehl,WR,36.0,84.6,75.0
2004,00-0019863,D.Rhodes,RB,25.0,39.800000000000004,75.0
2004,00-0021296,J.O'Sullivan,QB,25.0,-0.2,75.0
2004,00-0016373,D.Thompson,WR,27.0,82.9,76.0
2004,00-0021509,R.Mahe,RB,24.0,35.4,76.0
2004,00-0022101,B.St. Pierre,QB,25.0,-0.3,76.0
2004,00-0019660,D.White,WR,25.0,80.39999999999999,77.0
2004,00-0022093,J.Fargas,RB,24.0,34.4,77.0
2004,00-0022912,J.Losman,QB,23.0,-1.2199999999999998,77.0
2004,00-0021260,K.Johnson,RB,26.0,33.6,78.0
2004,00-0022731,C.Pickett,QB,24.0,-1.3,78.0
2004,00-0022826,C.Moore,WR,22.0,79.3,78.0
2004,00-0022538,S.Williams,RB,24.0,33.6,79.0
2004,00-0022751,D.Watts,WR,23.0,78.8,79.0
2004,00-0002962,W.Chrebet,WR,31.0,76.7,80.0
2004,00-0020805,J.McKie,RB,24.0,32.1,80.0
2004,00-0010668,K.McCardell,WR,34.0,76.6,81.0
2004,00-0020700,J.Mungro,RB,26.0,30.5,81.0
2004,00-0003136,M.Cloud,RB,29.0,28.3,82.0
2004,00-0021406,D.Armstrong,WR,25.0,76.5,82.0
2004,00-0008560,K.Johnson,WR,28.0,76.3,83.0
2004,00-0021182,M.Morris,RB,25.0,26.9,83.0
2004,00-0006043,T.Glenn,WR,30.0,75.7,84.0
2004,00-0021209,L.Gordon,RB,24.0,26.799999999999997,84.0
2004,00-0005779,C.Garner,RB,32.0,26.3,85.0
2004,00-0019721,T.Taylor,WR,25.0,74.1,85.0
2004,00-0008962,J.Jurevicius,WR,30.0,72.3,86.0
2004,00-0019643,R.Dayne,RB,26.0,25.599999999999998,86.0
2004,00-0019134,J.Goodspeed,RB,26.0,24.7,87.0
2004,00-0020497,F.Mitchell,WR,26.0,71.7,87.0
2004,00-0021176,R.Caldwell,WR,25.0,71.5,88.0
2004,00-0022250,W.Parker,RB,24.0,23.2,88.0
2004,00-0020984,R.Hymes,WR,25.0,70.3,89.0
2004,00-0022449,B.Sams,RB,24.0,21.1,89.0
2004,00-0020428,R.Ferguson,WR,25.0,68.7,90.0
2004,00-0021673,R.Lee,RB,24.0,20.2,90.0
2004,00-0005620,C.Fuamatu-Ma'afala,RB,27.0,18.8,91.0
2004,00-0019539,D.Hall,WR,26.0,65.6,91.0
2004,00-0015811,T.Streets,WR,27.0,62.0,92.0
2004,00-0018588,A.Ricard,RB,27.0,18.5,92.0
2004,00-0007180,G.Hearst,RB,33.0,18.1,93.0
2004,00-0022889,R.Williams,WR,21.0,61.8,93.0
2004,00-0020391,J.Cook,RB,25.0,17.4,94.0
2004,00-0022901,E.Wilford,WR,25.0,60.099999999999994,94.0
2004,00-0020587,J.Robertson,RB,27.0,16.5,95.0
2004,00-0020754,K.Campbell,WR,24.0,59.8,95.0
2004,00-0005231,B.Finneran,WR,28.0,58.8,96.0
2004,00-0019057,J.White,RB,26.0,16.3,96.0
2004,00-0020430,J.Jackson,RB,28.0,16.3,97.0
2004,00-0021570,K.Osgood,WR,24.0,57.8,97.0
2004,00-0021175,Andre' Davis,WR,25.0,56.3,98.0
2004,00-0021343,L.Henry,RB,26.0,15.599999999999998,98.0
2004,00-0004052,S.Davis,RB,30.0,14.399999999999999,99.0
2004,00-0019997,A.Chatman,WR,25.0,56.2,99.0
2004,00-0020485,E.Berlin,WR,26.0,53.8,100.0
2004,00-0021750,A.Harris,RB,24.0,14.399999999999999,100.0
2004,00-0022116,T.Hollings,RB,23.0,14.3,101.0
2004,00-0022807,B.Berrian,WR,24.0,52.3,101.0
2004,00-0002058,T.Brown,WR,38.0,48.0,102.0
2004,00-0022821,M.Turner,RB,22.0,13.2,102.0
2004,00-0017611,A.Whitted,WR,30.0,45.7,103.0
2004,00-0022384,L.Croom,RB,23.0,11.2,103.0
2004,00-0013262,S.Pritchett,RB,31.0,10.3,104.0
2004,00-0015980,R.Swinton,WR,29.0,45.6,104.0
2004,00-0019302,B.Gilmore,WR,26.0,41.6,105.0
2004,00-0022130,M.Smith,RB,22.0,9.899999999999999,105.0
2004,00-0000007,R.Abdullah,RB,29.0,9.200000000000001,106.0
2004,00-0002068,T.Brown,WR,33.0,41.4,106.0
2004,00-0002380,S.Bush,RB,30.0,9.0,107.0
2004,00-0021993,B.Johnson,WR,25.0,40.2,107.0
2004,00-0020917,J.Burns,RB,25.0,9.0,108.0
2004,00-0021424,C.Horn,WR,27.0,40.0,108.0
2004,00-0020793,E.McCoo,RB,24.0,8.9,109.0
2004,00-0021174,T.Carter,WR,25.0,38.5,109.0
2004,00-0016440,J.Thrash,WR,29.0,37.3,110.0
2004,00-0021936,A.Pinnock,RB,24.0,8.2,110.0
2004,00-0001098,B.Bennett,RB,31.0,7.7,111.0
2004,00-0021508,G.Lewis,WR,24.0,36.9,111.0
2004,00-0017847,K.Williams,WR,33.0,36.3,112.0
2004,00-0020094,S.Trejo,RB,27.0,7.7,112.0
2004,00-0022124,T.Jacobs,WR,23.0,35.2,113.0
2004,00-0022797,T.Tapeh,RB,24.0,7.699999999999999,113.0
2004,00-0019505,C.Lee,WR,27.0,33.7,114.0
2004,00-0021755,E.Graham,RB,24.0,7.3,114.0
2004,00-0020343,J.Carter,WR,25.0,33.3,115.0
2004,00-0021306,A.Peterson,RB,25.0,6.9,115.0
2004,00-0017896,N.Luchey,RB,27.0,6.4,116.0
2004,00-0022766,P.Crayton,WR,25.0,32.2,116.0
2004,00-0021927,D.Tyree,WR,24.0,31.5,117.0
2004,00-0022926,C.Perry,RB,23.0,6.4,117.0
2004,00-0020780,F.Jackson,WR,25.0,30.2,118.0
2004,00-0022770,D.Ward,RB,24.0,6.0,118.0
2004,00-0019242,D.Looker,WR,28.0,29.3,119.0
2004,00-0022883,A.Echemandu,RB,24.0,6.0,119.0
2004,00-0021460,C.Hankton,WR,23.0,29.1,120.0
2004,00-0021810,I.Smart,RB,24.0,5.6,120.0
2004,00-0021387,J.Martin,RB,24.0,5.5,121.0
2004,00-0022892,R.Woods,WR,24.0,29.0,121.0
2004,00-0010632,F.McAfee,RB,36.0,5.3999999999999995,122.0
2004,00-0022064,A.Battle,WR,24.0,28.799999999999997,122.0
2004,00-0021938,B.Forsey,RB,24.0,5.300000000000001,123.0
2004,00-0022754,S.Parker,WR,23.0,28.7,123.0
2004,00-0014489,B.Schroeder,WR,33.0,28.6,124.0
2004,00-0022363,J.Harris,RB,24.0,5.3,124.0
2004,00-0010747,F.McCrary,RB,32.0,4.3,125.0
2004,00-0021982,J.Gage,WR,23.0,27.6,125.0
2004,00-0019600,M.Lewis,WR,33.0,26.7,126.0
2004,00-0020046,W.Williams,RB,27.0,4.2,126.0
2004,00-0021845,C.Sapp,RB,26.0,3.2,127.0
2004,00-0021915,S.Aiken,WR,24.0,25.799999999999997,127.0
2004,00-0019455,P.Warrick,WR,27.0,25.1,128.0
2004,00-0022872,C.Cobbs,RB,23.0,3.0,128.0
2004,00-0020058,D.Allen,RB,26.0,2.8,129.0
2004,00-0020692,E.Drummond,WR,24.0,24.9,129.0
2004,00-0020479,G.Layne,RB,26.0,2.8,130.0
2004,00-0021309,L.Mays,WR,26.0,22.7,130.0
2004,00-0004673,T.Dwight,WR,29.0,22.5,131.0
2004,00-0022224,V.King,RB,24.0,2.7,131.0
2004,00-0003344,G.Comella,RB,29.0,2.2,132.0
2004,00-0021647,J.Urban,WR,24.0,21.7,132.0
2004,00-0019453,R.Smart,RB,27.0,1.9,133.0
2004,00-0022388,T.Copper,WR,22.0,21.3,133.0
2004,00-0021305,L.Ned,RB,26.0,1.9,134.0
2004,00-0022679,J.Taylor,WR,23.0,19.8,134.0
2004,00-0002743,K.Carter,RB,31.0,1.7,135.0
2004,00-0022781,M.Jenkins,WR,22.0,19.1,135.0
2004,00-0021166,J.Reed,WR,24.0,18.2,136.0
2004,00-0021747,K.Carter,RB,24.0,1.5,136.0
2004,00-0021253,J.Baxter,RB,25.0,1.4,137.0
2004,00-0022811,J.Cotchery,WR,22.0,18.0,137.0
2004,00-0021973,D.Kircus,WR,24.0,15.8,138.0
2004,00-0022464,D.Easlick,RB,24.0,1.4,138.0
2004,00-0020073,J.Isom,RB,27.0,1.1,139.0
2004,00-0021931,K.Walter,WR,23.0,14.7,139.0
2004,00-0022288,J.Wright,RB,22.0,1.0,140.0
2004,00-0022414,M.Floyd,WR,23.0,13.9,140.0
2004,00-0021048,D.Anderson,RB,25.0,0.2,141.0
2004,00-0021166,Jo.Reed,WR,24.0,13.0,141.0
2004,00-0021175,A.Davis,WR,25.0,13.0,142.0
2004,00-0021434,D.Brown,RB,24.0,0.2,142.0
2004,00-0021087,O.Easy,RB,27.0,0.1,143.0
2004,00-0022664,J.Smith,WR,23.0,12.2,143.0
2004,00-0019590,C.Morton,RB,27.0,0.0,144.0
2004,00-0020464,D.McCants,WR,26.0,12.1,144.0
2004,00-0019794,A.Cason,RB,25.0,0.0,145.0
2004,00-0020021,N.Poole,WR,27.0,12.0,145.0
2004,00-0020337,S.Smith,WR,25.0,12.0,146.0
2004,00-0020376,D.Brown,RB,26.0,0.0,146.0
2004,00-0020644,M.Stanley,RB,25.0,0.0,147.0
2004,00-0022674,T.Luke,WR,23.0,11.2,147.0
2004,00-0014729,B.Shaw,WR,31.0,11.0,148.0
2004,00-0021357,R.Cartwright,RB,25.0,0.0,148.0
2004,00-0020770,J.Stone,WR,25.0,11.0,149.0
2004,00-0022886,C.Cramer,RB,22.0,0.0,149.0
2004,00-0020415,A.King,WR,31.0,9.9,150.0
2004,00-0021530,S.Vines,WR,25.0,8.1,151.0
2004,00-0021923,W.Ponder,WR,24.0,6.9,152.0
2004,00-0021890,R.Alston,WR,24.0,6.0,153.0
2004,00-0022427,W.Welker,WR,23.0,6.0,154.0
2004,00-0021094,J.McAddley,WR,25.0,5.8,155.0
2004,00-0022135,B.McMullen,WR,24.0,5.4,156.0
2004,00-0021212,C.Russell,WR,25.0,4.6,157.0
2004,00-0006777,K.Hankton,WR,34.0,4.5,158.0
2004,00-0022087,T.Calico,WR,24.0,3.3,159.0
2004,00-0022111,T.Gardner,WR,24.0,3.3,160.0
2004,00-0021969,B.Pyatt,WR,24.0,3.2,161.0
2004,00-0022621,A.Thurman,WR,24.0,3.2,162.0
2004,00-0020361,A.Bannister,WR,25.0,3.0,163.0
2004,00-0022873,J.Morant,WR,23.0,3.0,164.0
2004,00-0017160,D.Ward,WR,30.0,2.6,165.0
2004,00-0022739,D.Darling,WR,22.0,2.5,166.0
2004,00-0011641,S.Morey,WR,28.0,1.8,167.0
2004,00-0019281,M.Furrey,WR,27.0,1.8,168.0
2004,00-0021788,R.Bellamy,WR,23.0,1.8,169.0
2004,00-0021780,A.Moorehead,WR,24.0,1.7,170.0
2004,00-0019552,T.Walters,WR,28.0,1.5,171.0
2004,00-0021560,R.Newhouse,WR,23.0,1.5,172.0
2004,00-0009869,J.Lewis,WR,30.0,1.4,173.0
2004,00-0022032,K.Howry,WR,23.0,1.3,174.0
2004,00-0000627,E.Baker,WR,28.0,0.0,175.0
2004,00-0019487,F.Murphy,WR,27.0,0.0,176.0
2004,00-0019779,J.Moses,WR,25.0,0.0,177.0
2004,00-0019905,J.Farris,WR,26.0,0.0,178.0
2004,00-0020256,K.Kasper,WR,27.0,0.0,179.0
2004,00-0020542,M.Ross,WR,28.0,0.0,180.0
2004,00-0021006,C.Adams,WR,25.0,0.0,181.0
2004,00-0021329,D.Hill,WR,25.0,0.0,182.0
2004,00-0021330,D.Jones,WR,25.0,0.0,183.0
2004,00-0021425,A.Brown,WR,26.0,0.0,184.0
2004,00-0021646,J.Willis,WR,24.0,0.0,185.0
2004,00-0021834,B.Nelson,WR,25.0,0.0,186.0
2004,00-0022578,P.Fleck,WR,24.0,0.0,187.0
2004,00-0022603,K.Starling,WR,25.0,0.0,188.0
2004,00-0022605,J.Broussard,WR,23.0,0.0,189.0
2004,00-0022861,C.Francis,WR,23.0,0.0,190.0
2004,00-0022882,M.Jones,WR,24.0,0.0,191.0
2005,00-0019647,S.Alexander,RB,28.0,376.8,1.0
2005,00-0020337,S.Smith,WR,26.0,339.8,1.0
2005,00-0021429,C.Palmer,QB,26.0,265.84000000000003,1.0
2005,00-0019596,T.Brady,QB,28.0,249.3,2.0
2005,00-0020536,L.Tomlinson,RB,26.0,366.28,2.0
2005,00-0022921,L.Fitzgerald,WR,22.0,308.0,2.0
2005,00-0010346,P.Manning,QB,29.0,242.38,3.0
2005,00-0020397,C.Johnson,WR,27.0,297.5,3.0
2005,00-0021976,L.Johnson,RB,26.0,360.3,3.0
2005,00-0000745,T.Barber,RB,30.0,359.0,4.0
2005,00-0007091,M.Hasselbeck,QB,30.0,230.6,4.0
2005,00-0022084,A.Boldin,WR,25.0,288.3,4.0
2005,00-0007681,T.Holt,WR,29.0,287.3,5.0
2005,00-0008241,E.James,RB,27.0,310.3,5.0
2005,00-0022803,E.Manning,QB,24.0,224.48000000000002,5.0
2005,00-0020245,M.Vick,QB,25.0,219.08,6.0
2005,00-0020462,L.Jordan,RB,27.0,294.8,6.0
2005,00-0020494,S.Moss,WR,26.0,284.0,6.0
2005,00-0005720,J.Galloway,WR,34.0,272.1,7.0
2005,00-0013042,J.Plummer,QB,31.0,218.23999999999998,7.0
2005,00-0021179,C.Portis,RB,24.0,271.88,7.0
2005,00-0006355,T.Green,QB,35.0,210.76,8.0
2005,00-0007024,M.Harrison,WR,33.0,268.6,8.0
2005,00-0020407,R.Johnson,RB,26.0,249.8,8.0
2005,00-0020446,C.Chambers,WR,27.0,265.0,9.0
2005,00-0020531,D.Brees,QB,26.0,209.94,9.0
2005,00-0022736,S.Jackson,RB,22.0,233.6,9.0
2005,00-0003292,K.Collins,QB,33.0,208.16,10.0
2005,00-0004541,D.Driver,WR,30.0,239.4,10.0
2005,00-0021216,B.Westbrook,RB,26.0,228.0,10.0
2005,00-0001361,D.Bledsoe,QB,33.0,206.56,11.0
2005,00-0019641,T.Jones,RB,27.0,223.8,11.0
2005,00-0019642,P.Burress,WR,28.0,237.4,11.0
2005,00-0004161,J.Delhomme,QB,30.0,197.94,12.0
2005,00-0004640,W.Dunn,RB,30.0,214.6,12.0
2005,00-0017162,H.Ward,WR,29.0,231.5,12.0
2005,00-0002110,M.Brunell,QB,35.0,195.1,13.0
2005,00-0015290,R.Smith,WR,35.0,228.20000000000002,13.0
2005,00-0019594,M.Anderson,RB,32.0,214.6,13.0
2005,00-0011024,S.McNair,QB,32.0,180.34,14.0
2005,00-0019610,R.Droughns,RB,27.0,209.1,14.0
2005,00-0020438,T.Houshmandzadeh,WR,28.0,225.79999999999998,14.0
2005,00-0005106,B.Favre,QB,36.0,173.88,15.0
2005,00-0006043,T.Glenn,WR,31.0,223.2,15.0
2005,00-0021979,D.Davis,RB,25.0,204.3,15.0
2005,00-0001823,A.Brooks,QB,29.0,169.38,16.0
2005,00-0020498,R.Wayne,WR,27.0,218.5,16.0
2005,00-0022178,W.McGahee,RB,24.0,198.5,16.0
2005,00-0010668,K.McCardell,WR,35.0,215.9,17.0
2005,00-0022250,W.Parker,RB,25.0,190.0,17.0
2005,00-0022924,B.Roethlisberger,QB,23.0,168.3,17.0
2005,00-0004304,C.Dillon,RB,31.0,189.4,18.0
2005,00-0005589,G.Frerotte,QB,34.0,163.94,18.0
2005,00-0009163,E.Kennison,WR,32.0,210.5,18.0
2005,00-0010500,D.Mason,WR,31.0,209.3,19.0
2005,00-0020608,D.Carr,QB,26.0,160.32,19.0
2005,00-0022840,J.Jones,RB,24.0,182.1,19.0
2005,00-0011022,D.McNabb,QB,29.0,153.78,20.0
2005,00-0011754,R.Moss,WR,28.0,208.5,20.0
2005,00-0022092,C.Brown,RB,24.0,178.8,20.0
2005,00-0015218,J.Smith,WR,36.0,208.29999999999998,21.0
2005,00-0022177,B.Leftwich,QB,25.0,147.62,21.0
2005,00-0023440,C.Williams,RB,23.0,177.9,21.0
2005,00-0017200,K.Warner,QB,34.0,130.32,22.0
2005,00-0021164,D.Foster,RB,25.0,175.4,22.0
2005,00-0021192,D.Branch,WR,26.0,207.8,22.0
2005,00-0019599,M.Bulger,QB,28.0,129.88,23.0
2005,00-0021147,D.Stallworth,WR,25.0,204.7,23.0
2005,00-0023437,R.Brown,RB,24.0,167.9,23.0
2005,00-0008442,B.Johnson,QB,37.0,114.69999999999999,24.0
2005,00-0019703,J.Porter,WR,27.0,199.4,24.0
2005,00-0022893,T.Bell,RB,24.0,166.5,24.0
2005,00-0021141,J.Harrington,QB,27.0,105.44,25.0
2005,00-0021191,A.Bryant,WR,24.0,192.2,25.0
2005,00-0022217,M.Moore,RB,23.0,159.1,25.0
2005,00-0004293,T.Dilfer,QB,33.0,103.44,26.0
2005,00-0018958,L.Coles,WR,28.0,187.5,26.0
2005,00-0019693,J.Lewis,RB,26.0,155.7,26.0
2005,00-0008561,K.Johnson,WR,33.0,187.2,27.0
2005,00-0010442,C.Martin,RB,32.0,137.3,27.0
2005,00-0022005,C.Simms,QB,25.0,103.2,27.0
2005,00-0004052,S.Davis,RB,31.0,136.1,28.0
2005,00-0011770,E.Moulds,WR,32.0,186.6,28.0
2005,00-0022164,K.Boller,QB,24.0,100.56,28.0
2005,00-0008962,J.Jurevicius,WR,31.0,184.4,29.0
2005,00-0017915,R.Williams,RB,28.0,134.6,29.0
2005,00-0021206,J.McCown,QB,26.0,95.18,29.0
2005,00-0020474,K.Barlow,RB,26.0,129.2,30.0
2005,00-0021231,D.Garrard,QB,27.0,95.17999999999999,30.0
2005,00-0022001,K.Curtis,WR,27.0,183.70000000000002,30.0
2005,00-0007661,P.Holmes,RB,32.0,127.80000000000001,31.0
2005,00-0016550,A.Toomer,WR,31.0,170.4,31.0
2005,00-0022026,B.Bollinger,QB,26.0,90.11999999999999,31.0
2005,00-0007576,K.Holcomb,QB,32.0,81.46,32.0
2005,00-0022782,K.Jones,RB,23.0,127.3,32.0
2005,00-0022910,L.Evans,WR,24.0,169.1,32.0
2005,00-0011795,M.Muhammad,WR,32.0,163.0,33.0
2005,00-0022912,J.Losman,QB,24.0,78.8,33.0
2005,00-0022926,C.Perry,RB,24.0,121.7,33.0
2005,00-0003739,D.Culpepper,QB,28.0,78.66,34.0
2005,00-0013013,M.Pittman,RB,30.0,121.60000000000001,34.0
2005,00-0022909,R.Williams,WR,24.0,161.70000000000002,34.0
2005,00-0012478,T.Owens,WR,32.0,159.5,35.0
2005,00-0020308,M.McMahon,QB,26.0,76.82000000000001,35.0
2005,00-0021314,C.Taylor,RB,26.0,120.9,35.0
2005,00-0004915,B.Engram,WR,32.0,158.4,36.0
2005,00-0016098,F.Taylor,RB,29.0,118.0,36.0
2005,00-0018272,A.Wright,QB,29.0,74.08,36.0
2005,00-0006423,B.Griese,QB,30.0,58.64,37.0
2005,00-0019976,D.Bennett,WR,27.0,156.1,37.0
2005,00-0023074,S.Gado,RB,23.0,115.89999999999999,37.0
2005,00-0010455,J.Martin,QB,35.0,57.68,38.0
2005,00-0020904,E.Parker,WR,26.0,153.0,38.0
2005,00-0023544,M.Barber,RB,22.0,113.3,38.0
2005,00-0020964,T.Fisher,RB,26.0,112.56,39.0
2005,00-0022901,E.Wilford,WR,26.0,151.1,39.0
2005,00-0023541,K.Orton,QB,23.0,51.64,39.0
2005,00-0020514,M.Bennett,RB,27.0,108.7,40.0
2005,00-0022097,B.Lloyd,WR,24.0,149.29999999999998,40.0
2005,00-0023502,C.Frye,QB,24.0,49.379999999999995,40.0
2005,00-0005092,M.Faulk,RB,32.0,108.3,41.0
2005,00-0005755,J.Garcia,QB,35.0,48.58,41.0
2005,00-0021353,D.Givens,WR,25.0,146.1,41.0
2005,00-0022044,A.Johnson,WR,24.0,142.8,42.0
2005,00-0023500,F.Gore,RB,22.0,102.9,42.0
2005,00-0023682,R.Fitzpatrick,QB,23.0,47.48,42.0
2005,00-0002159,S.Bryson,RB,29.0,100.0,43.0
2005,00-0019997,A.Chatman,WR,26.0,137.3,43.0
2005,00-0022787,M.Schaub,QB,24.0,47.4,43.0
2005,00-0019623,T.Rattay,QB,28.0,32.48,44.0
2005,00-0019721,T.Taylor,WR,26.0,134.7,44.0
2005,00-0020022,M.Shipp,RB,27.0,99.6,44.0
2005,00-0001215,J.Bettis,RB,33.0,98.80000000000001,45.0
2005,00-0020480,S.Rosenfels,QB,27.0,29.98,45.0
2005,00-0021152,A.Lelie,WR,25.0,133.4,45.0
2005,00-0005231,B.Finneran,WR,29.0,129.1,46.0
2005,00-0015091,A.Smith,RB,33.0,96.5,46.0
2005,00-0023541,K. Orton,QB,23.0,27.520000000000003,46.0
2005,00-0019041,B.Volek,QB,29.0,27.26,47.0
2005,00-0020381,J.McCareins,WR,27.0,127.10000000000001,47.0
2005,00-0021223,J.Wells,RB,26.0,96.4,47.0
2005,00-0001477,M.Booker,WR,29.0,125.6,48.0
2005,00-0015601,A.Stecker,RB,30.0,95.4,48.0
2005,00-0022744,J.Sorgi,QB,25.0,25.86,48.0
2005,00-0021376,T.Duckett,RB,24.0,94.3,49.0
2005,00-0022039,K.Dorsey,QB,24.0,24.34,49.0
2005,00-0023470,R.Brown,WR,24.0,124.6,49.0
2005,00-0016193,V.Testaverde,QB,42.0,23.48,50.0
2005,00-0021190,A.Randle El,WR,26.0,120.78,50.0
2005,00-0022006,A.Pinner,RB,27.0,92.0,50.0
2005,00-0019559,C.Pennington,QB,29.0,21.9,51.0
2005,00-0021163,J.Gaffney,WR,25.0,117.5,51.0
2005,00-0023479,J.Arrington,RB,22.0,85.9,51.0
2005,00-0007744,J.Horn,WR,33.0,116.4,52.0
2005,00-0019533,P.Pass,RB,28.0,85.2,52.0
2005,00-0023436,A.Smith,QB,21.0,21.299999999999997,52.0
2005,00-0000865,C.Batch,QB,31.0,20.84,53.0
2005,00-0020527,D.McAllister,RB,27.0,80.2,53.0
2005,00-0023456,M.Jones,WR,22.0,114.78,53.0
2005,00-0001545,T.Bouman,QB,33.0,18.380000000000003,54.0
2005,00-0013888,M.Robinson,WR,30.0,114.5,54.0
2005,00-0023561,A.Pearman,RB,23.0,72.9,54.0
2005,00-0010261,T.Maddox,QB,34.0,14.84,55.0
2005,00-0021260,K.Johnson,RB,27.0,69.9,55.0
2005,00-0023457,M.Clayton,WR,23.0,112.4,55.0
2005,00-0021184,L.Betts,RB,26.0,65.6,56.0
2005,00-0021508,G.Lewis,WR,25.0,111.4,56.0
2005,00-0023662,M.Cassel,QB,23.0,14.62,56.0
2005,00-0020797,M.Hicks,RB,27.0,65.5,57.0
2005,00-0021379,P.Ramsey,QB,26.0,11.46,57.0
2005,00-0022102,D.Gabriel,WR,25.0,110.9,57.0
2005,00-0001627,C.Bradford,WR,30.0,109.4,58.0
2005,00-0005091,K.Faulk,RB,29.0,65.4,58.0
2005,00-0022774,B.Van Pelt,QB,25.0,11.08,58.0
2005,00-0000552,O.Ayanbadejo,RB,30.0,63.7,59.0
2005,00-0019650,D.Northcutt,WR,28.0,107.4,59.0
2005,00-0022121,R.Grossman,QB,25.0,10.360000000000001,59.0
2005,00-0020613,Q.Gray,QB,26.0,10.1,60.0
2005,00-0021306,A.Peterson,RB,26.0,62.9,60.0
2005,00-0023518,C.Henry,WR,22.0,107.2,60.0
2005,00-0002099,I.Bruce,WR,33.0,106.5,61.0
2005,00-0006305,A.Green,RB,28.0,59.2,61.0
2005,00-0022827,J.Navarre,QB,25.0,8.96,61.0
2005,00-0019663,D.Jackson,WR,27.0,104.9,62.0
2005,00-0019863,D.Rhodes,RB,26.0,57.6,62.0
2005,00-0022055,S.Wallace,QB,25.0,8.42,62.0
2005,00-0005180,J.Fiedler,QB,34.0,8.28,63.0
2005,00-0020471,T.Henry,RB,27.0,56.2,63.0
2005,00-0022781,M.Jenkins,WR,23.0,104.8,63.0
2005,00-0000722,T.Banks,QB,32.0,6.72,64.0
2005,00-0022754,S.Parker,WR,24.0,103.3,64.0
2005,00-0023615,C.Houston,RB,23.0,54.8,64.0
2005,00-0001335,J.Blake,QB,35.0,6.1,65.0
2005,00-0019539,D.Hall,WR,27.0,102.7,65.0
2005,00-0022011,J.Griffith,RB,25.0,54.6,65.0
2005,00-0015754,B.Stokley,WR,29.0,101.3,66.0
2005,00-0020434,C.Weinke,QB,33.0,6.06,66.0
2005,00-0022821,M.Turner,RB,23.0,51.5,66.0
2005,00-0003663,Z.Crockett,RB,33.0,50.9,67.0
2005,00-0022731,C.Pickett,QB,25.0,5.8,67.0
2005,00-0023438,B.Edwards,WR,22.0,101.2,67.0
2005,00-0021981,S.McDonald,WR,24.0,99.0,68.0
2005,00-0022768,M.Mauck,QB,26.0,5.34,68.0
2005,00-0023545,B.Jacobs,RB,23.0,49.900000000000006,68.0
2005,00-0002068,T.Brown,WR,34.0,97.6,69.0
2005,00-0015700,K.Stewart,QB,33.0,3.0,69.0
2005,00-0023508,V.Morency,RB,25.0,49.099999999999994,69.0
2005,00-0006627,A.Hakim,WR,28.0,94.9,70.0
2005,00-0020405,M.Tuiasosopo,QB,26.0,2.86,70.0
2005,00-0023512,R.Moats,RB,23.0,48.5,70.0
2005,00-0013268,R.Proehl,WR,37.0,92.3,71.0
2005,00-0022538,S.Williams,RB,25.0,44.9,71.0
2005,00-0022942,P.Rivers,QB,24.0,2.5,71.0
2005,00-0009311,J.Kitna,QB,33.0,1.36,72.0
2005,00-0021182,M.Morris,RB,26.0,44.6,72.0
2005,00-0023462,R.White,WR,24.0,90.8,72.0
2005,00-0022027,K.Kingsbury,QB,26.0,0.68,73.0
2005,00-0022057,L.Toefield,RB,25.0,42.9,73.0
2005,00-0022156,B.Johnson,WR,24.0,89.2,73.0
2005,00-0019831,N.Goings,RB,27.0,42.400000000000006,74.0
2005,00-0021166,J.Reed,WR,25.0,88.6,74.0
2005,00-0023578,D.Orlovsky,QB,22.0,0.52,74.0
2005,00-0021209,L.Gordon,RB,25.0,39.1,75.0
2005,00-0022064,A.Battle,WR,25.0,86.47999999999999,75.0
2005,00-0023145,M.Randall,QB,23.0,0.0,75.0
2005,00-0003315,T.Collins,QB,34.0,-0.2,76.0
2005,00-0019643,R.Dayne,RB,27.0,35.7,76.0
2005,00-0020428,R.Ferguson,WR,26.0,83.60000000000001,76.0
2005,00-0020679,S.Hill,QB,25.0,-0.2,77.0
2005,00-0021357,R.Cartwright,RB,26.0,34.2,77.0
2005,00-0021530,S.Vines,WR,26.0,82.4,77.0
2005,00-0021678,T.Romo,QB,25.0,-0.2,78.0
2005,00-0022255,J.Payton,RB,25.0,31.5,78.0
2005,00-0022701,D.Hackett,WR,24.0,80.0,78.0
2005,00-0015523,D.Staley,RB,30.0,30.2,79.0
2005,00-0019816,T.Hasselbeck,QB,27.0,-0.3,79.0
2005,00-0022889,R.Williams,WR,22.0,77.8,79.0
2005,00-0004229,K.Detmer,QB,32.0,-0.3799999999999999,80.0
2005,00-0021982,J.Gage,WR,24.0,77.6,80.0
2005,00-0023547,C.Fason,RB,23.0,30.2,80.0
2005,00-0005363,D.Flutie,QB,43.0,-0.94,81.0
2005,00-0020490,K.Robinson,WR,25.0,77.39999999999999,81.0
2005,00-0021509,R.Mahe,RB,25.0,27.5,81.0
2005,00-0023439,C.Benson,RB,23.0,26.5,82.0
2005,00-0023442,T.Williamson,WR,22.0,76.0,82.0
2005,00-0023459,A.Rodgers,QB,22.0,-2.7,82.0
2005,00-0019484,S.Morris,RB,28.0,25.2,83.0
2005,00-0022929,D.Henderson,WR,23.0,75.2,83.0
2005,00-0021252,N.Davenport,RB,26.0,24.8,84.0
2005,00-0022427,W.Welker,WR,24.0,72.9,84.0
2005,00-0004673,T.Dwight,WR,30.0,71.3,85.0
2005,00-0023676,N.Herron,RB,23.0,24.3,85.0
2005,00-0020452,C.Wilson,WR,27.0,71.1,86.0
2005,00-0022825,T.Fleming,RB,25.0,22.9,86.0
2005,00-0022725,M.Clayton,WR,23.0,69.4,87.0
2005,00-0023192,T.Thompson,RB,24.0,22.799999999999997,87.0
2005,00-0007468,I.Hilliard,WR,29.0,69.2,88.0
2005,00-0008196,T.Jackson,RB,29.0,19.8,88.0
2005,00-0021750,A.Harris,RB,25.0,17.5,89.0
2005,00-0021999,N.Burleson,WR,24.0,68.2,89.0
2005,00-0020391,J.Cook,RB,26.0,17.3,90.0
2005,00-0022766,P.Crayton,WR,26.0,68.1,90.0
2005,00-0021150,W.Green,RB,26.0,15.8,91.0
2005,00-0021176,R.Caldwell,WR,26.0,66.2,91.0
2005,00-0022770,D.Ward,RB,25.0,15.6,92.0
2005,00-0023452,M.Williams,WR,21.0,66.0,92.0
2005,00-0017892,M.Williams,RB,31.0,15.2,93.0
2005,00-0023531,B.Jones,WR,23.0,65.0,93.0
2005,00-0019794,A.Cason,RB,26.0,14.6,94.0
2005,00-0022726,K.Colbert,WR,23.0,63.8,94.0
2005,00-0020403,A.Thomas,RB,28.0,14.5,95.0
2005,00-0023570,R.Williams,WR,24.0,62.9,95.0
2005,00-0020376,D.Brown,RB,27.0,13.4,96.0
2005,00-0020780,F.Jackson,WR,26.0,58.7,96.0
2005,00-0022288,J.Wright,RB,23.0,13.200000000000001,97.0
2005,00-0023503,C.Roby,WR,22.0,57.5,97.0
2005,00-0011727,J.Morton,WR,34.0,49.8,98.0
2005,00-0023591,J.Green,RB,23.0,12.6,98.0
2005,00-0019673,P.Smith,RB,27.0,10.5,99.0
2005,00-0022135,B.McMullen,WR,25.0,48.8,99.0
2005,00-0019552,T.Walters,WR,29.0,47.2,100.0
2005,00-0020587,J.Robertson,RB,28.0,10.1,100.0
2005,00-0021931,K.Walter,WR,24.0,46.1,101.0
2005,00-0022180,L.Suggs,RB,25.0,10.1,101.0
2005,00-0020315,D.Blaylock,RB,26.0,10.0,102.0
2005,00-0022811,J.Cotchery,WR,23.0,44.5,102.0
2005,00-0012642,D.Patten,WR,31.0,43.7,103.0
2005,00-0022431,R.Carthon,RB,24.0,9.8,103.0
2005,00-0019242,D.Looker,WR,29.0,43.6,104.0
2005,00-0023564,D.Sproles,RB,22.0,9.0,104.0
2005,00-0020917,J.Burns,RB,26.0,8.9,105.0
2005,00-0023658,L.McCoy,WR,23.0,43.1,105.0
2005,00-0020805,J.McKie,RB,25.0,7.7,106.0
2005,00-0021006,C.Adams,WR,26.0,42.7,106.0
2005,00-0022807,B.Berrian,WR,25.0,40.7,107.0
2005,00-0023576,D.Nash,RB,23.0,7.6,107.0
2005,00-0022072,C.Rogers,WR,24.0,39.7,108.0
2005,00-0022733,B.Perry,RB,24.0,7.4,108.0
2005,00-0020700,J.Mungro,RB,27.0,7.3,109.0
2005,00-0022087,T.Calico,WR,25.0,39.1,109.0
2005,00-0021755,E.Graham,RB,25.0,6.3,110.0
2005,00-0023474,M.Bradley,WR,23.0,39.0,110.0
2005,00-0017611,A.Whitted,WR,31.0,37.4,111.0
2005,00-0020430,J.Jackson,RB,29.0,6.199999999999999,111.0
2005,00-0019590,C.Morton,RB,28.0,6.0,112.0
2005,00-0021424,C.Horn,WR,28.0,36.7,112.0
2005,00-0003136,M.Cloud,RB,30.0,5.9,113.0
2005,00-0020984,R.Hymes,WR,26.0,36.2,113.0
2005,00-0020427,Q.Morgan,WR,28.0,36.0,114.0
2005,00-0021845,C.Sapp,RB,27.0,5.800000000000001,114.0
2005,00-0002380,S.Bush,RB,31.0,5.1,115.0
2005,00-0023490,R.Parrish,WR,23.0,35.72,115.0
2005,00-0016440,J.Thrash,WR,30.0,34.2,116.0
2005,00-0022093,J.Fargas,RB,25.0,4.7,116.0
2005,00-0010747,F.McCrary,RB,33.0,4.2,117.0
2005,00-0020525,R.Gardner,WR,28.0,34.1,117.0
2005,00-0018588,A.Ricard,RB,28.0,3.8,118.0
2005,00-0021175,A.Davis,WR,26.0,34.0,118.0
2005,00-0021174,T.Carter,WR,26.0,33.2,119.0
2005,00-0022130,Mu.Smith,RB,23.0,3.5,119.0
2005,00-0002962,W.Chrebet,WR,32.0,30.3,120.0
2005,00-0018501,A.Zereoue,RB,29.0,2.9,120.0
2005,00-0008560,K.Johnson,WR,29.0,30.3,121.0
2005,00-0020046,W.Williams,RB,28.0,2.9,121.0
2005,00-0020448,T.Minor,RB,26.0,2.7,122.0
2005,00-0022144,B.Wade,WR,24.0,30.1,122.0
2005,00-0019455,P.Warrick,WR,28.0,29.5,123.0
2005,00-0022564,R.Cruz,RB,24.0,2.5,123.0
2005,00-0019057,J.White,RB,27.0,1.7,124.0
2005,00-0023549,J.Mathis,WR,22.0,29.5,124.0
2005,00-0019505,C.Lee,WR,28.0,26.2,125.0
2005,00-0021253,J.Baxter,RB,26.0,1.4,125.0
2005,00-0021673,R.Lee,RB,25.0,1.0999999999999999,126.0
2005,00-0022171,K.Washington,WR,26.0,26.1,126.0
2005,00-0021048,D.Anderson,RB,26.0,0.7,127.0
2005,00-0021852,T.Devoe,WR,25.0,23.7,127.0
2005,00-0019453,R.Smart,RB,28.0,0.6,128.0
2005,00-0020794,E.Shepherd,WR,25.0,22.299999999999997,128.0
2005,00-0021647,J.Urban,WR,25.0,22.1,129.0
2005,00-0021936,A.Pinnock,RB,25.0,0.4,129.0
2005,00-0020583,M.Boerigter,WR,27.0,21.9,130.0
2005,00-0023654,N.Broughton,RB,23.0,0.3,130.0
2005,00-0010632,F.McAfee,RB,37.0,0.0,131.0
2005,00-0019302,B.Gilmore,WR,27.0,21.5,131.0
2005,00-0017896,N.Luchey,RB,28.0,0.0,132.0
2005,00-0022879,D.Carter,WR,24.0,21.3,132.0
2005,00-0019808,K.Watson,RB,27.0,0.0,133.0
2005,00-0022124,T.Jacobs,WR,24.0,21.0,133.0
2005,00-0020058,D.Allen,RB,27.0,0.0,134.0
2005,00-0021406,D.Armstrong,WR,26.0,20.5,134.0
2005,00-0021087,O.Easy,RB,28.0,0.0,135.0
2005,00-0021094,J.McAddley,WR,26.0,19.5,135.0
2005,00-0021098,J.Scobey,RB,26.0,0.0,136.0
2005,00-0023623,T.Perry,WR,23.0,19.0,136.0
2005,00-0021993,B.Johnson,WR,26.0,16.7,137.0
2005,00-0022116,T.Hollings,RB,24.0,0.0,137.0
2005,00-0022228,R.Alexis,RB,24.0,0.0,138.0
2005,00-0022664,J.Smith,WR,24.0,16.7,138.0
2005,00-0013232,P.Price,WR,29.0,16.5,139.0
2005,00-0022449,B.Sams,RB,25.0,0.0,139.0
2005,00-0022621,A.Thurman,WR,25.0,16.2,140.0
2005,00-0022883,A.Echemandu,RB,25.0,0.0,140.0
2005,00-0021780,A.Moorehead,WR,25.0,14.5,141.0
2005,00-0022941,J.Anderson,RB,25.0,0.0,141.0
2005,00-0021927,D.Tyree,WR,25.0,14.2,142.0
2005,00-0023634,D.Cobb,RB,24.0,0.0,142.0
2005,00-0020464,D.McCants,WR,27.0,13.700000000000001,143.0
2005,00-0023716,T.Butler,RB,23.0,0.0,143.0
2005,00-0001532,D.Boston,WR,27.0,12.0,144.0
2005,00-0019660,D.White,WR,26.0,10.5,145.0
2005,00-0021915,S.Aiken,WR,25.0,9.700000000000001,146.0
2005,00-0020021,N.Poole,WR,28.0,9.3,147.0
2005,00-0022826,C.Moore,WR,23.0,8.899999999999999,148.0
2005,00-0023496,V.Jackson,WR,22.0,8.899999999999999,149.0
2005,00-0023493,T.Murphy,WR,23.0,8.6,150.0
2005,00-0021560,R.Newhouse,WR,24.0,8.5,151.0
2005,00-0022951,D.Morgan,WR,24.0,8.2,152.0
2005,00-0023176,J.Cribbs,WR,22.0,7.7,153.0
2005,00-0021153,J.Walker,WR,27.0,6.7,154.0
2005,00-0021425,A.Brown,WR,27.0,6.7,155.0
2005,00-0021923,W.Ponder,WR,25.0,6.4,156.0
2005,00-0023701,B.Childress,WR,23.0,6.2,157.0
2005,00-0008598,P.Johnson,WR,29.0,5.1,158.0
2005,00-0023625,D.Ridgeway,WR,21.0,4.6,159.0
2005,00-0021460,C.Hankton,WR,24.0,4.5,160.0
2005,00-0021570,K.Osgood,WR,25.0,4.5,161.0
2005,00-0022751,D.Watts,WR,24.0,4.2,162.0
2005,00-0004780,T.Edwards,WR,28.0,3.5,163.0
2005,00-0021337,R.Curry,WR,26.0,3.2,164.0
2005,00-0020485,E.Berlin,WR,27.0,2.9,165.0
2005,00-0012637,J.Pathon,WR,30.0,2.8,166.0
2005,00-0019905,J.Farris,WR,27.0,2.8,167.0
2005,00-0023039,D.Thompson,WR,23.0,2.3,168.0
2005,00-0022613,G.Martinez,WR,24.0,2.1,169.0
2005,00-0023151,O.Small,WR,23.0,1.6,170.0
2005,00-0022388,T.Copper,WR,23.0,1.5,171.0
2005,00-0023607,R.Marshall,WR,24.0,0.2,172.0
2005,00-0006777,K.Hankton,WR,35.0,0.0,173.0
2005,00-0011641,S.Morey,WR,29.0,0.0,174.0
2005,00-0015980,R.Swinton,WR,30.0,0.0,175.0
2005,00-0019281,M.Furrey,WR,28.0,0.0,176.0
2005,00-0019600,M.Lewis,WR,34.0,0.0,177.0
2005,00-0019779,J.Moses,WR,26.0,0.0,178.0
2005,00-0020361,A.Bannister,WR,26.0,0.0,179.0
2005,00-0021968,C.Ford,WR,25.0,0.0,180.0
2005,00-0022032,K.Howry,WR,24.0,0.0,181.0
2005,00-0022307,J.Jones,WR,24.0,0.0,182.0
2005,00-0022383,R.Bryant,WR,26.0,0.0,183.0
2005,00-0022679,J.Taylor,WR,24.0,0.0,184.0
2005,00-0022686,S.Thomas,WR,24.0,0.0,185.0
2005,00-0022739,D.Darling,WR,23.0,0.0,186.0
2005,00-0022873,J.Morant,WR,24.0,0.0,187.0
2005,00-0022882,M.Jones,WR,25.0,0.0,188.0
2005,00-0023042,O.Amey,WR,24.0,0.0,189.0
2005,00-0023303,R.Parson,WR,25.0,0.0,190.0
2005,00-0023429,R.Davis,WR,26.0,0.0,191.0
2005,00-0023618,C.Owens,WR,23.0,0.0,192.0
2005,00-0020692,E.Drummond,WR,25.0,-0.3,193.0
2006,00-0007024,M.Harrison,WR,34.0,301.6,1.0
2006,00-0010346,P.Manning,QB,30.0,309.48,1.0
2006,00-0020536,L.Tomlinson,RB,27.0,481.1,1.0
2006,00-0012478,T.Owens,WR,33.0,283.0,2.0
2006,00-0020245,M.Vick,QB,26.0,263.96,2.0
2006,00-0022736,S.Jackson,RB,23.0,415.4,2.0
2006,00-0020498,R.Wayne,WR,28.0,273.0,3.0
2006,00-0020531,D.Brees,QB,27.0,260.16,3.0
2006,00-0021976,L.Johnson,RB,27.0,370.9,3.0
2006,00-0007681,T.Holt,WR,30.0,269.8,4.0
2006,00-0019599,M.Bulger,QB,29.0,252.44,4.0
2006,00-0021216,B.Westbrook,RB,27.0,330.6,4.0
2006,00-0004541,D.Driver,WR,31.0,269.4,5.0
2006,00-0021429,C.Palmer,QB,27.0,236.94,5.0
2006,00-0023500,F.Gore,RB,23.0,321.0,5.0
2006,00-0000745,T.Barber,RB,31.0,298.7,6.0
2006,00-0019596,T.Brady,QB,29.0,219.52,6.0
2006,00-0020397,C.Johnson,WR,28.0,266.4,6.0
2006,00-0009311,J.Kitna,QB,34.0,217.92,7.0
2006,00-0020337,S.Smith,WR,27.0,259.7,7.0
2006,00-0022250,W.Parker,RB,26.0,288.6,7.0
2006,00-0022910,L.Evans,WR,25.0,259.1,8.0
2006,00-0022942,P.Rivers,QB,25.0,208.78,8.0
2006,00-0024275,M.Jones-Drew,RB,21.0,277.7,8.0
2006,00-0020438,T.Houshmandzadeh,WR,29.0,252.7,9.0
2006,00-0024217,R.Bush,RB,21.0,267.59999999999997,9.0
2006,00-0024218,V.Young,QB,23.0,203.26,9.0
2006,00-0011022,D.McNabb,QB,30.0,195.68,10.0
2006,00-0021184,L.Betts,RB,27.0,236.9,10.0
2006,00-0022909,R.Williams,WR,25.0,251.20000000000002,10.0
2006,00-0005106,B.Favre,QB,37.0,190.20000000000002,11.0
2006,00-0020407,R.Johnson,RB,27.0,234.2,11.0
2006,00-0022044,A.Johnson,WR,25.0,249.1,11.0
2006,00-0021153,J.Walker,WR,28.0,243.7,12.0
2006,00-0022803,E.Manning,QB,25.0,187.86,12.0
2006,00-0024245,J.Addai,RB,23.0,224.6,12.0
2006,00-0006305,A.Green,RB,29.0,222.9,13.0
2006,00-0019281,M.Furrey,WR,29.0,240.6,13.0
2006,00-0022924,B.Roethlisberger,QB,24.0,184.92,13.0
2006,00-0011024,S.McNair,QB,33.0,177.9,14.0
2006,00-0018958,L.Coles,WR,29.0,238.20000000000002,14.0
2006,00-0021314,C.Taylor,RB,27.0,222.2,14.0
2006,00-0020527,D.McAllister,RB,28.0,219.9,15.0
2006,00-0022084,A.Boldin,WR,26.0,230.1,15.0
2006,00-0022912,J.Losman,QB,25.0,176.0,15.0
2006,00-0021678,T.Romo,QB,26.0,174.32,16.0
2006,00-0022782,K.Jones,RB,24.0,219.9,16.0
2006,00-0024466,M.Colston,WR,23.0,221.79999999999998,16.0
2006,00-0019559,C.Pennington,QB,30.0,173.88,17.0
2006,00-0019641,T.Jones,RB,28.0,205.73999999999998,17.0
2006,00-0019642,P.Burress,WR,29.0,219.8,17.0
2006,00-0008241,E.James,RB,28.0,205.6,18.0
2006,00-0019663,D.Jackson,WR,28.0,218.6,18.0
2006,00-0022121,R.Grossman,QB,26.0,170.68,18.0
2006,00-0022811,J.Cotchery,WR,24.0,216.6,19.0
2006,00-0023436,A.Smith,QB,22.0,169.14,19.0
2006,00-0023544,M.Barber,RB,23.0,204.0,19.0
2006,00-0004161,J.Delhomme,QB,31.0,151.4,20.0
2006,00-0006043,T.Glenn,WR,32.0,211.8,20.0
2006,00-0016098,F.Taylor,RB,30.0,193.8,20.0
2006,00-0005720,J.Galloway,WR,35.0,210.6,21.0
2006,00-0019693,J.Lewis,RB,27.0,192.7,21.0
2006,00-0020608,D.Carr,QB,27.0,149.9,21.0
2006,00-0007091,M.Hasselbeck,QB,31.0,148.68,22.0
2006,00-0017162,H.Ward,WR,30.0,208.5,22.0
2006,00-0020471,T.Henry,RB,28.0,188.9,22.0
2006,00-0002099,I.Bruce,WR,34.0,203.8,23.0
2006,00-0023437,R.Brown,RB,25.0,185.1,23.0
2006,00-0024225,M.Leinart,QB,23.0,134.07999999999998,23.0
2006,00-0004304,C.Dillon,RB,32.0,184.9,24.0
2006,00-0022921,L.Fitzgerald,WR,23.0,198.6,24.0
2006,00-0023502,C.Frye,QB,25.0,129.46,24.0
2006,00-0004640,W.Dunn,RB,31.0,183.0,25.0
2006,00-0008442,B.Johnson,QB,38.0,122.19999999999999,25.0
2006,00-0023457,M.Clayton,WR,24.0,187.9,25.0
2006,00-0021141,J.Harrington,QB,28.0,113.14,26.0
2006,00-0022178,W.McGahee,RB,25.0,164.6,26.0
2006,00-0023470,R.Brown,WR,25.0,187.0,26.0
2006,00-0021231,D.Garrard,QB,28.0,112.39999999999999,27.0
2006,00-0023438,B.Edwards,WR,23.0,185.1,27.0
2006,00-0024236,L.Maroney,RB,21.0,155.9,27.0
2006,00-0007835,D.Huard,QB,33.0,111.42,28.0
2006,00-0020494,S.Moss,WR,27.0,180.2,28.0
2006,00-0022840,J.Jones,RB,25.0,153.6,28.0
2006,00-0008561,K.Johnson,WR,34.0,177.9,29.0
2006,00-0013042,J.Plummer,QB,32.0,110.96000000000001,29.0
2006,00-0021164,D.Foster,RB,26.0,151.60000000000002,29.0
2006,00-0002110,M.Brunell,QB,36.0,100.96,30.0
2006,00-0011795,M.Muhammad,WR,33.0,174.3,30.0
2006,00-0024011,M.Bell,RB,23.0,151.5,30.0
2006,00-0001477,M.Booker,WR,30.0,171.6,31.0
2006,00-0005755,J.Garcia,QB,36.0,95.06,31.0
2006,00-0019863,D.Rhodes,RB,27.0,149.20000000000002,31.0
2006,00-0009163,E.Kennison,WR,33.0,170.6,32.0
2006,00-0019647,S.Alexander,RB,29.0,142.4,32.0
2006,00-0023460,J.Campbell,QB,25.0,91.08,32.0
2006,00-0022807,B.Berrian,WR,26.0,163.0,33.0
2006,00-0022893,T.Bell,RB,25.0,140.0,33.0
2006,00-0024408,B.Gradkowski,QB,23.0,88.54,33.0
2006,00-0021176,R.Caldwell,WR,27.0,161.5,34.0
2006,00-0022177,B.Leftwich,QB,26.0,80.42,34.0
2006,00-0024332,L.Washington,RB,24.0,139.0,34.0
2006,00-0001361,D.Bledsoe,QB,34.0,71.36,35.0
2006,00-0019610,R.Droughns,RB,28.0,135.7,35.0
2006,00-0020446,C.Chambers,WR,28.0,160.20000000000002,35.0
2006,00-0010500,D.Mason,WR,32.0,154.6,36.0
2006,00-0023440,C.Williams,RB,24.0,129.4,36.0
2006,00-0024226,J.Cutler,QB,23.0,63.84,36.0
2006,00-0006355,T.Green,QB,36.0,63.58,37.0
2006,00-0021179,C.Portis,RB,25.0,128.3,37.0
2006,00-0021192,D.Branch,WR,27.0,152.5,37.0
2006,00-0017200,K.Warner,QB,35.0,63.379999999999995,38.0
2006,00-0024240,S.Holmes,WR,22.0,150.7,38.0
2006,00-0024242,D.Williams,RB,23.0,126.4,38.0
2006,00-0022055,S.Wallace,QB,26.0,60.98,39.0
2006,00-0023518,C.Henry,WR,23.0,150.5,39.0
2006,00-0024384,W.Lundy,RB,23.0,125.0,39.0
2006,00-0003739,D.Culpepper,QB,29.0,47.160000000000004,40.0
2006,00-0022064,A.Battle,WR,26.0,147.1,40.0
2006,00-0022217,M.Moore,RB,24.0,122.5,40.0
2006,00-0001823,A.Brooks,QB,30.0,46.6,41.0
2006,00-0022929,D.Henderson,WR,24.0,143.9,41.0
2006,00-0023545,B.Jacobs,RB,24.0,120.2,41.0
2006,00-0013013,M.Pittman,RB,31.0,118.0,42.0
2006,00-0019623,T.Rattay,QB,29.0,40.22,42.0
2006,00-0022889,R.Williams,WR,23.0,141.9,42.0
2006,00-0019643,R.Dayne,RB,28.0,114.9,43.0
2006,00-0022427,W.Welker,WR,25.0,141.7,43.0
2006,00-0023645,D.Anderson,QB,23.0,38.419999999999995,43.0
2006,00-0000865,C.Batch,QB,32.0,38.28,44.0
2006,00-0021147,D.Stallworth,WR,26.0,140.5,44.0
2006,00-0023439,C.Benson,RB,24.0,114.1,44.0
2006,00-0005091,K.Faulk,RB,30.0,108.9,45.0
2006,00-0021337,R.Curry,WR,27.0,139.1,45.0
2006,00-0023504,A.Walter,QB,24.0,38.08,45.0
2006,00-0019976,D.Bennett,WR,28.0,137.7,46.0
2006,00-0022164,K.Boller,QB,25.0,36.8,46.0
2006,00-0024294,J.Norwood,RB,23.0,98.5,46.0
2006,00-0022093,J.Fargas,RB,26.0,94.0,47.0
2006,00-0022156,Bry.Johnson,WR,25.0,137.7,47.0
2006,00-0024279,T.Jackson,QB,23.0,30.900000000000002,47.0
2006,00-0019721,T.Taylor,WR,27.0,136.6,48.0
2006,00-0020270,C.Buckhalter,RB,28.0,87.6,48.0
2006,00-0020434,C.Weinke,QB,34.0,26.6,48.0
2006,00-0020305,A.Feeley,QB,29.0,23.98,49.0
2006,00-0020403,A.Thomas,RB,29.0,83.7,49.0
2006,00-0021191,A.Bryant,WR,25.0,131.7,49.0
2006,00-0007744,J.Horn,WR,34.0,130.9,50.0
2006,00-0020565,C.Lemon,QB,27.0,23.18,50.0
2006,00-0023508,V.Morency,RB,26.0,82.2,50.0
2006,00-0020474,K.Barlow,RB,27.0,82.1,51.0
2006,00-0020613,Q.Gray,QB,27.0,21.24,51.0
2006,00-0022701,D.Hackett,WR,25.0,130.0,51.0
2006,00-0020480,S.Rosenfels,QB,28.0,21.1,52.0
2006,00-0023456,M.Jones,WR,23.0,126.7,52.0
2006,00-0023676,N.Herron,RB,24.0,81.1,52.0
2006,00-0019484,S.Morris,RB,29.0,79.2,53.0
2006,00-0022005,C.Simms,QB,26.0,20.1,53.0
2006,00-0024267,G.Jennings,WR,23.0,126.2,53.0
2006,00-0003292,K.Collins,QB,34.0,15.96,54.0
2006,00-0022781,M.Jenkins,WR,24.0,124.8,54.0
2006,00-0023615,C.Houston,RB,24.0,78.7,54.0
2006,00-0021182,M.Morris,RB,27.0,74.0,55.0
2006,00-0022787,M.Schaub,QB,25.0,10.42,55.0
2006,00-0023367,N.Washington,WR,23.0,122.2,55.0
2006,00-0010455,J.Martin,QB,36.0,8.32,56.0
2006,00-0011770,E.Moulds,WR,33.0,119.3,56.0
2006,00-0022011,J.Griffith,RB,26.0,72.4,56.0
2006,00-0015290,R.Smith,WR,36.0,118.7,57.0
2006,00-0020462,L.Jordan,RB,28.0,70.8,57.0
2006,00-0024296,C.Whitehurst,QB,24.0,7.300000000000001,57.0
2006,00-0006423,B.Griese,QB,31.0,6.3,58.0
2006,00-0020904,E.Parker,WR,27.0,115.8,58.0
2006,00-0022821,M.Turner,RB,24.0,69.9,58.0
2006,00-0011754,R.Moss,WR,29.0,115.3,59.0
2006,00-0020405,M.Tuiasosopo,QB,27.0,5.62,59.0
2006,00-0021252,N.Davenport,RB,27.0,68.4,59.0
2006,00-0016193,V.Testaverde,QB,43.0,4.359999999999999,60.0
2006,00-0019808,K.Watson,RB,28.0,64.1,60.0
2006,00-0023496,V.Jackson,WR,23.0,111.9,60.0
2006,00-0021750,A.Harris,RB,26.0,53.0,61.0
2006,00-0022026,B.Bollinger,QB,27.0,3.84,61.0
2006,00-0022766,P.Crayton,WR,27.0,111.6,61.0
2006,00-0021206,J.McCown,QB,27.0,3.5,62.0
2006,00-0022001,K.Curtis,WR,28.0,110.3,62.0
2006,00-0023074,S.Gado,RB,24.0,52.5,62.0
2006,00-0002068,T.Brown,WR,35.0,110.2,63.0
2006,00-0005589,G.Frerotte,QB,35.0,1.08,63.0
2006,00-0021673,R.Lee,RB,26.0,51.0,63.0
2006,00-0013232,P.Price,WR,30.0,110.0,64.0
2006,00-0022130,Mu.Smith,RB,24.0,46.1,64.0
2006,00-0023459,A.Rodgers,QB,23.0,0.9400000000000001,64.0
2006,00-0018272,A.Wright,QB,30.0,0.94,65.0
2006,00-0021190,A.Randle El,WR,27.0,108.42,65.0
2006,00-0024260,L.White,RB,22.0,44.4,65.0
2006,00-0008962,J.Jurevicius,WR,32.0,107.5,66.0
2006,00-0020805,J.McKie,RB,26.0,43.0,66.0
2006,00-0023859,B.Basanez,QB,23.0,0.44,66.0
2006,00-0004052,S.Davis,RB,32.0,42.7,67.0
2006,00-0022590,J.Lorenzen,QB,25.0,0.2,67.0
2006,00-0022754,S.Parker,WR,25.0,103.8,67.0
2006,00-0020797,M.Hicks,RB,28.0,40.9,68.0
2006,00-0021379,P.Ramsey,QB,27.0,0.0,68.0
2006,00-0022901,E.Wilford,WR,27.0,98.4,68.0
2006,00-0020022,M.Shipp,RB,28.0,40.1,69.0
2006,00-0020452,C.Wilson,WR,28.0,93.64,69.0
2006,00-0022039,K.Dorsey,QB,25.0,0.0,69.0
2006,00-0013888,M.Robinson,WR,31.0,91.1,70.0
2006,00-0015601,A.Stecker,RB,31.0,39.1,70.0
2006,00-0023682,R.Fitzpatrick,QB,24.0,0.0,70.0
2006,00-0019041,B.Volek,QB,30.0,-0.14,71.0
2006,00-0019594,M.Anderson,RB,33.0,38.7,71.0
2006,00-0022144,B.Wade,WR,25.0,91.1,71.0
2006,00-0022006,A.Pinner,RB,28.0,38.699999999999996,72.0
2006,00-0023531,B.Jones,WR,24.0,89.7,72.0
2006,00-0023662,M.Cassel,QB,24.0,-0.32000000000000006,72.0
2006,00-0020514,M.Bennett,RB,28.0,36.7,73.0
2006,00-0022102,D.Gabriel,WR,26.0,88.8,73.0
2006,00-0024362,I.Martin,QB,24.0,-0.5,73.0
2006,00-0000552,O.Ayanbadejo,RB,31.0,34.6,74.0
2006,00-0021166,J.Reed,WR,26.0,88.3,74.0
2006,00-0024264,K.Clemens,QB,23.0,-1.0,74.0
2006,00-0016550,A.Toomer,WR,32.0,86.0,75.0
2006,00-0019831,N.Goings,RB,28.0,31.9,75.0
2006,00-0024300,B.Croyle,QB,23.0,-3.38,75.0
2006,00-0022797,T.Tapeh,RB,26.0,31.4,76.0
2006,00-0022879,D.Carter,WR,25.0,83.5,76.0
2006,00-0022288,J.Wright,RB,24.0,31.1,77.0
2006,00-0023442,T.Williamson,WR,23.0,82.5,77.0
2006,00-0007468,I.Hilliard,WR,30.0,79.9,78.0
2006,00-0021306,A.Peterson,RB,27.0,30.900000000000002,78.0
2006,00-0020964,To.Fisher,RB,27.0,30.8,79.0
2006,00-0022725,M.Clayton,WR,24.0,78.7,79.0
2006,00-0021376,T.Duckett,RB,25.0,28.799999999999997,80.0
2006,00-0023462,R.White,WR,25.0,78.6,80.0
2006,00-0003663,Z.Crockett,RB,34.0,27.6,81.0
2006,00-0010668,K.McCardell,WR,36.0,78.5,81.0
2006,00-0020391,J.Cook,RB,27.0,26.5,82.0
2006,00-0024013,H.Baskett,WR,24.0,78.4,82.0
2006,00-0021152,A.Lelie,WR,26.0,77.0,83.0
2006,00-0023844,C.Taylor,RB,23.0,25.3,83.0
2006,00-0002159,S.Bryson,RB,30.0,23.9,84.0
2006,00-0022388,T.Copper,WR,24.0,76.3,84.0
2006,00-0023479,J.Arrington,RB,23.0,21.7,85.0
2006,00-0024326,D.Williams,WR,23.0,73.6,85.0
2006,00-0023490,R.Parrish,WR,24.0,72.8,86.0
2006,00-0023547,C.Fason,RB,24.0,20.8,86.0
2006,00-0021260,K.Johnson,RB,28.0,19.7,87.0
2006,00-0021508,G.Lewis,WR,26.0,68.8,87.0
2006,00-0022135,B.McMullen,WR,26.0,65.7,88.0
2006,00-0024359,J.Harrison,RB,23.0,19.7,88.0
2006,00-0019539,D.Hall,WR,28.0,65.5,89.0
2006,00-0021845,C.Sapp,RB,28.0,19.4,89.0
2006,00-0022926,C.Perry,RB,25.0,18.9,90.0
2006,00-0023429,R.Davis,WR,27.0,64.7,90.0
2006,00-0023561,A.Pearman,RB,24.0,18.1,91.0
2006,00-0024334,B.Marshall,WR,22.0,64.1,91.0
2006,00-0020381,J.McCareins,WR,28.0,63.7,92.0
2006,00-0022092,C.Brown,RB,25.0,18.0,92.0
2006,00-0019794,A.Cason,RB,27.0,17.0,93.0
2006,00-0022421,R.Martin,WR,24.0,62.8,93.0
2006,00-0023474,M.Bradley,WR,24.0,60.2,94.0
2006,00-0024202,J.Branch,RB,25.0,15.3,94.0
2006,00-0004915,B.Engram,WR,33.0,59.4,95.0
2006,00-0023576,D.Nash,RB,24.0,14.700000000000001,95.0
2006,00-0022097,B.Lloyd,WR,25.0,57.5,96.0
2006,00-0022773,B.Miree,RB,25.0,14.7,96.0
2006,00-0020315,D.Blaylock,RB,27.0,12.2,97.0
2006,00-0021174,T.Carter,WR,27.0,57.3,97.0
2006,00-0019552,T.Walters,WR,30.0,55.9,98.0
2006,00-0020448,T.Minor,RB,27.0,10.600000000000001,98.0
2006,00-0010747,F.McCrary,RB,34.0,10.3,99.0
2006,00-0017611,A.Whitted,WR,32.0,55.300000000000004,99.0
2006,00-0021999,N.Burleson,WR,25.0,55.2,100.0
2006,00-0023192,T.Thompson,RB,25.0,9.0,100.0
2006,00-0021755,E.Graham,RB,26.0,7.3,101.0
2006,00-0022414,M.Floyd,WR,25.0,54.0,101.0
2006,00-0010632,F.McAfee,RB,38.0,7.2,102.0
2006,00-0021927,D.Tyree,WR,26.0,50.7,102.0
2006,00-0021509,R.Mahe,RB,26.0,7.1000000000000005,103.0
2006,00-0024297,D.Hagan,WR,22.0,49.1,103.0
2006,00-0023512,R.Moats,RB,24.0,6.9,104.0
2006,00-0024251,C.Jackson,WR,21.0,48.4,104.0
2006,00-0019650,D.Northcutt,WR,29.0,46.0,105.0
2006,00-0022431,R.Carthon,RB,25.0,6.4,105.0
2006,00-0019302,B.Gilmore,WR,28.0,36.4,106.0
2006,00-0022564,R.Cruz,RB,25.0,5.9,106.0
2006,00-0024272,D.Hester,WR,24.0,36.0,107.0
2006,00-0024289,B.Calhoun,RB,22.0,5.8999999999999995,107.0
2006,00-0021931,K.Walter,WR,25.0,33.3,108.0
2006,00-0023591,J.Green,RB,24.0,5.7,108.0
2006,00-0016440,J.Thrash,WR,31.0,33.1,109.0
2006,00-0021357,R.Cartwright,RB,27.0,5.5,109.0
2006,00-0006627,A.Hakim,WR,29.0,31.8,110.0
2006,00-0023159,K.Harris,RB,27.0,4.9,110.0
2006,00-0019533,P.Pass,RB,29.0,4.5,111.0
2006,00-0021163,J.Gaffney,WR,26.0,31.2,111.0
2006,00-0021981,S.McDonald,WR,25.0,30.6,112.0
2006,00-0023489,E.Shelton,RB,23.0,3.9000000000000004,112.0
2006,00-0001627,C.Bradford,WR,31.0,30.400000000000002,113.0
2006,00-0020376,D.Brown,RB,28.0,3.9,113.0
2006,00-0004673,T.Dwight,WR,31.0,30.0,114.0
2006,00-0022180,L.Suggs,RB,26.0,3.9,114.0
2006,00-0007546,J.Hodgins,RB,29.0,2.9000000000000004,115.0
2006,00-0021973,D.Kircus,WR,26.0,27.7,115.0
2006,00-0022171,K.Washington,WR,27.0,26.5,116.0
2006,00-0022886,C.Cramer,RB,24.0,2.8,116.0
2006,00-0021993,Be.Johnson,WR,27.0,25.4,117.0
2006,00-0022130,M.Smith,RB,24.0,2.7,117.0
2006,00-0021936,A.Pinnock,RB,26.0,2.5,118.0
2006,00-0024318,B.Smith,WR,23.0,25.4,118.0
2006,00-0019590,C.Morton,RB,29.0,2.2,119.0
2006,00-0023176,J.Cribbs,WR,23.0,24.2,119.0
2006,00-0022057,L.Toefield,RB,26.0,2.2,120.0
2006,00-0023452,M.Williams,WR,22.0,23.900000000000002,120.0
2006,00-0022307,J.Jones,WR,25.0,22.799999999999997,121.0
2006,00-0022872,C.Cobbs,RB,25.0,0.9,121.0
2006,00-0015754,B.Stokley,WR,30.0,22.5,122.0
2006,00-0023426,K.Kincade,RB,24.0,0.9,122.0
2006,00-0021780,A.Moorehead,WR,26.0,22.2,123.0
2006,00-0023064,M.Weeks,RB,26.0,0.8,123.0
2006,00-0023222,C.Holiday,WR,25.0,21.599999999999998,124.0
2006,00-0024189,D.Ross,RB,23.0,0.8,124.0
2006,00-0022228,R.Alexis,RB,25.0,0.5,125.0
2006,00-0023570,R.Williams,WR,25.0,20.1,125.0
2006,00-0019153,M.Jackson,RB,29.0,0.2,126.0
2006,00-0024305,M.Stovall,WR,21.0,20.1,126.0
2006,00-0021209,L.Gordon,RB,26.0,0.2,127.0
2006,00-0021353,D.Givens,WR,26.0,18.7,127.0
2006,00-0022538,S.Williams,RB,26.0,0.2,128.0
2006,00-0024324,J.Avant,WR,23.0,17.8,128.0
2006,00-0020490,K.Robinson,WR,26.0,15.899999999999999,129.0
2006,00-0022801,Q.Wilson,RB,25.0,0.2,129.0
2006,00-0019673,P.Smith,RB,28.0,0.0,130.0
2006,00-0020428,R.Ferguson,WR,27.0,14.100000000000001,130.0
2006,00-0021098,J.Scobey,RB,27.0,0.0,131.0
2006,00-0023623,T.Perry,WR,24.0,13.5,131.0
2006,00-0021387,J.Martin,RB,26.0,0.0,132.0
2006,00-0023953,S.Hurd,WR,21.0,12.5,132.0
2006,00-0022449,B.Sams,RB,26.0,0.0,133.0
2006,00-0023657,P.Warren,WR,24.0,11.3,133.0
2006,00-0021129,M.Jennings,WR,27.0,11.1,134.0
2006,00-0022733,B.Perry,RB,25.0,0.0,134.0
2006,00-0022726,K.Colbert,WR,24.0,10.6,135.0
2006,00-0022770,D.Ward,RB,26.0,0.0,135.0
2006,00-0022873,J.Morant,WR,25.0,10.0,136.0
2006,00-0022883,A.Echemandu,RB,26.0,0.0,136.0
2006,00-0021460,C.Hankton,WR,25.0,9.8,137.0
2006,00-0023056,D.Ferri,RB,25.0,0.0,137.0
2006,00-0021982,J.Gage,WR,25.0,8.8,138.0
2006,00-0023297,K.Joseph,RB,25.0,0.0,138.0
2006,00-0023654,N.Broughton,RB,24.0,0.0,139.0
2006,00-0024044,D.Ellis,WR,22.0,8.399999999999999,139.0
2006,00-0022826,C.Moore,WR,24.0,8.1,140.0
2006,00-0023806,D.Dorsey,RB,22.0,0.0,140.0
2006,00-0023829,J.Sims,RB,23.0,0.0,141.0
2006,00-0024259,S.Moss,WR,23.0,7.5,141.0
2006,00-0023981,M.Nance,WR,23.0,7.3,142.0
2006,00-0024103,M.Owens,RB,22.0,0.0,142.0
2006,00-0023968,M.Spurlock,WR,23.0,7.1,143.0
2006,00-0024148,C.Ross,RB,24.0,0.0,143.0
2006,00-0022124,T.Jacobs,WR,25.0,6.9,144.0
2006,00-0024460,Q.Ganther,RB,22.0,0.0,144.0
2006,00-0023867,T.Biddle,WR,23.0,6.699999999999999,145.0
2006,00-0006777,K.Hankton,WR,36.0,6.1,146.0
2006,00-0013268,R.Proehl,WR,38.0,6.0,147.0
2006,00-0017697,T.Wilkins,WR,31.0,6.0,148.0
2006,00-0020794,E.Shepherd,WR,26.0,5.7,149.0
2006,00-0024404,J.Webb,WR,24.0,5.3,150.0
2006,00-0024293,T.Wilson,WR,22.0,5.2,151.0
2006,00-0019997,A.Chatman,WR,27.0,5.199999999999999,152.0
2006,00-0023503,C.Roby,WR,23.0,5.1000000000000005,153.0
2006,00-0011641,S.Morey,WR,30.0,4.9,154.0
2006,00-0020525,R.Gardner,WR,29.0,3.7,155.0
2006,00-0024465,D.Anderson,WR,23.0,3.7,156.0
2006,00-0023889,C.Francies,WR,24.0,3.6,157.0
2006,00-0012642,D.Patten,WR,32.0,3.5,158.0
2006,00-0020692,E.Drummond,WR,26.0,3.4000000000000004,159.0
2006,00-0021212,C.Russell,WR,27.0,3.4,160.0
2006,00-0021175,A.Davis,WR,27.0,3.3,161.0
2006,00-0019703,J.Porter,WR,28.0,2.9,162.0
2006,00-0021886,W.Young,WR,27.0,2.7,163.0
2006,00-0022308,K.Kight,WR,24.0,2.7,164.0
2006,00-0023701,B.Childress,WR,24.0,2.7,165.0
2006,00-0023310,L.Moore,WR,23.0,2.0,166.0
2006,00-0021629,J.Adkisson,WR,26.0,1.9,167.0
2006,00-0023947,W.Buchanon,WR,23.0,1.9,168.0
2006,00-0020735,D.Lewis,WR,31.0,1.5,169.0
2006,00-0019242,D.Looker,WR,30.0,1.3,170.0
2006,00-0024174,G.Holt,WR,22.0,1.3,171.0
2006,00-0024407,R.McNeal,WR,23.0,0.8,172.0
2006,00-0019600,M.Lewis,WR,35.0,0.0,173.0
2006,00-0020361,A.Bannister,WR,27.0,0.0,174.0
2006,00-0020427,Q.Morgan,WR,29.0,0.0,175.0
2006,00-0021175,Andre.Davis,WR,27.0,0.0,176.0
2006,00-0021310,J.Elliott,WR,27.0,0.0,177.0
2006,00-0021570,K.Osgood,WR,26.0,0.0,178.0
2006,00-0021852,T.Devoe,WR,26.0,0.0,179.0
2006,00-0021915,S.Aiken,WR,26.0,0.0,180.0
2006,00-0021923,W.Ponder,WR,26.0,0.0,181.0
2006,00-0022819,M.Mann,WR,24.0,0.0,182.0
2006,00-0022882,M.Jones,WR,26.0,0.0,183.0
2006,00-0023188,J.Rector,WR,25.0,0.0,184.0
2006,00-0023408,G.Camarillo,WR,24.0,0.0,185.0
2006,00-0023549,J.Mathis,WR,23.0,0.0,186.0
2006,00-0023618,C.Owens,WR,24.0,0.0,187.0
2006,00-0023790,B.Clark,WR,23.0,0.0,188.0
2006,00-0023822,S.Bodiford,WR,24.0,0.0,189.0
2006,00-0023921,M.Austin,WR,22.0,0.0,190.0
2006,00-0024171,W.Wright,WR,22.0,0.0,191.0
2006,00-0024299,B.Williams,WR,22.0,0.0,192.0
2006,00-0024310,W.Reid,WR,24.0,0.0,193.0
2006,00-0024340,S.Green,WR,22.0,0.0,194.0
2006,00-0024398,A.Jennings,WR,24.0,-0.4,195.0
2007,00-0011754,R.Moss,WR,30.0,385.3,1.0
2007,00-0019596,T.Brady,QB,30.0,390.04,1.0
2007,00-0021216,B.Westbrook,RB,28.0,370.4,1.0
2007,00-0020498,R.Wayne,WR,29.0,309.40000000000003,2.0
2007,00-0020536,L.Tomlinson,RB,28.0,367.58,2.0
2007,00-0021678,T.Romo,QB,27.0,295.64,2.0
2007,00-0010346,P.Manning,QB,31.0,275.1,3.0
2007,00-0012478,T.Owens,WR,34.0,307.0,3.0
2007,00-0024245,J.Addai,RB,24.0,276.6,3.0
2007,00-0021179,C.Portis,RB,26.0,272.7,4.0
2007,00-0022924,B.Roethlisberger,QB,25.0,260.72,4.0
2007,00-0023438,B.Edwards,WR,24.0,300.9,4.0
2007,00-0020438,T.Houshmandzadeh,WR,30.0,297.7,5.0
2007,00-0020531,D.Brees,QB,28.0,259.32,5.0
2007,00-0025394,A.Peterson,RB,22.0,251.9,5.0
2007,00-0019693,J.Lewis,RB,28.0,247.1,6.0
2007,00-0022921,L.Fitzgerald,WR,24.0,296.2,6.0
2007,00-0023645,D.Anderson,QB,24.0,253.14000000000001,6.0
2007,00-0007091,M.Hasselbeck,QB,32.0,246.34,7.0
2007,00-0020397,C.Johnson,WR,29.0,287.7,7.0
2007,00-0023544,M.Barber,RB,24.0,241.5,7.0
2007,00-0005106,B.Favre,QB,38.0,243.48000000000002,8.0
2007,00-0023500,F.Gore,RB,24.0,236.8,8.0
2007,00-0024466,M.Colston,WR,24.0,282.2,8.0
2007,00-0021429,C.Palmer,QB,28.0,228.2,9.0
2007,00-0021755,E.Graham,RB,27.0,229.2,9.0
2007,00-0022427,W.Welker,WR,26.0,280.9,9.0
2007,00-0022178,W.McGahee,RB,26.0,228.8,10.0
2007,00-0024226,J.Cutler,QB,24.0,210.38,10.0
2007,00-0024334,B.Marshall,WR,23.0,280.2,10.0
2007,00-0007681,T.Holt,WR,31.0,253.9,11.0
2007,00-0011022,D.McNabb,QB,31.0,208.56,11.0
2007,00-0024275,M.Jones-Drew,RB,22.0,213.5,11.0
2007,00-0008241,E.James,RB,29.0,209.8,12.0
2007,00-0017200,K.Warner,QB,36.0,205.85999999999999,12.0
2007,00-0019642,P.Burress,WR,30.0,244.5,12.0
2007,00-0004915,B.Engram,WR,34.0,242.7,13.0
2007,00-0009311,J.Kitna,QB,35.0,190.84,13.0
2007,00-0024217,R.Bush,RB,22.0,208.8,13.0
2007,00-0010500,D.Mason,WR,33.0,239.7,14.0
2007,00-0019808,K.Watson,RB,29.0,203.6,14.0
2007,00-0021231,D.Garrard,QB,29.0,188.56,14.0
2007,00-0022736,S.Jackson,RB,24.0,201.38,15.0
2007,00-0022803,E.Manning,QB,26.0,184.34,15.0
2007,00-0023462,R.White,WR,26.0,235.0,15.0
2007,00-0020337,S.Smith,WR,28.0,233.79999999999998,16.0
2007,00-0022942,P.Rivers,QB,26.0,177.38,16.0
2007,00-0025399,M.Lynch,RB,21.0,194.22,16.0
2007,00-0022001,K.Curtis,WR,29.0,224.0,17.0
2007,00-0022984,R.Grant,RB,25.0,186.29999999999998,17.0
2007,00-0024218,V.Young,QB,24.0,155.34,17.0
2007,00-0005755,J.Garcia,QB,37.0,155.2,18.0
2007,00-0022250,W.Parker,RB,27.0,177.0,18.0
2007,00-0024267,G.Jennings,WR,24.0,217.0,18.0
2007,00-0022084,A.Boldin,WR,27.0,209.7,19.0
2007,00-0023460,J.Campbell,QB,26.0,146.6,19.0
2007,00-0024260,L.White,RB,23.0,176.2,19.0
2007,00-0021314,C.Taylor,RB,28.0,175.5,20.0
2007,00-0022811,J.Cotchery,WR,25.0,208.7,20.0
2007,00-0024279,T.Jackson,QB,24.0,130.44,20.0
2007,00-0019641,T.Jones,RB,29.0,173.6,21.0
2007,00-0020480,S.Rosenfels,QB,29.0,110.46000000000001,21.0
2007,00-0021981,S.McDonald,WR,26.0,205.5,21.0
2007,00-0020565,C.Lemon,QB,28.0,110.12,22.0
2007,00-0023437,R.Brown,RB,26.0,170.1,22.0
2007,00-0025410,D.Bowe,WR,23.0,199.5,22.0
2007,00-0004541,D.Driver,WR,32.0,199.20000000000002,23.0
2007,00-0022787,M.Schaub,QB,26.0,106.84,23.0
2007,00-0023545,B.Jacobs,RB,25.0,169.5,23.0
2007,00-0021141,J.Harrington,QB,29.0,105.3,24.0
2007,00-0022093,J.Fargas,RB,27.0,164.7,24.0
2007,00-0024240,S.Holmes,WR,23.0,197.9,24.0
2007,00-0005720,J.Galloway,WR,36.0,194.5,25.0
2007,00-0016098,F.Taylor,RB,31.0,163.0,25.0
2007,00-0019599,M.Bulger,QB,30.0,104.98,25.0
2007,00-0007835,D.Huard,QB,34.0,102.18,26.0
2007,00-0021306,A.Peterson,RB,28.0,162.36,26.0
2007,00-0022807,B.Berrian,WR,27.0,193.1,26.0
2007,00-0019559,C.Pennington,QB,31.0,101.84,27.0
2007,00-0022044,A.Johnson,WR,26.0,191.1,27.0
2007,00-0022782,K.Jones,RB,25.0,156.79999999999998,27.0
2007,00-0004640,W.Dunn,RB,32.0,152.6,28.0
2007,00-0006423,B.Griese,QB,32.0,88.92,28.0
2007,00-0017162,H.Ward,WR,31.0,190.3,28.0
2007,00-0020446,C.Chambers,WR,29.0,188.2,29.0
2007,00-0021164,D.Foster,RB,27.0,144.9,29.0
2007,00-0022164,K.Boller,QB,26.0,86.62,29.0
2007,00-0019643,R.Dayne,RB,29.0,141.5,30.0
2007,00-0021999,N.Burleson,WR,26.0,183.8,30.0
2007,00-0025479,T.Edwards,QB,24.0,82.1,30.0
2007,00-0003739,D.Culpepper,QB,30.0,79.88,31.0
2007,00-0022909,R.Williams,WR,26.0,174.7,31.0
2007,00-0024242,D.Williams,RB,24.0,139.4,31.0
2007,00-0021931,K.Walter,WR,26.0,172.0,32.0
2007,00-0024236,L.Maroney,RB,22.0,137.1,32.0
2007,00-0024264,K.Clemens,QB,24.0,76.26,32.0
2007,00-0021182,M.Morris,RB,28.0,135.1,33.0
2007,00-0021206,J.McCown,QB,28.0,74.94,33.0
2007,00-0022910,L.Evans,WR,26.0,169.9,33.0
2007,00-0020613,Q.Gray,QB,28.0,73.14,34.0
2007,00-0023470,R.Brown,WR,26.0,166.6,34.0
2007,00-0024549,S.Young,RB,24.0,135.0,34.0
2007,00-0015601,A.Stecker,RB,32.0,130.9,35.0
2007,00-0019709,C.Redman,QB,30.0,72.76,35.0
2007,00-0022766,P.Crayton,WR,28.0,159.7,35.0
2007,00-0022864,L.McCown,QB,26.0,62.06,36.0
2007,00-0024332,L.Washington,RB,25.0,130.04,36.0
2007,00-0025389,C.Johnson,WR,22.0,158.8,36.0
2007,00-0021252,N.Davenport,RB,28.0,128.3,37.0
2007,00-0022889,R.Williams,WR,24.0,157.7,37.0
2007,00-0022912,J.Losman,QB,26.0,59.160000000000004,37.0
2007,00-0004161,J.Delhomme,QB,32.0,57.28,38.0
2007,00-0020494,S.Moss,WR,28.0,157.1,38.0
2007,00-0021976,L.Johnson,RB,28.0,126.5,38.0
2007,00-0018958,L.Coles,WR,30.0,155.6,39.0
2007,00-0022770,D.Ward,RB,27.0,126.1,39.0
2007,00-0024300,B.Croyle,QB,24.0,56.88,39.0
2007,00-0020462,L.Jordan,RB,29.0,125.6,40.0
2007,00-0021337,R.Curry,WR,28.0,154.8,40.0
2007,00-0022121,R.Grossman,QB,27.0,54.739999999999995,40.0
2007,00-0003315,T.Collins,QB,36.0,51.620000000000005,41.0
2007,00-0016550,A.Toomer,WR,33.0,153.0,41.0
2007,00-0019647,S.Alexander,RB,30.0,123.2,41.0
2007,00-0002099,I.Bruce,WR,35.0,151.9,42.0
2007,00-0004293,T.Dilfer,QB,35.0,49.14,42.0
2007,00-0024294,J.Norwood,RB,24.0,123.2,42.0
2007,00-0005091,K.Faulk,RB,31.0,118.1,43.0
2007,00-0006355,T.Green,QB,37.0,48.68,43.0
2007,00-0019703,J.Porter,WR,29.0,150.5,43.0
2007,00-0016193,V.Testaverde,QB,44.0,45.64,44.0
2007,00-0023439,C.Benson,RB,25.0,117.10000000000001,44.0
2007,00-0023570,R.Williams,WR,26.0,149.2,44.0
2007,00-0005589,G.Frerotte,QB,36.0,44.86,45.0
2007,00-0012642,D.Patten,WR,33.0,148.7,45.0
2007,00-0022840,J.Jones,RB,26.0,113.7,45.0
2007,00-0020679,S.Hill,QB,27.0,41.44,46.0
2007,00-0022064,A.Battle,WR,27.0,144.4,46.0
2007,00-0022092,C.Brown,RB,26.0,106.2,46.0
2007,00-0020471,T.Henry,RB,29.0,104.6,47.0
2007,00-0021982,J.Gage,WR,26.0,142.0,47.0
2007,00-0023436,A.Smith,QB,23.0,35.46,47.0
2007,00-0011024,S.McNair,QB,34.0,33.72,48.0
2007,00-0020820,J.Chatman,RB,28.0,98.6,48.0
2007,00-0021192,D.Branch,WR,28.0,139.1,48.0
2007,00-0007468,I.Hilliard,WR,31.0,136.8,49.0
2007,00-0020305,A.Feeley,QB,30.0,33.54,49.0
2007,00-0022206,K.Keith,RB,27.0,98.0,49.0
2007,00-0020407,R.Johnson,RB,28.0,95.7,50.0
2007,00-0021147,D.Stallworth,WR,27.0,134.9,50.0
2007,00-0025561,T.Smith,QB,23.0,33.480000000000004,50.0
2007,00-0020608,D.Carr,QB,28.0,33.300000000000004,51.0
2007,00-0022144,B.Wade,WR,26.0,134.5,51.0
2007,00-0025535,K.Smith,RB,23.0,89.5,51.0
2007,00-0019281,M.Furrey,WR,30.0,133.4,52.0
2007,00-0022130,M.Smith,RB,25.0,84.6,52.0
2007,00-0025708,M.Moore,QB,23.0,31.700000000000003,52.0
2007,00-0015754,B.Stokley,WR,31.0,132.9,53.0
2007,00-0021184,L.Betts,RB,28.0,81.9,53.0
2007,00-0024225,M.Leinart,QB,24.0,30.08,53.0
2007,00-0021190,A.Randle El,WR,28.0,132.26,54.0
2007,00-0022288,J.Wright,RB,25.0,78.9,54.0
2007,00-0023541,K.Orton,QB,25.0,28.9,54.0
2007,00-0007576,K.Holcomb,QB,34.0,26.439999999999998,55.0
2007,00-0008962,J.Jurevicius,WR,33.0,131.4,55.0
2007,00-0025439,B.Leonard,RB,23.0,78.6,55.0
2007,00-0019650,D.Northcutt,WR,30.0,130.8,56.0
2007,00-0020270,C.Buckhalter,RB,29.0,76.0,56.0
2007,00-0022055,S.Wallace,QB,27.0,21.0,56.0
2007,00-0019610,R.Droughns,RB,29.0,75.4,57.0
2007,00-0022781,M.Jenkins,WR,25.0,130.2,57.0
2007,00-0025427,J.Beck,QB,26.0,19.56,57.0
2007,00-0021175,A.Davis,WR,28.0,127.3,58.0
2007,00-0022026,B.Bollinger,QB,28.0,19.44,58.0
2007,00-0024813,P.Thomas,RB,23.0,73.30000000000001,58.0
2007,00-0003292,K.Collins,QB,35.0,18.939999999999998,59.0
2007,00-0013013,M.Pittman,RB,32.0,71.9,59.0
2007,00-0025465,J.Jones,WR,23.0,122.6,59.0
2007,00-0023459,A.Rodgers,QB,24.0,15.62,60.0
2007,00-0023496,V.Jackson,WR,24.0,121.3,60.0
2007,00-0024204,F.Jackson,RB,26.0,71.0,60.0
2007,00-0011795,M.Muhammad,WR,34.0,115.0,61.0
2007,00-0023479,J.Arrington,RB,24.0,66.9,61.0
2007,00-0025388,J.Russell,QB,22.0,13.32,61.0
2007,00-0019484,S.Morris,RB,30.0,65.89999999999999,62.0
2007,00-0019623,T.Rattay,QB,30.0,13.06,62.0
2007,00-0022901,E.Wilford,WR,28.0,114.8,62.0
2007,00-0006305,A.Green,RB,30.0,64.3,63.0
2007,00-0019663,D.Jackson,WR,29.0,113.7,63.0
2007,00-0021379,P.Ramsey,QB,28.0,11.08,63.0
2007,00-0000865,C.Batch,QB,33.0,10.579999999999998,64.0
2007,00-0022879,D.Carter,WR,26.0,113.7,64.0
2007,00-0025458,L.Booker,RB,23.0,64.2,64.0
2007,00-0022744,J.Sorgi,QB,27.0,8.879999999999999,65.0
2007,00-0023074,S.Gado,RB,25.0,63.6,65.0
2007,00-0025419,A.Gonzalez,WR,23.0,112.6,65.0
2007,00-0020434,C.Weinke,QB,35.0,8.16,66.0
2007,00-0021163,J.Gaffney,WR,27.0,110.9,66.0
2007,00-0025450,B.Jackson,RB,22.0,61.7,66.0
2007,00-0001477,M.Booker,WR,31.0,110.8,67.0
2007,00-0021376,T.Duckett,RB,26.0,60.9,67.0
2007,00-0022177,B.Leftwich,QB,27.0,7.860000000000001,67.0
2007,00-0021166,J.Reed,WR,27.0,109.8,68.0
2007,00-0023508,V.Morency,RB,27.0,60.7,68.0
2007,00-0023662,M.Cassel,QB,25.0,6.72,68.0
2007,00-0021277,C.Nall,QB,28.0,6.12,69.0
2007,00-0022156,Bry.Johnson,WR,26.0,109.5,69.0
2007,00-0025615,D.Wynn,RB,24.0,60.6,69.0
2007,00-0020514,M.Bennett,RB,29.0,58.8,70.0
2007,00-0023367,N.Washington,WR,24.0,104.0,70.0
2007,00-0024408,B.Gradkowski,QB,24.0,5.199999999999999,70.0
2007,00-0021296,J.O'Sullivan,QB,28.0,2.92,71.0
2007,00-0023457,M.Clayton,WR,25.0,101.1,71.0
2007,00-0024850,D.Walker,RB,22.0,55.5,71.0
2007,00-0008442,B.Johnson,QB,39.0,2.66,72.0
2007,00-0023564,D.Sproles,RB,24.0,53.5,72.0
2007,00-0025431,S.Rice,WR,21.0,98.36,72.0
2007,00-0019863,D.Rhodes,RB,28.0,52.2,73.0
2007,00-0024272,D.Hester,WR,25.0,96.9,73.0
2007,00-0025409,B.Quinn,QB,23.0,1.8,73.0
2007,00-0022011,J.Griffith,RB,27.0,51.2,74.0
2007,00-0023504,A.Walter,QB,25.0,1.52,74.0
2007,00-0025396,T.Ginn,WR,22.0,94.3,74.0
2007,00-0021845,C.Sapp,RB,29.0,43.0,75.0
2007,00-0022590,J.Lorenzen,QB,26.0,1.3199999999999998,75.0
2007,00-0023490,R.Parrish,WR,25.0,90.1,75.0
2007,00-0019976,D.Bennett,WR,29.0,88.5,76.0
2007,00-0022893,T.Bell,RB,26.0,42.5,76.0
2007,00-0023158,B.Berlin,QB,26.0,0.52,76.0
2007,00-0018272,A.Wright,QB,31.0,0.38,77.0
2007,00-0022701,D.Hackett,WR,26.0,88.4,77.0
2007,00-0023764,A.Hall,RB,25.0,42.5,77.0
2007,00-0019816,T.Hasselbeck,QB,29.0,-0.1,78.0
2007,00-0022821,M.Turner,RB,25.0,41.2,78.0
2007,00-0025462,L.Robinson,WR,22.0,84.7,78.0
2007,00-0010455,J.Martin,QB,37.0,-0.3,79.0
2007,00-0023440,C.Williams,RB,25.0,39.5,79.0
2007,00-0024318,B.Smith,WR,24.0,81.0,79.0
2007,00-0020797,M.Hicks,RB,29.0,38.3,80.0
2007,00-0022929,D.Henderson,WR,25.0,80.9,80.0
2007,00-0025604,T.Thigpen,QB,23.0,-0.36,80.0
2007,00-0023310,L.Moore,WR,24.0,80.89999999999999,81.0
2007,00-0023502,C.Frye,QB,26.0,-0.54,81.0
2007,00-0025437,C.Henry,RB,22.0,35.2,81.0
2007,00-0019794,A.Cason,RB,28.0,30.700000000000003,82.0
2007,00-0024297,D.Hagan,WR,23.0,80.3,82.0
2007,00-0024824,M.Gutierrez,QB,23.0,-0.7000000000000001,82.0
2007,00-0020403,An.Thomas,RB,30.0,30.700000000000003,83.0
2007,00-0023456,M.Jones,WR,24.0,79.7,83.0
2007,00-0025423,K.Kolb,QB,23.0,-2.2,83.0
2007,00-0019041,B.Volek,QB,31.0,-4.460000000000001,84.0
2007,00-0020428,R.Ferguson,WR,28.0,77.1,84.0
2007,00-0023806,D.Dorsey,RB,23.0,30.2,84.0
2007,00-0022739,D.Darling,WR,25.0,68.6,85.0
2007,00-0025480,G.Wolfe,RB,23.0,29.2,85.0
2007,00-0023518,C.Henry,WR,24.0,67.3,86.0
2007,00-0025637,A.Bradshaw,RB,21.0,28.200000000000003,86.0
2007,00-0020448,T.Minor,RB,28.0,27.400000000000002,87.0
2007,00-0021647,J.Urban,WR,27.0,66.9,87.0
2007,00-0011770,E.Moulds,WR,34.0,66.2,88.0
2007,00-0022434,C.Davis,RB,26.0,23.7,88.0
2007,00-0007661,P.Holmes,RB,34.0,22.4,89.0
2007,00-0022754,S.Parker,WR,26.0,66.0,89.0
2007,00-0022726,K.Colbert,WR,25.0,65.2,90.0
2007,00-0023251,K.Eckel,RB,26.0,22.299999999999997,90.0
2007,00-0022217,M.Moore,RB,25.0,21.9,91.0
2007,00-0022421,R.Martin,WR,25.0,64.2,91.0
2007,00-0024404,J.Webb,WR,25.0,64.0,92.0
2007,00-0025494,A.Pittman,RB,22.0,18.400000000000002,92.0
2007,00-0024324,J.Avant,WR,24.0,61.800000000000004,93.0
2007,00-0024359,J.Harrison,RB,24.0,18.1,93.0
2007,00-0020805,J.McKie,RB,27.0,18.0,94.0
2007,00-0023531,B.Jones,WR,25.0,61.5,94.0
2007,00-0020022,M.Shipp,RB,29.0,16.6,95.0
2007,00-0021508,G.Lewis,WR,27.0,57.5,95.0
2007,00-0007744,J.Horn,WR,35.0,57.3,96.0
2007,00-0024698,C.Dawson,RB,24.0,15.9,96.0
2007,00-0022797,T.Tapeh,RB,27.0,14.8,97.0
2007,00-0023953,S.Hurd,WR,22.0,56.4,97.0
2007,00-0021153,J.Walker,WR,29.0,54.4,98.0
2007,00-0024172,P.Cobbs,RB,24.0,14.700000000000001,98.0
2007,00-0020391,J.Cook,RB,28.0,14.4,99.0
2007,00-0022725,M.Clayton,WR,25.0,54.3,99.0
2007,00-0010668,K.McCardell,WR,37.0,53.6,100.0
2007,00-0024148,C.Ross,RB,25.0,13.2,100.0
2007,00-0020490,K.Robinson,WR,27.0,51.6,101.0
2007,00-0025578,K.Hall,RB,24.0,12.9,101.0
2007,00-0020527,D.McAllister,RB,29.0,12.7,102.0
2007,00-0023442,T.Williamson,WR,24.0,50.9,102.0
2007,00-0007024,M.Harrison,WR,35.0,50.7,103.0
2007,00-0025498,D.Wright,RB,24.0,12.1,103.0
2007,00-0020452,C.Wilson,WR,29.0,50.4,104.0
2007,00-0025701,J.Battle,RB,24.0,12.1,104.0
2007,00-0024289,B.Calhoun,RB,23.0,12.0,105.0
2007,00-0024326,D.Williams,WR,24.0,49.0,105.0
2007,00-0019594,M.Anderson,RB,34.0,10.8,106.0
2007,00-0025417,C.Davis,WR,22.0,45.7,106.0
2007,00-0020381,J.McCareins,WR,29.0,42.2,107.0
2007,00-0022057,L.Toefield,RB,27.0,10.1,107.0
2007,00-0022883,J.Echemandu,RB,27.0,9.3,108.0
2007,00-0024259,S.Moss,WR,24.0,41.9,108.0
2007,00-0020403,A.Thomas,RB,30.0,8.7,109.0
2007,00-0024174,G.Holt,WR,23.0,40.800000000000004,109.0
2007,00-0019997,A.Chatman,WR,28.0,40.4,110.0
2007,00-0025477,T.Hunt,RB,22.0,7.6,110.0
2007,00-0022388,T.Copper,WR,25.0,39.6,111.0
2007,00-0023192,T.Thompson,RB,26.0,5.4,111.0
2007,00-0022613,G.Martinez,WR,26.0,37.5,112.0
2007,00-0023714,A.Haynes,RB,25.0,4.7,112.0
2007,00-0022006,A.Pinner,RB,29.0,4.6000000000000005,113.0
2007,00-0024013,H.Baskett,WR,25.0,36.2,113.0
2007,00-0023408,G.Camarillo,WR,25.0,36.0,114.0
2007,00-0025633,K.Darby,RB,25.0,4.5,114.0
2007,00-0023591,J.Green,RB,25.0,3.6,115.0
2007,00-0024463,B.Obomanu,WR,24.0,36.0,115.0
2007,00-0023429,R.Davis,WR,28.0,33.5,116.0
2007,00-0023858,C.Barclay,RB,24.0,3.6,116.0
2007,00-0023176,J.Cribbs,WR,24.0,32.8,117.0
2007,00-0024625,B.Storer,RB,23.0,2.3,117.0
2007,00-0016440,J.Thrash,WR,32.0,31.700000000000003,118.0
2007,00-0021509,R.Mahe,RB,27.0,2.1,118.0
2007,00-0024465,D.Anderson,WR,24.0,31.1,119.0
2007,00-0024846,G.Russell,RB,21.0,2.1,119.0
2007,00-0021176,R.Caldwell,WR,28.0,29.1,120.0
2007,00-0021936,A.Pinnock,RB,27.0,1.6,120.0
2007,00-0004673,T.Dwight,WR,32.0,29.0,121.0
2007,00-0023561,A.Pearman,RB,25.0,1.1,121.0
2007,00-0022883,A.Echemandu,RB,27.0,0.30000000000000004,122.0
2007,00-0025460,J.Jones,WR,23.0,27.8,122.0
2007,00-0003663,Z.Crockett,RB,35.0,0.0,123.0
2007,00-0021174,T.Carter,WR,28.0,25.7,123.0
2007,00-0010747,F.McCrary,RB,35.0,0.0,124.0
2007,00-0019552,T.Walters,WR,31.0,25.1,124.0
2007,00-0019533,P.Pass,RB,30.0,0.0,125.0
2007,00-0023551,C.Thorpe,WR,24.0,25.0,125.0
2007,00-0019673,P.Smith,RB,29.0,0.0,126.0
2007,00-0024305,M.Stovall,WR,22.0,24.6,126.0
2007,00-0019831,N.Goings,RB,29.0,0.0,127.0
2007,00-0025529,S.Breaston,WR,24.0,24.0,127.0
2007,00-0009163,E.Kennison,WR,34.0,23.6,128.0
2007,00-0021098,J.Scobey,RB,28.0,0.0,128.0
2007,00-0021260,K.Johnson,RB,29.0,0.0,129.0
2007,00-0025533,A.Allison,WR,23.0,23.599999999999998,129.0
2007,00-0021357,R.Cartwright,RB,28.0,0.0,130.0
2007,00-0025616,J.Broussard,WR,24.0,22.6,130.0
2007,00-0011641,S.Morey,WR,31.0,22.400000000000002,131.0
2007,00-0022449,B.Sams,RB,27.0,0.0,131.0
2007,00-0021152,A.Lelie,WR,27.0,21.5,132.0
2007,00-0022886,C.Cramer,RB,25.0,0.0,132.0
2007,00-0022403,B.Middleton,WR,26.0,21.0,133.0
2007,00-0024011,M.Bell,RB,24.0,0.0,133.0
2007,00-0023474,M.Bradley,WR,25.0,19.1,134.0
2007,00-0024103,M.Owens,RB,23.0,0.0,134.0
2007,00-0024137,S.Tutt,RB,25.0,0.0,135.0
2007,00-0024398,A.Jennings,WR,25.0,18.2,135.0
2007,00-0024358,M.Hagans,WR,25.0,17.7,136.0
2007,00-0024559,D.Ware,RB,22.0,0.0,136.0
2007,00-0017915,R.Williams,RB,30.0,-0.5,137.0
2007,00-0019302,B.Gilmore,WR,29.0,17.3,137.0
2007,00-0022414,M.Floyd,WR,26.0,16.7,138.0
2007,00-0024447,D.Aromashodu,WR,23.0,16.6,139.0
2007,00-0025461,Y.Figurs,WR,25.0,16.5,140.0
2007,00-0019539,D.Hall,WR,29.0,15.5,141.0
2007,00-0025559,L.Naanee,WR,24.0,14.9,142.0
2007,00-0024171,W.Wright,WR,23.0,14.7,143.0
2007,00-0021780,A.Moorehead,WR,27.0,14.5,144.0
2007,00-0025432,D.Jarrett,WR,21.0,14.4,145.0
2007,00-0025438,S.Smith,WR,22.0,14.3,146.0
2007,00-0023452,M.Williams,WR,23.0,14.0,147.0
2007,00-0013232,P.Price,WR,31.0,13.799999999999999,148.0
2007,00-0022240,C.Lucas,WR,26.0,13.2,149.0
2007,00-0023921,M.Austin,WR,23.0,12.6,150.0
2007,00-0022124,T.Jacobs,WR,26.0,12.2,151.0
2007,00-0025486,J.Higgins,WR,24.0,11.1,152.0
2007,00-0019242,D.Looker,WR,31.0,9.8,153.0
2007,00-0024310,W.Reid,WR,25.0,9.4,154.0
2007,00-0025584,C.Taylor,WR,23.0,8.8,155.0
2007,00-0025515,Ch.Davis,WR,23.0,8.7,156.0
2007,00-0023549,J.Mathis,WR,24.0,8.5,157.0
2007,00-0024340,S.Green,WR,23.0,8.1,158.0
2007,00-0021927,D.Tyree,WR,27.0,7.5,159.0
2007,00-0025505,R.Robinson,WR,23.0,7.5,160.0
2007,00-0023928,A.Mix,WR,24.0,6.9,161.0
2007,00-0024345,D.Hixon,WR,23.0,6.7,162.0
2007,00-0023968,M.Spurlock,WR,24.0,6.0,163.0
2007,00-0021570,K.Osgood,WR,27.0,4.3,164.0
2007,00-0023790,B.Clark,WR,24.0,4.3,165.0
2007,00-0022097,B.Lloyd,WR,26.0,3.4,166.0
2007,00-0024542,C.McFoy,WR,24.0,2.9,167.0
2007,00-0023623,T.Perry,WR,25.0,2.6,168.0
2007,00-0023822,S.Bodiford,WR,25.0,2.3,169.0
2007,00-0024756,M.Willis,WR,23.0,2.1,170.0
2007,00-0021915,S.Aiken,WR,27.0,2.0,171.0
2007,00-0024553,B.Ealy,WR,23.0,1.6,172.0
2007,00-0025463,J.Hill,WR,22.0,1.6,173.0
2007,00-0025794,C.Davis,WR,24.0,1.6,174.0
2007,00-0023655,M.Maxwell,WR,24.0,1.5,175.0
2007,00-0019721,T.Taylor,WR,28.0,1.4,176.0
2007,00-0025636,D.Stanley,WR,22.0,0.5,177.0
2007,00-0002068,T.Brown,WR,36.0,0.0,178.0
2007,00-0019600,Mike Lewis,WR,36.0,0.0,179.0
2007,00-0021689,C.Gessner,WR,26.0,0.0,180.0
2007,00-0022171,K.Washington,WR,28.0,0.0,181.0
2007,00-0022296,J.Jenkins,WR,27.0,0.0,182.0
2007,00-0022691,B.Sippio,WR,27.0,0.0,183.0
2007,00-0022882,M.Jones,WR,27.0,0.0,184.0
2007,00-0023618,C.Owens,WR,25.0,0.0,185.0
2007,00-0023672,H.Williams,WR,25.0,0.0,186.0
2007,00-0024251,C.Jackson,WR,22.0,0.0,187.0
2007,00-0024299,B.Williams,WR,23.0,0.0,188.0
2007,00-0025490,I.Stanback,WR,23.0,0.0,189.0
2007,00-0025556,R.Hall,WR,24.0,0.0,190.0
2007,00-0020692,E.Drummond,WR,27.0,-0.3,191.0
2008,00-0020531,D.Brees,QB,29.0,302.66,1.0
2008,00-0022044,A.Johnson,WR,27.0,320.5,1.0
2008,00-0024242,D.Williams,RB,25.0,307.9,1.0
2008,00-0022921,L.Fitzgerald,WR,25.0,311.4,2.0
2008,00-0023459,A.Rodgers,QB,25.0,290.22,2.0
2008,00-0026184,M.Forte,RB,23.0,305.5,2.0
2008,00-0022942,P.Rivers,QB,27.0,278.56,3.0
2008,00-0024275,M.Jones-Drew,RB,23.0,280.9,3.0
2008,00-0025389,C.Johnson,WR,23.0,281.0,3.0
2008,00-0022821,M.Turner,RB,26.0,278.0,4.0
2008,00-0023462,R.White,WR,27.0,266.6,4.0
2008,00-0024226,J.Cutler,QB,25.0,277.0,4.0
2008,00-0017200,K.Warner,QB,37.0,261.08,5.0
2008,00-0020536,L.Tomlinson,RB,29.0,277.1,5.0
2008,00-0024267,G.Jennings,WR,25.0,265.2,5.0
2008,00-0010346,P.Manning,QB,32.0,254.18,6.0
2008,00-0019641,T.Jones,RB,30.0,275.9,6.0
2008,00-0024334,B.Marshall,WR,24.0,260.1,6.0
2008,00-0022084,A.Boldin,WR,28.0,259.5,7.0
2008,00-0023662,M.Cassel,QB,26.0,244.82,7.0
2008,00-0026229,S.Slaton,RB,22.0,271.9,7.0
2008,00-0011022,D.McNabb,QB,32.0,243.66,8.0
2008,00-0020337,S.Smith,WR,29.0,257.7,8.0
2008,00-0021216,B.Westbrook,RB,29.0,269.8,8.0
2008,00-0019559,C.Pennington,QB,32.0,217.92,9.0
2008,00-0021191,A.Bryant,WR,27.0,250.0,9.0
2008,00-0025394,A.Peterson,RB,23.0,261.2,9.0
2008,00-0022427,W.Welker,WR,27.0,249.1,10.0
2008,00-0025604,T.Thigpen,QB,24.0,217.62,10.0
2008,00-0026164,C.Johnson,RB,23.0,249.8,10.0
2008,00-0012478,T.Owens,WR,35.0,235.5,11.0
2008,00-0021179,C.Portis,RB,27.0,246.5,11.0
2008,00-0021231,D.Garrard,QB,30.0,217.4,11.0
2008,00-0020498,R.Wayne,WR,30.0,234.5,12.0
2008,00-0021678,T.Romo,QB,28.0,204.02,12.0
2008,00-0025399,M.Lynch,RB,22.0,233.7,12.0
2008,00-0011754,R.Moss,WR,31.0,231.79999999999998,13.0
2008,00-0023460,J.Campbell,QB,27.0,199.6,13.0
2008,00-0023544,M.Barber,RB,25.0,230.2,13.0
2008,00-0022803,E.Manning,QB,27.0,198.52,14.0
2008,00-0023500,F.Gore,RB,25.0,227.9,14.0
2008,00-0025410,D.Bowe,WR,24.0,230.2,14.0
2008,00-0022736,S.Jackson,RB,25.0,224.2,15.0
2008,00-0026143,M.Ryan,QB,23.0,196.0,15.0
2008,00-0026182,E.Royal,WR,22.0,229.9,15.0
2008,00-0005106,B.Favre,QB,39.0,191.38,16.0
2008,00-0023310,L.Moore,WR,25.0,229.8,16.0
2008,00-0023437,R.Brown,RB,27.0,213.24,16.0
2008,00-0017162,H.Ward,WR,32.0,228.7,17.0
2008,00-0026158,J.Flacco,QB,23.0,184.24,17.0
2008,00-0026204,Kevin Smith,RB,22.0,211.1,17.0
2008,00-0020494,S.Moss,WR,29.0,226.1,18.0
2008,00-0023541,K.Orton,QB,26.0,182.06,18.0
2008,00-0023545,B.Jacobs,RB,26.0,206.5,18.0
2008,00-0022770,D.Ward,RB,28.0,193.9,19.0
2008,00-0022924,B.Roethlisberger,QB,26.0,178.66,19.0
2008,00-0023496,V.Jackson,WR,25.0,215.7,19.0
2008,00-0004161,J.Delhomme,QB,33.0,175.46,20.0
2008,00-0005091,K.Faulk,RB,32.0,193.22,20.0
2008,00-0010500,D.Mason,WR,34.0,214.0,20.0
2008,00-0020438,T.Houshmandzadeh,WR,31.0,207.3,21.0
2008,00-0022787,M.Schaub,QB,27.0,174.52,21.0
2008,00-0024813,P.Thomas,RB,24.0,191.9,21.0
2008,00-0004541,D.Driver,WR,33.0,205.6,22.0
2008,00-0005755,J.Garcia,QB,38.0,163.57999999999998,22.0
2008,00-0024217,R.Bush,RB,23.0,186.4,22.0
2008,00-0019863,D.Rhodes,RB,29.0,185.0,23.0
2008,00-0021931,K.Walter,WR,27.0,200.20000000000002,23.0
2008,00-0025479,T.Edwards,QB,25.0,153.66,23.0
2008,00-0003292,K.Collins,QB,36.0,146.14,24.0
2008,00-0018958,L.Coles,WR,31.0,197.9,24.0
2008,00-0024332,L.Washington,RB,26.0,181.3,24.0
2008,00-0020679,S.Hill,QB,28.0,139.34,25.0
2008,00-0022984,R.Grant,RB,26.0,173.9,25.0
2008,00-0025529,S.Breaston,WR,25.0,196.1,25.0
2008,00-0022807,B.Berrian,WR,28.0,195.0,26.0
2008,00-0024260,L.White,RB,24.0,171.9,26.0
2008,00-0025388,J.Russell,QB,23.0,137.62,26.0
2008,00-0004640,W.Dunn,RB,33.0,170.6,27.0
2008,00-0019599,M.Bulger,QB,31.0,126.88,27.0
2008,00-0022811,J.Cotchery,WR,26.0,187.6,27.0
2008,00-0011795,M.Muhammad,WR,35.0,185.3,28.0
2008,00-0022217,M.Moore,RB,26.0,166.8,28.0
2008,00-0023682,R.Fitzpatrick,QB,26.0,123.30000000000001,28.0
2008,00-0002099,I.Bruce,WR,36.0,185.0,29.0
2008,00-0005589,G.Frerotte,QB,37.0,108.98,29.0
2008,00-0019693,J.Lewis,RB,29.0,163.0,29.0
2008,00-0021314,C.Taylor,RB,29.0,160.96,30.0
2008,00-0022055,S.Wallace,QB,28.0,101.08,30.0
2008,00-0022910,L.Evans,WR,27.0,184.9,30.0
2008,00-0023645,D.Anderson,QB,25.0,90.4,31.0
2008,00-0026189,D.Jackson,WR,22.0,184.8,31.0
2008,00-0026289,T.Hightower,RB,22.0,155.9,31.0
2008,00-0023578,D.Orlovsky,QB,25.0,87.53999999999999,32.0
2008,00-0025396,T.Ginn,WR,23.0,166.3,32.0
2008,00-0026153,J.Stewart,RB,21.0,154.2,32.0
2008,00-0024240,S.Holmes,WR,24.0,166.0,33.0
2008,00-0024279,T.Jackson,QB,25.0,82.24,33.0
2008,00-0024294,J.Norwood,RB,25.0,152.7,33.0
2008,00-0019484,S.Morris,RB,31.0,145.8,34.0
2008,00-0021296,J.O'Sullivan,QB,29.0,81.61999999999999,34.0
2008,00-0023438,B.Edwards,WR,25.0,164.7,34.0
2008,00-0007681,T.Holt,WR,32.0,161.6,35.0
2008,00-0020480,S.Rosenfels,QB,30.0,60.94,35.0
2008,00-0022178,W.McGahee,RB,27.0,144.4,35.0
2008,00-0007091,M.Hasselbeck,QB,33.0,55.54,36.0
2008,00-0017915,R.Williams,RB,31.0,142.8,36.0
2008,00-0024466,M.Colston,WR,25.0,153.0,36.0
2008,00-0006423,B.Griese,QB,33.0,46.82,37.0
2008,00-0024204,F.Jackson,RB,27.0,140.70000000000002,37.0
2008,00-0026173,D.Avery,WR,24.0,152.3,37.0
2008,00-0003739,D.Culpepper,QB,31.0,41.94,38.0
2008,00-0007024,M.Harrison,WR,36.0,151.6,38.0
2008,00-0023564,D.Sproles,RB,25.0,140.2,38.0
2008,00-0009311,J.Kitna,QB,36.0,40.92,39.0
2008,00-0023456,M.Jones,WR,25.0,149.0,39.0
2008,00-0024245,J.Addai,RB,25.0,140.0,39.0
2008,00-0021429,C.Palmer,QB,29.0,37.239999999999995,40.0
2008,00-0021976,L.Johnson,RB,29.0,138.96,40.0
2008,00-0023457,M.Clayton,WR,26.0,147.88,40.0
2008,00-0022781,M.Jenkins,WR,26.0,147.7,41.0
2008,00-0022912,J.Losman,QB,27.0,32.36,41.0
2008,00-0026144,D.McFadden,RB,21.0,129.4,41.0
2008,00-0022177,B.Leftwich,QB,28.0,26.82,42.0
2008,00-0023439,C.Benson,RB,26.0,123.2,42.0
2008,00-0025419,A.Gonzalez,WR,24.0,147.4,42.0
2008,00-0021190,A.Randle El,WR,29.0,142.64,43.0
2008,00-0021755,E.Graham,RB,28.0,120.82000000000001,43.0
2008,00-0025409,B.Quinn,QB,24.0,26.82,43.0
2008,00-0020270,C.Buckhalter,RB,30.0,119.3,44.0
2008,00-0022121,R.Grossman,QB,28.0,26.68,44.0
2008,00-0024272,D.Hester,WR,26.0,142.6,44.0
2008,00-0007835,D.Huard,QB,35.0,18.38,45.0
2008,00-0021982,J.Gage,WR,27.0,135.1,45.0
2008,00-0022250,W.Parker,RB,28.0,114.4,45.0
2008,00-0008442,B.Johnson,QB,40.0,14.979999999999999,46.0
2008,00-0020527,D.McAllister,RB,30.0,108.6,46.0
2008,00-0022929,D.Henderson,WR,26.0,132.6,46.0
2008,00-0016550,A.Toomer,WR,34.0,130.0,47.0
2008,00-0022093,J.Fargas,RB,28.0,104.7,47.0
2008,00-0025561,T.Smith,QB,24.0,14.280000000000001,47.0
2008,00-0020608,D.Carr,QB,29.0,13.600000000000001,48.0
2008,00-0022144,B.Wade,WR,27.0,129.5,48.0
2008,00-0026195,R.Rice,RB,21.0,103.7,48.0
2008,00-0023408,G.Camarillo,WR,26.0,128.4,49.0
2008,00-0024218,V.Young,QB,25.0,11.46,49.0
2008,00-0026367,P.Hillis,RB,22.0,102.2,49.0
2008,00-0020397,C.Johnson,WR,30.0,123.3,50.0
2008,00-0021182,M.Morris,RB,29.0,100.0,50.0
2008,00-0024225,M.Leinart,QB,25.0,11.06,50.0
2008,00-0023367,N.Washington,WR,25.0,122.89999999999999,51.0
2008,00-0025430,D.Stanton,QB,24.0,10.76,51.0
2008,00-0026262,T.Choice,RB,24.0,98.7,51.0
2008,00-0022840,J.Jones,RB,27.0,98.4,52.0
2008,00-0023502,C.Frye,QB,27.0,10.32,52.0
2008,00-0025438,S.Smith,WR,23.0,120.4,52.0
2008,00-0015754,B.Stokley,WR,32.0,119.8,53.0
2008,00-0020613,Q.Gray,QB,29.0,9.74,53.0
2008,00-0025487,M.Bush,RB,24.0,93.42,53.0
2008,00-0006355,T.Green,QB,38.0,9.4,54.0
2008,00-0023479,J.Arrington,RB,25.0,92.2,54.0
2008,00-0024345,D.Hixon,WR,24.0,119.19999999999999,54.0
2008,00-0022744,J.Sorgi,QB,28.0,7.92,55.0
2008,00-0022766,P.Crayton,WR,29.0,119.1,55.0
2008,00-0026213,J.Charles,RB,22.0,91.9,55.0
2008,00-0008241,E.James,RB,30.0,87.9,56.0
2008,00-0022156,B.Johnson,WR,27.0,117.6,56.0
2008,00-0024300,B.Croyle,QB,25.0,6.04,56.0
2008,00-0016098,F.Taylor,RB,32.0,85.4,57.0
2008,00-0022026,B.Bollinger,QB,29.0,4.84,57.0
2008,00-0026000,D.Bess,WR,23.0,116.69999999999999,57.0
2008,00-0007468,I.Hilliard,WR,32.0,111.4,58.0
2008,00-0023504,A.Walter,QB,26.0,4.0600000000000005,58.0
2008,00-0025450,B.Jackson,RB,23.0,79.3,58.0
2008,00-0013013,M.Pittman,RB,33.0,77.3,59.0
2008,00-0019596,T.Brady,QB,31.0,3.04,59.0
2008,00-0019650,D.Northcutt,WR,31.0,109.4,59.0
2008,00-0020446,C.Chambers,WR,30.0,109.3,60.0
2008,00-0024172,P.Cobbs,RB,25.0,73.3,60.0
2008,00-0026197,C.Henne,QB,23.0,2.68,60.0
2008,00-0021166,J.Reed,WR,28.0,107.39999999999999,61.0
2008,00-0021184,L.Betts,RB,29.0,66.6,61.0
2008,00-0022864,L.McCown,QB,27.0,1.5,61.0
2008,00-0019642,P.Burress,WR,31.0,104.4,62.0
2008,00-0020405,M.Tuiasosopo,QB,29.0,1.26,62.0
2008,00-0021376,T.Duckett,RB,27.0,65.2,62.0
2008,00-0022039,K.Dorsey,QB,27.0,0.9600000000000004,63.0
2008,00-0025486,J.Higgins,WR,25.0,104.0,63.0
2008,00-0025860,B.Green-Ellis,RB,23.0,64.2,63.0
2008,00-0021164,D.Foster,RB,28.0,62.7,64.0
2008,00-0021647,J.Urban,WR,28.0,103.52,64.0
2008,00-0022181,D.Henson,QB,28.0,0.8,64.0
2008,00-0006305,A.Green,RB,31.0,61.6,65.0
2008,00-0021163,J.Gaffney,WR,28.0,98.80000000000001,65.0
2008,00-0026349,M.Flynn,QB,23.0,0.6399999999999999,65.0
2008,00-0022414,M.Floyd,WR,27.0,97.5,66.0
2008,00-0022926,C.Perry,RB,27.0,61.0,66.0
2008,00-0026234,K.O'Connell,QB,23.0,0.31999999999999995,66.0
2008,00-0004915,B.Engram,WR,35.0,95.9,67.0
2008,00-0022005,C.Simms,QB,28.0,0.28,67.0
2008,00-0025494,A.Pittman,RB,23.0,60.4,67.0
2008,00-0020462,L.Jordan,RB,30.0,60.3,68.0
2008,00-0023158,B.Berlin,QB,27.0,0.24,68.0
2008,00-0023531,B.Jones,WR,26.0,95.4,68.0
2008,00-0021192,D.Branch,WR,29.0,95.2,69.0
2008,00-0024359,J.Harrison,RB,25.0,60.2,69.0
2008,00-0026296,D.Dixon,QB,23.0,-0.18,69.0
2008,00-0020565,C.Lemon,QB,29.0,-0.3,70.0
2008,00-0023440,C.Williams,RB,26.0,58.6,70.0
2008,00-0024013,H.Baskett,WR,26.0,94.8,70.0
2008,00-0021206,J.McCown,QB,29.0,-0.30000000000000004,71.0
2008,00-0022889,R.Williams,WR,25.0,93.5,71.0
2008,00-0025637,A.Bradshaw,RB,22.0,56.699999999999996,71.0
2008,00-0020407,R.Johnson,RB,29.0,56.50000000000001,72.0
2008,00-0021379,P.Ramsey,QB,29.0,-1.24,72.0
2008,00-0023429,R.Davis,WR,29.0,92.9,72.0
2008,00-0023474,M.Bradley,WR,26.0,91.48,73.0
2008,00-0024264,K.Clemens,QB,25.0,-1.26,73.0
2008,00-0026162,F.Jones,RB,21.0,53.6,73.0
2008,00-0022725,M.Clayton,WR,26.0,90.9,74.0
2008,00-0022893,T.Bell,RB,27.0,52.6,74.0
2008,00-0025592,J.Palmer,QB,24.0,-1.96,74.0
2008,00-0022288,J.Wright,RB,26.0,52.1,75.0
2008,00-0025423,K.Kolb,QB,24.0,-2.04,75.0
2008,00-0025622,C.Stuckey,WR,25.0,86.0,75.0
2008,00-0022001,K.Curtis,WR,30.0,84.0,76.0
2008,00-0024408,B.Gradkowski,QB,25.0,-4.76,76.0
2008,00-0025633,K.Darby,RB,26.0,49.3,76.0
2008,00-0020490,K.Robinson,WR,28.0,82.6,77.0
2008,00-0026209,J.Hester,RB,23.0,40.6,77.0
2008,00-0022097,B.Lloyd,WR,27.0,82.4,78.0
2008,00-0024549,S.Young,RB,25.0,38.9,78.0
2008,00-0020805,J.McKie,RB,28.0,36.0,79.0
2008,00-0024324,J.Avant,WR,25.0,81.7,79.0
2008,00-0025535,K.Smith,RB,24.0,31.2,80.0
2008,00-0026176,J.Nelson,WR,23.0,81.6,80.0
2008,00-0024846,G.Russell,RB,22.0,26.5,81.0
2008,00-0026224,H.Douglas,WR,24.0,79.9,81.0
2008,00-0015601,A.Stecker,RB,33.0,24.5,82.0
2008,00-0025463,J.Hill,WR,23.0,75.4,82.0
2008,00-0021981,S.McDonald,WR,27.0,72.2,83.0
2008,00-0023881,P.Pope,RB,24.0,24.4,83.0
2008,00-0022011,J.Griffith,RB,28.0,23.700000000000003,84.0
2008,00-0026314,J.Morgan,WR,23.0,69.9,84.0
2008,00-0020381,J.McCareins,WR,30.0,69.0,85.0
2008,00-0025615,D.Wynn,RB,25.0,23.0,85.0
2008,00-0021306,A.Peterson,RB,29.0,20.5,86.0
2008,00-0025414,R.Meachem,WR,24.0,66.89999999999999,86.0
2008,00-0019242,D.Looker,WR,32.0,60.78,87.0
2008,00-0024103,M.Owens,RB,24.0,20.0,87.0
2008,00-0023490,R.Parrish,WR,26.0,60.1,88.0
2008,00-0023512,R.Moats,RB,26.0,19.799999999999997,88.0
2008,00-0023921,M.Austin,WR,24.0,58.8,89.0
2008,00-0026113,C.Smith,RB,23.0,18.4,89.0
2008,00-0022064,A.Battle,WR,28.0,57.6,90.0
2008,00-0025578,K.Hall,RB,25.0,16.8,90.0
2008,00-0024465,D.Anderson,WR,25.0,55.1,91.0
2008,00-0025997,C.Simpson,RB,23.0,16.5,91.0
2008,00-0024460,Q.Ganther,RB,24.0,16.4,92.0
2008,00-0025465,J.Jones,WR,24.0,53.4,92.0
2008,00-0023764,A.Hall,RB,26.0,15.899999999999999,93.0
2008,00-0025431,S.Rice,WR,22.0,53.1,93.0
2008,00-0023518,C.Henry,WR,25.0,53.0,94.0
2008,00-0025477,T.Hunt,RB,23.0,15.1,94.0
2008,00-0023470,R.Brown,WR,27.0,49.8,95.0
2008,00-0025913,J.Johnson,RB,24.0,13.600000000000001,95.0
2008,00-0021508,G.Lewis,WR,28.0,49.7,96.0
2008,00-0022782,K.Jones,RB,26.0,13.399999999999999,96.0
2008,00-0025480,G.Wolfe,RB,24.0,12.9,97.0
2008,00-0026366,C.Schilens,WR,23.0,49.4,97.0
2008,00-0021337,R.Curry,WR,29.0,49.2,98.0
2008,00-0026279,R.Torain,RB,22.0,12.9,98.0
2008,00-0022739,D.Darling,WR,26.0,47.7,99.0
2008,00-0024011,M.Bell,RB,25.0,12.6,99.0
2008,00-0001477,M.Booker,WR,32.0,47.4,100.0
2008,00-0021252,N.Davenport,RB,29.0,12.5,100.0
2008,00-0022909,R.Williams,WR,27.0,46.199999999999996,101.0
2008,00-0025458,L.Booker,RB,24.0,12.4,101.0
2008,00-0020448,T.Minor,RB,29.0,11.4,102.0
2008,00-0022909,Roy E.Williams,WR,27.0,46.1,102.0
2008,00-0021152,A.Lelie,WR,28.0,42.7,103.0
2008,00-0022434,C.Davis,RB,27.0,11.2,103.0
2008,00-0005231,B.Finneran,WR,32.0,41.9,104.0
2008,00-0026432,L.Ball,RB,23.0,9.8,104.0
2008,00-0021153,J.Walker,WR,30.0,40.6,105.0
2008,00-0026163,R.Mendenhall,RB,21.0,9.5,105.0
2008,00-0021147,D.Stallworth,WR,28.0,39.6,106.0
2008,00-0023561,A.Pearman,RB,26.0,9.3,106.0
2008,00-0024236,L.Maroney,RB,23.0,9.3,107.0
2008,00-0024259,S.Moss,WR,25.0,39.3,107.0
2008,00-0019808,K.Watson,RB,30.0,8.9,108.0
2008,00-0019997,A.Chatman,WR,29.0,38.8,108.0
2008,00-0022886,C.Cramer,RB,26.0,8.3,109.0
2008,00-0023176,J.Cribbs,WR,25.0,38.42,109.0
2008,00-0023251,K.Eckel,RB,27.0,7.9,110.0
2008,00-0026174,D.Thomas,WR,22.0,38.3,110.0
2008,00-0022421,R.Martin,WR,26.0,37.9,111.0
2008,00-0023806,D.Dorsey,RB,24.0,7.7,111.0
2008,00-0019794,A.Cason,RB,29.0,7.4,112.0
2008,00-0025466,M.Walker,WR,24.0,37.699999999999996,112.0
2008,00-0022277,J.Standeford,WR,26.0,37.4,113.0
2008,00-0026453,D.Savage,RB,23.0,7.300000000000001,113.0
2008,00-0019663,D.Jackson,WR,30.0,37.0,114.0
2008,00-0026029,K.Lumpkin,RB,24.0,7.1,114.0
2008,00-0020391,J.Cook,RB,29.0,5.4,115.0
2008,00-0024326,D.Williams,WR,25.0,37.0,115.0
2008,00-0024763,C.Ali,RB,24.0,5.300000000000001,116.0
2008,00-0026268,K.Burton,WR,24.0,37.0,116.0
2008,00-0019281,M.Furrey,WR,31.0,36.1,117.0
2008,00-0019647,S.Alexander,RB,31.0,4.3,117.0
2008,00-0019831,N.Goings,RB,30.0,4.1,118.0
2008,00-0025621,S.Steptoe,WR,24.0,35.2,118.0
2008,00-0019703,J.Porter,WR,30.0,35.1,119.0
2008,00-0023844,C.Taylor,RB,25.0,3.7,119.0
2008,00-0021175,A.Davis,WR,29.0,34.3,120.0
2008,00-0026342,M.Hart,RB,22.0,3.7,120.0
2008,00-0012642,D.Patten,WR,34.0,33.2,121.0
2008,00-0020820,J.Chatman,RB,29.0,3.3,121.0
2008,00-0026353,C.Washington,RB,23.0,2.8,122.0
2008,00-0026364,St.Johnson,WR,22.0,32.8,122.0
2008,00-0026181,J.Hardy,WR,23.0,29.7,123.0
2008,00-0026316,J.Parmele,RB,23.0,2.7,123.0
2008,00-0020514,M.Bennett,RB,30.0,2.4,124.0
2008,00-0022726,K.Colbert,WR,26.0,29.6,124.0
2008,00-0022701,D.Hackett,WR,27.0,29.1,125.0
2008,00-0024158,J.Davis,RB,25.0,2.2,125.0
2008,00-0021357,R.Cartwright,RB,29.0,1.7000000000000002,126.0
2008,00-0024318,B.Smith,WR,25.0,28.42,126.0
2008,00-0005720,J.Galloway,WR,37.0,26.8,127.0
2008,00-0022797,T.Tapeh,RB,28.0,1.7,127.0
2008,00-0024559,D.Ware,RB,23.0,1.5,128.0
2008,00-0026237,A.Caldwell,WR,23.0,24.1,128.0
2008,00-0019539,D.Hall,WR,30.0,23.4,129.0
2008,00-0023074,S.Gado,RB,26.0,1.3,129.0
2008,00-0016440,J.Thrash,WR,33.0,23.1,130.0
2008,00-0025701,J.Battle,RB,25.0,0.8,130.0
2008,00-0026221,E.Doucet,WR,23.0,23.0,131.0
2008,00-0026399,O.Sobomehin,RB,24.0,0.8,131.0
2008,00-0025439,B.Leonard,RB,24.0,0.7,132.0
2008,00-0025460,J.Jones,WR,24.0,22.6,132.0
2008,00-0025432,D.Jarrett,WR,22.0,21.9,133.0
2008,00-0026319,X.Omon,RB,23.0,0.5,133.0
2008,00-0025437,C.Henry,RB,23.0,0.3,134.0
2008,00-0025533,A.Allison,WR,24.0,21.0,134.0
2008,00-0019610,R.Droughns,RB,30.0,0.0,135.0
2008,00-0025636,D.Stanley,WR,23.0,19.9,135.0
2008,00-0020797,M.Hicks,RB,30.0,0.0,136.0
2008,00-0025584,C.Taylor,WR,24.0,18.8,136.0
2008,00-0021915,S.Aiken,WR,28.0,18.1,137.0
2008,00-0022449,B.Sams,RB,28.0,0.0,137.0
2008,00-0022135,B.McMullen,WR,28.0,17.4,138.0
2008,00-0024625,B.Storer,RB,24.0,0.0,138.0
2008,00-0021999,N.Burleson,WR,27.0,17.0,139.0
2008,00-0025951,D.Reynaud,RB,24.0,0.0,139.0
2008,00-0025559,L.Naanee,WR,25.0,16.400000000000002,140.0
2008,00-0026306,M.Thomas,RB,24.0,0.0,140.0
2008,00-0025892,M.Bumpus,WR,23.0,15.8,141.0
2008,00-0026373,J.Forsett,RB,23.0,0.0,141.0
2008,00-0026245,W.Franklin,WR,23.0,15.3,142.0
2008,00-0026378,C.Boyd,RB,23.0,0.0,142.0
2008,00-0021845,C.Sapp,RB,30.0,-0.3,143.0
2008,00-0024687,D.Zeigler,WR,24.0,14.7,143.0
2008,00-0021166,Jo.Reed,WR,28.0,14.3,144.0
2008,00-0026266,L.Hawkins,WR,22.0,13.799999999999999,145.0
2008,00-0026193,L.Sweed,WR,24.0,12.399999999999999,146.0
2008,00-0024174,G.Holt,WR,24.0,11.6,147.0
2008,00-0025461,Y.Figurs,WR,26.0,11.3,148.0
2008,00-0023442,T.Williamson,WR,25.0,11.0,149.0
2008,00-0025462,L.Robinson,WR,23.0,10.2,150.0
2008,00-0025417,C.Davis,WR,23.0,9.9,151.0
2008,00-0024404,J.Webb,WR,26.0,9.6,152.0
2008,00-0024297,D.Hagan,WR,24.0,8.1,153.0
2008,00-0020397,C.Ocho Cinco,WR,30.0,7.7,154.0
2008,00-0024595,L.Payne,WR,23.0,6.9,155.0
2008,00-0026345,P.Garcon,WR,22.0,6.3,156.0
2008,00-0022613,G.Martinez,WR,27.0,6.2,157.0
2008,00-0024681,B.London,WR,24.0,6.0,158.0
2008,00-0020428,R.Ferguson,WR,29.0,5.5,159.0
2008,00-0022901,E.Wilford,WR,29.0,5.5,160.0
2008,00-0026235,M.Manningham,WR,22.0,5.4,161.0
2008,00-0022882,M.Jones,WR,28.0,5.199999999999999,162.0
2008,00-0025515,Ch.Davis,WR,24.0,5.1,163.0
2008,00-0026191,M.Kelly,WR,22.0,4.800000000000001,164.0
2008,00-0025490,I.Stanback,WR,24.0,4.4,165.0
2008,00-0025544,D.Clowney,WR,23.0,3.6,166.0
2008,00-0024305,M.Stovall,WR,23.0,3.5,167.0
2008,00-0022403,B.Middleton,WR,27.0,3.3,168.0
2008,00-0023442,Tro.Williamson,WR,25.0,3.1,169.0
2008,00-0024251,C.Jackson,WR,23.0,2.9,170.0
2008,00-0023991,S.Sanders,WR,26.0,2.8,171.0
2008,00-0023790,B.Clark,WR,25.0,2.2,172.0
2008,00-0024358,M.Hagans,WR,26.0,2.1,173.0
2008,00-0025556,R.Hall,WR,25.0,1.9,174.0
2008,00-0025467,P.Williams,WR,25.0,1.7,175.0
2008,00-0025614,D.Baker,WR,26.0,1.6,176.0
2008,00-0019976,D.Bennett,WR,30.0,1.4,177.0
2008,00-0024535,E.Weems,WR,23.0,1.4,178.0
2008,00-0022171,K.Washington,WR,29.0,1.3,179.0
2008,00-0026186,J.Simpson,WR,22.0,1.2,180.0
2008,00-0011641,S.Morey,WR,32.0,0.0,181.0
2008,00-0021212,C.Russell,WR,29.0,0.0,182.0
2008,00-0021570,K.Osgood,WR,28.0,0.0,183.0
2008,00-0022296,J.Jenkins,WR,28.0,0.0,184.0
2008,00-0022388,T.Copper,WR,26.0,0.0,185.0
2008,00-0023379,B.Rideau,WR,26.0,0.0,186.0
2008,00-0023503,C.Roby,WR,25.0,0.0,187.0
2008,00-0023953,S.Hurd,WR,23.0,0.0,188.0
2008,00-0024171,W.Wright,WR,24.0,0.0,189.0
2008,00-0024340,S.Green,WR,24.0,0.0,190.0
2008,00-0024398,A.Jennings,WR,26.0,0.0,191.0
2008,00-0024432,T.Watkins,WR,25.0,0.0,192.0
2008,00-0025597,J.Kent,WR,24.0,0.0,193.0
2008,00-0025641,J.Holland,WR,23.0,0.0,194.0
2008,00-0026198,D.Jackson,WR,22.0,0.0,195.0
2008,00-0026210,E.Bennett,WR,21.0,0.0,196.0
2008,00-0026246,M.Smith,WR,23.0,0.0,197.0
2008,00-0026293,M.Slater,WR,23.0,0.0,198.0
2008,00-0026322,K.Robinson,WR,24.0,0.0,199.0
2009,00-0022044,A.Johnson,WR,28.0,314.9,1.0
2009,00-0023459,A.Rodgers,QB,26.0,341.76,1.0
2009,00-0026164,C.Johnson,RB,24.0,392.9,1.0
2009,00-0011754,R.Moss,WR,32.0,287.4,2.0
2009,00-0020531,D.Brees,QB,30.0,293.42,2.0
2009,00-0026195,R.Rice,RB,22.0,324.09999999999997,2.0
2009,00-0005106,B.Favre,QB,40.0,283.58,3.0
2009,00-0022427,W.Welker,WR,28.0,285.4,3.0
2009,00-0024275,M.Jones-Drew,RB,24.0,323.5,3.0
2009,00-0020498,R.Wayne,WR,31.0,284.40000000000003,4.0
2009,00-0022787,M.Schaub,QB,28.0,280.9,4.0
2009,00-0025394,A.Peterson,RB,24.0,321.5,4.0
2009,00-0010346,P.Manning,QB,33.0,278.7,5.0
2009,00-0022921,L.Fitzgerald,WR,26.0,284.2,5.0
2009,00-0023500,F.Gore,RB,26.0,278.6,5.0
2009,00-0021678,T.Romo,QB,29.0,273.82,6.0
2009,00-0023921,M.Austin,WR,25.0,278.8,6.0
2009,00-0024245,J.Addai,RB,26.0,248.28,6.0
2009,00-0017915,R.Williams,RB,32.0,247.5,7.0
2009,00-0019596,T.Brady,QB,32.0,270.32,7.0
2009,00-0024334,B.Marshall,WR,25.0,276.9,7.0
2009,00-0022736,S.Jackson,RB,26.0,243.8,8.0
2009,00-0022942,P.Rivers,QB,28.0,269.16,8.0
2009,00-0025438,S.Smith,WR,24.0,271.0,8.0
2009,00-0019641,T.Jones,RB,31.0,240.0,9.0
2009,00-0022924,B.Roethlisberger,QB,27.0,267.02,9.0
2009,00-0023462,R.White,WR,28.0,266.5,9.0
2009,00-0011022,D.McNabb,QB,33.0,235.32,10.0
2009,00-0022984,R.Grant,RB,27.0,234.0,10.0
2009,00-0026189,D.Jackson,WR,23.0,263.4,10.0
2009,00-0022803,E.Manning,QB,28.0,231.34,11.0
2009,00-0025431,S.Rice,WR,23.0,261.2,11.0
2009,00-0026213,J.Charles,RB,23.0,233.7,11.0
2009,00-0017162,H.Ward,WR,33.0,245.7,12.0
2009,00-0024226,J.Cutler,QB,26.0,227.84,12.0
2009,00-0026184,M.Forte,RB,24.0,217.0,12.0
2009,00-0021231,D.Garrard,QB,31.0,220.18,13.0
2009,00-0023496,V.Jackson,WR,26.0,239.8,13.0
2009,00-0024204,F.Jackson,RB,28.0,214.38,13.0
2009,00-0017200,K.Warner,QB,38.0,219.32,14.0
2009,00-0024240,S.Holmes,WR,25.0,232.4,14.0
2009,00-0026153,J.Stewart,RB,22.0,207.2,14.0
2009,00-0020397,C.Ochocinco,WR,31.0,229.9,15.0
2009,00-0023460,J.Campbell,QB,28.0,218.32,15.0
2009,00-0026289,T.Hightower,RB,23.0,205.6,15.0
2009,00-0023541,K.Orton,QB,27.0,215.18,16.0
2009,00-0024242,D.Williams,RB,26.0,203.9,16.0
2009,00-0024466,M.Colston,WR,26.0,228.0,16.0
2009,00-0010500,D.Mason,WR,35.0,218.0,17.0
2009,00-0021429,C.Palmer,QB,30.0,209.06,17.0
2009,00-0026163,R.Mendenhall,RB,22.0,203.9,17.0
2009,00-0022084,A.Boldin,WR,29.0,214.6,18.0
2009,00-0024813,P.Thomas,RB,25.0,194.5,18.0
2009,00-0026158,J.Flacco,QB,24.0,206.72,18.0
2009,00-0004541,D.Driver,WR,34.0,211.4,19.0
2009,00-0026143,M.Ryan,QB,24.0,183.54,19.0
2009,00-0026988,K.Moreno,RB,22.0,190.0,19.0
2009,00-0020337,S.Smith,WR,30.0,209.4,20.0
2009,00-0023439,C.Benson,RB,27.0,189.2,20.0
2009,00-0023662,M.Cassel,QB,27.0,164.56,20.0
2009,00-0007091,M.Hasselbeck,QB,34.0,161.06,21.0
2009,00-0024267,G.Jennings,WR,26.0,209.0,21.0
2009,00-0024359,J.Harrison,RB,26.0,180.2,21.0
2009,00-0023436,A.Smith,QB,25.0,145.5,22.0
2009,00-0023544,M.Barber,RB,26.0,179.3,22.0
2009,00-0026998,P.Harvin,WR,21.0,200.5,22.0
2009,00-0023564,D.Sproles,RB,26.0,177.0,23.0
2009,00-0025389,C.Johnson,WR,24.0,198.7,23.0
2009,00-0026197,C.Henne,QB,24.0,144.32,23.0
2009,00-0020536,L.Tomlinson,RB,30.0,176.4,24.0
2009,00-0024218,V.Young,QB,26.0,137.26,24.0
2009,00-0025466,M.Sims-Walker,WR,25.0,189.9,24.0
2009,00-0020438,T.Houshmandzadeh,WR,32.0,186.1,25.0
2009,00-0023440,C.Williams,RB,27.0,174.5,25.0
2009,00-0026898,M.Sanchez,QB,23.0,132.36,25.0
2009,00-0012478,T.Owens,WR,36.0,179.3,26.0
2009,00-0026373,J.Forsett,RB,24.0,165.9,26.0
2009,00-0026498,M.Stafford,QB,21.0,125.47999999999999,26.0
2009,00-0024217,R.Bush,RB,24.0,165.5,27.0
2009,00-0025414,R.Meachem,WR,25.0,177.4,27.0
2009,00-0026993,J.Freeman,QB,21.0,94.58,27.0
2009,00-0020494,S.Moss,WR,30.0,177.0,28.0
2009,00-0023682,R.Fitzpatrick,QB,27.0,88.98,28.0
2009,00-0026229,S.Slaton,RB,23.0,161.4,28.0
2009,00-0022178,W.McGahee,RB,28.0,159.9,29.0
2009,00-0025409,B.Quinn,QB,25.0,84.16,29.0
2009,00-0027092,A.Collie,WR,24.0,169.7,29.0
2009,00-0004161,J.Delhomme,QB,34.0,78.6,30.0
2009,00-0026235,M.Manningham,WR,23.0,167.2,30.0
2009,00-0027029,L.McCoy,RB,21.0,158.5,30.0
2009,00-0022811,J.Cotchery,WR,27.0,163.8,31.0
2009,00-0025637,A.Bradshaw,RB,23.0,157.5,31.0
2009,00-0025708,M.Moore,QB,25.0,69.82000000000001,31.0
2009,00-0023545,B.Jacobs,RB,27.0,153.9,32.0
2009,00-0025479,T.Edwards,QB,26.0,67.36,32.0
2009,00-0027005,H.Nicks,WR,21.0,162.8,32.0
2009,00-0019599,M.Bulger,QB,32.0,66.96000000000001,33.0
2009,00-0022821,M.Turner,RB,27.0,151.6,33.0
2009,00-0026000,D.Bess,WR,24.0,160.9,33.0
2009,00-0021999,N.Burleson,WR,28.0,158.6,34.0
2009,00-0022840,J.Jones,RB,28.0,148.5,34.0
2009,00-0024408,B.Gradkowski,QB,26.0,62.96,34.0
2009,00-0003292,K.Collins,QB,37.0,60.5,35.0
2009,00-0024236,L.Maroney,RB,24.0,145.6,35.0
2009,00-0026995,J.Maclin,WR,21.0,154.5,35.0
2009,00-0020679,S.Hill,QB,29.0,58.72,36.0
2009,00-0026901,M.Wallace,WR,23.0,153.4,36.0
2009,00-0027007,C.Wells,RB,21.0,143.6,36.0
2009,00-0003739,D.Culpepper,QB,32.0,46.9,37.0
2009,00-0023437,R.Brown,RB,28.0,139.48000000000002,37.0
2009,00-0024272,D.Hester,WR,27.0,148.6,37.0
2009,00-0025423,K.Kolb,QB,25.0,44.14,38.0
2009,00-0025529,S.Breaston,WR,26.0,148.6,38.0
2009,00-0026204,K.Smith,RB,23.0,137.2,38.0
2009,00-0021314,C.Taylor,RB,30.0,128.1,39.0
2009,00-0022055,S.Wallace,QB,29.0,43.1,39.0
2009,00-0026345,P.Garcon,WR,23.0,148.5,39.0
2009,00-0019709,C.Redman,QB,32.0,41.64,40.0
2009,00-0020270,C.Buckhalter,RB,31.0,121.2,40.0
2009,00-0020446,C.Chambers,WR,31.0,148.0,40.0
2009,00-0005091,K.Faulk,RB,33.0,118.60000000000001,41.0
2009,00-0022910,L.Evans,WR,28.0,147.2,41.0
2009,00-0026300,J.Johnson,QB,23.0,40.2,41.0
2009,00-0022164,K.Boller,QB,28.0,39.56,42.0
2009,00-0026162,F.Jones,RB,22.0,115.4,42.0
2009,00-0026210,E.Bennett,WR,22.0,145.7,42.0
2009,00-0022177,B.Leftwich,QB,29.0,34.36,43.0
2009,00-0022929,D.Henderson,WR,27.0,144.7,43.0
2009,00-0025399,M.Lynch,RB,23.0,100.9,43.0
2009,00-0022766,P.Crayton,WR,30.0,144.0,44.0
2009,00-0023645,D.Anderson,QB,26.0,34.32,44.0
2009,00-0025487,M.Bush,RB,25.0,100.4,44.0
2009,00-0021182,M.Morris,RB,30.0,99.4,45.0
2009,00-0023367,N.Washington,WR,26.0,141.4,45.0
2009,00-0025388,J.Russell,QB,24.0,34.1,45.0
2009,00-0020245,M.Vick,QB,29.0,28.94,46.0
2009,00-0022807,B.Berrian,WR,29.0,140.8,46.0
2009,00-0024011,M.Bell,RB,26.0,96.6,46.0
2009,00-0021163,J.Gaffney,WR,29.0,139.2,47.0
2009,00-0022093,J.Fargas,RB,29.0,95.4,47.0
2009,00-0023502,C.Frye,QB,28.0,23.34,47.0
2009,00-0020608,D.Carr,QB,30.0,21.7,48.0
2009,00-0022770,D.Ward,RB,29.0,94.4,48.0
2009,00-0022909,R.Williams,WR,28.0,137.6,48.0
2009,00-0023438,B.Edwards,WR,26.0,137.0,49.0
2009,00-0023512,R.Moats,RB,27.0,88.60000000000001,49.0
2009,00-0024300,B.Croyle,QB,26.0,17.2,49.0
2009,00-0026173,D.Avery,WR,25.0,136.9,50.0
2009,00-0026262,T.Choice,RB,25.0,83.1,50.0
2009,00-0026296,D.Dixon,QB,24.0,16.5,50.0
2009,00-0021216,B.Westbrook,RB,30.0,82.5,51.0
2009,00-0026913,J.Knox,WR,23.0,133.7,51.0
2009,00-0027131,K.Null,QB,24.0,14.920000000000002,51.0
2009,00-0025410,D.Bowe,WR,25.0,129.9,52.0
2009,00-0026144,D.McFadden,RB,22.0,81.1,52.0
2009,00-0026625,B.Hoyer,QB,24.0,14.18,52.0
2009,00-0019559,C.Pennington,QB,33.0,13.22,53.0
2009,00-0021357,R.Cartwright,RB,30.0,80.0,53.0
2009,00-0026314,J.Morgan,WR,24.0,128.8,53.0
2009,00-0019484,S.Morris,RB,32.0,78.9,54.0
2009,00-0021931,K.Walter,WR,28.0,128.7,54.0
2009,00-0024279,T.Jackson,QB,26.0,11.04,54.0
2009,00-0021976,L.Johnson,RB,30.0,77.2,55.0
2009,00-0022414,M.Floyd,WR,28.0,128.6,55.0
2009,00-0024225,M.Leinart,QB,26.0,10.8,55.0
2009,00-0019041,B.Volek,QB,33.0,10.34,56.0
2009,00-0021179,C.Portis,RB,28.0,74.1,56.0
2009,00-0027006,K.Britt,WR,21.0,128.1,56.0
2009,00-0018958,L.Coles,WR,32.0,125.4,57.0
2009,00-0027003,D.Brown,RB,22.0,74.0,57.0
2009,00-0027020,P.White,QB,23.0,8.100000000000001,57.0
2009,00-0021191,A.Bryant,WR,28.0,123.0,58.0
2009,00-0025450,B.Jackson,RB,24.0,70.8,58.0
2009,00-0025561,T.Smith,QB,25.0,8.06,58.0
2009,00-0003315,T.Collins,QB,38.0,5.76,59.0
2009,00-0007681,T.Holt,WR,33.0,121.2,59.0
2009,00-0019693,J.Lewis,RB,30.0,68.8,59.0
2009,00-0021184,L.Betts,RB,30.0,67.9,60.0
2009,00-0025430,D.Stanton,QB,25.0,5.66,60.0
2009,00-0026986,M.Crabtree,WR,22.0,120.5,60.0
2009,00-0024264,K.Clemens,QB,26.0,5.1,61.0
2009,00-0024294,J.Norwood,RB,26.0,66.8,61.0
2009,00-0024324,J.Avant,WR,26.0,119.7,61.0
2009,00-0022217,M.Moore,RB,27.0,64.34,62.0
2009,00-0022781,M.Jenkins,WR,27.0,119.5,62.0
2009,00-0025604,T.Thigpen,QB,25.0,3.62,62.0
2009,00-0011795,M.Muhammad,WR,36.0,117.1,63.0
2009,00-0022092,C.Brown,RB,28.0,64.10000000000001,63.0
2009,00-0022101,B.St. Pierre,QB,30.0,2.68,63.0
2009,00-0002110,M.Brunell,QB,39.0,1.78,64.0
2009,00-0025439,B.Leonard,RB,25.0,60.1,64.0
2009,00-0025460,J.Jones,WR,25.0,114.9,64.0
2009,00-0026196,B.Brohm,QB,24.0,1.54,65.0
2009,00-0026237,A.Caldwell,WR,24.0,114.4,65.0
2009,00-0026899,S.Greene,RB,24.0,60.1,65.0
2009,00-0000865,C.Batch,QB,35.0,0.68,66.0
2009,00-0024332,L.Washington,RB,27.0,59.1,66.0
2009,00-0027089,L.Murphy,WR,22.0,113.2,66.0
2009,00-0024824,M.Gutierrez,QB,25.0,0.12,67.0
2009,00-0026796,A.Foster,RB,23.0,59.0,67.0
2009,00-0027026,M.Massaquoi,WR,23.0,112.10000000000001,67.0
2009,00-0021206,J.McCown,QB,30.0,0.08,68.0
2009,00-0024460,Q.Ganther,RB,25.0,56.8,68.0
2009,00-0027077,B.Hartline,WR,23.0,108.5,68.0
2009,00-0022250,W.Parker,RB,29.0,55.3,69.0
2009,00-0022864,L.McCown,QB,28.0,0.08,69.0
2009,00-0027076,M.Thomas,WR,22.0,107.8,69.0
2009,00-0016098,F.Taylor,RB,33.0,52.6,70.0
2009,00-0022912,J.Losman,QB,28.0,0.0,70.0
2009,00-0025396,T.Ginn,WR,24.0,106.2,70.0
2009,00-0025465,J.Jones,WR,25.0,106.0,71.0
2009,00-0026349,M.Flynn,QB,24.0,-0.17999999999999972,71.0
2009,00-0027155,R.Jennings,RB,24.0,52.3,71.0
2009,00-0022121,R.Grossman,QB,29.0,-0.18,72.0
2009,00-0023408,G.Camarillo,WR,27.0,105.19999999999999,72.0
2009,00-0026941,B.Scott,RB,25.0,49.8,72.0
2009,00-0021190,A.Randle El,WR,30.0,103.0,73.0
2009,00-0021296,J.O'Sullivan,QB,30.0,-1.2,73.0
2009,00-0027048,G.Coffee,RB,22.0,47.2,73.0
2009,00-0023176,J.Cribbs,WR,26.0,102.32,74.0
2009,00-0025970,C.Hanie,QB,24.0,-1.56,74.0
2009,00-0026204,Kv.Smith,RB,23.0,44.4,74.0
2009,00-0005755,J.Garcia,QB,39.0,-2.2,75.0
2009,00-0021192,D.Branch,WR,30.0,99.9,75.0
2009,00-0025633,K.Darby,RB,27.0,42.800000000000004,75.0
2009,00-0022005,C.Simms,QB,29.0,-3.48,76.0
2009,00-0022156,B.Johnson,WR,28.0,96.6,76.0
2009,00-0027167,C.Jennings,RB,24.0,42.6,76.0
2009,00-0023457,M.Clayton,WR,27.0,94.8,77.0
2009,00-0024260,L.White,RB,25.0,36.6,77.0
2009,00-0027134,C.Painter,QB,24.0,-4.279999999999999,77.0
2009,00-0022171,K.Washington,WR,30.0,89.2,78.0
2009,00-0027129,A.Brown,RB,24.0,36.5,78.0
2009,00-0022011,J.Griffith,RB,29.0,35.4,79.0
2009,00-0022144,B.Wade,WR,28.0,86.8,79.0
2009,00-0021982,J.Gage,WR,28.0,84.3,80.0
2009,00-0026121,L.Hamilton,RB,24.0,34.3,80.0
2009,00-0021755,E.Graham,RB,29.0,31.5,81.0
2009,00-0026182,E.Royal,WR,23.0,83.6,81.0
2009,00-0025997,C.Simpson,RB,24.0,31.299999999999997,82.0
2009,00-0026035,D.Amendola,WR,24.0,81.4,82.0
2009,00-0026956,L.Stephens-Howling,RB,22.0,29.8,83.0
2009,00-0027150,J.Edelman,WR,23.0,79.4,83.0
2009,00-0022288,J.Wright,RB,27.0,28.0,84.0
2009,00-0024447,D.Aromashodu,WR,25.0,77.80000000000001,84.0
2009,00-0006305,A.Green,RB,32.0,26.8,85.0
2009,00-0026366,C.Schilens,WR,24.0,77.5,85.0
2009,00-0024561,M.Mason,RB,25.0,24.5,86.0
2009,00-0026953,S.Stroughter,WR,23.0,76.4,86.0
2009,00-0015754,B.Stokley,WR,33.0,75.7,87.0
2009,00-0026342,M.Hart,RB,23.0,23.4,87.0
2009,00-0026174,D.Thomas,WR,23.0,75.3,88.0
2009,00-0026579,K.Bell,RB,23.0,23.4,88.0
2009,00-0024465,D.Anderson,WR,26.0,75.0,89.0
2009,00-0026019,D.Woodhead,RB,24.0,23.1,89.0
2009,00-0019650,D.Northcutt,WR,32.0,74.8,90.0
2009,00-0026209,J.Hester,RB,24.0,22.8,90.0
2009,00-0024846,G.Russell,RB,23.0,21.6,91.0
2009,00-0025622,C.Stuckey,WR,26.0,74.4,91.0
2009,00-0025480,G.Wolfe,RB,25.0,21.200000000000003,92.0
2009,00-0026937,B.Gibson,WR,22.0,72.8,92.0
2009,00-0020514,M.Bennett,RB,31.0,19.0,93.0
2009,00-0023474,M.Bradley,WR,27.0,71.03999999999999,93.0
2009,00-0024305,M.Stovall,WR,24.0,66.6,94.0
2009,00-0026790,T.Sutton,RB,23.0,19.0,94.0
2009,00-0008241,E.James,RB,31.0,17.4,95.0
2009,00-0026176,J.Nelson,WR,24.0,66.0,95.0
2009,00-0021915,S.Aiken,WR,29.0,64.6,96.0
2009,00-0026367,P.Hillis,RB,23.0,17.3,96.0
2009,00-0021166,J.Reed,WR,29.0,62.1,97.0
2009,00-0026453,D.Savage,RB,24.0,16.6,97.0
2009,00-0024559,D.Ware,RB,24.0,15.8,98.0
2009,00-0025559,L.Naanee,WR,26.0,61.739999999999995,98.0
2009,00-0025860,B.Green-Ellis,RB,24.0,14.5,99.0
2009,00-0026191,M.Kelly,WR,23.0,59.7,99.0
2009,00-0024318,B.Smith,WR,26.0,53.08,100.0
2009,00-0024738,E.Buckley,RB,24.0,10.399999999999999,100.0
2009,00-0015601,A.Stecker,RB,34.0,9.9,101.0
2009,00-0026268,K.Burton,WR,25.0,50.3,101.0
2009,00-0023518,C.Henry,WR,26.0,47.599999999999994,102.0
2009,00-0025841,L.Rankin,RB,24.0,9.9,102.0
2009,00-0025486,J.Higgins,WR,26.0,47.4,103.0
2009,00-0025578,K.Hall,RB,26.0,9.1,103.0
2009,00-0022725,M.Clayton,WR,27.0,47.0,104.0
2009,00-0024172,P.Cobbs,RB,26.0,8.899999999999999,104.0
2009,00-0002099,I.Bruce,WR,37.0,46.6,105.0
2009,00-0020462,L.Jordan,RB,31.0,8.6,105.0
2009,00-0021306,A.Peterson,RB,30.0,8.2,106.0
2009,00-0024345,D.Hixon,WR,25.0,45.7,106.0
2009,00-0023074,S.Gado,RB,27.0,8.1,107.0
2009,00-0026221,E.Doucet,WR,24.0,44.4,107.0
2009,00-0025432,D.Jarrett,WR,23.0,42.6,108.0
2009,00-0027140,C.Ogbonnaya,RB,23.0,7.9,108.0
2009,00-0023310,L.Moore,WR,26.0,41.3,109.0
2009,00-0027080,M.Goodson,RB,22.0,6.4,109.0
2009,00-0001477,M.Booker,WR,33.0,40.8,110.0
2009,00-0020805,J.McKie,RB,29.0,6.3,110.0
2009,00-0019281,M.Furrey,WR,32.0,40.0,111.0
2009,00-0025535,Ko.Smith,RB,25.0,6.2,111.0
2009,00-0025544,D.Clowney,WR,24.0,39.2,112.0
2009,00-0027130,J.Davis,RB,23.0,6.0,112.0
2009,00-0025615,D.Wynn,RB,26.0,5.800000000000001,113.0
2009,00-0025934,L.Long,WR,24.0,37.7,113.0
2009,00-0021647,J.Urban,WR,29.0,36.6,114.0
2009,00-0025955,A.Young,RB,24.0,5.3,114.0
2009,00-0025462,L.Robinson,WR,24.0,35.699999999999996,115.0
2009,00-0027120,J.Ringer,RB,22.0,4.8,115.0
2009,00-0027063,D.Butler,WR,23.0,32.5,116.0
2009,00-0027098,G.Johnson,RB,23.0,4.3,116.0
2009,00-0023251,K.Eckel,RB,28.0,4.0,117.0
2009,00-0025463,J.Hill,WR,24.0,30.0,117.0
2009,00-0022901,E.Wilford,WR,30.0,29.3,118.0
2009,00-0025701,J.Battle,RB,26.0,3.8,118.0
2009,00-0026319,X.Omon,RB,24.0,2.2,119.0
2009,00-0026983,D.Heyward-Bey,WR,22.0,29.299999999999997,119.0
2009,00-0024535,E.Weems,WR,24.0,28.3,120.0
2009,00-0026316,J.Parmele,RB,24.0,1.7,120.0
2009,00-0022434,C.Davis,RB,28.0,1.5,121.0
2009,00-0024326,D.Williams,WR,26.0,28.2,121.0
2009,00-0023953,S.Hurd,WR,24.0,25.099999999999998,122.0
2009,00-0026132,M.Lawrence,RB,24.0,1.4,122.0
2009,00-0023470,R.Brown,WR,28.0,24.2,123.0
2009,00-0026113,C.Smith,RB,24.0,1.1,123.0
2009,00-0024297,D.Hagan,WR,25.0,24.1,124.0
2009,00-0027141,J.Williams,RB,23.0,0.6,124.0
2009,00-0021508,G.Lewis,WR,29.0,23.599999999999998,125.0
2009,00-0026769,K.Sheets,RB,24.0,0.5,125.0
2009,00-0005231,B.Finneran,WR,33.0,22.1,126.0
2009,00-0024103,M.Owens,RB,25.0,0.09999999999999998,126.0
2009,00-0022097,B.Lloyd,WR,28.0,19.7,127.0
2009,00-0023561,A.Pearman,RB,27.0,0.0,127.0
2009,00-0025437,C.Henry,RB,24.0,0.0,128.0
2009,00-0026100,N.Hughes,WR,24.0,18.0,128.0
2009,00-0025951,D.Reynaud,RB,25.0,0.0,129.0
2009,00-0026266,L.Hawkins,WR,23.0,18.0,129.0
2009,00-0026353,C.Washington,RB,24.0,0.0,130.0
2009,00-0027012,B.Robiskie,WR,22.0,17.6,130.0
2009,00-0026607,B.Bolen,RB,24.0,0.0,131.0
2009,00-0026780,K.Ogletree,WR,22.0,17.200000000000003,131.0
2009,00-0024432,T.Watkins,WR,26.0,17.0,132.0
2009,00-0026819,K.Huggins,RB,23.0,0.0,132.0
2009,00-0027105,J.Dillard,WR,24.0,16.6,133.0
2009,00-0022421,R.Martin,WR,27.0,15.9,134.0
2009,00-0005720,J.Galloway,WR,38.0,13.700000000000001,135.0
2009,00-0022001,K.Curtis,WR,31.0,13.7,136.0
2009,00-0023790,B.Clark,WR,26.0,12.5,137.0
2009,00-0021175,A.Davis,WR,30.0,11.9,138.0
2009,00-0026276,K.Moore,WR,24.0,11.9,139.0
2009,00-0025417,C.Davis,WR,24.0,11.6,140.0
2009,00-0027056,D.Williams,WR,23.0,11.6,141.0
2009,00-0004915,B.Engram,WR,36.0,11.1,142.0
2009,00-0022388,T.Copper,WR,27.0,10.8,143.0
2009,00-0026716,Q.Cosby,WR,27.0,9.3,144.0
2009,00-0022064,A.Battle,WR,29.0,9.0,145.0
2009,00-0024259,S.Moss,WR,26.0,8.8,146.0
2009,00-0023429,R.Davis,WR,30.0,8.5,147.0
2009,00-0024013,H.Baskett,WR,27.0,8.4,148.0
2009,00-0024463,B.Obomanu,WR,26.0,8.1,149.0
2009,00-0023503,C.Roby,WR,26.0,7.6,150.0
2009,00-0026959,M.Mitchell,WR,24.0,7.2,151.0
2009,00-0023490,R.Parrish,WR,27.0,6.8,152.0
2009,00-0023968,M.Spurlock,WR,26.0,6.3,153.0
2009,00-0025490,I.Stanback,WR,25.0,5.2,154.0
2009,00-0023442,T.Williamson,WR,26.0,4.4,155.0
2009,00-0024171,W.Wright,WR,25.0,4.1,156.0
2009,00-0026364,St.Johnson,WR,23.0,3.0,157.0
2009,00-0023531,B.Jones,WR,27.0,2.8,158.0
2009,00-0021570,K.Osgood,WR,29.0,2.7,159.0
2009,00-0026902,R.Barden,WR,23.0,2.6,160.0
2009,00-0026562,T.Grisham,WR,22.0,2.4,161.0
2009,00-0022882,M.Jones,WR,29.0,1.9,162.0
2009,00-0026181,J.Hardy,WR,24.0,1.9,163.0
2009,00-0026333,J.Johnson,WR,25.0,1.9,164.0
2009,00-0021174,T.Carter,WR,30.0,1.6,165.0
2009,00-0026753,C.Martin,WR,25.0,1.6,166.0
2009,00-0022277,J.Standeford,WR,27.0,1.5,167.0
2009,00-0025461,Y.Figurs,WR,27.0,1.5,168.0
2009,00-0025597,J.Kent,WR,25.0,1.5,169.0
2009,00-0026193,L.Sweed,WR,25.0,1.5,170.0
2009,00-0026491,S.Logan,WR,28.0,1.5,171.0
2009,00-0027057,B.Tate,WR,22.0,1.1,172.0
2009,00-0026293,M.Slater,WR,24.0,0.6,173.0
2009,00-0011641,S.Morey,WR,33.0,0.0,174.0
2009,00-0021153,J.Walker,WR,31.0,0.0,175.0
2009,00-0021927,D.Tyree,WR,29.0,0.0,176.0
2009,00-0022613,G.Martinez,WR,28.0,0.0,177.0
2009,00-0024398,A.Jennings,WR,27.0,0.0,178.0
2009,00-0024756,M.Willis,WR,25.0,0.0,179.0
2009,00-0025636,D.Stanley,WR,24.0,0.0,180.0
2009,00-0025641,J.Holland,WR,24.0,0.0,181.0
2009,00-0025992,S.Giguere,WR,24.0,0.0,182.0
2009,00-0026022,J.Allen,WR,24.0,0.0,183.0
2009,00-0026186,J.Simpson,WR,23.0,0.0,184.0
2009,00-0026355,J.Harper,WR,24.0,0.0,185.0
2009,00-0026357,B.Swain,WR,24.0,0.0,186.0
2009,00-0026396,M.Purify,WR,23.0,0.0,187.0
2009,00-0026904,J.Iglesias,WR,22.0,0.0,188.0
2009,00-0027059,P.Turner,WR,22.0,0.0,189.0
2009,00-0027102,K.McKinley,WR,22.0,0.0,190.0
2009,00-0022296,J.Jenkins,WR,29.0,-0.3,191.0
2010,00-0020245,M.Vick,QB,30.0,310.32,1.0
2010,00-0023462,R.White,WR,29.0,316.2,1.0
2010,00-0026796,A.Foster,RB,24.0,391.8,1.0
2010,00-0022097,B.Lloyd,WR,29.0,286.0,2.0
2010,00-0023459,A.Rodgers,QB,27.0,304.48,2.0
2010,00-0027029,L.McCoy,RB,22.0,297.2,2.0
2010,00-0019596,T.Brady,QB,33.0,299.0,3.0
2010,00-0020498,R.Wayne,WR,32.0,280.5,3.0
2010,00-0026367,P.Hillis,RB,24.0,294.92,3.0
2010,00-0010346,P.Manning,QB,34.0,285.8,4.0
2010,00-0025410,D.Bowe,WR,26.0,278.6,4.0
2010,00-0026213,J.Charles,RB,24.0,282.5,4.0
2010,00-0022942,P.Rivers,QB,29.0,281.6,5.0
2010,00-0024267,G.Jennings,WR,27.0,274.4,5.0
2010,00-0026195,R.Rice,RB,23.0,276.6,5.0
2010,00-0020531,D.Brees,QB,31.0,270.2,6.0
2010,00-0025389,C.Johnson,WR,25.0,266.2,6.0
2010,00-0025394,A.Peterson,RB,25.0,275.9,6.0
2010,00-0022044,A.Johnson,WR,29.0,256.6,7.0
2010,00-0026164,C.Johnson,RB,25.0,272.9,7.0
2010,00-0026993,J.Freeman,QB,22.0,258.44,7.0
2010,00-0022787,M.Schaub,QB,29.0,245.6,8.0
2010,00-0026144,D.McFadden,RB,23.0,267.4,8.0
2010,00-0027005,H.Nicks,WR,22.0,250.2,8.0
2010,00-0026143,M.Ryan,QB,25.0,243.92000000000002,9.0
2010,00-0026184,M.Forte,RB,25.0,264.6,9.0
2010,00-0026901,M.Wallace,WR,24.0,249.6,9.0
2010,00-0022736,S.Jackson,RB,27.0,242.4,10.0
2010,00-0026158,J.Flacco,QB,25.0,231.28,10.0
2010,00-0026364,St. Johnson,WR,24.0,247.3,10.0
2010,00-0022803,E.Manning,QB,29.0,231.08,11.0
2010,00-0022921,L.Fitzgerald,WR,27.0,241.7,11.0
2010,00-0026163,R.Mendenhall,RB,23.0,241.0,11.0
2010,00-0020494,S.Moss,WR,31.0,235.9,12.0
2010,00-0023662,M.Cassel,QB,28.0,229.14000000000001,12.0
2010,00-0025637,A.Bradshaw,RB,24.0,239.9,12.0
2010,00-0021429,C.Palmer,QB,31.0,223.8,13.0
2010,00-0023921,M.Austin,WR,26.0,228.4,13.0
2010,00-0024275,M.Jones-Drew,RB,25.0,234.1,13.0
2010,00-0021231,D.Garrard,QB,32.0,220.36,14.0
2010,00-0022821,M.Turner,RB,28.0,225.6,14.0
2010,00-0024466,M.Colston,WR,27.0,228.4,14.0
2010,00-0020536,L.Tomlinson,RB,31.0,216.2,15.0
2010,00-0024226,J.Cutler,QB,27.0,210.16,15.0
2010,00-0026995,J.Maclin,WR,22.0,228.0,15.0
2010,00-0012478,T.Owens,WR,37.0,224.3,16.0
2010,00-0023500,F.Gore,RB,27.0,202.5,16.0
2010,00-0023541,K.Orton,QB,28.0,209.88,16.0
2010,00-0022924,B.Roethlisberger,QB,28.0,209.6,17.0
2010,00-0025860,B.Green-Ellis,RB,25.0,199.29999999999998,17.0
2010,00-0027702,M.Williams,WR,23.0,223.4,17.0
2010,00-0022427,W.Welker,WR,29.0,212.8,18.0
2010,00-0026898,M.Sanchez,QB,24.0,202.14,18.0
2010,00-0027880,J.Best,RB,21.0,197.0,18.0
2010,00-0023439,C.Benson,RB,28.0,196.9,19.0
2010,00-0023682,R.Fitzpatrick,QB,28.0,198.58,19.0
2010,00-0026998,P.Harvin,WR,22.0,212.5,19.0
2010,00-0026189,D.Jackson,WR,24.0,209.0,20.0
2010,00-0026988,K.Moreno,RB,23.0,196.1,20.0
2010,00-0027854,S.Bradford,QB,23.0,190.78,20.0
2010,00-0011022,D.McNabb,QB,34.0,174.18,21.0
2010,00-0024204,F.Jackson,RB,29.0,183.2,21.0
2010,00-0026235,M.Manningham,WR,24.0,206.6,21.0
2010,00-0020679,Sh.Hill,QB,30.0,159.74,22.0
2010,00-0024334,B.Marshall,WR,26.0,203.7,22.0
2010,00-0026162,F.Jones,RB,23.0,183.0,22.0
2010,00-0023460,J.Campbell,QB,29.0,158.68,23.0
2010,00-0025450,B.Jackson,RB,25.0,171.5,23.0
2010,00-0026000,D.Bess,WR,25.0,191.70000000000002,23.0
2010,00-0009311,J.Kitna,QB,38.0,157.3,24.0
2010,00-0026019,D.Woodhead,RB,25.0,160.6,24.0
2010,00-0027076,M.Thomas,WR,23.0,189.4,24.0
2010,00-0023310,L.Moore,WR,27.0,188.29999999999998,25.0
2010,00-0023437,R.Brown,RB,29.0,156.6,25.0
2010,00-0026197,C.Henne,QB,25.0,157.12,25.0
2010,00-0007091,M.Hasselbeck,QB,35.0,147.92,26.0
2010,00-0022084,A.Boldin,WR,30.0,187.66,26.0
2010,00-0025487,M.Bush,RB,26.0,150.9,26.0
2010,00-0019641,T.Jones,RB,32.0,149.8,27.0
2010,00-0023436,A.Smith,QB,26.0,134.8,27.0
2010,00-0023438,B.Edwards,WR,27.0,185.8,27.0
2010,00-0003292,K.Collins,QB,38.0,109.02000000000001,28.0
2010,00-0023564,D.Sproles,RB,27.0,148.0,28.0
2010,00-0026345,P.Garcon,WR,24.0,184.2,28.0
2010,00-0010500,D.Mason,WR,36.0,183.2,29.0
2010,00-0021678,T.Romo,QB,30.0,99.1,29.0
2010,00-0023545,B.Jacobs,RB,28.0,145.2,29.0
2010,00-0023440,C.Williams,RB,28.0,141.2,30.0
2010,00-0026035,D.Amendola,WR,25.0,178.0,30.0
2010,00-0027876,T.Tebow,QB,23.0,98.86,30.0
2010,00-0005106,B.Favre,QB,41.0,97.16,31.0
2010,00-0021192,D.Branch,WR,31.0,176.8,31.0
2010,00-0027864,R.Mathews,RB,23.0,140.0,31.0
2010,00-0026279,R.Torain,RB,24.0,138.7,32.0
2010,00-0026913,J.Knox,WR,24.0,175.2,32.0
2010,00-0027688,C.McCoy,QB,24.0,90.94,32.0
2010,00-0020397,C.Ochocinco,WR,32.0,174.1,33.0
2010,00-0023645,D.Anderson,QB,27.0,89.1,33.0
2010,00-0025399,M.Lynch,RB,24.0,138.2,33.0
2010,00-0024218,V.Young,QB,27.0,88.7,34.0
2010,00-0027006,K.Britt,WR,22.0,173.5,34.0
2010,00-0027325,L.Blount,RB,24.0,137.1,34.0
2010,00-0025561,T.Smith,QB,26.0,77.14,35.0
2010,00-0026289,T.Hightower,RB,24.0,130.2,35.0
2010,00-0027092,A.Collie,WR,25.0,166.7,35.0
2010,00-0025423,K.Kolb,QB,26.0,62.480000000000004,36.0
2010,00-0026986,M.Crabtree,WR,23.0,165.1,36.0
2010,00-0027080,M.Goodson,RB,23.0,130.2,36.0
2010,00-0021163,J.Gaffney,WR,30.0,164.5,37.0
2010,00-0027214,K.Williams,RB,24.0,124.0,37.0
2010,00-0027659,J.Clausen,QB,23.0,58.019999999999996,37.0
2010,00-0017162,H.Ward,WR,34.0,162.3,38.0
2010,00-0025430,D.Stanton,QB,26.0,56.5,38.0
2010,00-0026373,J.Forsett,RB,25.0,122.2,38.0
2010,00-0022121,R.Grossman,QB,30.0,51.96,39.0
2010,00-0024240,S.Holmes,WR,26.0,160.3,39.0
2010,00-0027155,R.Jennings,RB,25.0,118.2,39.0
2010,00-0017915,R.Williams,RB,33.0,114.4,40.0
2010,00-0021999,N.Burleson,WR,29.0,157.6,40.0
2010,00-0026498,M.Stafford,QB,22.0,50.5,40.0
2010,00-0023452,M.Williams,WR,26.0,152.1,41.0
2010,00-0024408,B.Gradkowski,QB,27.0,50.46,41.0
2010,00-0026899,S.Greene,RB,25.0,112.6,41.0
2010,00-0021182,M.Morris,RB,31.0,105.6,42.0
2010,00-0022055,S.Wallace,QB,30.0,42.56,42.0
2010,00-0027902,D.Bryant,WR,22.0,149.1,42.0
2010,00-0026153,J.Stewart,RB,23.0,105.3,43.0
2010,00-0026465,A.Armstrong,WR,27.0,147.1,43.0
2010,00-0027796,J.Webb,QB,24.0,37.08,43.0
2010,00-0023367,N.Washington,WR,27.0,145.9,44.0
2010,00-0024245,J.Addai,RB,27.0,102.9,44.0
2010,00-0024296,C.Whitehurst,QB,28.0,36.58,44.0
2010,00-0025465,J.Jones,WR,26.0,145.9,45.0
2010,00-0027003,D.Brown,RB,23.0,102.2,45.0
2010,00-0027754,J.Skelton,QB,22.0,33.38,45.0
2010,00-0022414,M.Floyd,WR,29.0,144.7,46.0
2010,00-0025708,M.Moore,QB,26.0,32.78,46.0
2010,00-0027531,C.Ivory,RB,22.0,100.3,46.0
2010,00-0021216,B.Westbrook,RB,31.0,95.0,47.0
2010,00-0025604,T.Thigpen,QB,26.0,28.7,47.0
2010,00-0026182,E.Royal,WR,24.0,143.8,47.0
2010,00-0004161,J.Delhomme,QB,35.0,26.68,48.0
2010,00-0021931,K.Walter,WR,29.0,143.1,48.0
2010,00-0022178,W.McGahee,RB,29.0,89.5,48.0
2010,00-0020270,C.Buckhalter,RB,32.0,88.7,49.0
2010,00-0024279,T.Jackson,QB,27.0,25.94,49.0
2010,00-0025414,R.Meachem,WR,26.0,139.2,49.0
2010,00-0024813,P.Thomas,RB,26.0,88.0,50.0
2010,00-0025466,M.Sims-Walker,WR,26.0,139.2,50.0
2010,00-0026349,M.Flynn,QB,25.0,25.92,50.0
2010,00-0021314,C.Taylor,RB,31.0,78.6,51.0
2010,00-0024272,D.Hester,WR,28.0,132.5,51.0
2010,00-0027071,S.McGee,QB,25.0,24.92,51.0
2010,00-0025479,T.Edwards,QB,27.0,24.64,52.0
2010,00-0027687,J.Shipley,WR,25.0,130.0,52.0
2010,00-0027861,C.Spiller,RB,23.0,78.0,52.0
2010,00-0000865,C.Batch,QB,36.0,23.08,53.0
2010,00-0023544,M.Barber,RB,27.0,77.3,53.0
2010,00-0026937,B.Gibson,WR,23.0,129.8,53.0
2010,00-0001545,T.Bouman,QB,38.0,13.68,54.0
2010,00-0004541,D.Driver,WR,35.0,129.5,54.0
2010,00-0024217,R.Bush,RB,25.0,75.8,54.0
2010,00-0002110,M.Brunell,QB,40.0,10.68,55.0
2010,00-0027709,J.Ford,WR,23.0,129.5,55.0
2010,00-0027888,T.Gerhart,RB,23.0,69.9,55.0
2010,00-0022770,D.Ward,RB,30.0,68.8,56.0
2010,00-0025529,S.Breaston,WR,27.0,128.98,56.0
2010,00-0026296,D.Dixon,QB,25.0,9.36,56.0
2010,00-0025460,J.Jones,WR,26.0,127.9,57.0
2010,00-0026143,Ryan,QB,25.0,8.48,57.0
2010,00-0026262,T.Choice,RB,26.0,68.2,57.0
2010,00-0026300,J.Johnson,QB,24.0,8.34,58.0
2010,00-0026314,J.Morgan,WR,25.0,125.5,58.0
2010,00-0027007,C.Wells,RB,22.0,64.1,58.0
2010,00-0021184,L.Betts,RB,31.0,62.1,59.0
2010,00-0024264,K.Clemens,QB,27.0,7.14,59.0
2010,00-0026210,E.Bennett,WR,23.0,121.0,59.0
2010,00-0022101,B.St. Pierre,QB,31.0,6.92,60.0
2010,00-0025438,S.Smith,WR,25.0,118.9,60.0
2010,00-0027467,J.James,RB,23.0,60.5,60.0
2010,00-0022217,M.Moore,RB,28.0,60.400000000000006,61.0
2010,00-0022909,R.Williams,WR,29.0,118.0,61.0
2010,00-0026625,B.Hoyer,QB,25.0,6.079999999999999,61.0
2010,00-0022864,L.McCown,QB,29.0,5.2,62.0
2010,00-0022910,L.Evans,WR,29.0,116.8,62.0
2010,00-0024359,J.Harrison,RB,27.0,57.5,62.0
2010,00-0024242,D.Williams,RB,27.0,57.2,63.0
2010,00-0024324,J.Avant,WR,27.0,116.3,63.0
2010,00-0025749,R.Bartel,QB,27.0,4.0,63.0
2010,00-0026956,L.Stephens-Howling,RB,23.0,56.4,64.0
2010,00-0027089,L.Murphy,WR,23.0,116.2,64.0
2010,00-0027347,M.Hall,QB,25.0,2.3,64.0
2010,00-0021755,E.Graham,RB,30.0,52.980000000000004,65.0
2010,00-0026176,J.Nelson,WR,25.0,113.2,65.0
2010,00-0026544,C.Daniel,QB,24.0,2.24,65.0
2010,00-0024812,T.Palko,QB,27.0,1.9,66.0
2010,00-0026566,I.Redman,RB,26.0,52.9,66.0
2010,00-0027077,B.Hartline,WR,24.0,111.2,66.0
2010,00-0020337,S.Smith,WR,31.0,110.3,67.0
2010,00-0024332,L.Washington,RB,28.0,50.9,67.0
2010,00-0027801,T.Pike (3rd QB),QB,24.0,1.88,67.0
2010,00-0022177,B.Leftwich,QB,30.0,1.68,68.0
2010,00-0024463,B.Obomanu,WR,27.0,109.1,68.0
2010,00-0026209,J.Hester,RB,25.0,48.5,68.0
2010,00-0025970,C.Hanie (3rd QB),QB,25.0,1.44,69.0
2010,00-0027120,J.Ringer,RB,23.0,47.3,69.0
2010,00-0027795,D.Gettis,WR,23.0,106.0,69.0
2010,00-0022164,K.Boller,QB,29.0,0.8,70.0
2010,00-0022781,M.Jenkins,WR,28.0,103.5,70.0
2010,00-0025439,B.Leonard,RB,26.0,45.8,70.0
2010,00-0019559,C.Pennington,QB,34.0,0.76,71.0
2010,00-0021179,C.Portis,RB,29.0,45.2,71.0
2010,00-0027477,B.White,WR,23.0,101.5,71.0
2010,00-0025592,J.Palmer,QB,26.0,0.72,72.0
2010,00-0026941,B.Scott,RB,26.0,44.9,72.0
2010,00-0027057,B.Tate,WR,23.0,101.4,72.0
2010,00-0019709,C.Redman,QB,33.0,0.7,73.0
2010,00-0025633,K.Darby,RB,28.0,44.8,73.0
2010,00-0027026,M.Massaquoi,WR,24.0,99.16,73.0
2010,00-0020608,D.Carr,QB,31.0,0.68,74.0
2010,00-0022840,J.Jones,RB,29.0,43.199999999999996,74.0
2010,00-0027063,D.Butler,WR,24.0,99.1,74.0
2010,00-0011754,R.Moss,WR,33.0,97.3,75.0
2010,00-0025970,C.Hanie,QB,25.0,0.66,75.0
2010,00-0027772,A.Dixon,RB,23.0,41.8,75.0
2010,00-0026204,K.Smith,RB,24.0,35.8,76.0
2010,00-0027681,B.LaFell,WR,24.0,96.8,76.0
2010,00-0027775,R.Smith,QB,23.0,0.0,76.0
2010,00-0019041,B.Volek,QB,34.0,-0.18000000000000002,77.0
2010,00-0022811,J.Cotchery,WR,28.0,96.0,77.0
2010,00-0026342,M.Hart,RB,24.0,33.0,77.0
2010,00-0020438,T.Houshmandzadeh,WR,33.0,87.8,78.0
2010,00-0020480,S.Rosenfels,QB,32.0,-0.3,78.0
2010,00-0024172,P.Cobbs,RB,27.0,29.099999999999998,78.0
2010,00-0022929,D.Henderson,WR,28.0,87.2,79.0
2010,00-0024300,B.Croyle,QB,27.0,-0.48,79.0
2010,00-0026790,T.Sutton,RB,24.0,26.1,79.0
2010,00-0023490,R.Parrish,WR,28.0,86.5,80.0
2010,00-0027712,J.McKnight,RB,22.0,23.9,80.0
2010,00-0027804,L.Brown,QB,23.0,-1.04,80.0
2010,00-0022766,P.Crayton,WR,31.0,85.4,81.0
2010,00-0024011,M.Bell,RB,27.0,23.6,81.0
2010,00-0026196,B.Brohm,QB,25.0,-3.76,81.0
2010,00-0003315,T.Collins,QB,39.0,-7.279999999999999,82.0
2010,00-0024559,D.Ware,RB,25.0,21.0,82.0
2010,00-0027322,D.Nelson,WR,24.0,84.3,82.0
2010,00-0026432,L.Ball,RB,25.0,20.4,83.0
2010,00-0027654,A.Benn,WR,22.0,80.0,83.0
2010,00-0019484,S.Morris,RB,33.0,20.3,84.0
2010,00-0025622,C.Stuckey,WR,27.0,79.5,84.0
2010,00-0025462,L.Robinson,WR,25.0,79.0,85.0
2010,00-0027779,D.Karim,RB,24.0,20.0,85.0
2010,00-0027012,B.Robiskie,WR,23.0,78.0,86.0
2010,00-0027129,A.Brown,RB,25.0,18.3,86.0
2010,00-0027419,C.Gronkowski,RB,24.0,18.200000000000003,87.0
2010,00-0027685,E.Sanders,WR,23.0,77.60000000000001,87.0
2010,00-0016098,F.Taylor,RB,34.0,18.1,88.0
2010,00-0026983,D.Heyward-Bey,WR,23.0,71.4,88.0
2010,00-0005091,K.Faulk,RB,34.0,16.7,89.0
2010,00-0027691,A.Roberts,WR,22.0,66.7,89.0
2010,00-0015754,B.Stokley,WR,34.0,66.39999999999999,90.0
2010,00-0019863,D.Rhodes,RB,31.0,16.6,90.0
2010,00-0023457,M.Clayton,WR,28.0,66.2,91.0
2010,00-0024236,L.Maroney,RB,25.0,16.400000000000002,91.0
2010,00-0025559,L.Naanee,WR,27.0,65.9,92.0
2010,00-0027201,D.Nance,RB,22.0,15.5,92.0
2010,00-0022288,J.Wright,RB,28.0,15.0,93.0
2010,00-0023176,J.Cribbs,WR,27.0,65.66,93.0
2010,00-0026186,J.Simpson,WR,24.0,61.9,94.0
2010,00-0027130,J.Davis,RB,24.0,14.5,94.0
2010,00-0026221,E.Doucet,WR,25.0,61.6,95.0
2010,00-0027791,J.Starks,RB,24.0,13.6,95.0
2010,00-0026229,S.Slaton,RB,24.0,13.4,96.0
2010,00-0027874,D.Thomas,WR,23.0,60.4,96.0
2010,00-0023968,M.Spurlock,WR,27.0,60.0,97.0
2010,00-0025701,J.Battle,RB,27.0,12.9,97.0
2010,00-0026237,A.Caldwell,WR,25.0,59.3,98.0
2010,00-0027257,K.Toston,RB,23.0,10.3,98.0
2010,00-0026941,Be.Scott,RB,26.0,8.0,99.0
2010,00-0027651,D.McCluster,WR,22.0,59.0,99.0
2010,00-0024318,B.Smith,WR,27.0,58.440000000000005,100.0
2010,00-0027098,G.Johnson,RB,24.0,7.2,100.0
2010,00-0023496,V.Jackson,WR,27.0,58.2,101.0
2010,00-0024738,E.Buckley,RB,25.0,6.7,101.0
2010,00-0021190,A.Randle El,WR,31.0,57.18,102.0
2010,00-0026644,J.Vaughan,RB,24.0,6.7,102.0
2010,00-0025431,S.Rice,WR,24.0,57.0,103.0
2010,00-0025458,L.Booker,RB,26.0,6.2,103.0
2010,00-0025955,A.Young,RB,25.0,6.0,104.0
2010,00-0026224,H.Douglas,WR,26.0,56.9,104.0
2010,00-0024460,Q.Ganther,RB,26.0,4.7,105.0
2010,00-0027912,D.Alexander,WR,22.0,56.6,105.0
2010,00-0005231,B.Finneran,WR,34.0,53.6,106.0
2010,00-0022984,R.Grant,RB,28.0,4.5,106.0
2010,00-0021357,R.Cartwright,RB,31.0,4.2,107.0
2010,00-0025417,C.Davis,WR,25.0,52.9,107.0
2010,00-0020514,M.Bennett,RB,32.0,4.0,108.0
2010,00-0021982,J.Gage,WR,29.0,52.6,108.0
2010,00-0022807,B.Berrian,WR,30.0,52.4,109.0
2010,00-0026819,K.Huggins,RB,24.0,2.8,109.0
2010,00-0024297,D.Hagan,WR,26.0,52.3,110.0
2010,00-0027786,J.Dwyer,RB,21.0,2.8,110.0
2010,00-0024294,J.Norwood,RB,27.0,2.7,111.0
2010,00-0027581,S.Ajirotutu,WR,23.0,51.2,111.0
2010,00-0023408,G.Camarillo,WR,28.0,50.0,112.0
2010,00-0026607,B.Bolen,RB,25.0,2.5,112.0
2010,00-0020446,C.Chambers,WR,32.0,49.3,113.0
2010,00-0026029,K.Lumpkin,RB,26.0,2.2,113.0
2010,00-0026932,C.Peerman,RB,24.0,2.2,114.0
2010,00-0026953,S.Stroughter,WR,24.0,48.1,114.0
2010,00-0025578,K.Hall,RB,27.0,1.9,115.0
2010,00-0027518,D.Jones,WR,23.0,45.400000000000006,115.0
2010,00-0025573,T.Clayton,RB,26.0,1.7,116.0
2010,00-0027891,G.Tate,WR,22.0,44.1,116.0
2010,00-0025463,J.Hill,WR,25.0,41.8,117.0
2010,00-0026745,C.Brinkley,RB,25.0,1.1,117.0
2010,00-0025396,T.Ginn,WR,25.0,41.4,118.0
2010,00-0025480,G.Wolfe,RB,26.0,0.8,118.0
2010,00-0021976,L.Johnson,RB,31.0,0.20000000000000007,119.0
2010,00-0022156,B.Johnson,WR,29.0,41.0,119.0
2010,00-0026012,J.Caulcrick,RB,27.0,0.2,120.0
2010,00-0027793,A.Brown,WR,22.0,38.7,120.0
2010,00-0024103,M.Owens,RB,26.0,0.0,121.0
2010,00-0027893,D.Williams,WR,22.0,38.4,121.0
2010,00-0021508,G.Lewis,WR,30.0,36.699999999999996,122.0
2010,00-0024659,B.Latsko,RB,26.0,0.0,122.0
2010,00-0022171,K.Washington,WR,31.0,36.3,123.0
2010,00-0025437,C.Henry,RB,25.0,0.0,123.0
2010,00-0022388,T.Copper,WR,28.0,33.7,124.0
2010,00-0025615,D.Wynn,RB,27.0,0.0,124.0
2010,00-0025951,D.Reynaud,RB,26.0,0.0,125.0
2010,00-0027188,C.Hall,WR,24.0,31.400000000000002,125.0
2010,00-0005720,J.Galloway,WR,39.0,29.3,126.0
2010,00-0025997,C.Simpson,RB,25.0,0.0,126.0
2010,00-0022421,R.Martin,WR,28.0,28.8,127.0
2010,00-0026113,C.Smith,RB,25.0,0.0,127.0
2010,00-0026316,J.Parmele,RB,25.0,0.0,128.0
2010,00-0027356,M.Moore,WR,23.0,26.4,128.0
2010,00-0023953,S.Hurd,WR,25.0,26.0,129.0
2010,00-0026598,J.Johnson,RB,25.0,0.0,129.0
2010,00-0024447,D.Aromashodu,WR,26.0,24.9,130.0
2010,00-0027218,J.Bell,RB,24.0,0.0,130.0
2010,00-0027401,R.Jackson,RB,23.0,0.0,131.0
2010,00-0027758,R.Cooper,WR,23.0,24.6,131.0
2010,00-0024535,E.Weems,WR,25.0,24.1,132.0
2010,00-0027423,L.Miller,RB,22.0,0.0,132.0
2010,00-0023429,R.Davis,WR,31.0,23.400000000000002,133.0
2010,00-0027094,A.Brown,RB,24.0,-0.1,133.0
2010,00-0026855,A.Smith,RB,25.0,-0.3,134.0
2010,00-0027429,V.Tucker,WR,22.0,23.4,134.0
2010,00-0026620,D.Moore,RB,25.0,-2.2,135.0
2010,00-0027220,N.Roosevelt,WR,23.0,23.2,135.0
2010,00-0027150,J.Edelman,WR,24.0,23.0,136.0
2010,00-0024465,D.Anderson,WR,27.0,22.7,137.0
2010,00-0027352,M.Komar,WR,23.0,21.7,138.0
2010,00-0027789,D.Briscoe,WR,21.0,21.3,139.0
2010,00-0024305,M.Stovall,WR,25.0,21.1,140.0
2010,00-0027690,E.Decker,WR,23.0,20.6,141.0
2010,00-0025486,J.Higgins,WR,27.0,20.34,142.0
2010,00-0025544,D.Clowney,WR,25.0,19.4,143.0
2010,00-0027156,T.Underwood,WR,23.0,19.1,144.0
2010,00-0027349,S.Williams,WR,24.0,19.1,145.0
2010,00-0023570,R.Williams,WR,29.0,18.9,146.0
2010,00-0024687,D.Zeigler,WR,26.0,18.8,147.0
2010,00-0021570,K.Osgood,WR,30.0,18.0,148.0
2010,00-0026491,S.Logan,WR,29.0,15.5,149.0
2010,00-0026366,C.Schilens,WR,25.0,15.0,150.0
2010,00-0026377,A.Arrington,WR,25.0,14.9,151.0
2010,00-0026357,B.Swain,WR,25.0,13.200000000000001,152.0
2010,00-0021147,D.Stallworth,WR,30.0,12.7,153.0
2010,00-0027700,M.Gilyard,WR,24.0,12.3,154.0
2010,00-0027358,R.Wallace,WR,24.0,12.2,155.0
2010,00-0027816,M.Mariani,WR,23.0,12.0,156.0
2010,00-0025419,A.Gonzalez,WR,26.0,11.7,157.0
2010,00-0026902,R.Barden,WR,24.0,11.4,158.0
2010,00-0026266,L.Hawkins,WR,24.0,11.1,159.0
2010,00-0027470,B.James,WR,23.0,10.0,160.0
2010,00-0027618,B.Banks,WR,23.0,9.6,161.0
2010,00-0027450,P.Parker,WR,23.0,8.899999999999999,162.0
2010,00-0027813,T.Austin,WR,22.0,7.699999999999999,163.0
2010,00-0027755,D.Reed,WR,23.0,7.5,164.0
2010,00-0027693,T.Price,WR,23.0,7.1,165.0
2010,00-0026536,N.Miller,WR,23.0,7.0,166.0
2010,00-0026780,K.Ogletree,WR,23.0,6.4,167.0
2010,00-0025432,D.Jarrett,WR,24.0,6.0,168.0
2010,00-0026032,T.Smith,WR,27.0,6.0,169.0
2010,00-0027056,D.Williams,WR,24.0,6.0,170.0
2010,00-0027059,P.Turner,WR,23.0,4.6,171.0
2010,00-0022725,M.Clayton,WR,28.0,3.9,172.0
2010,00-0026716,Q.Cosby,WR,28.0,3.6,173.0
2010,00-0025461,Y.Figurs,WR,28.0,3.3000000000000003,174.0
2010,00-0024013,H.Baskett,WR,28.0,2.8,175.0
2010,00-0024756,M.Willis,WR,26.0,2.7,176.0
2010,00-0022001,K.Curtis,WR,32.0,2.2,177.0
2010,00-0026331,P.Hubbard,WR,25.0,1.8,178.0
2010,00-0027608,K.Williams,WR,22.0,1.8,179.0
2010,00-0021915,S.Aiken,WR,30.0,1.7,180.0
2010,00-0027149,M.Johnson,WR,24.0,1.6,181.0
2010,00-0027585,R.Goodman,WR,23.0,1.5,182.0
2010,00-0027261,D.Calhoun,WR,23.0,1.4,183.0
2010,00-0022901,E.Wilford,WR,31.0,1.3,184.0
2010,00-0026056,G.Banks,WR,29.0,1.2,185.0
2010,00-0027776,C.Mitchell,WR,22.0,0.9,186.0
2010,00-0027692,A.Edwards,WR,22.0,0.7,187.0
2010,00-0022064,A.Battle,WR,30.0,0.0,188.0
2010,00-0023503,C.Roby,WR,27.0,0.0,189.0
2010,00-0023790,B.Clark,WR,27.0,0.0,190.0
2010,00-0024326,D.Williams,WR,27.0,0.0,191.0
2010,00-0024609,J.Holley,WR,26.0,0.0,192.0
2010,00-0026174,D.Thomas,WR,24.0,0.0,193.0
2010,00-0026246,M.Smith,WR,25.0,0.0,194.0
2010,00-0026276,K.Moore,WR,25.0,0.0,195.0
2010,00-0026293,M.Slater,WR,25.0,0.0,196.0
2010,00-0026650,B.Davis,WR,24.0,0.0,197.0
2010,00-0026665,J.Matthews,WR,24.0,0.0,198.0
2010,00-0026753,C.Martin,WR,26.0,0.0,199.0
2010,00-0027308,J.Horne,WR,24.0,0.0,200.0
2010,00-0027518,Do.Jones,WR,23.0,0.0,201.0
2010,00-0027520,D.Curry,WR,23.0,0.0,202.0
2010,00-0027726,A.Owusu-Ansah,WR,22.0,0.0,203.0
2011,00-0023459,A.Rodgers,QB,28.0,397.14,1.0
2011,00-0025389,C.Johnson,WR,26.0,360.7,1.0
2011,00-0026195,R.Rice,RB,24.0,372.84000000000003,1.0
2011,00-0020531,D.Brees,QB,32.0,394.0,2.0
2011,00-0022427,W.Welker,WR,30.0,335.9,2.0
2011,00-0027029,L.McCoy,RB,23.0,328.4,2.0
2011,00-0024275,M.Jones-Drew,RB,26.0,305.0,3.0
2011,00-0027265,V.Cruz,WR,25.0,287.9,3.0
2011,00-0027939,C.Newton,QB,22.0,370.34,3.0
2011,00-0019596,T.Brady,QB,34.0,366.3,4.0
2011,00-0026176,J.Nelson,WR,26.0,284.3,4.0
2011,00-0026796,A.Foster,RB,25.0,303.1,4.0
2011,00-0023462,R.White,WR,30.0,277.6,5.0
2011,00-0023564,D.Sproles,RB,28.0,277.4,5.0
2011,00-0026498,M.Stafford,QB,23.0,345.8,5.0
2011,00-0022803,E.Manning,QB,30.0,280.82,6.0
2011,00-0022921,L.Fitzgerald,WR,28.0,269.1,6.0
2011,00-0025399,M.Lynch,RB,25.0,243.6,6.0
2011,00-0021678,T.Romo,QB,31.0,275.96,7.0
2011,00-0026998,P.Harvin,WR,23.0,268.2,7.0
2011,00-0027864,R.Mathews,RB,24.0,236.6,7.0
2011,00-0020337,S.Smith,WR,32.0,264.0,8.0
2011,00-0022821,M.Turner,RB,29.0,229.8,8.0
2011,00-0026143,M.Ryan,QB,26.0,273.48,8.0
2011,00-0022942,P.Rivers,QB,30.0,254.56,9.0
2011,00-0024466,M.Colston,WR,28.0,244.4,9.0
2011,00-0026164,C.Johnson,RB,26.0,225.5,9.0
2011,00-0022736,S.Jackson,RB,28.0,223.8,10.0
2011,00-0026898,M.Sanchez,QB,25.0,237.26,10.0
2011,00-0026901,M.Wallace,WR,25.0,243.0,10.0
2011,00-0020245,M.Vick,QB,31.0,233.02,11.0
2011,00-0024334,B.Marshall,WR,27.0,237.7,11.0
2011,00-0025487,M.Bush,RB,27.0,222.5,11.0
2011,00-0023682,R.Fitzpatrick,QB,29.0,222.78,12.0
2011,00-0026184,M.Forte,RB,26.0,220.7,12.0
2011,00-0027005,H.Nicks,WR,23.0,237.2,12.0
2011,00-0022924,B.Roethlisberger,QB,29.0,216.07999999999998,13.0
2011,00-0023496,V.Jackson,WR,28.0,229.70000000000002,13.0
2011,00-0024217,R.Bush,RB,26.0,219.2,13.0
2011,00-0024204,F.Jackson,RB,30.0,208.6,14.0
2011,00-0025410,D.Bowe,WR,27.0,228.1,14.0
2011,00-0027973,A.Dalton,QB,24.0,207.12,14.0
2011,00-0023367,N.Washington,WR,28.0,224.79999999999998,15.0
2011,00-0025394,A.Peterson,RB,26.0,206.9,15.0
2011,00-0026993,J.Freeman,QB,23.0,205.07999999999998,15.0
2011,00-0026153,J.Stewart,RB,24.0,194.4,16.0
2011,00-0026158,J.Flacco,QB,26.0,203.4,16.0
2011,00-0026364,St.Johnson,WR,25.0,218.4,16.0
2011,00-0023500,F.Gore,RB,28.0,193.5,17.0
2011,00-0027876,T.Tebow,QB,24.0,199.16,17.0
2011,00-0027942,A.Green,WR,23.0,218.0,17.0
2011,00-0007091,M.Hasselbeck,QB,36.0,190.04,18.0
2011,00-0024267,G.Jennings,WR,28.0,215.9,18.0
2011,00-0025637,A.Bradshaw,RB,25.0,192.6,18.0
2011,00-0023436,Alex Smith,QB,27.0,183.24,19.0
2011,00-0026899,S.Greene,RB,26.0,192.5,19.0
2011,00-0027902,D.Bryant,WR,23.0,208.3,19.0
2011,00-0024813,P.Thomas,RB,27.0,182.70000000000002,20.0
2011,00-0025462,L.Robinson,WR,26.0,205.8,20.0
2011,00-0027688,C.McCoy,QB,25.0,161.02,20.0
2011,00-0024279,T.Jackson,QB,28.0,160.44,21.0
2011,00-0026163,R.Mendenhall,RB,24.0,178.2,21.0
2011,00-0027793,A.Brown,WR,23.0,201.9,21.0
2011,00-0022787,M.Schaub,QB,30.0,158.06,22.0
2011,00-0027007,C.Wells,RB,23.0,175.9,22.0
2011,00-0027944,J.Jones,WR,22.0,201.5,22.0
2011,00-0025708,M.Moore,QB,27.0,152.38,23.0
2011,00-0026345,P.Garcon,WR,25.0,199.5,23.0
2011,00-0028043,R.Helu,RB,23.0,164.9,23.0
2011,00-0022097,B.Lloyd,WR,30.0,196.6,24.0
2011,00-0022121,R.Grossman,QB,31.0,147.14,24.0
2011,00-0022178,W.McGahee,RB,30.0,163.0,24.0
2011,00-0020498,R.Wayne,WR,33.0,195.0,25.0
2011,00-0023439,C.Benson,RB,29.0,161.9,25.0
2011,00-0024226,J.Cutler,QB,28.0,136.26,25.0
2011,00-0021163,J.Gaffney,WR,31.0,190.7,26.0
2011,00-0021429,C.Palmer,QB,32.0,136.12,26.0
2011,00-0027861,C.Spiller,RB,24.0,158.0,26.0
2011,00-0025860,B.Green-Ellis,RB,26.0,157.6,27.0
2011,00-0026986,M.Crabtree,WR,24.0,186.0,27.0
2011,00-0027950,C.Ponder,QB,23.0,118.02,27.0
2011,00-0024242,D.Williams,RB,28.0,155.1,28.0
2011,00-0026983,D.Heyward-Bey,WR,24.0,183.5,28.0
2011,00-0027948,B.Gabbert,QB,22.0,116.36,28.0
2011,00-0026189,D.Jackson,WR,25.0,182.2,29.0
2011,00-0027754,J.Skelton,QB,23.0,103.32000000000001,29.0
2011,00-0028009,D.Murray,RB,23.0,146.0,29.0
2011,00-0025423,K.Kolb,QB,27.0,98.7,30.0
2011,00-0027890,B.Tate,RB,23.0,135.0,30.0
2011,00-0027996,T.Smith,WR,22.0,180.0,30.0
2011,00-0023545,B.Jacobs,RB,29.0,134.9,31.0
2011,00-0023662,M.Cassel,QB,29.0,97.02,31.0
2011,00-0026995,J.Maclin,WR,23.0,177.0,31.0
2011,00-0020536,L.Tomlinson,RB,32.0,132.9,32.0
2011,00-0021999,N.Burleson,WR,30.0,175.6,32.0
2011,00-0027854,S.Bradford,QB,24.0,87.16,32.0
2011,00-0023310,L.Moore,WR,28.0,166.7,33.0
2011,00-0023541,K.Orton,QB,29.0,85.62,33.0
2011,00-0027325,L.Blount,RB,25.0,131.9,33.0
2011,00-0023460,J.Campbell,QB,30.0,78.8,34.0
2011,00-0024240,S.Holmes,WR,27.0,165.1,34.0
2011,00-0026204,K.Smith,RB,25.0,126.6,34.0
2011,00-0022084,A.Boldin,WR,31.0,163.7,35.0
2011,00-0026144,D.McFadden,RB,24.0,123.80000000000001,35.0
2011,00-0027134,C.Painter,QB,26.0,72.34,35.0
2011,00-0011022,D.McNabb,QB,35.0,64.94,36.0
2011,00-0022414,M.Floyd,WR,30.0,158.6,36.0
2011,00-0027003,D.Brown,RB,24.0,119.1,36.0
2011,00-0026197,C.Henne,QB,26.0,59.92,37.0
2011,00-0027690,E.Decker,WR,24.0,157.3,37.0
2011,00-0027888,T.Gerhart,RB,24.0,119.1,37.0
2011,00-0022984,R.Grant,RB,29.0,117.7,38.0
2011,00-0023578,D.Orlovsky,QB,28.0,58.54,38.0
2011,00-0027322,D.Nelson,WR,25.0,156.8,38.0
2011,00-0025427,J.Beck,QB,30.0,50.62,39.0
2011,00-0026162,F.Jones,RB,24.0,116.6,39.0
2011,00-0027702,M.Williams,WR,24.0,156.4,39.0
2011,00-0019642,P.Burress,WR,34.0,154.2,40.0
2011,00-0027796,J.Webb,QB,25.0,50.34,40.0
2011,00-0027880,J.Best,RB,22.0,112.7,40.0
2011,00-0025529,S.Breaston,WR,28.0,154.0,41.0
2011,00-0027791,J.Starks,RB,25.0,112.4,41.0
2011,00-0027946,J.Locker,QB,23.0,49.28,41.0
2011,00-0026349,M.Flynn,QB,26.0,44.120000000000005,42.0
2011,00-0026367,P.Hillis,RB,25.0,109.7,42.0
2011,00-0028434,D.Baldwin,WR,23.0,153.6,42.0
2011,00-0026221,E.Doucet,WR,26.0,152.9,43.0
2011,00-0027966,M.Ingram,RB,22.0,104.8,43.0
2011,00-0028090,T.Yates,QB,24.0,43.660000000000004,43.0
2011,00-0021182,M.Morris,RB,32.0,95.0,44.0
2011,00-0021192,D.Branch,WR,32.0,151.2,44.0
2011,00-0024218,V.Young,QB,28.0,40.54,44.0
2011,00-0024264,K.Clemens,QB,28.0,37.54,45.0
2011,00-0027982,T.Young,WR,22.0,151.1,45.0
2011,00-0028053,K.Hunter,RB,23.0,94.8,45.0
2011,00-0022055,S.Wallace,QB,31.0,34.78,46.0
2011,00-0026186,J.Simpson,WR,25.0,146.5,46.0
2011,00-0026566,I.Redman,RB,27.0,87.7,46.0
2011,00-0023436,A.Smith,QB,27.0,28.42,47.0
2011,00-0025414,R.Meachem,WR,27.0,145.4,47.0
2011,00-0025701,J.Battle,RB,28.0,87.5,47.0
2011,00-0023544,M.Barber,RB,28.0,86.2,48.0
2011,00-0025970,C.Hanie,QB,26.0,28.32,48.0
2011,00-0027997,G.Little,WR,22.0,145.4,48.0
2011,00-0021206,J.McCown,QB,32.0,25.36,49.0
2011,00-0025465,J.Jones,WR,27.0,143.5,49.0
2011,00-0028000,D.Thomas,RB,24.0,81.3,49.0
2011,00-0023921,M.Austin,WR,27.0,143.2,50.0
2011,00-0024812,T.Palko,QB,28.0,25.340000000000003,50.0
2011,00-0026029,K.Lumpkin,RB,27.0,80.6,50.0
2011,00-0003292,K.Collins,QB,39.0,19.14,51.0
2011,00-0026432,L.Ball,RB,26.0,79.0,51.0
2011,00-0027651,D.McCluster,WR,23.0,138.4,51.0
2011,00-0020305,A.Feeley,QB,34.0,18.32,52.0
2011,00-0026019,D.Woodhead,RB,26.0,78.8,52.0
2011,00-0028086,D.Moore,WR,23.0,136.9,52.0
2011,00-0026300,J.Johnson,QB,25.0,14.54,53.0
2011,00-0027140,C.Ogbonnaya,RB,25.0,77.5,53.0
2011,00-0027893,D.Williams,WR,23.0,134.2,53.0
2011,00-0017915,R.Williams,RB,34.0,73.7,54.0
2011,00-0020494,S.Moss,WR,32.0,128.4,54.0
2011,00-0027071,S.McGee,QB,26.0,14.08,54.0
2011,00-0023176,J.Cribbs,WR,28.0,125.30000000000001,55.0
2011,00-0024245,J.Addai,RB,28.0,73.6,55.0
2011,00-0024296,C.Whitehurst,QB,29.0,13.22,55.0
2011,00-0004161,J.Delhomme,QB,36.0,10.44,56.0
2011,00-0026941,B.Scott,RB,27.0,72.8,56.0
2011,00-0027691,A.Roberts,WR,23.0,124.3,56.0
2011,00-0024324,J.Avant,WR,28.0,121.9,57.0
2011,00-0024408,B.Gradkowski,QB,28.0,6.46,57.0
2011,00-0028083,J.Rodgers,RB,21.0,70.3,57.0
2011,00-0025749,R.Bartel,QB,28.0,6.34,58.0
2011,00-0026579,K.Bell,RB,25.0,70.0,58.0
2011,00-0026913,J.Knox,WR,25.0,119.7,58.0
2011,00-0024225,M.Leinart,QB,28.0,6.180000000000001,59.0
2011,00-0026000,D.Bess,WR,26.0,119.6,59.0
2011,00-0027120,J.Ringer,RB,24.0,69.2,59.0
2011,00-0000865,C.Batch,QB,37.0,6.12,60.0
2011,00-0004541,D.Driver,WR,36.0,117.5,60.0
2011,00-0026956,L.Stephens-Howling,RB,24.0,65.1,60.0
2011,00-0019709,C.Redman,QB,34.0,4.92,61.0
2011,00-0024559,D.Ware,RB,26.0,64.3,61.0
2011,00-0026235,M.Manningham,WR,25.0,115.3,61.0
2011,00-0022164,K.Boller,QB,30.0,4.24,62.0
2011,00-0023440,C.Williams,RB,29.0,63.4,62.0
2011,00-0027681,B.LaFell,WR,25.0,115.3,62.0
2011,00-0021755,E.Graham,RB,31.0,62.9,63.0
2011,00-0022864,L.McCown,QB,30.0,4.14,63.0
2011,00-0027450,P.Parker,WR,24.0,113.1,63.0
2011,00-0009311,J.Kitna,QB,39.0,3.28,64.0
2011,00-0026289,T.Hightower,RB,25.0,59.7,64.0
2011,00-0027874,D.Thomas,WR,24.0,111.6,64.0
2011,00-0019641,T.Jones,RB,33.0,57.1,65.0
2011,00-0022912,J.Losman,QB,30.0,2.5,65.0
2011,00-0027092,A.Collie,WR,26.0,111.4,65.0
2011,00-0020679,Sh.Hill,QB,31.0,1.2200000000000002,66.0
2011,00-0026373,J.Forsett,RB,26.0,56.3,66.0
2011,00-0027789,D.Briscoe,WR,22.0,109.7,66.0
2011,00-0021931,K.Walter,WR,30.0,104.4,67.0
2011,00-0027974,C.Kaepernick,QB,24.0,1.2,67.0
2011,00-0028011,S.Ridley,RB,22.0,54.4,67.0
2011,00-0002110,M.Brunell,QB,41.0,1.08,68.0
2011,00-0025460,J.Jones,WR,27.0,101.9,68.0
2011,00-0027666,M.Hardesty,RB,24.0,52.8,68.0
2011,00-0025439,B.Leonard,RB,27.0,51.5,69.0
2011,00-0026266,L.Hawkins,WR,25.0,100.0,69.0
2011,00-0028118,T.Taylor,QB,22.0,0.9199999999999999,69.0
2011,00-0022909,R.Williams,WR,30.0,99.7,70.0
2011,00-0026544,C.Daniel,QB,25.0,0.86,70.0
2011,00-0028057,D.Carter,RB,24.0,50.5,70.0
2011,00-0022781,M.Jenkins,WR,29.0,98.60000000000001,71.0
2011,00-0026262,T.Choice,RB,27.0,48.6,71.0
2011,00-0026625,B.Hoyer,QB,26.0,0.5800000000000001,71.0
2011,00-0025559,L.Naanee,WR,28.0,97.78,72.0
2011,00-0027722,M.Kafka,QB,24.0,0.27999999999999997,72.0
2011,00-0028115,E.Royster,RB,24.0,48.599999999999994,72.0
2011,00-0027077,B.Hartline,WR,25.0,96.8,73.0
2011,00-0027121,T.Brandstater,QB,27.0,0.0,73.0
2011,00-0027712,J.McKnight,RB,23.0,46.3,73.0
2011,00-0022929,D.Henderson,WR,29.0,95.2,74.0
2011,00-0023645,D.Anderson,QB,28.0,-0.2,74.0
2011,00-0024332,L.Washington,RB,29.0,45.6,74.0
2011,00-0025604,T.Thigpen,QB,27.0,-0.2,75.0
2011,00-0026224,H.Douglas,WR,27.0,95.1,75.0
2011,00-0027214,K.Williams,RB,25.0,43.7,75.0
2011,00-0019041,B.Volek,QB,35.0,-0.5,76.0
2011,00-0022044,A.Johnson,WR,30.0,95.0,76.0
2011,00-0027531,C.Ivory,RB,23.0,43.4,76.0
2011,00-0025431,S.Rice,WR,25.0,94.89999999999999,77.0
2011,00-0026988,K.Moreno,RB,24.0,43.0,77.0
2011,00-0017162,H.Ward,WR,35.0,94.1,78.0
2011,00-0022217,M.Moore,RB,29.0,39.1,78.0
2011,00-0024463,B.Obomanu,WR,28.0,93.9,79.0
2011,00-0027779,D.Karim,RB,25.0,39.0,79.0
2011,00-0021314,C.Taylor,RB,32.0,36.8,80.0
2011,00-0027076,M.Thomas,WR,24.0,92.6,80.0
2011,00-0026279,R.Torain,RB,25.0,34.3,81.0
2011,00-0027891,G.Tate,WR,23.0,92.6,81.0
2011,00-0026209,J.Hester,RB,26.0,31.8,82.0
2011,00-0027654,A.Benn,WR,23.0,91.4,82.0
2011,00-0026237,A.Caldwell,WR,26.0,86.7,83.0
2011,00-0026745,C.Brinkley,RB,26.0,29.2,83.0
2011,00-0022770,D.Ward,RB,31.0,27.4,84.0
2011,00-0026937,B.Gibson,WR,24.0,86.7,84.0
2011,00-0024272,D.Hester,WR,29.0,86.3,85.0
2011,00-0028574,M.Madu,RB,24.0,22.7,85.0
2011,00-0027026,M.Massaquoi,WR,25.0,81.4,86.0
2011,00-0027772,A.Dixon,RB,24.0,22.299999999999997,86.0
2011,00-0027912,D.Alexander,WR,23.0,81.1,87.0
2011,00-0028602,B.Saine,RB,23.0,22.1,87.0
2011,00-0027346,A.Smith,RB,24.0,21.3,88.0
2011,00-0028002,R.Cobb,WR,21.0,81.0,88.0
2011,00-0025463,J.Hill,WR,26.0,79.7,89.0
2011,00-0026799,J.Johnson,RB,24.0,20.900000000000002,89.0
2011,00-0024447,D.Aromashodu,WR,27.0,78.8,90.0
2011,00-0025458,L.Booker,RB,27.0,19.4,90.0
2011,00-0026213,J.Charles,RB,25.0,18.2,91.0
2011,00-0028352,D.Sanzenbacher,WR,23.0,72.2,91.0
2011,00-0026229,S.Slaton,RB,25.0,17.7,92.0
2011,00-0028091,J.Kerley,WR,23.0,70.84,92.0
2011,00-0023437,R.Brown,RB,30.0,17.6,93.0
2011,00-0026210,E.Bennett,WR,24.0,66.1,93.0
2011,00-0024318,B.Smith,WR,28.0,65.7,94.0
2011,00-0028613,P.Tanner,RB,23.0,17.5,94.0
2011,00-0027608,K.Williams,WR,23.0,65.3,95.0
2011,00-0028087,D.Lewis,RB,21.0,16.9,95.0
2011,00-0019484,S.Morris,RB,34.0,16.1,96.0
2011,00-0021147,D.Stallworth,WR,31.0,65.0,96.0
2011,00-0005091,K.Faulk,RB,35.0,16.099999999999998,97.0
2011,00-0027105,J.Dillard,WR,26.0,64.2,97.0
2011,00-0028020,V.Brown,WR,22.0,63.9,98.0
2011,00-0028068,J.Harper,RB,22.0,15.599999999999998,98.0
2011,00-0027685,E.Sanders,WR,24.0,63.4,99.0
2011,00-0027786,J.Dwyer,RB,22.0,13.9,99.0
2011,00-0026366,C.Schilens,WR,26.0,62.1,100.0
2011,00-0028063,T.Jones,RB,23.0,11.8,100.0
2011,00-0027006,K.Britt,WR,23.0,61.9,101.0
2011,00-0027994,S.Vereen,RB,22.0,11.700000000000001,101.0
2011,00-0021357,R.Cartwright,RB,32.0,10.9,102.0
2011,00-0027709,J.Ford,WR,24.0,60.0,102.0
2011,00-0025396,T.Ginn,WR,26.0,59.8,103.0
2011,00-0028208,J.Clay,RB,23.0,10.1,103.0
2011,00-0026739,J.Norwood,WR,25.0,55.8,104.0
2011,00-0028062,O.Marecic,RB,23.0,8.9,104.0
2011,00-0024103,M.Owens,RB,27.0,6.1,105.0
2011,00-0024297,D.Hagan,WR,27.0,55.2,105.0
2011,00-0028050,G.Salas,WR,23.0,54.2,106.0
2011,00-0028409,D.Harris,RB,23.0,5.6,106.0
2011,00-0022766,P.Crayton,WR,32.0,53.8,107.0
2011,00-0024359,J.Harrison,RB,28.0,5.4,107.0
2011,00-0027758,R.Cooper,WR,24.0,53.5,108.0
2011,00-0028565,A.Allen,RB,22.0,4.8,108.0
2011,00-0027964,J.Baldwin,WR,22.0,52.4,109.0
2011,00-0028071,J.White,RB,23.0,4.5,109.0
2011,00-0024294,J.Norwood,RB,28.0,4.1,110.0
2011,00-0027518,D.Jones,WR,24.0,52.3,110.0
2011,00-0022811,J.Cotchery,WR,29.0,52.0,111.0
2011,00-0026607,B.Bolen,RB,26.0,4.0,111.0
2011,00-0027089,L.Murphy,WR,24.0,52.0,112.0
2011,00-0028064,B.Powell,RB,23.0,3.8,112.0
2011,00-0026353,C.Washington,RB,26.0,3.2,113.0
2011,00-0028016,A.Pettis,WR,23.0,52.0,113.0
2011,00-0026947,E.Williams,RB,24.0,2.9000000000000004,114.0
2011,00-0027918,A.Hawkins,WR,25.0,51.8,114.0
2011,00-0026182,E.Royal,WR,25.0,51.300000000000004,115.0
2011,00-0028159,D.Scott,RB,23.0,2.9,115.0
2011,00-0024756,M.Willis,WR,27.0,50.699999999999996,116.0
2011,00-0028034,A.Green,RB,23.0,2.7,116.0
2011,00-0020397,C.Ochocinco,WR,33.0,48.6,117.0
2011,00-0025573,T.Clayton,RB,27.0,2.5,117.0
2011,00-0026644,J.Vaughan,RB,25.0,2.4,118.0
2011,00-0027220,N.Roosevelt,WR,24.0,47.7,118.0
2011,00-0023452,M.Williams,WR,27.0,47.6,119.0
2011,00-0027129,A.Brown,RB,26.0,1.9,119.0
2011,00-0026314,J.Morgan,WR,26.0,43.0,120.0
2011,00-0028158,S.Chapas,RB,23.0,1.9,120.0
2011,00-0026932,C.Peerman,RB,25.0,1.5,121.0
2011,00-0027441,C.West,WR,24.0,41.300000000000004,121.0
2011,00-0010500,D.Mason,WR,37.0,36.0,122.0
2011,00-0028486,R.Mahaffey,RB,24.0,1.5,122.0
2011,00-0023438,B.Edwards,WR,28.0,33.1,123.0
2011,00-0027080,M.Goodson,RB,24.0,1.4,123.0
2011,00-0020438,T.Houshmandzadeh,WR,34.0,31.599999999999998,124.0
2011,00-0028163,A.Allen,RB,23.0,0.8,124.0
2011,00-0021976,L.Johnson,RB,32.0,0.2,125.0
2011,00-0028017,L.Hankerson,WR,22.0,31.3,125.0
2011,00-0026465,A.Armstrong,WR,28.0,31.2,126.0
2011,00-0028706,Ar.Smith,RB,25.0,0.2,126.0
2011,00-0024738,E.Buckley,RB,26.0,0.0,127.0
2011,00-0026780,K.Ogletree,WR,24.0,29.7,127.0
2011,00-0025438,S.Smith,WR,26.0,29.4,128.0
2011,00-0025578,K.Hall,RB,28.0,0.0,128.0
2011,00-0025466,M.Sims-Walker,WR,27.0,27.0,129.0
2011,00-0026855,A.Smith,RB,26.0,0.0,129.0
2011,00-0024609,J.Holley,WR,27.0,23.9,130.0
2011,00-0027419,C.Gronkowski,RB,25.0,0.0,130.0
2011,00-0027437,Q.Porter,RB,25.0,0.0,131.0
2011,00-0027813,T.Austin,WR,23.0,23.7,131.0
2011,00-0027059,P.Turner,WR,24.0,23.6,132.0
2011,00-0022156,B.Johnson,WR,30.0,21.1,133.0
2011,00-0023408,G.Camarillo,WR,29.0,21.099999999999998,134.0
2011,00-0024465,D.Anderson,WR,28.0,20.9,135.0
2011,00-0024535,E.Weems,WR,26.0,20.0,136.0
2011,00-0022388,T.Copper,WR,29.0,19.4,137.0
2011,00-0023953,S.Hurd,WR,26.0,18.9,138.0
2011,00-0028442,R.Lockette,WR,25.0,18.5,139.0
2011,00-0026902,R.Barden,WR,25.0,18.4,140.0
2011,00-0022726,K.Colbert,WR,29.0,17.9,141.0
2011,00-0022807,B.Berrian,WR,31.0,16.1,142.0
2011,00-0022421,R.Martin,WR,29.0,15.2,143.0
2011,00-0024345,D.Hixon,WR,27.0,15.0,144.0
2011,00-0027150,J.Edelman,WR,25.0,14.200000000000001,145.0
2011,00-0021647,J.Urban,WR,31.0,14.2,146.0
2011,00-0027816,M.Mariani,WR,24.0,13.8,147.0
2011,00-0026173,D.Avery,WR,27.0,13.5,148.0
2011,00-0027188,C.Hall,WR,25.0,12.3,149.0
2011,00-0022910,L.Evans,WR,30.0,11.4,150.0
2011,00-0027063,D.Butler,WR,25.0,11.1,151.0
2011,00-0028052,C.Shorts,WR,24.0,11.0,152.0
2011,00-0023429,R.Davis,WR,32.0,10.3,153.0
2011,00-0026035,D.Amendola,WR,26.0,9.5,154.0
2011,00-0021570,K.Osgood,WR,31.0,9.2,155.0
2011,00-0026953,S.Stroughter,WR,25.0,9.2,156.0
2011,00-0028288,L.Williams,WR,23.0,8.600000000000001,157.0
2011,00-0027618,B.Banks,WR,24.0,8.06,158.0
2011,00-0026536,N.Miller,WR,24.0,7.8,159.0
2011,00-0026174,D.Thomas,WR,25.0,6.7,160.0
2011,00-0028105,R.Whalen,WR,22.0,6.7,161.0
2011,00-0028187,D.Sampson,WR,26.0,6.6,162.0
2011,00-0026491,S.Logan,WR,30.0,6.1,163.0
2011,00-0027776,C.Mitchell,WR,23.0,6.1,164.0
2011,00-0027057,B.Tate,WR,24.0,6.0,165.0
2011,00-0027156,T.Underwood,WR,24.0,6.0,166.0
2011,00-0027585,R.Goodman,WR,24.0,6.0,167.0
2011,00-0028045,K.Durham,WR,23.0,6.0,168.0
2011,00-0028070,K.Pilares,WR,23.0,6.0,169.0
2011,00-0025622,C.Stuckey,WR,28.0,5.9,170.0
2011,00-0027693,T.Price,WR,24.0,5.9,171.0
2011,00-0028174,S.Burton,WR,22.0,5.8,172.0
2011,00-0027595,B.Walters,WR,24.0,5.699999999999999,173.0
2011,00-0023457,M.Clayton,WR,29.0,5.6,174.0
2011,00-0026293,M.Slater,WR,26.0,5.6,175.0
2011,00-0027012,B.Robiskie,WR,24.0,5.5,176.0
2011,00-0027687,J.Shipley,WR,26.0,5.4,177.0
2011,00-0026377,A.Arrington,WR,26.0,5.1,178.0
2011,00-0028049,E.Gates,WR,25.0,4.3,179.0
2011,00-0026357,B.Swain,WR,26.0,3.5,180.0
2011,00-0023968,M.Spurlock,WR,28.0,3.3,181.0
2011,00-0023490,R.Parrish,WR,29.0,2.6,182.0
2011,00-0027920,E.Arceneaux,WR,24.0,2.0,183.0
2011,00-0024305,M.Stovall,WR,26.0,1.8,184.0
2011,00-0015754,B.Stokley,WR,35.0,1.7,185.0
2011,00-0027755,D.Reed,WR,24.0,1.6,186.0
2011,00-0027581,S.Ajirotutu,WR,24.0,1.4,187.0
2011,00-0027692,A.Edwards,WR,23.0,0.94,188.0
2011,00-0027308,J.Horne,WR,25.0,0.5,189.0
2011,00-0022064,A.Battle,WR,31.0,0.0,190.0
2011,00-0022725,M.Clayton,WR,29.0,0.0,191.0
2011,00-0023503,C.Roby,WR,28.0,0.0,192.0
2011,00-0025419,A.Gonzalez,WR,27.0,0.0,193.0
2011,00-0026716,Q.Cosby,WR,29.0,0.0,194.0
2011,00-0027173,J.Pruitt,WR,26.0,0.0,195.0
2011,00-0027356,Mar.Moore,WR,24.0,0.0,196.0
2011,00-0027477,B.White,WR,24.0,0.0,197.0
2011,00-0027520,D.Curry,WR,24.0,0.0,198.0
2011,00-0027606,T.Holliday,WR,25.0,0.0,199.0
2011,00-0027726,A.Owusu-Ansah,WR,23.0,0.0,200.0
2011,00-0027764,K.Meier,WR,25.0,0.0,201.0
2011,00-0028021,J.Jernigan,WR,22.0,0.0,202.0
2011,00-0028061,T.Doss,WR,22.0,0.0,203.0
2011,00-0028114,D.Harris,WR,24.0,0.0,204.0
2011,00-0028242,J.Hastings,WR,24.0,0.0,205.0
2011,00-0028417,J.Newsome,WR,24.0,0.0,206.0
2011,00-0028497,K.Aiken,WR,22.0,0.0,207.0
2011,00-0028543,J.Maehl,WR,22.0,0.0,208.0
2011,00-0028746,D.Adams,WR,21.0,0.0,209.0
2011,00-0028825,T.Pryor,WR,22.0,0.0,210.0
2012,00-0020531,D.Brees,QB,33.0,345.58,1.0
2012,00-0025389,C.Johnson,WR,27.0,342.4,1.0
2012,00-0025394,A.Peterson,RB,27.0,347.4,1.0
2012,00-0023459,A.Rodgers,QB,29.0,344.6,2.0
2012,00-0024334,B.Marshall,WR,28.0,334.6,2.0
2012,00-0029613,D.Martin,RB,23.0,311.6,2.0
2012,00-0019596,T.Brady,QB,35.0,340.28,3.0
2012,00-0026796,A.Foster,RB,26.0,302.1,3.0
2012,00-0027942,A.Green,WR,24.0,299.8,3.0
2012,00-0026195,R.Rice,RB,25.0,283.1,4.0
2012,00-0027902,D.Bryant,WR,24.0,298.6,4.0
2012,00-0027939,C.Newton,QB,23.0,325.46,4.0
2012,00-0022044,A.Johnson,WR,31.0,295.8,5.0
2012,00-0025399,M.Lynch,RB,26.0,269.6,5.0
2012,00-0029665,R.Griffin,QB,22.0,317.5,5.0
2012,00-0010346,P.Manning,QB,36.0,310.96,6.0
2012,00-0027861,C.Spiller,RB,25.0,255.3,6.0
2012,00-0027874,D.Thomas,WR,25.0,293.4,6.0
2012,00-0022427,W.Welker,WR,31.0,289.4,7.0
2012,00-0026143,M.Ryan,QB,27.0,304.86,7.0
2012,00-0029675,T.Richardson,RB,22.0,254.7,7.0
2012,00-0021678,T.Romo,QB,32.0,279.92,8.0
2012,00-0027690,E.Decker,WR,25.0,269.4,8.0
2012,00-0029141,A.Morris,RB,24.0,252.0,8.0
2012,00-0023462,R.White,WR,31.0,269.09999999999997,9.0
2012,00-0026213,J.Charles,RB,26.0,239.5,9.0
2012,00-0026498,M.Stafford,QB,24.0,276.58,9.0
2012,00-0020498,R.Wayne,WR,34.0,269.0,10.0
2012,00-0023500,F.Gore,RB,29.0,224.8,10.0
2012,00-0029668,A.Luck,QB,23.0,276.46,10.0
2012,00-0026184,M.Forte,RB,27.0,221.4,11.0
2012,00-0027944,J.Jones,WR,23.0,261.8,11.0
2012,00-0029263,R.Wilson,QB,24.0,275.62,11.0
2012,00-0023496,V.Jackson,WR,29.0,260.4,12.0
2012,00-0023564,D.Sproles,RB,29.0,216.1,12.0
2012,00-0027973,A.Dalton,QB,25.0,250.76,12.0
2012,00-0026164,C.Johnson,RB,27.0,211.5,13.0
2012,00-0026993,J.Freeman,QB,24.0,248.5,13.0
2012,00-0027265,V.Cruz,WR,26.0,255.2,13.0
2012,00-0024217,R.Bush,RB,27.0,206.8,14.0
2012,00-0024466,M.Colston,WR,29.0,254.4,14.0
2012,00-0026158,J.Flacco,QB,27.0,234.88,14.0
2012,00-0022803,E.Manning,QB,31.0,232.92000000000002,15.0
2012,00-0026986,M.Crabtree,WR,25.0,250.3,15.0
2012,00-0028011,S.Ridley,RB,23.0,205.4,15.0
2012,00-0022736,S.Jackson,RB,29.0,200.6,16.0
2012,00-0027854,S.Bradford,QB,25.0,230.48,16.0
2012,00-0028002,R.Cobb,WR,22.0,242.6,16.0
2012,00-0021429,C.Palmer,QB,33.0,224.32,17.0
2012,00-0025465,Ja.Jones,WR,28.0,226.4,17.0
2012,00-0027029,L.McCoy,RB,24.0,199.3,17.0
2012,00-0022787,M.Schaub,QB,31.0,223.82,18.0
2012,00-0026899,S.Greene,RB,27.0,186.4,18.0
2012,00-0027702,M.Williams,WR,25.0,217.72,18.0
2012,00-0022924,B.Roethlisberger,QB,30.0,223.8,19.0
2012,00-0026364,St.Johnson,WR,26.0,217.6,19.0
2012,00-0027995,M.Leshoure,RB,22.0,183.2,19.0
2012,00-0020337,S.Smith,WR,33.0,215.1,20.0
2012,00-0023682,R.Fitzpatrick,QB,30.0,213.7,20.0
2012,00-0025637,A.Bradshaw,RB,26.0,179.0,20.0
2012,00-0022821,M.Turner,RB,30.0,175.8,21.0
2012,00-0022942,P.Rivers,QB,31.0,208.24,21.0
2012,00-0023310,L.Moore,WR,29.0,205.1,21.0
2012,00-0025860,B.Green-Ellis,RB,27.0,173.8,22.0
2012,00-0026995,J.Maclin,WR,24.0,194.7,22.0
2012,00-0027950,C.Ponder,QB,24.0,194.2,22.0
2012,00-0023921,M.Austin,WR,28.0,194.3,23.0
2012,00-0024226,J.Cutler,QB,29.0,184.62,23.0
2012,00-0027218,J.Bell,RB,26.0,157.9,23.0
2012,00-0026019,D.Woodhead,RB,27.0,156.7,24.0
2012,00-0026901,M.Wallace,WR,26.0,194.29999999999998,24.0
2012,00-0029701,R.Tannehill,QB,24.0,182.85999999999999,24.0
2012,00-0026144,D.McFadden,RB,25.0,152.5,25.0
2012,00-0027974,C.Kaepernick,QB,25.0,174.06,25.0
2012,00-0028052,C.Shorts,WR,25.0,192.5,25.0
2012,00-0022097,B.Lloyd,WR,31.0,189.1,26.0
2012,00-0028009,D.Murray,RB,24.0,146.4,26.0
2012,00-0029677,B.Weeden,QB,29.0,165.6,26.0
2012,00-0020245,M.Vick,QB,32.0,151.68,27.0
2012,00-0024242,D.Williams,RB,29.0,143.39999999999998,27.0
2012,00-0029608,T.Hilton,WR,23.0,187.0,27.0
2012,00-0027077,B.Hartline,WR,26.0,186.3,28.0
2012,00-0027946,J.Locker,QB,24.0,132.14000000000001,28.0
2012,00-0028083,Jz. Rodgers,RB,22.0,141.4,28.0
2012,00-0022178,W.McGahee,RB,31.0,139.2,29.0
2012,00-0023436,A.Smith,QB,28.0,122.67999999999999,29.0
2012,00-0029707,J.Blackmon,WR,22.0,184.8,29.0
2012,00-0022084,A.Boldin,WR,32.0,183.4,30.0
2012,00-0026898,M.Sanchez,QB,26.0,118.12,30.0
2012,00-0027864,R.Mathews,RB,25.0,136.9,30.0
2012,00-0024813,P.Thomas,RB,28.0,133.7,31.0
2012,00-0026197,C.Henne,QB,27.0,114.16,31.0
2012,00-0027996,T.Smith,WR,23.0,183.4,31.0
2012,00-0022921,L.Fitzgerald,WR,29.0,174.8,32.0
2012,00-0027948,B.Gabbert,QB,23.0,94.08,32.0
2012,00-0029547,V.Ballard,RB,22.0,131.6,32.0
2012,00-0026162,F.Jones,RB,25.0,119.4,33.0
2012,00-0027793,A.Brown,WR,24.0,173.1,33.0
2012,00-0029567,N.Foles,QB,23.0,86.16,33.0
2012,00-0024204,F.Jackson,RB,31.0,115.4,34.0
2012,00-0025423,K.Kolb,QB,28.0,84.76,34.0
2012,00-0027691,A.Roberts,WR,24.0,172.8,34.0
2012,00-0023662,M.Cassel,QB,30.0,78.34,35.0
2012,00-0025431,S.Rice,WR,26.0,168.4,35.0
2012,00-0026988,K.Moreno,RB,25.0,112.2,35.0
2012,00-0007091,M.Hasselbeck,QB,37.0,76.48,36.0
2012,00-0026176,J.Nelson,WR,27.0,167.5,36.0
2012,00-0027094,A.Brown,RB,26.0,109.1,36.0
2012,00-0022414,M.Floyd,WR,31.0,167.4,37.0
2012,00-0023437,R.Brown,RB,31.0,108.1,37.0
2012,00-0025409,B.Quinn,QB,28.0,44.239999999999995,37.0
2012,00-0026998,P.Harvin,WR,24.0,167.29999999999998,38.0
2012,00-0027966,M.Ingram,RB,23.0,99.1,38.0
2012,00-0029604,K.Cousins,QB,24.0,32.84,38.0
2012,00-0027754,J.Skelton,QB,24.0,31.78,39.0
2012,00-0027786,J.Dwyer,RB,23.0,98.9,39.0
2012,00-0028086,D.Moore,WR,24.0,166.6,39.0
2012,00-0027891,G.Tate,WR,24.0,162.72,40.0
2012,00-0028064,B.Powell,RB,24.0,98.7,40.0
2012,00-0028118,T.Taylor,QB,23.0,18.46,40.0
2012,00-0022177,B.Leftwich,QB,32.0,17.98,41.0
2012,00-0029429,B.Brown,RB,21.0,93.0,41.0
2012,00-0029664,J.Gordon,WR,21.0,158.5,41.0
2012,00-0023460,J.Campbell,QB,31.0,17.4,42.0
2012,00-0026566,I.Redman,RB,28.0,90.4,42.0
2012,00-0028091,J.Kerley,WR,24.0,157.18,42.0
2012,00-0000865,C.Batch,QB,38.0,15.0,43.0
2012,00-0026173,D.Avery,WR,28.0,157.0,43.0
2012,00-0026956,L.Stephens-Howling,RB,25.0,87.2,43.0
2012,00-0020679,Sh.Hill,QB,32.0,14.78,44.0
2012,00-0025410,D.Bowe,WR,28.0,155.1,44.0
2012,00-0025487,M.Bush,RB,28.0,86.39999999999999,44.0
2012,00-0026625,B.Hoyer,QB,27.0,13.8,45.0
2012,00-0026937,B.Gibson,WR,25.0,150.1,45.0
2012,00-0029612,D.Richardson,RB,22.0,85.8,45.0
2012,00-0028000,D.Thomas,RB,25.0,83.1,46.0
2012,00-0029531,R.Lindley,QB,23.0,12.780000000000001,46.0
2012,00-0029708,K.Wright,WR,23.0,149.0,46.0
2012,00-0025701,J.Battle,RB,29.0,80.9,47.0
2012,00-0026035,D.Amendola,WR,27.0,146.4,47.0
2012,00-0027876,T.Tebow,QB,25.0,11.76,47.0
2012,00-0020494,S.Moss,WR,33.0,145.7,48.0
2012,00-0026153,J.Stewart,RB,25.0,78.3,48.0
2012,00-0028146,G.McElroy,QB,24.0,11.56,48.0
2012,00-0026000,D.Bess,WR,27.0,144.8,49.0
2012,00-0027253,T.Lewis,QB,25.0,10.46,49.0
2012,00-0029251,D.Wilson,RB,21.0,77.2,49.0
2012,00-0023541,K.Orton,QB,30.0,9.56,50.0
2012,00-0027912,D.Alexander,WR,24.0,144.8,50.0
2012,00-0028034,A.Green,RB,24.0,76.9,50.0
2012,00-0023367,N.Washington,WR,29.0,144.6,51.0
2012,00-0024275,M.Jones-Drew,RB,27.0,76.0,51.0
2012,00-0025708,Matt.Moore,QB,28.0,8.94,51.0
2012,00-0027688,C.McCoy,QB,26.0,8.66,52.0
2012,00-0027997,G.Little,WR,23.0,143.2,52.0
2012,00-0028202,S.Draughn,RB,25.0,73.1,52.0
2012,00-0027005,H.Nicks,WR,24.0,140.2,53.0
2012,00-0028090,T.Yates,QB,25.0,3.42,53.0
2012,00-0029273,R.Turbin,RB,23.0,72.5,53.0
2012,00-0024225,M.Leinart,QB,29.0,2.6,54.0
2012,00-0027155,R.Jennings,RB,27.0,72.3,54.0
2012,00-0027681,B.LaFell,WR,26.0,139.20000000000002,54.0
2012,00-0024408,B.Gradkowski,QB,29.0,2.4,55.0
2012,00-0026983,D.Heyward-Bey,WR,25.0,133.20000000000002,55.0
2012,00-0029264,B.Pierce,RB,21.0,70.9,55.0
2012,00-0023645,D.Anderson,QB,29.0,2.3200000000000003,56.0
2012,00-0027994,S.Vereen,RB,23.0,70.0,56.0
2012,00-0029614,C.Givens,WR,23.0,133.0,56.0
2012,00-0026345,P.Garcon,WR,26.0,132.2,57.0
2012,00-0026349,M.Flynn,QB,27.0,2.22,57.0
2012,00-0027003,D.Brown,RB,25.0,68.0,57.0
2012,00-0026544,C.Daniel,QB,26.0,2.1,58.0
2012,00-0027918,A.Hawkins,WR,26.0,131.29999999999998,58.0
2012,00-0028053,K.Hunter,RB,24.0,64.1,58.0
2012,00-0015754,B.Stokley,WR,36.0,129.4,59.0
2012,00-0023578,D.Orlovsky,QB,29.0,2.04,59.0
2012,00-0027080,M.Goodson,RB,25.0,63.6,59.0
2012,00-0027006,K.Britt,WR,24.0,127.9,60.0
2012,00-0027007,C.Wells,RB,24.0,54.8,60.0
2012,00-0027775,R.Smith,QB,25.0,1.36,60.0
2012,00-0023439,C.Benson,RB,30.0,54.5,61.0
2012,00-0025604,T.Thigpen,QB,28.0,1.0999999999999999,61.0
2012,00-0026189,D.Jackson,WR,26.0,126.3,61.0
2012,00-0024324,J.Avant,WR,29.0,117.8,62.0
2012,00-0025479,T.Edwards,QB,29.0,0.56,62.0
2012,00-0027888,T.Gerhart,RB,25.0,54.4,62.0
2012,00-0020608,D.Carr,QB,33.0,0.45999999999999996,63.0
2012,00-0028736,W.Powell,RB,24.0,53.9,63.0
2012,00-0029129,R.Streater,WR,24.0,115.39999999999999,63.0
2012,00-0024264,K.Clemens,QB,29.0,0.0600000000000001,64.0
2012,00-0026314,J.Morgan,WR,27.0,113.5,64.0
2012,00-0027890,B.Tate,RB,24.0,53.8,64.0
2012,00-0027796,J.Webb,QB,26.0,-0.1,65.0
2012,00-0029638,M.Floyd,WR,23.0,111.2,65.0
2012,00-0029683,R.Hillman,RB,21.0,53.2,65.0
2012,00-0022864,L.McCown,QB,31.0,-0.3,66.0
2012,00-0026373,J.Forsett,RB,27.0,50.199999999999996,66.0
2012,00-0027685,E.Sanders,WR,25.0,111.0,66.0
2012,00-0026932,C.Peerman,RB,26.0,49.300000000000004,67.0
2012,00-0028017,L.Hankerson,WR,23.0,110.8,67.0
2012,00-0029682,B.Osweiler,QB,22.0,-0.8200000000000001,67.0
2012,00-0026367,P.Hillis,RB,26.0,49.1,68.0
2012,00-0027518,D.Jones,WR,25.0,109.3,68.0
2012,00-0027602,G.Harrell,QB,27.0,-1.5,68.0
2012,00-0024103,M.Owens,RB,28.0,48.2,69.0
2012,00-0026300,J.Johnson,QB,26.0,-2.0,69.0
2012,00-0027651,D.McCluster,WR,24.0,108.2,69.0
2012,00-0024345,D.Hixon,WR,28.0,107.7,70.0
2012,00-0028012,R.Mallett,QB,24.0,-2.2199999999999998,70.0
2012,00-0028115,E.Royster,RB,25.0,46.7,70.0
2012,00-0021931,K.Walter,WR,31.0,104.8,71.0
2012,00-0027140,C.Ogbonnaya,RB,26.0,43.7,71.0
2012,00-0026204,K.Smith,RB,26.0,43.300000000000004,72.0
2012,00-0026780,K.Ogletree,WR,25.0,100.5,72.0
2012,00-0026235,M.Manningham,WR,26.0,97.3,73.0
2012,00-0029239,B.Bolden,RB,22.0,42.5,73.0
2012,00-0022781,M.Jenkins,WR,30.0,96.9,74.0
2012,00-0029615,L.Miller,RB,21.0,41.5,74.0
2012,00-0027982,T.Young,WR,23.0,96.9,75.0
2012,00-0029140,C.Rainey,RB,24.0,40.199999999999996,75.0
2012,00-0024267,G.Jennings,WR,29.0,96.6,76.0
2012,00-0026432,L.Ball,RB,27.0,38.9,76.0
2012,00-0025460,J.Jones,WR,28.0,95.2,77.0
2012,00-0027791,J.Starks,RB,26.0,38.6,77.0
2012,00-0011754,R.Moss,WR,35.0,89.39999999999999,78.0
2012,00-0026163,R.Mendenhall,RB,25.0,37.4,78.0
2012,00-0026224,H.Douglas,WR,28.0,83.9,79.0
2012,00-0027531,C.Ivory,RB,24.0,37.2,79.0
2012,00-0027666,M.Hardesty,RB,25.0,36.7,80.0
2012,00-0028434,D.Baldwin,WR,24.0,83.60000000000001,80.0
2012,00-0027156,T.Underwood,WR,25.0,82.6,81.0
2012,00-0028841,W.Johnson,RB,24.0,35.4,81.0
2012,00-0028016,A.Pettis,WR,24.0,80.1,82.0
2012,00-0028057,D.Carter,RB,25.0,32.5,82.0
2012,00-0028409,D.Harris,RB,24.0,31.4,83.0
2012,00-0029137,A.Jeffery,WR,22.0,78.7,83.0
2012,00-0026210,E.Bennett,WR,25.0,78.5,84.0
2012,00-0026745,C.Brinkley,RB,27.0,31.2,84.0
2012,00-0026262,T.Choice,RB,28.0,30.200000000000003,85.0
2012,00-0027150,J.Edelman,WR,26.0,71.0,85.0
2012,00-0025951,D.Reynaud,RB,28.0,29.8,86.0
2012,00-0029269,T.Benjamin,WR,23.0,70.4,86.0
2012,00-0021999,N.Burleson,WR,31.0,69.8,87.0
2012,00-0024559,D.Ware,RB,27.0,29.1,87.0
2012,00-0025439,B.Leonard,RB,28.0,28.3,88.0
2012,00-0029660,T.Graham,WR,23.0,69.7,88.0
2012,00-0026366,C.Schilens,WR,27.0,66.9,89.0
2012,00-0027325,L.Blount,RB,26.0,28.3,89.0
2012,00-0022984,R.Grant,RB,30.0,27.599999999999998,90.0
2012,00-0029262,R.Randle,WR,21.0,66.8,90.0
2012,00-0024332,L.Washington,RB,30.0,27.4,91.0
2012,00-0029572,J.Wright,WR,23.0,66.1,91.0
2012,00-0026316,J.Parmele,RB,27.0,27.3,92.0
2012,00-0028532,J.Morgan,WR,24.0,66.0,92.0
2012,00-0027712,J.McKnight,RB,24.0,26.7,93.0
2012,00-0027758,R.Cooper,WR,25.0,65.8,93.0
2012,00-0029209,R.Broyles,WR,24.0,65.0,94.0
2012,00-0029441,J.Stewart,RB,23.0,24.3,94.0
2012,00-0027089,L.Murphy,WR,25.0,64.9,95.0
2012,00-0027976,R.Williams,RB,22.0,23.8,95.0
2012,00-0028068,J.Harper,RB,23.0,22.8,96.0
2012,00-0028995,S.Hill,WR,21.0,64.2,96.0
2012,00-0028565,A.Allen,RB,23.0,22.0,97.0
2012,00-0029632,M.Sanu,WR,23.0,63.82,97.0
2012,00-0024318,B.Smith,WR,29.0,62.8,98.0
2012,00-0026209,J.Hester,RB,27.0,21.8,98.0
2012,00-0027772,A.Dixon,RB,25.0,19.8,99.0
2012,00-0027893,D.Williams,WR,24.0,62.4,99.0
2012,00-0022217,M.Moore,RB,30.0,19.7,100.0
2012,00-0023968,M.Spurlock,WR,29.0,61.0,100.0
2012,00-0022929,D.Henderson,WR,30.0,60.9,101.0
2012,00-0029260,L.James,RB,23.0,18.4,101.0
2012,00-0027964,J.Baldwin,WR,23.0,58.5,102.0
2012,00-0028170,B.Batch,RB,25.0,18.0,102.0
2012,00-0028087,D.Lewis,RB,22.0,17.3,103.0
2012,00-0028400,A.Binns,WR,23.0,55.7,103.0
2012,00-0026182,E.Royal,WR,26.0,54.599999999999994,104.0
2012,00-0029004,L.Dunbar,RB,22.0,16.8,104.0
2012,00-0028116,A.Robinson,WR,24.0,54.1,105.0
2012,00-0028163,A.Allen,RB,24.0,15.3,105.0
2012,00-0024272,D.Hester,WR,30.0,53.800000000000004,106.0
2012,00-0027257,K.Toston,RB,25.0,14.5,106.0
2012,00-0027687,J.Shipley,WR,27.0,53.400000000000006,107.0
2012,00-0028613,P.Tanner,RB,24.0,14.2,107.0
2012,00-0028043,R.Helu,RB,24.0,11.7,108.0
2012,00-0028114,D.Harris,WR,25.0,53.2,108.0
2012,00-0029435,D.Johnson,WR,23.0,51.800000000000004,109.0
2012,00-0029626,I.Pead,RB,23.0,10.0,109.0
2012,00-0026186,J.Simpson,WR,26.0,51.4,110.0
2012,00-0029205,T.Cadet,RB,23.0,9.9,110.0
2012,00-0024240,S.Holmes,WR,28.0,51.2,111.0
2012,00-0025450,B.Jackson,RB,27.0,9.4,111.0
2012,00-0026221,E.Doucet,WR,27.0,49.6,112.0
2012,00-0028416,R.Murphy,RB,26.0,9.2,112.0
2012,00-0026579,K.Bell,RB,26.0,8.9,113.0
2012,00-0029293,M.Jones,WR,22.0,48.8,113.0
2012,00-0025462,L.Robinson,WR,27.0,47.2,114.0
2012,00-0029298,C.Gray,RB,23.0,8.200000000000001,114.0
2012,00-0025414,R.Meachem,WR,28.0,46.1,115.0
2012,00-0027779,D.Karim,RB,26.0,6.0,115.0
2012,00-0024297,D.Hagan,WR,28.0,45.9,116.0
2012,00-0027120,J.Ringer,RB,25.0,5.6,116.0
2012,00-0023438,B.Edwards,WR,29.0,43.9,117.0
2012,00-0028063,T.Jones,RB,24.0,5.2,117.0
2012,00-0027346,A.Smith,RB,25.0,4.1,118.0
2012,00-0027608,K.Williams,WR,24.0,43.3,118.0
2012,00-0026941,B.Scott,RB,28.0,3.5,119.0
2012,00-0027026,M.Massaquoi,WR,26.0,42.4,119.0
2012,00-0027076,M.Thomas,WR,25.0,40.5,120.0
2012,00-0028071,J.White,RB,24.0,3.4000000000000004,120.0
2012,00-0027057,B.Tate,WR,25.0,40.1,121.0
2012,00-0029510,J.Grimes,RB,23.0,3.3,121.0
2012,00-0027214,K.Williams,RB,26.0,3.2,122.0
2012,00-0028049,E.Gates,WR,26.0,39.599999999999994,122.0
2012,00-0026029,K.Lumpkin,RB,28.0,2.2,123.0
2012,00-0029702,J.Criner,WR,23.0,39.1,123.0
2012,00-0027419,C.Gronkowski,RB,26.0,2.1,124.0
2012,00-0029640,B.Quick,WR,23.0,38.6,124.0
2012,00-0022811,J.Cotchery,WR,30.0,37.5,125.0
2012,00-0028198,M.Asiata,RB,25.0,2.1,125.0
2012,00-0026902,R.Barden,WR,26.0,36.0,126.0
2012,00-0028876,C.Mooney,RB,26.0,1.9,126.0
2012,00-0028121,J.Todman,RB,22.0,1.8,127.0
2012,00-0029548,L.Brazill,WR,23.0,35.6,127.0
2012,00-0021192,D.Branch,WR,33.0,30.5,128.0
2012,00-0028345,R.Hughes,RB,23.0,1.8,128.0
2012,00-0028158,S.Chapas,RB,24.0,1.6,129.0
2012,00-0029415,K.Martin,WR,22.0,29.8,129.0
2012,00-0024447,D.Aromashodu,WR,28.0,29.2,130.0
2012,00-0028159,D.Scott,RB,24.0,0.9,130.0
2012,00-0023545,B.Jacobs,RB,30.0,0.7,131.0
2012,00-0029000,C.Beasley,WR,23.0,27.8,131.0
2012,00-0004541,D.Driver,WR,37.0,27.7,132.0
2012,00-0029588,D.Herron,RB,23.0,0.5,132.0
2012,00-0025438,S.Smith,WR,27.0,27.1,133.0
2012,00-0026855,A.Smith,RB,27.0,0.0,133.0
2012,00-0028062,O.Marecic,RB,24.0,0.0,134.0
2012,00-0028542,L.Jean,WR,24.0,27.1,134.0
2012,00-0026739,J.Norwood,WR,26.0,26.799999999999997,135.0
2012,00-0028581,P.DiMarco,RB,23.0,0.0,135.0
2012,00-0028045,K.Durham,WR,24.0,26.5,136.0
2012,00-0028602,B.Saine,RB,24.0,0.0,136.0
2012,00-0028706,A.Smith,RB,26.0,0.0,137.0
2012,00-0028825,T.Pryor,WR,23.0,26.5,137.0
2012,00-0029145,M.Smith,RB,24.0,0.0,138.0
2012,00-0029580,R.Matthews,WR,23.0,26.1,138.0
2012,00-0028061,T.Doss,WR,23.0,25.3,139.0
2012,00-0029438,C.Polk,RB,23.0,0.0,139.0
2012,00-0029055,K.Elliott,WR,24.0,20.8,140.0
2012,00-0029492,J.Olawale,RB,23.0,0.0,140.0
2012,00-0029673,D.Posey,WR,22.0,20.4,141.0
2012,00-0027356,M.Moore,WR,25.0,19.2,142.0
2012,00-0024756,M.Willis,WR,28.0,19.0,143.0
2012,00-0028930,J.Cooper,WR,23.0,18.6,144.0
2012,00-0023176,J.Cribbs,WR,29.0,17.5,145.0
2012,00-0027692,A.Edwards,WR,24.0,17.099999999999998,146.0
2012,00-0022388,T.Copper,WR,30.0,16.0,147.0
2012,00-0027606,T.Holliday,WR,26.0,15.7,148.0
2012,00-0026577,M.Thigpen,WR,26.0,15.3,149.0
2012,00-0028174,S.Burton,WR,23.0,14.5,150.0
2012,00-0025529,S.Breaston,WR,29.0,14.4,151.0
2012,00-0027012,B.Robiskie,WR,25.0,14.4,152.0
2012,00-0028307,DJ.Davis,WR,23.0,14.0,153.0
2012,00-0028070,K.Pilares,WR,24.0,13.899999999999999,154.0
2012,00-0021147,D.Stallworth,WR,32.0,13.3,155.0
2012,00-0019642,P.Burress,WR,35.0,13.2,156.0
2012,00-0027618,B.Banks,WR,25.0,13.1,157.0
2012,00-0028105,R.Whalen,WR,23.0,12.3,158.0
2012,00-0028417,J.Newsome,WR,25.0,12.3,159.0
2012,00-0027755,D.Reed,WR,25.0,11.600000000000001,160.0
2012,00-0029274,D.Wylie,WR,24.0,11.299999999999999,161.0
2012,00-0026266,L.Hawkins,WR,26.0,11.2,162.0
2012,00-0024463,B.Obomanu,WR,29.0,10.9,163.0
2012,00-0028362,M.Preston,WR,23.0,10.899999999999999,164.0
2012,00-0021163,J.Gaffney,WR,32.0,10.8,165.0
2012,00-0026491,S.Logan,WR,31.0,10.5,166.0
2012,00-0029388,D.Thompson,WR,23.0,10.1,167.0
2012,00-0025463,J.Hill,WR,27.0,9.5,168.0
2012,00-0023408,G.Camarillo,WR,30.0,8.4,169.0
2012,00-0026753,C.Martin,WR,28.0,8.2,170.0
2012,00-0027654,A.Benn,WR,24.0,8.2,171.0
2012,00-0022421,R.Martin,WR,30.0,8.1,172.0
2012,00-0023503,C.Roby,WR,29.0,7.9,173.0
2012,00-0029051,J.Boykin,WR,23.0,7.7,174.0
2012,00-0027581,S.Ajirotutu,WR,25.0,7.5,175.0
2012,00-0029204,T.Clemons,WR,24.0,7.1000000000000005,176.0
2012,00-0029159,J.Kearse,WR,22.0,6.1000000000000005,177.0
2012,00-0028021,J.Jernigan,WR,23.0,5.8,178.0
2012,00-0027356,Mar.Moore,WR,25.0,5.3,179.0
2012,00-0027322,D.Nelson,WR,26.0,5.1,180.0
2012,00-0024535,E.Weems,WR,27.0,4.699999999999999,181.0
2012,00-0028338,K.Adams,WR,25.0,4.6,182.0
2012,00-0027789,D.Briscoe,WR,23.0,4.3,183.0
2012,00-0026465,A.Armstrong,WR,29.0,4.2,184.0
2012,00-0026237,A.Caldwell,WR,27.0,4.199999999999999,185.0
2012,00-0027700,M.Gilyard,WR,26.0,3.5,186.0
2012,00-0028905,C.Owusu,WR,22.0,3.4,187.0
2012,00-0028263,A.Holmes,WR,24.0,3.0999999999999996,188.0
2012,00-0029271,J.Adams,WR,23.0,3.0,189.0
2012,00-0025396,T.Ginn,WR,27.0,2.8,190.0
2012,00-0026953,S.Stroughter,WR,26.0,2.4,191.0
2012,00-0029642,J.White,WR,24.0,2.3,192.0
2012,00-0029343,L.Byrd,WR,23.0,1.8,193.0
2012,00-0028352,D.Sanzenbacher,WR,24.0,1.7,194.0
2012,00-0025490,I.Stanback,WR,28.0,1.6,195.0
2012,00-0027092,A.Collie,WR,27.0,1.6,196.0
2012,00-0025559,L.Naanee,WR,29.0,0.9,197.0
2012,00-0027450,P.Parker,WR,25.0,0.7,198.0
2012,00-0028646,D.Gilreath,WR,24.0,0.7,199.0
2012,00-0028906,N.Palmer,WR,23.0,0.6,200.0
2012,00-0021570,K.Osgood,WR,32.0,0.0,201.0
2012,00-0023490,R.Parrish,WR,30.0,0.0,202.0
2012,00-0024305,M.Stovall,WR,27.0,0.0,203.0
2012,00-0026293,M.Slater,WR,27.0,0.0,204.0
2012,00-0026716,Q.Cosby,WR,30.0,0.0,205.0
2012,00-0027059,P.Turner,WR,25.0,0.0,206.0
2012,00-0027585,R.Goodman,WR,25.0,0.0,207.0
2012,00-0027708,M.Easley,WR,25.0,0.0,208.0
2012,00-0028249,J.Ross,WR,24.0,0.0,209.0
2012,00-0028288,L.Williams,WR,24.0,0.0,210.0
2012,00-0028792,K.Cone,WR,24.0,0.0,211.0
2012,00-0029155,M.Brown,WR,23.0,0.0,212.0
2012,00-0029319,J.Bellamy,WR,23.0,0.0,213.0
2012,00-0029424,M.McNutt,WR,23.0,0.0,214.0
2012,00-0029494,J.Anderson,WR,24.0,0.0,215.0
2012,00-0029511,J.Jackson,WR,22.0,0.0,216.0
2012,00-0029654,A.Jenkins,WR,23.0,0.0,217.0
2013,00-0010346,P.Manning,QB,37.0,409.98,1.0
2013,00-0026213,J.Charles,RB,27.0,378.0,1.0
2013,00-0027874,D.Thomas,WR,26.0,319.0,1.0
2013,00-0020531,D.Brees,QB,34.0,357.68,2.0
2013,00-0026184,M.Forte,RB,28.0,337.3,2.0
2013,00-0027793,A.Brown,WR,25.0,314.9,2.0
2013,00-0027029,L.McCoy,RB,25.0,330.6,3.0
2013,00-0027939,C.Newton,QB,24.0,297.66,3.0
2013,00-0029664,J.Gordon,WR,22.0,314.4,3.0
2013,00-0026988,K.Moreno,RB,26.0,296.6,4.0
2013,00-0027942,A.Green,WR,25.0,306.6,4.0
2013,00-0029668,A.Luck,QB,24.0,292.58,4.0
2013,00-0024334,B.Marshall,WR,29.0,305.5,5.0
2013,00-0025399,M.Lynch,RB,27.0,275.3,5.0
2013,00-0027973,A.Dalton,QB,26.0,288.02,5.0
2013,00-0022942,P.Rivers,QB,32.0,287.42,6.0
2013,00-0025389,C.Johnson,WR,28.0,303.2,6.0
2013,00-0028009,D.Murray,RB,25.0,258.1,6.0
2013,00-0026498,M.Stafford,QB,25.0,278.9,7.0
2013,00-0027902,D.Bryant,WR,25.0,292.4,7.0
2013,00-0030485,E.Lacy,RB,23.0,242.5,7.0
2013,00-0026164,C.Johnson,RB,28.0,240.2,8.0
2013,00-0029137,A.Jeffery,WR,23.0,283.59999999999997,8.0
2013,00-0029263,R.Wilson,QB,25.0,270.18,8.0
2013,00-0024217,R.Bush,RB,28.0,239.2,9.0
2013,00-0027690,E.Decker,WR,26.0,279.8,9.0
2013,00-0027974,C.Kaepernick,QB,26.0,264.28,9.0
2013,00-0021678,T.Romo,QB,33.0,260.92,10.0
2013,00-0022044,A.Johnson,WR,32.0,279.7,10.0
2013,00-0024204,F.Jackson,RB,32.0,234.70000000000002,10.0
2013,00-0025394,A.Peterson,RB,28.0,232.7,11.0
2013,00-0026345,P.Garcon,WR,27.0,277.5,11.0
2013,00-0029567,N.Foles,QB,24.0,259.74,11.0
2013,00-0022924,B.Roethlisberger,QB,31.0,258.84,12.0
2013,00-0026019,D.Woodhead,RB,28.0,223.4,12.0
2013,00-0026189,D.Jackson,WR,27.0,269.4,12.0
2013,00-0023436,A.Smith,QB,29.0,254.22,13.0
2013,00-0026176,J.Nelson,WR,28.0,264.4,13.0
2013,00-0030456,G.Bernard,RB,22.0,222.9,13.0
2013,00-0019596,T.Brady,QB,36.0,251.52,14.0
2013,00-0027150,J.Edelman,WR,27.0,251.7,14.0
2013,00-0030496,L.Bell,RB,21.0,216.9,14.0
2013,00-0022084,A.Boldin,WR,33.0,246.0,15.0
2013,00-0026143,M.Ryan,QB,28.0,248.1,15.0
2013,00-0027218,J.Bell,RB,27.0,216.7,15.0
2013,00-0023496,V.Jackson,WR,30.0,242.39999999999998,16.0
2013,00-0024813,P.Thomas,RB,29.0,213.2,16.0
2013,00-0029701,R.Tannehill,QB,25.0,238.32,16.0
2013,00-0021429,C.Palmer,QB,34.0,217.26,17.0
2013,00-0022921,L.Fitzgerald,WR,30.0,236.20000000000002,17.0
2013,00-0027864,R.Mathews,RB,26.0,210.4,17.0
2013,00-0023500,F.Gore,RB,30.0,190.9,18.0
2013,00-0029665,R.Griffin,QB,23.0,213.01999999999998,18.0
2013,00-0030279,K.Allen,WR,21.0,221.6,18.0
2013,00-0024275,M.Jones-Drew,RB,28.0,187.01999999999998,19.0
2013,00-0026158,J.Flacco,QB,28.0,207.58,19.0
2013,00-0029608,T.Hilton,WR,24.0,220.9,19.0
2013,00-0029708,K.Wright,WR,24.0,213.9,20.0
2013,00-0030536,Z.Stacy,RB,22.0,183.4,20.0
2013,00-0030565,G.Smith,QB,23.0,194.74,20.0
2013,00-0022427,W.Welker,WR,32.0,210.8,21.0
2013,00-0022803,E.Manning,QB,32.0,170.32,21.0
2013,00-0029141,A.Morris,RB,25.0,178.3,21.0
2013,00-0023459,A.Rodgers,QB,30.0,169.44,22.0
2013,00-0026195,R.Rice,RB,26.0,178.1,22.0
2013,00-0027996,T.Smith,WR,24.0,203.8,22.0
2013,00-0023564,D.Sproles,RB,30.0,175.4,23.0
2013,00-0024226,J.Cutler,QB,30.0,168.64,23.0
2013,00-0026224,H.Douglas,WR,29.0,201.7,23.0
2013,00-0023682,R.Fitzpatrick,QB,31.0,167.66,24.0
2013,00-0027077,B.Hartline,WR,27.0,201.6,24.0
2013,00-0027155,R.Jennings,RB,28.0,174.5,24.0
2013,00-0024466,M.Colston,WR,30.0,199.3,25.0
2013,00-0026197,C.Henne,QB,28.0,161.34,25.0
2013,00-0030287,A.Ellington,RB,24.0,165.3,25.0
2013,00-0026901,M.Wallace,WR,27.0,199.3,26.0
2013,00-0030520,M.Glennon,QB,24.0,158.02,26.0
2013,00-0030578,C.Patterson,RB,22.0,161.7,26.0
2013,00-0021206,J.McCown,QB,34.0,136.06,27.0
2013,00-0027861,C.Spiller,RB,26.0,154.8,27.0
2013,00-0029638,M.Floyd,WR,24.0,199.1,27.0
2013,00-0024242,De.Williams,RB,30.0,152.6,28.0
2013,00-0027265,V.Cruz,WR,27.0,194.8,28.0
2013,00-0030526,E.Manuel,QB,23.0,133.48000000000002,28.0
2013,00-0027003,D.Brown,RB,26.0,150.1,29.0
2013,00-0027854,S.Bradford,QB,26.0,118.58,29.0
2013,00-0029293,M.Jones,WR,23.0,188.7,29.0
2013,00-0022736,S.Jackson,RB,30.0,148.4,30.0
2013,00-0023460,J.Campbell,QB,32.0,115.3,30.0
2013,00-0027891,G.Tate,WR,25.0,186.9,30.0
2013,00-0023662,M.Cassel,QB,31.0,107.98,31.0
2013,00-0027758,R.Cooper,WR,26.0,184.3,31.0
2013,00-0027890,B.Tate,RB,25.0,145.1,31.0
2013,00-0027685,E.Sanders,WR,26.0,181.5,32.0
2013,00-0027950,C.Ponder,QB,25.0,107.02,32.0
2013,00-0029675,T.Richardson,RB,23.0,144.9,32.0
2013,00-0022787,M.Schaub,QB,32.0,104.8,33.0
2013,00-0026163,R.Mendenhall,RB,26.0,144.1,33.0
2013,00-0029129,R.Streater,WR,25.0,174.5,33.0
2013,00-0024267,G.Jennings,WR,30.0,172.4,34.0
2013,00-0028083,J.Rodgers,RB,23.0,141.3,34.0
2013,00-0028986,C.Keenum,QB,25.0,103.60000000000001,34.0
2013,00-0020245,M.Vick,QB,33.0,101.0,35.0
2013,00-0023367,N.Washington,WR,30.0,167.9,35.0
2013,00-0028064,B.Powell,RB,25.0,140.1,35.0
2013,00-0022811,J.Cotchery,WR,31.0,165.70000000000002,36.0
2013,00-0027946,J.Locker,QB,25.0,99.74000000000001,36.0
2013,00-0027994,S.Vereen,RB,24.0,134.5,36.0
2013,00-0020337,S.Smith,WR,34.0,162.5,37.0
2013,00-0028011,S.Ridley,RB,24.0,127.5,37.0
2013,00-0029677,B.Weeden,QB,30.0,89.64,37.0
2013,00-0024264,K.Clemens,QB,30.0,85.32,38.0
2013,00-0028052,C.Shorts,WR,26.0,161.7,38.0
2013,00-0029615,L.Miller,RB,22.0,123.9,38.0
2013,00-0026182,E.Royal,WR,27.0,160.2,39.0
2013,00-0027325,L.Blount,RB,27.0,121.0,39.0
2013,00-0030419,M.McGloin,QB,24.0,78.58,39.0
2013,00-0025860,B.Green-Ellis,RB,28.0,119.8,40.0
2013,00-0026349,M.Flynn,QB,28.0,72.18,40.0
2013,00-0028434,D.Baldwin,WR,25.0,158.4,40.0
2013,00-0025465,J.Jones,WR,29.0,156.7,41.0
2013,00-0027140,C.Ogbonnaya,RB,27.0,114.30000000000001,41.0
2013,00-0027253,T.Lewis,QB,26.0,58.879999999999995,41.0
2013,00-0025410,D.Bowe,WR,29.0,154.3,42.0
2013,00-0026625,B.Hoyer,QB,28.0,40.2,42.0
2013,00-0029384,B.Rainey,RB,26.0,110.2,42.0
2013,00-0023462,R.White,WR,32.0,150.10000000000002,43.0
2013,00-0026796,A.Foster,RB,27.0,108.5,43.0
2013,00-0028595,S.Tolzien,QB,26.0,34.18,43.0
2013,00-0029604,K.Cousins,QB,25.0,33.559999999999995,44.0
2013,00-0030522,M.Ball,RB,23.0,108.4,44.0
2013,00-0030542,T.Williams,WR,24.0,148.0,44.0
2013,00-0026993,J.Freeman,QB,25.0,30.439999999999998,45.0
2013,00-0027005,H.Nicks,WR,25.0,145.6,45.0
2013,00-0028043,R.Helu,RB,25.0,107.5,45.0
2013,00-0023541,K.Orton,QB,31.0,20.720000000000002,46.0
2013,00-0027531,C.Ivory,RB,25.0,104.3,46.0
2013,00-0028086,D.Moore,WR,25.0,145.5,46.0
2013,00-0026144,D.McFadden,RB,26.0,98.34,47.0
2013,00-0026544,C.Daniel,QB,27.0,17.119999999999997,47.0
2013,00-0030400,M.Brown,WR,22.0,145.2,47.0
2013,00-0024279,T.Jackson,QB,30.0,16.14,48.0
2013,00-0028000,D.Thomas,RB,26.0,96.0,48.0
2013,00-0028825,T.Pryor,WR,24.0,143.52,48.0
2013,00-0027094,A.Brown,RB,27.0,93.5,49.0
2013,00-0027681,B.LaFell,WR,27.0,143.2,49.0
2013,00-0027948,B.Gabbert,QB,24.0,12.44,49.0
2013,00-0027791,J.Starks,RB,27.0,92.2,50.0
2013,00-0030024,J.Tuel,QB,22.0,12.059999999999999,50.0
2013,00-0030564,D.Hopkins,WR,21.0,142.2,50.0
2013,00-0029151,M.Simms,QB,25.0,9.94,51.0
2013,00-0029262,R.Randle,WR,22.0,138.1,51.0
2013,00-0029264,B.Pierce,RB,22.0,86.0,51.0
2013,00-0027796,Jo.Webb,QB,27.0,8.3,52.0
2013,00-0029051,J.Boykin,WR,24.0,135.1,52.0
2013,00-0029239,B.Bolden,RB,23.0,81.3,52.0
2013,00-0028118,T.Taylor,QB,24.0,6.08,53.0
2013,00-0030280,K.Davis,RB,22.0,70.7,53.0
2013,00-0030525,T.Austin,WR,23.0,130.9,53.0
2013,00-0026364,S.Johnson,WR,27.0,130.7,54.0
2013,00-0029613,D.Martin,RB,24.0,70.2,54.0
2013,00-0029682,B.Osweiler,QB,23.0,4.0,54.0
2013,00-0022055,S.Wallace,QB,33.0,3.56,55.0
2013,00-0026035,D.Amendola,WR,28.0,129.4,55.0
2013,00-0028121,J.Todman,RB,23.0,69.2,55.0
2013,00-0025439,B.Leonard,RB,29.0,65.1,56.0
2013,00-0027651,D.McCluster,WR,25.0,128.6,56.0
2013,00-0028863,Dom.Davis,QB,24.0,3.36,56.0
2013,00-0007091,M.Hasselbeck,QB,38.0,3.0,57.0
2013,00-0026899,S.Greene,RB,28.0,63.400000000000006,57.0
2013,00-0030085,K.Stills,WR,21.0,127.1,57.0
2013,00-0026186,J.Simpson,WR,27.0,126.6,58.0
2013,00-0026300,J.Johnson,QB,27.0,2.0,58.0
2013,00-0029429,B.Brown,RB,22.0,61.8,58.0
2013,00-0025396,T.Ginn,WR,28.0,124.5,59.0
2013,00-0027888,T.Gerhart,RB,26.0,60.1,59.0
2013,00-0030533,M.Barkley,QB,23.0,1.8,59.0
2013,00-0027966,M.Ingram,RB,24.0,58.4,60.0
2013,00-0028090,T.Yates,QB,26.0,0.5199999999999999,60.0
2013,00-0030431,R.Woods,WR,21.0,120.3,60.0
2013,00-0022178,W.McGahee,RB,32.0,57.699999999999996,61.0
2013,00-0023645,D.Anderson,QB,30.0,0.0,61.0
2013,00-0028091,J.Kerley,WR,25.0,114.4,61.0
2013,00-0026367,P.Hillis,RB,27.0,57.3,62.0
2013,00-0027688,C.McCoy,QB,27.0,-0.07999999999999996,62.0
2013,00-0030540,A.Dobson,WR,22.0,112.9,62.0
2013,00-0020679,S.Hill,QB,33.0,-0.2,63.0
2013,00-0029731,F.Whittaker,RB,24.0,56.4,63.0
2013,00-0030550,A.Sanders,WR,22.0,110.64,63.0
2013,00-0022864,L.McCown,QB,32.0,-0.4,64.0
2013,00-0026173,D.Avery,WR,29.0,110.2,64.0
2013,00-0028053,K.Hunter,RB,25.0,55.1,64.0
2013,00-0024296,C.Whitehurst,QB,31.0,-0.5,65.0
2013,00-0025487,M.Bush,RB,29.0,52.5,65.0
2013,00-0027944,J.Jones,WR,24.0,109.7,65.0
2013,00-0025708,Mat.Moore,QB,29.0,-1.88,66.0
2013,00-0028002,R.Cobb,WR,23.0,106.1,66.0
2013,00-0029683,R.Hillman,RB,22.0,49.7,66.0
2013,00-0023545,B.Jacobs,RB,31.0,49.1,67.0
2013,00-0027134,C.Painter,QB,28.0,-1.9200000000000002,67.0
2013,00-0029632,M.Sanu,WR,24.0,105.1,67.0
2013,00-0020498,R.Wayne,WR,35.0,102.8,68.0
2013,00-0030391,M.James,RB,22.0,47.88,68.0
2013,00-0029612,D.Richardson,RB,23.0,47.6,69.0
2013,00-0030000,K.Thompkins,WR,25.0,102.6,69.0
2013,00-0027691,A.Roberts,WR,25.0,102.1,70.0
2013,00-0029795,B.Cunningham,RB,23.0,44.0,70.0
2013,00-0028016,A.Pettis,WR,25.0,101.9,71.0
2013,00-0029317,E.Baker,RB,22.0,42.8,71.0
2013,00-0025460,J.Jones,WR,29.0,100.5,72.0
2013,00-0030388,J.Randle,RB,22.0,42.5,72.0
2013,00-0020494,S.Moss,WR,34.0,99.7,73.0
2013,00-0025637,A.Bradshaw,RB,27.0,41.8,73.0
2013,00-0027997,G.Little,WR,24.0,99.5,74.0
2013,00-0029273,R.Turbin,RB,24.0,40.4,74.0
2013,00-0028198,M.Asiata,RB,26.0,38.900000000000006,75.0
2013,00-0029580,R.Matthews,WR,24.0,97.8,75.0
2013,00-0028045,K.Durham,WR,25.0,97.0,76.0
2013,00-0029438,C.Polk,RB,24.0,37.9,76.0
2013,00-0023310,L.Moore,WR,30.0,94.7,77.0
2013,00-0023437,R.Brown,RB,32.0,35.699999999999996,77.0
2013,00-0028020,V.Brown,WR,24.0,94.2,78.0
2013,00-0028159,D.Scott,RB,25.0,34.5,78.0
2013,00-0024324,J.Avant,WR,30.0,92.7,79.0
2013,00-0027786,J.Dwyer,RB,24.0,34.1,79.0
2013,00-0026000,D.Bess,WR,28.0,92.2,80.0
2013,00-0026162,F.Jones,RB,26.0,31.7,80.0
2013,00-0027156,T.Underwood,WR,26.0,92.0,81.0
2013,00-0030236,D.Johnson,RB,23.0,30.9,81.0
2013,00-0021999,N.Burleson,WR,32.0,90.3,82.0
2013,00-0026855,A.Smith,RB,28.0,29.5,82.0
2013,00-0026153,J.Stewart,RB,26.0,29.4,83.0
2013,00-0027322,D.Nelson,WR,27.0,90.3,83.0
2013,00-0029614,C.Givens,WR,24.0,89.7,84.0
2013,00-0030348,K.Robinson,RB,24.0,28.400000000000002,84.0
2013,00-0025701,J.Battle,RB,30.0,27.8,85.0
2013,00-0029000,C.Beasley,WR,24.0,87.8,85.0
2013,00-0029572,J.Wright,WR,24.0,87.4,86.0
2013,00-0030282,S.Taylor,RB,22.0,26.6,86.0
2013,00-0026373,J.Forsett,RB,28.0,26.3,87.0
2013,00-0029155,M.Brown,WR,24.0,86.60000000000001,87.0
2013,00-0027346,A.Smith,RB,26.0,26.2,88.0
2013,00-0028021,J.Jernigan,WR,24.0,85.6,88.0
2013,00-0028017,L.Hankerson,WR,24.0,85.5,89.0
2013,00-0029004,L.Dunbar,RB,23.0,25.9,89.0
2013,00-0026210,E.Bennett,WR,26.0,82.3,90.0
2013,00-0029510,J.Grimes,RB,24.0,24.900000000000002,90.0
2013,00-0026937,B.Gibson,WR,26.0,80.6,91.0
2013,00-0027772,A.Dixon,RB,26.0,23.6,91.0
2013,00-0026262,T.Choice,RB,29.0,23.5,92.0
2013,00-0029159,J.Kearse,WR,23.0,80.6,92.0
2013,00-0029626,I.Pead,RB,24.0,22.900000000000002,93.0
2013,00-0030521,J.Hunter,WR,22.0,77.39999999999999,93.0
2013,00-0029707,J.Blackmon,WR,23.0,76.4,94.0
2013,00-0030078,J.Franklin,RB,24.0,21.700000000000003,94.0
2013,00-0024240,S.Holmes,WR,29.0,74.6,95.0
2013,00-0029251,D.Wilson,RB,22.0,19.4,95.0
2013,00-0028263,A.Holmes,WR,25.0,74.10000000000001,96.0
2013,00-0028841,W.Johnson,RB,25.0,18.1,96.0
2013,00-0026983,D.Heyward-Bey,WR,26.0,70.5,97.0
2013,00-0030107,T.Riddick,RB,22.0,15.1,97.0
2013,00-0029441,J.Stewart,RB,24.0,14.8,98.0
2013,00-0029660,T.Graham,WR,24.0,70.5,98.0
2013,00-0029298,C.Gray,RB,24.0,14.0,99.0
2013,00-0029415,K.Martin,WR,23.0,65.3,99.0
2013,00-0029492,J.Olawale,RB,24.0,13.9,100.0
2013,00-0030068,M.Goodwin,WR,23.0,62.6,100.0
2013,00-0028613,P.Tanner,RB,25.0,13.5,101.0
2013,00-0028995,S.Hill,WR,22.0,62.2,101.0
2013,00-0028581,P.DiMarco,RB,24.0,12.9,102.0
2013,00-0029033,G.Whalen,WR,23.0,61.9,102.0
2013,00-0024242,D.Williams,RB,30.0,11.0,103.0
2013,00-0025414,R.Meachem,WR,29.0,60.300000000000004,103.0
2013,00-0027080,M.Goodson,RB,26.0,10.0,104.0
2013,00-0029640,B.Quick,WR,24.0,60.2,104.0
2013,00-0028116,A.Robinson,WR,25.0,60.0,105.0
2013,00-0029588,D.Herron,RB,24.0,10.0,105.0
2013,00-0026780,K.Ogletree,WR,26.0,59.9,106.0
2013,00-0028063,T.Jones,RB,25.0,9.8,106.0
2013,00-0027702,M.Williams,WR,26.0,55.6,107.0
2013,00-0029260,L.James,RB,24.0,9.5,107.0
2013,00-0028061,T.Doss,WR,24.0,55.5,108.0
2013,00-0028876,C.Mooney,RB,27.0,9.2,108.0
2013,00-0026237,A.Caldwell,WR,28.0,54.699999999999996,109.0
2013,00-0029205,T.Cadet,RB,24.0,8.5,109.0
2013,00-0025431,S.Rice,WR,27.0,54.1,110.0
2013,00-0030128,M.Cox,RB,25.0,8.5,110.0
2013,00-0026986,M.Crabtree,WR,26.0,53.4,111.0
2013,00-0030432,C.Michael,RB,23.0,7.9,111.0
2013,00-0028606,K.Taylor,WR,24.0,50.9,112.0
2013,00-0029547,V.Ballard,RB,23.0,6.8,112.0
2013,00-0026566,I.Redman,RB,29.0,6.6,113.0
2013,00-0030532,S.Bailey,WR,23.0,48.9,113.0
2013,00-0023921,M.Austin,WR,29.0,48.4,114.0
2013,00-0030320,M.Hill,RB,24.0,6.6,114.0
2013,00-0029722,J.Demps,RB,23.0,6.5,115.0
2013,00-0029778,D.Johnson,WR,22.0,47.0,115.0
2013,00-0028034,A.Green,RB,25.0,6.3,116.0
2013,00-0030043,D.Rogers,WR,22.0,45.2,116.0
2013,00-0026314,J.Morgan,WR,28.0,42.7,117.0
2013,00-0027779,D.Karim,RB,27.0,6.0,117.0
2013,00-0026956,L.Stephens-Howling,RB,26.0,5.0,118.0
2013,00-0029548,L.Brazill,WR,24.0,40.1,118.0
2013,00-0026941,B.Scott,RB,29.0,4.4,119.0
2013,00-0029311,J.Hemingway,WR,25.0,37.5,119.0
2013,00-0028114,D.Harris,WR,26.0,35.6,120.0
2013,00-0029854,C.Anderson,RB,22.0,3.8000000000000003,120.0
2013,00-0028249,J.Ross,WR,25.0,34.7,121.0
2013,00-0030465,K.Barner,RB,24.0,3.4,121.0
2013,00-0027893,D.Williams,WR,25.0,32.8,122.0
2013,00-0030233,R.Graham,RB,23.0,3.0,122.0
2013,00-0027918,A.Hawkins,WR,27.0,32.2,123.0
2013,00-0030547,D.Robinson,RB,23.0,2.6,123.0
2013,00-0029048,J.Banyard,RB,25.0,2.1,124.0
2013,00-0030300,J.Brown,WR,23.0,31.0,124.0
2013,00-0029673,D.Posey,WR,23.0,30.5,125.0
2013,00-0030433,M.Gillislee,RB,23.0,2.1,125.0
2013,00-0028000,Dan.Thomas,RB,26.0,1.9,126.0
2013,00-0029269,T.Benjamin,WR,24.0,26.0,126.0
2013,00-0026932,C.Peerman,RB,27.0,1.7000000000000002,127.0
2013,00-0027608,K.Williams,WR,25.0,25.6,127.0
2013,00-0026577,M.Thigpen,WR,27.0,25.5,128.0
2013,00-0028345,R.Hughes,RB,24.0,1.6,128.0
2013,00-0028307,D.Davis,WR,24.0,24.999999999999996,129.0
2013,00-0029791,R.Wingo,RB,22.0,1.6,129.0
2013,00-0015754,B.Stokley,WR,37.0,24.5,130.0
2013,00-0025951,D.Reynaud,RB,29.0,1.4,130.0
2013,00-0028115,E.Royster,RB,26.0,1.3,131.0
2013,00-0028905,C.Owusu,WR,23.0,24.4,131.0
2013,00-0028049,E.Gates,WR,27.0,24.200000000000003,132.0
2013,00-0030414,S.Ware,RB,22.0,1.0,132.0
2013,00-0027709,J.Ford,WR,26.0,22.4,133.0
2013,00-0027995,M.Leshoure,RB,23.0,0.9,133.0
2013,00-0028050,G.Salas,WR,25.0,22.3,134.0
2013,00-0030248,C.Wood,RB,22.0,0.9,134.0
2013,00-0026644,J.Vaughan,RB,27.0,0.6,135.0
2013,00-0029654,A.Jenkins,WR,24.0,21.6,135.0
2013,00-0028706,A.Smith,RB,27.0,0.5,136.0
2013,00-0030474,J.Boyce,WR,22.0,21.1,136.0
2013,00-0022414,M.Floyd,WR,32.0,20.9,137.0
2013,00-0028202,S.Draughn,RB,26.0,0.2,137.0
2013,00-0024332,L.Washington,RB,31.0,0.1,138.0
2013,00-0028362,M.Preston,WR,24.0,20.7,138.0
2013,00-0026579,K.Bell,RB,27.0,0.0,139.0
2013,00-0027006,K.Britt,WR,25.0,20.6,139.0
2013,00-0028307,Dr.Davis,WR,24.0,20.6,140.0
2013,00-0028795,C.Reynolds,RB,26.0,0.0,140.0
2013,00-0029140,C.Rainey,RB,25.0,0.0,141.0
2013,00-0029388,D.Thompson,WR,24.0,19.6,141.0
2013,00-0030117,K.Williams,RB,22.0,0.0,142.0
2013,00-0030516,B.Butler,WR,23.0,19.3,142.0
2013,00-0024345,D.Hixon,WR,29.0,18.5,143.0
2013,00-0030134,M.Ford,RB,23.0,0.0,143.0
2013,00-0028237,C.Hogan,WR,26.0,18.3,144.0
2013,00-0030404,C.Thompson,RB,23.0,0.0,144.0
2013,00-0029336,B.Golden,WR,25.0,17.6,145.0
2013,00-0026235,M.Manningham,WR,27.0,17.5,146.0
2013,00-0028543,J.Maehl,WR,24.0,16.7,147.0
2013,00-0029209,R.Broyles,WR,25.0,16.5,148.0
2013,00-0030274,M.White,WR,23.0,15.6,149.0
2013,00-0027581,S.Ajirotutu,WR,26.0,15.4,150.0
2013,00-0028930,J.Cooper,WR,24.0,15.0,151.0
2013,00-0028174,S.Burton,WR,24.0,14.7,152.0
2013,00-0027089,L.Murphy,WR,26.0,13.700000000000001,153.0
2013,00-0028442,R.Lockette,WR,27.0,13.0,154.0
2013,00-0027606,T.Holliday,WR,27.0,12.7,155.0
2013,00-0030460,M.Wheaton,WR,22.0,12.399999999999999,156.0
2013,00-0027092,A.Collie,WR,28.0,12.3,157.0
2013,00-0029098,E.Page,WR,22.0,12.2,158.0
2013,00-0028352,D.Sanzenbacher,WR,25.0,12.1,159.0
2013,00-0029667,N.Toon,WR,25.0,10.8,160.0
2013,00-0029108,D.Moye,WR,25.0,10.0,161.0
2013,00-0023176,J.Cribbs,WR,30.0,9.620000000000001,162.0
2013,00-0029227,P.Edwards,WR,25.0,9.6,163.0
2013,00-0030450,Q.Patton,WR,23.0,9.0,164.0
2013,00-0028542,L.Jean,WR,25.0,7.5,165.0
2013,00-0029848,N.Williams,WR,23.0,6.5,166.0
2013,00-0029702,J.Criner,WR,24.0,6.2,167.0
2013,00-0027356,Ma.Moore,WR,26.0,6.1,168.0
2013,00-0028116,Al.Robinson,WR,25.0,6.1,169.0
2013,00-0024272,D.Hester,WR,31.0,6.0,170.0
2013,00-0027964,J.Baldwin,WR,24.0,5.8,171.0
2013,00-0027356,Mar.Moore,WR,26.0,5.5,172.0
2013,00-0029856,L.Thomas,WR,23.0,5.1,173.0
2013,00-0024318,B.Smith,WR,30.0,4.8999999999999995,174.0
2013,00-0029552,J.Ebert,WR,24.0,4.8,175.0
2013,00-0029868,S.Dawson,WR,23.0,4.7,176.0
2013,00-0027188,C.Hall,WR,27.0,4.0,177.0
2013,00-0029435,D.Johnson,WR,24.0,3.4000000000000004,178.0
2013,00-0027708,M.Easley,WR,26.0,3.3,179.0
2013,00-0030047,M.Wilson,WR,21.0,3.3,180.0
2013,00-0028984,B.Tyms,WR,24.0,3.2,181.0
2013,00-0021570,K.Osgood,WR,33.0,2.7,182.0
2013,00-0026998,P.Harvin,WR,25.0,2.7,183.0
2013,00-0027356,M.Moore,WR,26.0,2.5,184.0
2013,00-0028596,T.Gurley,WR,26.0,2.5,185.0
2013,00-0028792,K.Cone,WR,25.0,2.2,186.0
2013,00-0027692,A.Edwards,WR,25.0,2.0,187.0
2013,00-0024463,B.Obomanu,WR,30.0,1.8,188.0
2013,00-0024535,E.Weems,WR,28.0,1.8,189.0
2013,00-0027057,B.Tate,WR,26.0,1.6,190.0
2013,00-0027755,D.Reed,WR,26.0,1.2,191.0
2013,00-0023968,M.Spurlock,WR,30.0,0.0,192.0
2013,00-0026266,L.Hawkins,WR,27.0,0.0,193.0
2013,00-0026293,M.Slater,WR,28.0,0.0,194.0
2013,00-0027012,B.Robiskie,WR,26.0,0.0,195.0
2013,00-0027349,S.Williams,WR,27.0,0.0,196.0
2013,00-0028105,R.Whalen,WR,24.0,0.0,197.0
2013,00-0028293,M.Campbell,WR,24.0,0.0,198.0
2013,00-0029274,D.Wylie,WR,25.0,0.0,199.0
2013,00-0029319,J.Bellamy,WR,24.0,0.0,200.0
2013,00-0029367,J.Talley,WR,24.0,0.0,201.0
2013,00-0029424,M.McNutt,WR,24.0,0.0,202.0
2013,00-0029494,Jo.Anderson,WR,25.0,0.0,203.0
2013,00-0029934,R.Smith,WR,23.0,0.0,204.0
2013,00-0030077,C.Harper,WR,24.0,0.0,205.0
2013,00-0030147,R.Shepard,WR,23.0,0.0,206.0
2013,00-0030175,R.Spadola,WR,22.0,0.0,207.0
2013,00-0030370,G.Jenkins,WR,24.0,0.0,208.0
2013,00-0030467,J.Veltung,WR,22.0,0.0,209.0
2013,00-0029006,S.Hakim,WR,23.0,-0.30000000000000004,210.0
2014,00-0023459,A.Rodgers,QB,31.0,354.14,1.0
2014,00-0027793,A.Brown,WR,26.0,388.9,1.0
2014,00-0030496,L.Bell,RB,22.0,370.5,1.0
2014,00-0027874,D.Thomas,WR,27.0,340.9,2.0
2014,00-0028009,D.Murray,RB,26.0,351.1,2.0
2014,00-0029668,A.Luck,QB,25.0,351.74,2.0
2014,00-0026176,J.Nelson,WR,29.0,327.9,3.0
2014,00-0026184,M.Forte,RB,29.0,346.6,3.0
2014,00-0029263,R.Wilson,QB,26.0,328.6,3.0
2014,00-0010346,P.Manning,QB,38.0,312.68,4.0
2014,00-0025399,M.Lynch,RB,28.0,302.3,4.0
2014,00-0027902,D.Bryant,WR,26.0,316.0,4.0
2014,00-0022924,B.Roethlisberger,QB,32.0,306.18,5.0
2014,00-0026796,A.Foster,RB,28.0,273.5,5.0
2014,00-0027685,E.Sanders,WR,27.0,301.8,5.0
2014,00-0020531,D.Brees,QB,35.0,303.98,6.0
2014,00-0030485,E.Lacy,RB,24.0,272.6,6.0
2014,00-0031235,O.Beckham,WR,22.0,297.0,6.0
2014,00-0026143,M.Ryan,QB,29.0,284.26,7.0
2014,00-0026213,J.Charles,RB,28.0,250.4,7.0
2014,00-0028002,R.Cobb,WR,24.0,295.4,7.0
2014,00-0026373,J.Forsett,RB,29.0,246.9,8.0
2014,00-0027944,J.Jones,WR,25.0,280.8,8.0
2014,00-0029701,R.Tannehill,QB,26.0,279.5,8.0
2014,00-0019596,T.Brady,QB,37.0,278.06,9.0
2014,00-0026995,J.Maclin,WR,26.0,276.8,9.0
2014,00-0029615,L.Miller,RB,23.0,225.4,9.0
2014,00-0022803,E.Manning,QB,33.0,269.5,10.0
2014,00-0029137,A.Jeffery,WR,24.0,261.6,10.0
2014,00-0029854,C.Anderson,RB,23.0,211.3,10.0
2014,00-0021678,T.Romo,QB,34.0,266.3,11.0
2014,00-0027891,G.Tate,WR,26.0,259.1,11.0
2014,00-0031301,J.Hill,RB,22.0,210.9,11.0
2014,00-0022942,P.Rivers,QB,33.0,265.64,12.0
2014,00-0027029,L.McCoy,RB,26.0,199.4,12.0
2014,00-0029608,T.Hilton,WR,25.0,258.5,12.0
2014,00-0026158,J.Flacco,QB,29.0,262.44,13.0
2014,00-0027218,J.Bell,RB,28.0,198.2,13.0
2014,00-0031408,M.Evans,WR,21.0,245.1,13.0
2014,00-0024226,J.Cutler,QB,31.0,255.58,14.0
2014,00-0028198,M.Asiata,RB,27.0,194.2,14.0
2014,00-0030564,D.Hopkins,WR,22.0,231.0,14.0
2014,00-0026498,M.Stafford,QB,26.0,251.57999999999998,15.0
2014,00-0027150,J.Edelman,WR,28.0,228.6,15.0
2014,00-0027966,M.Ingram,RB,25.0,191.9,15.0
2014,00-0024204,F.Jackson,RB,33.0,188.6,16.0
2014,00-0025389,C.Johnson,WR,29.0,226.7,16.0
2014,00-0027974,C.Kaepernick,QB,27.0,250.66,16.0
2014,00-0027939,C.Newton,QB,25.0,248.98000000000002,17.0
2014,00-0029141,A.Morris,RB,26.0,187.9,17.0
2014,00-0031359,K.Benjamin,WR,23.0,225.79999999999998,17.0
2014,00-0022084,A.Boldin,WR,34.0,219.6,18.0
2014,00-0027973,A.Dalton,QB,27.0,225.62,18.0
2014,00-0030456,G.Bernard,RB,23.0,187.9,18.0
2014,00-0020337,S.Smith,WR,35.0,213.0,19.0
2014,00-0023436,A.Smith,QB,30.0,220.0,19.0
2014,00-0030287,A.Ellington,RB,25.0,177.5,19.0
2014,00-0026901,M.Wallace,WR,28.0,212.8,20.0
2014,00-0027994,S.Vereen,RB,25.0,165.8,20.0
2014,00-0031280,D.Carr,QB,23.0,192.0,20.0
2014,00-0023462,R.White,WR,33.0,212.1,21.0
2014,00-0023500,F.Gore,RB,31.0,158.7,21.0
2014,00-0023682,R.Fitzpatrick,QB,32.0,179.72,21.0
2014,00-0023564,D.Sproles,RB,31.0,157.6,22.0
2014,00-0027681,B.LaFell,WR,28.0,210.6,22.0
2014,00-0031237,T.Bridgewater,QB,22.0,179.66,22.0
2014,00-0023541,K.Orton,QB,32.0,176.12,23.0
2014,00-0025637,A.Bradshaw,RB,28.0,154.5,23.0
2014,00-0026189,D.Jackson,WR,28.0,209.6,23.0
2014,00-0027531,C.Ivory,RB,26.0,152.4,24.0
2014,00-0027942,A.Green,WR,26.0,205.3,24.0
2014,00-0031407,B.Bortles,QB,22.0,168.22,24.0
2014,00-0026153,J.Stewart,RB,27.0,146.0,25.0
2014,00-0026625,B.Hoyer,QB,29.0,156.94,25.0
2014,00-0027690,E.Decker,WR,27.0,200.2,25.0
2014,00-0030565,G.Smith,QB,24.0,150.8,26.0
2014,00-0031277,B.Oliver,RB,23.0,145.3,26.0
2014,00-0031325,S.Watkins,WR,21.0,198.0,26.0
2014,00-0026898,M.Sanchez,QB,28.0,139.42,27.0
2014,00-0027996,T.Smith,WR,25.0,191.70000000000002,27.0
2014,00-0031055,A.Williams,RB,22.0,145.1,27.0
2014,00-0021206,J.McCown,QB,35.0,126.94,28.0
2014,00-0022044,A.Johnson,WR,33.0,190.6,28.0
2014,00-0022736,S.Jackson,RB,31.0,141.5,28.0
2014,00-0027155,R.Jennings,RB,29.0,138.5,29.0
2014,00-0029567,N.Foles,QB,25.0,119.32000000000001,29.0
2014,00-0031382,J.Landry,WR,22.0,189.4,29.0
2014,00-0028957,A.Davis,QB,25.0,107.64,30.0
2014,00-0029262,R.Randle,WR,23.0,182.8,30.0
2014,00-0031391,T.Mason,RB,21.0,135.3,30.0
2014,00-0021429,C.Palmer,QB,35.0,103.54,31.0
2014,00-0026182,E.Royal,WR,28.0,181.2,31.0
2014,00-0028043,R.Helu,RB,26.0,127.3,31.0
2014,00-0023496,V.Jackson,WR,31.0,180.2,32.0
2014,00-0025430,D.Stanton,QB,30.0,94.74000000000001,32.0
2014,00-0029795,B.Cunningham,RB,24.0,126.8,32.0
2014,00-0020679,S.Hill,QB,34.0,90.28,33.0
2014,00-0024813,P.Thomas,RB,30.0,123.0,33.0
2014,00-0029632,M.Sanu,WR,25.0,179.26,33.0
2014,00-0024334,B.Marshall,WR,30.0,179.1,34.0
2014,00-0030520,M.Glennon,QB,25.0,89.58,34.0
2014,00-0030656,I.Crowell,RB,21.0,122.39999999999999,34.0
2014,00-0029604,K.Cousins,QB,26.0,88.39999999999999,35.0
2014,00-0030279,K.Allen,WR,22.0,177.3,35.0
2014,00-0030280,K.Davis,RB,23.0,121.0,35.0
2014,00-0024466,M.Colston,WR,31.0,177.2,36.0
2014,00-0026144,D.McFadden,RB,27.0,120.6,36.0
2014,00-0029665,R.Griffin,QB,24.0,87.36,36.0
2014,00-0024296,C.Whitehurst,QB,32.0,87.03999999999999,37.0
2014,00-0029675,T.Richardson,RB,24.0,117.8,37.0
2014,00-0030085,K.Stills,WR,22.0,173.9,37.0
2014,00-0022414,M.Floyd,WR,33.0,173.6,38.0
2014,00-0026164,C.Johnson,RB,29.0,115.4,38.0
2014,00-0031266,Z.Mettenberger,QB,23.0,70.88,38.0
2014,00-0025465,J.Jones,WR,30.0,173.6,39.0
2014,00-0027946,J.Locker,QB,26.0,63.919999999999995,39.0
2014,00-0030547,D.Robinson,RB,24.0,113.6,39.0
2014,00-0024267,G.Jennings,WR,31.0,169.2,40.0
2014,00-0027688,C.McCoy,QB,28.0,62.879999999999995,40.0
2014,00-0031375,T.West,RB,23.0,112.7,40.0
2014,00-0029384,B.Rainey,RB,27.0,111.1,41.0
2014,00-0029708,K.Wright,WR,25.0,167.9,41.0
2014,00-0030526,E.Manuel,QB,24.0,58.72,41.0
2014,00-0023645,D.Anderson,QB,31.0,50.44,42.0
2014,00-0024217,R.Bush,RB,29.0,107.0,42.0
2014,00-0028434,D.Baldwin,WR,26.0,167.3,42.0
2014,00-0020245,M.Vick,QB,34.0,43.46,43.0
2014,00-0029638,M.Floyd,WR,25.0,165.29999999999998,43.0
2014,00-0031075,A.Blue,RB,23.0,103.1,43.0
2014,00-0026197,C.Henne,QB,29.0,30.18,44.0
2014,00-0029683,R.Hillman,RB,23.0,102.30000000000001,44.0
2014,00-0030431,R.Woods,WR,22.0,164.9,44.0
2014,00-0026986,M.Crabtree,WR,27.0,162.2,45.0
2014,00-0027325,L.Blount,RB,28.0,98.1,45.0
2014,00-0028986,C.Keenum,QB,26.0,22.9,45.0
2014,00-0023662,M.Cassel,QB,32.0,22.8,46.0
2014,00-0026345,P.Garcon,WR,28.0,161.2,46.0
2014,00-0031413,B.Sankey,RB,22.0,96.2,46.0
2014,00-0027918,A.Hawkins,WR,28.0,158.9,47.0
2014,00-0029531,R.Lindley,QB,25.0,22.48,47.0
2014,00-0030578,C.Patterson,RB,23.0,95.1,47.0
2014,00-0029677,B.Weeden,QB,31.0,20.02,48.0
2014,00-0030107,T.Riddick,RB,23.0,94.7,48.0
2014,00-0030821,A.Hurns,WR,23.0,154.7,48.0
2014,00-0020498,R.Wayne,WR,36.0,151.9,49.0
2014,00-0028012,R.Mallett,QB,26.0,19.8,49.0
2014,00-0031376,J.McKinnon,RB,22.0,94.3,49.0
2014,00-0007091,M.Hasselbeck,QB,39.0,16.94,50.0
2014,00-0022921,L.Fitzgerald,WR,31.0,151.4,50.0
2014,00-0031285,D.Freeman,RB,22.0,87.3,50.0
2014,00-0027659,J.Clausen,QB,27.0,15.82,51.0
2014,00-0030513,L.Murray,RB,24.0,85.7,51.0
2014,00-0030542,T.Williams,WR,25.0,147.1,51.0
2014,00-0027006,K.Britt,WR,26.0,142.2,52.0
2014,00-0027888,T.Gerhart,RB,27.0,81.2,52.0
2014,00-0027950,C.Ponder,QB,26.0,12.48,52.0
2014,00-0028263,A.Holmes,WR,26.0,140.29999999999998,53.0
2014,00-0029613,D.Martin,RB,25.0,80.8,53.0
2014,00-0031345,J.Garoppolo,QB,23.0,12.18,53.0
2014,00-0028083,J.Rodgers,RB,24.0,80.0,54.0
2014,00-0031236,B.Cooks,WR,21.0,139.3,54.0
2014,00-0031409,J.Manziel,QB,22.0,11.9,54.0
2014,00-0025410,D.Bowe,WR,30.0,135.4,55.0
2014,00-0026544,C.Daniel,QB,28.0,7.78,55.0
2014,00-0026855,A.Smith,RB,29.0,77.6,55.0
2014,00-0026998,P.Harvin,WR,26.0,131.5,56.0
2014,00-0027791,J.Starks,RB,28.0,77.3,56.0
2014,00-0029682,B.Osweiler,QB,24.0,6.08,56.0
2014,00-0027890,B.Tate,RB,26.0,76.10000000000001,57.0
2014,00-0027948,B.Gabbert,QB,25.0,6.02,57.0
2014,00-0030460,M.Wheaton,WR,23.0,131.3,57.0
2014,00-0029273,R.Turbin,RB,25.0,75.6,58.0
2014,00-0030419,M.McGloin,QB,25.0,5.46,58.0
2014,00-0031373,M.Bryant,WR,23.0,130.1,58.0
2014,00-0027758,R.Cooper,WR,27.0,128.70000000000002,59.0
2014,00-0028121,J.Todman,RB,24.0,75.4,59.0
2014,00-0030661,C.Shaw,QB,23.0,3.98,59.0
2014,00-0027796,J.Webb,QB,28.0,2.6,60.0
2014,00-0029588,D.Herron,RB,25.0,75.39999999999999,60.0
2014,00-0031051,Jo. Brown,WR,24.0,125.3,60.0
2014,00-0026224,H.Douglas,WR,30.0,120.6,61.0
2014,00-0030586,R.Nassib,QB,24.0,2.1,61.0
2014,00-0031045,C.Hyde,RB,24.0,74.1,61.0
2014,00-0029104,J.Gray,RB,24.0,72.89999999999999,62.0
2014,00-0029151,M.Simms,QB,26.0,1.76,62.0
2014,00-0029572,J.Wright,WR,25.0,119.9,62.0
2014,00-0023460,J.Campbell,QB,33.0,1.06,63.0
2014,00-0029205,T.Cadet,RB,25.0,72.8,63.0
2014,00-0031428,A.Robinson,WR,21.0,116.8,63.0
2014,00-0023367,N.Washington,WR,31.0,116.7,64.0
2014,00-0025708,M.Moore,QB,30.0,0.6399999999999999,64.0
2014,00-0027003,D.Brown,RB,27.0,72.4,64.0
2014,00-0023921,M.Austin,WR,30.0,115.8,65.0
2014,00-0027861,C.Spiller,RB,27.0,71.5,65.0
2014,00-0028090,T.Yates,QB,27.0,0.56,65.0
2014,00-0022811,J.Cotchery,WR,32.0,114.0,66.0
2014,00-0031064,T.Savage,QB,24.0,0.48000000000000004,66.0
2014,00-0031066,L.Taliaferro,RB,23.0,70.6,66.0
2014,00-0024264,K.Clemens,QB,31.0,0.4,67.0
2014,00-0024272,D.Hester,WR,32.0,114.0,67.0
2014,00-0027772,A.Dixon,RB,27.0,68.1,67.0
2014,00-0025592,J.Palmer,QB,30.0,0.18,68.0
2014,00-0028052,C.Shorts,WR,27.0,108.98,68.0
2014,00-0030348,K.Robinson,RB,25.0,66.5,68.0
2014,00-0022427,W.Welker,WR,33.0,107.4,69.0
2014,00-0024279,T.Jackson,QB,31.0,0.0,69.0
2014,00-0030282,S.Taylor,RB,23.0,65.7,69.0
2014,00-0028237,C.Hogan,WR,27.0,105.6,70.0
2014,00-0030533,M.Barkley,QB,24.0,0.0,70.0
2014,00-0030536,Z.Stacy,RB,23.0,64.5,70.0
2014,00-0024408,B.Gradkowski,QB,31.0,-0.2,71.0
2014,00-0031228,T.Gabriel,WR,23.0,105.1,71.0
2014,00-0031390,C.Sims,RB,24.0,60.5,71.0
2014,00-0027005,H.Nicks,WR,26.0,102.5,72.0
2014,00-0028118,T.Taylor,QB,25.0,-0.3,72.0
2014,00-0030874,D.Williams,RB,22.0,57.9,72.0
2014,00-0024332,L.Washington,RB,32.0,55.6,73.0
2014,00-0026349,M.Flynn,QB,29.0,-2.36,73.0
2014,00-0031381,D.Adams,WR,22.0,100.60000000000001,73.0
2014,00-0022787,M.Schaub,QB,33.0,-3.7199999999999998,74.0
2014,00-0029159,J.Kearse,WR,24.0,99.88,74.0
2014,00-0030388,J.Randle,RB,23.0,54.6,74.0
2014,00-0028011,S.Ridley,RB,25.0,52.0,75.0
2014,00-0029000,C.Beasley,WR,25.0,99.0,75.0
2014,00-0027077,B.Hartline,WR,28.0,98.4,76.0
2014,00-0030705,J.Thompson,RB,22.0,51.699999999999996,76.0
2014,00-0026364,S.Johnson,WR,28.0,96.5,77.0
2014,00-0026899,S.Greene,RB,29.0,51.5,77.0
2014,00-0029438,C.Polk,RB,25.0,50.8,78.0
2014,00-0031339,D.Moncrief,WR,21.0,96.1,78.0
2014,00-0029264,B.Pierce,RB,23.0,49.9,79.0
2014,00-0030521,J.Hunter,WR,23.0,95.8,79.0
2014,00-0029004,L.Dunbar,RB,24.0,49.6,80.0
2014,00-0030525,T.Austin,WR,24.0,95.6,80.0
2014,00-0027864,Ry.Mathews,RB,27.0,45.2,81.0
2014,00-0028091,J.Kerley,WR,26.0,93.5,81.0
2014,00-0027691,A.Roberts,WR,26.0,93.39999999999999,82.0
2014,00-0029429,B.Brown,RB,23.0,44.2,82.0
2014,00-0027450,P.Parker,WR,27.0,89.8,83.0
2014,00-0028064,B.Powell,RB,26.0,40.3,83.0
2014,00-0029731,F.Whittaker,RB,25.0,37.5,84.0
2014,00-0030532,S.Bailey,WR,24.0,86.8,84.0
2014,00-0030522,M.Ball,RB,24.0,36.4,85.0
2014,00-0031431,M.Lee,WR,23.0,86.1,85.0
2014,00-0027089,L.Murphy,WR,27.0,81.0,86.0
2014,00-0031008,S.Redd,RB,22.0,32.2,86.0
2014,00-0026367,P.Hillis,RB,28.0,30.2,87.0
2014,00-0029640,B.Quick,WR,25.0,80.5,87.0
2014,00-0029510,J.Grimes,RB,25.0,29.9,88.0
2014,00-0030113,Ch.Johnson,WR,25.0,79.39999999999999,88.0
2014,00-0024242,D.Williams,RB,31.0,29.3,89.0
2014,00-0031118,C.Brown,WR,23.0,78.1,89.0
2014,00-0024275,M.Jones-Drew,RB,29.0,27.7,90.0
2014,00-0024324,J.Avant,WR,31.0,75.4,90.0
2014,00-0028497,K.Aiken,WR,25.0,74.7,91.0
2014,00-0030117,K.Williams,RB,23.0,27.7,91.0
2014,00-0029435,D.Johnson,WR,25.0,72.0,92.0
2014,00-0031057,K.Carey,RB,22.0,26.5,92.0
2014,00-0027712,J.McKnight,RB,26.0,24.7,93.0
2014,00-0029269,T.Benjamin,WR,25.0,68.5,93.0
2014,00-0029048,J.Banyard,RB,26.0,24.0,94.0
2014,00-0030516,B.Butler,WR,24.0,67.0,94.0
2014,00-0027651,D.McCluster,WR,26.0,64.8,95.0
2014,00-0028345,R.Hughes,RB,25.0,23.099999999999998,95.0
2014,00-0026937,B.Gibson,WR,27.0,64.5,96.0
2014,00-0026988,K.Moreno,RB,27.0,22.599999999999998,96.0
2014,00-0027265,V.Cruz,WR,28.0,62.699999999999996,97.0
2014,00-0027864,R.Mathews,RB,27.0,21.7,97.0
2014,00-0028581,P.DiMarco,RB,25.0,21.2,98.0
2014,00-0031257,P.Richardson,WR,22.0,62.1,98.0
2014,00-0031060,D.Thomas,WR,21.0,61.9,99.0
2014,00-0031243,S.Johnson,RB,22.0,21.2,99.0
2014,00-0028249,J.Ross,WR,26.0,61.3,100.0
2014,00-0030288,R.Burkhead,RB,24.0,20.6,100.0
2014,00-0030300,Ja. Brown,WR,24.0,55.3,101.0
2014,00-0030855,Z.Tipton,RB,25.0,20.6,101.0
2014,00-0029664,J.Gordon,WR,23.0,54.3,102.0
2014,00-0030999,M.Grice,RB,23.0,20.0,102.0
2014,00-0026035,D.Amendola,WR,29.0,53.0,103.0
2014,00-0030432,C.Michael,RB,24.0,19.7,103.0
2014,00-0024297,D.Hagan,WR,30.0,50.4,104.0
2014,00-0028000,Dn.Thomas,RB,27.0,18.9,104.0
2014,00-0029492,J.Olawale,RB,25.0,18.799999999999997,105.0
2014,00-0030400,M.Brown,WR,23.0,49.5,105.0
2014,00-0022097,B.Lloyd,WR,33.0,49.4,106.0
2014,00-0030860,O.Darkwa,RB,22.0,18.1,106.0
2014,00-0023310,L.Moore,WR,31.0,47.8,107.0
2014,00-0029239,B.Bolden,RB,24.0,17.7,107.0
2014,00-0030000,K.Thompkins,WR,26.0,47.699999999999996,108.0
2014,00-0030404,C.Thompson,RB,24.0,15.9,108.0
2014,00-0027057,B.Tate,WR,27.0,44.4,109.0
2014,00-0031123,D.Reaves,RB,21.0,15.9,109.0
2014,00-0023437,R.Brown,RB,33.0,15.7,110.0
2014,00-0029667,N.Toon,WR,26.0,42.9,110.0
2014,00-0025701,J.Battle,RB,31.0,14.7,111.0
2014,00-0028442,R.Lockette,WR,28.0,42.7,111.0
2014,00-0027786,J.Dwyer,RB,25.0,13.899999999999999,112.0
2014,00-0030669,A.Wilson,WR,22.0,42.0,112.0
2014,00-0025396,T.Ginn,WR,29.0,40.0,113.0
2014,00-0031392,D.Archer,RB,23.0,13.3,113.0
2014,00-0026019,D.Woodhead,RB,29.0,12.2,114.0
2014,00-0030095,C.Fuller,WR,24.0,39.2,114.0
2014,00-0028000,Da.Thomas,RB,27.0,11.700000000000001,115.0
2014,00-0029580,R.Matthews,WR,25.0,37.8,115.0
2014,00-0028000,Dn. Thomas,RB,27.0,11.7,116.0
2014,00-0030047,M.Wilson,WR,22.0,37.0,116.0
2014,00-0028000,DanielThomas,RB,27.0,11.6,117.0
2014,00-0029394,B.Bersin,WR,24.0,34.1,117.0
2014,00-0025394,A.Peterson,RB,29.0,11.3,118.0
2014,00-0030035,A.Thielen,WR,24.0,33.7,118.0
2014,00-0029614,C.Givens,WR,25.0,33.3,119.0
2014,00-0031062,J.White,RB,22.0,11.1,119.0
2014,00-0027140,C.Ogbonnaya,RB,28.0,11.0,120.0
2014,00-0031326,B.Ellington,WR,23.0,33.0,120.0
2014,00-0026932,C.Peerman,RB,28.0,10.0,121.0
2014,00-0028050,G.Salas,WR,26.0,32.7,121.0
2014,00-0024535,E.Weems,WR,29.0,32.2,122.0
2014,00-0028841,Wi.Johnson,RB,26.0,9.600000000000001,122.0
2014,00-0026173,D.Avery,WR,30.0,30.6,123.0
2014,00-0029298,C.Gray,RB,25.0,9.1,123.0
2014,00-0028016,A.Pettis,WR,26.0,29.8,124.0
2014,00-0028409,D.Harris,RB,26.0,8.5,124.0
2014,00-0025460,J.Jones,WR,30.0,29.7,125.0
2014,00-0030985,T.Watts,RB,23.0,7.8,125.0
2014,00-0028905,C.Owusu,WR,24.0,28.1,126.0
2014,00-0030247,G.Winn,RB,24.0,7.3,126.0
2014,00-0028411,D.Inman,WR,25.0,27.8,127.0
2014,00-0031332,F.Toussaint,RB,24.0,6.8999999999999995,127.0
2014,00-0027702,Mi.Williams,WR,27.0,26.4,128.0
2014,00-0030128,M.Cox,RB,26.0,6.2,128.0
2014,00-0026314,J.Morgan,WR,29.0,26.0,129.0
2014,00-0027346,Alf.Smith,RB,27.0,6.0,129.0
2014,00-0028020,V.Brown,WR,25.0,23.8,130.0
2014,00-0030653,R.Agnew,RB,23.0,4.7,130.0
2014,00-0028086,D.Moore,WR,26.0,23.6,131.0
2014,00-0030391,M.James,RB,23.0,4.2,131.0
2014,00-0029129,R.Streater,WR,26.0,23.4,132.0
2014,00-0030789,A.Andrews,RB,22.0,3.1,132.0
2014,00-0025439,B.Leonard,RB,30.0,2.5,133.0
2014,00-0031025,M.Campanaro,WR,23.0,23.200000000000003,133.0
2014,00-0029311,J.Hemingway,WR,26.0,22.799999999999997,134.0
2014,00-0029441,J.Stewart,RB,25.0,2.2,134.0
2014,00-0028202,S.Draughn,RB,27.0,1.9,135.0
2014,00-0030990,J.Huff,WR,23.0,22.5,135.0
2014,00-0031051,John.Brown,WR,24.0,21.7,136.0
2014,00-0031450,J.Harris,RB,23.0,1.6,136.0
2014,00-0020494,S.Moss,WR,35.0,21.6,137.0
2014,00-0029260,L.James,RB,25.0,0.9,137.0
2014,00-0028532,J.Morgan,WR,26.0,19.9,138.0
2014,00-0031209,S.Perry,RB,23.0,0.9,138.0
2014,00-0028841,W.Johnson,RB,26.0,0.5,139.0
2014,00-0030466,J.Brown,WR,23.0,19.4,139.0
2014,00-0028114,D.Harris,WR,27.0,19.3,140.0
2014,00-0029317,E.Baker,RB,23.0,0.2,140.0
2014,00-0024103,M.Owens,RB,30.0,0.0,141.0
2014,00-0028984,B.Tyms,WR,25.0,19.200000000000003,141.0
2014,00-0026316,J.Parmele,RB,29.0,0.0,142.0
2014,00-0031327,K.Norwood,WR,25.0,19.2,142.0
2014,00-0025414,R.Meachem,WR,30.0,18.4,143.0
2014,00-0028795,C.Reynolds,RB,27.0,0.0,143.0
2014,00-0029654,A.Jenkins,WR,25.0,18.1,144.0
2014,00-0030668,C.West,RB,23.0,0.0,144.0
2014,00-0031158,G.Atkinson,RB,22.0,0.0,145.0
2014,00-0031187,R.Herron,WR,22.0,17.8,145.0
2014,00-0029660,T.Graham,WR,25.0,17.7,146.0
2014,00-0031459,G.Winston,RB,25.0,0.0,146.0
2014,00-0028352,D.Sanzenbacher,WR,26.0,17.4,147.0
2014,00-0029401,T.Poole,RB,25.0,-2.0,147.0
2014,00-0031291,J.Wright,WR,23.0,17.1,148.0
2014,00-0027944,JulioJones,WR,25.0,16.6,149.0
2014,00-0030897,C.Washington,WR,23.0,16.2,150.0
2014,00-0024240,S.Holmes,WR,30.0,14.7,151.0
2014,00-0027322,D.Nelson,WR,28.0,14.5,152.0
2014,00-0029415,K.Martin,WR,24.0,13.8,153.0
2014,00-0029155,M.Brown,WR,25.0,13.799999999999999,154.0
2014,00-0031068,R.Grant,WR,24.0,13.799999999999999,155.0
2014,00-0027997,G.Little,WR,25.0,12.9,156.0
2014,00-0030113,Charles.Johnson,WR,25.0,12.0,157.0
2014,00-0027595,B.Walters,WR,27.0,11.5,158.0
2014,00-0030550,A.Sanders,WR,23.0,11.5,159.0
2014,00-0028045,K.Durham,WR,26.0,11.4,160.0
2014,00-0030147,R.Shepard,WR,24.0,10.3,161.0
2014,00-0026780,K.Ogletree,WR,27.0,10.0,162.0
2014,00-0028021,J.Jernigan,WR,25.0,9.8,163.0
2014,00-0026237,A.Caldwell,WR,29.0,9.7,164.0
2014,00-0028543,J.Maehl,WR,25.0,9.6,165.0
2014,00-0028052,C.Shorts III,WR,27.0,9.0,166.0
2014,00-0027581,S.Ajirotutu,WR,27.0,8.5,167.0
2014,00-0030154,F.Hammond,WR,24.0,8.5,168.0
2014,00-0024318,B.Smith,WR,31.0,8.1,169.0
2014,00-0030450,Q.Patton,WR,24.0,7.4,170.0
2014,00-0030540,A.Dobson,WR,23.0,6.8,171.0
2014,00-0020337,S.Smith Sr.,WR,35.0,6.5,172.0
2014,00-0030068,M.Goodwin,WR,24.0,6.000000000000001,173.0
2014,00-0026577,M.Thigpen,WR,28.0,6.0,174.0
2014,00-0029051,J.Boykin,WR,25.0,5.300000000000001,175.0
2014,00-0026691,C.Williams,WR,27.0,5.2,176.0
2014,00-0029209,R.Broyles,WR,26.0,4.5,177.0
2014,00-0026983,D.Heyward-Bey,WR,27.0,4.3,178.0
2014,00-0029033,G.Whalen,WR,24.0,4.3,179.0
2014,00-0031344,C.Latimer,WR,22.0,4.3,180.0
2014,00-0029673,D.Posey,WR,24.0,4.0,181.0
2014,00-0031310,D.Street,WR,23.0,3.8,182.0
2014,00-0031001,J.Janis,WR,23.0,3.6,183.0
2014,00-0030091,T.King,WR,24.0,3.3,184.0
2014,00-0027893,Da.Williams,WR,26.0,2.4,185.0
2014,00-0023503,C.Roby,WR,31.0,2.1,186.0
2014,00-0030839,S.Patton,WR,24.0,1.9,187.0
2014,00-0023176,J.Cribbs,WR,31.0,1.8,188.0
2014,00-0023968,M.Spurlock,WR,31.0,1.8,189.0
2014,00-0027702,Mik.Williams,WR,27.0,1.8,190.0
2014,00-0031053,J.Saunders,WR,22.0,1.7,191.0
2014,00-0028116,A.Robinson,WR,26.0,1.6,192.0
2014,00-0030300,Jaron.Brown,WR,24.0,1.6,193.0
2014,00-0030116,K.Dorsey,WR,24.0,1.4,194.0
2014,00-0021570,K.Osgood,WR,34.0,0.0,195.0
2014,00-0026293,M.Slater,WR,29.0,0.0,196.0
2014,00-0027356,M.Moore,WR,27.0,0.0,197.0
2014,00-0027606,T.Holliday,WR,28.0,0.0,198.0
2014,00-0027708,M.Easley,WR,27.0,0.0,199.0
2014,00-0027816,M.Mariani,WR,27.0,0.0,200.0
2014,00-0028017,L.Hankerson,WR,25.0,0.0,201.0
2014,00-0028307,D.Davis,WR,25.0,0.0,202.0
2014,00-0028702,C.Matthews,WR,25.0,0.0,203.0
2014,00-0029006,S.Hakim,WR,24.0,0.0,204.0
2014,00-0029300,T.Streeter,WR,25.0,0.0,205.0
2014,00-0029319,J.Bellamy,WR,25.0,0.0,206.0
2014,00-0029934,R.Smith,WR,24.0,0.0,207.0
2014,00-0030187,R.Ross,WR,24.0,0.0,208.0
2014,00-0030671,I.Burse,WR,23.0,0.0,209.0
2014,00-0030737,F.Martino,WR,23.0,0.0,210.0
2014,00-0031118,Philly,WR,23.0,0.0,211.0
2014,00-0031268,W.Powell,WR,23.0,0.0,212.0
2014,00-0029463,D.Presley,WR,24.0,-0.2,213.0
2015,00-0027793,A.Brown,WR,27.0,390.2,1.0
2015,00-0027939,C.Newton,QB,26.0,389.08,1.0
2015,00-0031285,D.Freeman,RB,23.0,316.4,1.0
2015,00-0019596,T.Brady,QB,38.0,344.7,2.0
2015,00-0025394,A.Peterson,RB,30.0,260.7,2.0
2015,00-0027944,J.Jones,WR,26.0,369.1,2.0
2015,00-0024334,B.Marshall,WR,31.0,339.2,3.0
2015,00-0026019,D.Woodhead,RB,30.0,243.1,3.0
2015,00-0029263,R.Wilson,QB,27.0,336.26,3.0
2015,00-0029613,D.Martin,RB,26.0,232.3,4.0
2015,00-0030564,D.Hopkins,WR,23.0,331.09999999999997,4.0
2015,00-0031407,B.Bortles,QB,23.0,316.12,4.0
2015,00-0021429,C.Palmer,QB,36.0,309.24,5.0
2015,00-0029615,L.Miller,RB,24.0,231.9,5.0
2015,00-0031235,O.Beckham Jr.,WR,23.0,308.9,5.0
2015,00-0020531,D.Brees,QB,36.0,304.2,6.0
2015,00-0031428,A.Robinson,WR,22.0,304.0,6.0
2015,00-0032187,D.Johnson,RB,24.0,217.8,6.0
2015,00-0022921,L.Fitzgerald,WR,32.0,280.5,7.0
2015,00-0023459,A.Rodgers,QB,32.0,301.24,7.0
2015,00-0026184,M.Forte,RB,30.0,214.7,7.0
2015,00-0029604,K.Cousins,QB,27.0,293.44,8.0
2015,00-0031382,J.Landry,WR,23.0,275.36,8.0
2015,00-0032241,T.Gurley,RB,21.0,208.4,8.0
2015,00-0026498,M.Stafford,QB,27.0,290.78,9.0
2015,00-0027942,A.Green,WR,27.0,273.7,9.0
2015,00-0030513,L.Murray,RB,25.0,204.79999999999998,9.0
2015,00-0022803,E.Manning,QB,34.0,287.38,10.0
2015,00-0027966,M.Ingram,RB,26.0,203.4,10.0
2015,00-0028434,D.Baldwin,WR,27.0,268.9,10.0
2015,00-0023682,R.Fitzpatrick,QB,33.0,285.2,11.0
2015,00-0027531,C.Ivory,RB,27.0,202.70000000000002,11.0
2015,00-0027874,D.Thomas,WR,28.0,267.4,11.0
2015,00-0022942,P.Rivers,QB,34.0,284.48,12.0
2015,00-0025389,C.Johnson,WR,30.0,261.4,12.0
2015,00-0026144,D.McFadden,RB,28.0,195.7,12.0
2015,00-0023500,F.Gore,RB,32.0,193.4,13.0
2015,00-0031236,B.Cooks,WR,22.0,253.6,13.0
2015,00-0031503,J.Winston,QB,21.0,274.98,13.0
2015,00-0027690,E.Decker,WR,28.0,252.7,14.0
2015,00-0028009,D.Murray,RB,27.0,184.4,14.0
2015,00-0028118,T.Taylor,QB,26.0,271.6,14.0
2015,00-0026995,J.Maclin,WR,27.0,243.2,15.0
2015,00-0030456,G.Bernard,RB,24.0,181.2,15.0
2015,00-0031280,D.Carr,QB,24.0,271.28,15.0
2015,00-0023436,A.Smith,QB,31.0,271.24,16.0
2015,00-0026986,M.Crabtree,WR,28.0,231.2,16.0
2015,00-0031390,C.Sims,RB,25.0,180.0,16.0
2015,00-0027685,E.Sanders,WR,28.0,226.4,17.0
2015,00-0029701,R.Tannehill,QB,27.0,258.32,17.0
2015,00-0030107,T.Riddick,RB,24.0,179.0,17.0
2015,00-0027029,L.McCoy,RB,27.0,178.7,18.0
2015,00-0027973,A.Dalton,QB,28.0,244.2,18.0
2015,00-0030821,A.Hurns,WR,24.0,225.1,18.0
2015,00-0026143,M.Ryan,QB,30.0,233.94,19.0
2015,00-0031301,J.Hill,RB,23.0,170.3,19.0
2015,00-0031325,S.Watkins,WR,22.0,218.8,19.0
2015,00-0022924,B.Roethlisberger,QB,33.0,228.12,20.0
2015,00-0027791,J.Starks,RB,29.0,166.3,20.0
2015,00-0031544,A.Cooper,WR,21.0,212.7,20.0
2015,00-0024226,J.Cutler,QB,32.0,226.46,21.0
2015,00-0027155,R.Jennings,RB,30.0,164.9,21.0
2015,00-0031408,M.Evans,WR,22.0,212.60000000000002,21.0
2015,00-0026153,J.Stewart,RB,28.0,162.8,22.0
2015,00-0029608,T.Hilton,WR,26.0,211.4,22.0
2015,00-0032268,M.Mariota,QB,22.0,211.02,22.0
2015,00-0023564,D.Sproles,RB,32.0,161.5,23.0
2015,00-0027891,G.Tate,WR,27.0,209.4,23.0
2015,00-0031237,T.Bridgewater,QB,23.0,200.44,23.0
2015,00-0027854,S.Bradford,QB,28.0,194.9,24.0
2015,00-0028002,R.Cobb,WR,25.0,202.9,24.0
2015,00-0029683,R.Hillman,RB,24.0,161.4,24.0
2015,00-0026625,B.Hoyer,QB,30.0,166.64,25.0
2015,00-0027994,S.Vereen,RB,26.0,158.4,25.0
2015,00-0030525,T.Austin,WR,25.0,200.7,25.0
2015,00-0024242,De.Williams,RB,32.0,156.3,26.0
2015,00-0026158,J.Flacco,QB,30.0,161.94,26.0
2015,00-0029269,T.Benjamin,WR,26.0,199.8,26.0
2015,00-0021206,J.McCown,QB,36.0,132.16,27.0
2015,00-0028497,K.Aiken,WR,26.0,197.4,27.0
2015,00-0032209,T.Yeldon,RB,22.0,155.9,27.0
2015,00-0025465,J.Jones,WR,31.0,191.0,28.0
2015,00-0029668,A.Luck,QB,26.0,130.84,28.0
2015,00-0031569,J.Langford,RB,24.0,147.6,28.0
2015,00-0026345,P.Garcon,WR,29.0,185.70000000000002,29.0
2015,00-0027948,B.Gabbert,QB,26.0,129.74,29.0
2015,00-0031577,J.Allen,RB,24.0,145.7,29.0
2015,00-0029262,R.Randle,WR,24.0,184.7,30.0
2015,00-0029682,B.Osweiler,QB,25.0,116.78,30.0
2015,00-0029854,C.Anderson,RB,24.0,141.3,30.0
2015,00-0025396,T.Ginn,WR,30.0,183.9,31.0
2015,00-0027974,C.Kaepernick,QB,28.0,110.2,31.0
2015,00-0030485,E.Lacy,RB,25.0,140.6,31.0
2015,00-0029567,N.Foles,QB,26.0,96.08,32.0
2015,00-0030656,I.Crowell,RB,22.0,137.79999999999998,32.0
2015,00-0030663,W.Snead,WR,23.0,183.4,32.0
2015,00-0028064,B.Powell,RB,27.0,135.1,33.0
2015,00-0029293,M.Jones,WR,25.0,173.9,33.0
2015,00-0031409,J.Manziel,QB,23.0,95.0,33.0
2015,00-0010346,P.Manning,QB,39.0,91.36,34.0
2015,00-0030668,C.West,RB,24.0,132.8,34.0
2015,00-0031339,D.Moncrief,WR,22.0,173.3,34.0
2015,00-0007091,M.Hasselbeck,QB,40.0,91.10000000000001,35.0
2015,00-0029638,M.Floyd,WR,26.0,172.9,35.0
2015,00-0031897,T.Rawls,RB,22.0,127.6,35.0
2015,00-0027150,J.Edelman,WR,29.0,172.5,36.0
2015,00-0027864,R.Mathews,RB,28.0,124.5,36.0
2015,00-0028012,R.Mallett,QB,27.0,70.94,36.0
2015,00-0023662,M.Cassel,QB,33.0,66.84,37.0
2015,00-0027325,L.Blount,RB,29.0,122.6,37.0
2015,00-0031373,M.Bryant,WR,24.0,170.2,37.0
2015,00-0022084,A.Boldin,WR,35.0,169.9,38.0
2015,00-0029677,B.Weeden,QB,32.0,66.42,38.0
2015,00-0031062,J.White,RB,23.0,122.6,38.0
2015,00-0026373,J.Forsett,RB,30.0,122.4,39.0
2015,00-0031288,A.McCarron,QB,25.0,55.26,39.0
2015,00-0032211,T.Lockett,WR,23.0,167.4,39.0
2015,00-0028087,D.Lewis,RB,25.0,120.2,40.0
2015,00-0028986,C.Keenum,QB,27.0,43.62,40.0
2015,00-0030279,K.Allen,WR,23.0,163.5,40.0
2015,00-0029137,A.Jeffery,WR,25.0,158.7,41.0
2015,00-0031266,Z.Mettenberger,QB,24.0,42.2,41.0
2015,00-0032104,A.Abdullah,RB,22.0,117.0,41.0
2015,00-0021678,T.Romo,QB,35.0,40.66,42.0
2015,00-0030542,T.Williams,WR,26.0,154.0,42.0
2015,00-0031939,M.Jones,RB,22.0,114.4,42.0
2015,00-0030460,M.Wheaton,WR,24.0,150.9,43.0
2015,00-0030526,E.Manuel,QB,25.0,38.839999999999996,43.0
2015,00-0030789,A.Andrews,RB,23.0,112.03999999999999,43.0
2015,00-0026035,D.Amendola,WR,30.0,150.34,44.0
2015,00-0027659,J.Clausen,QB,28.0,33.16,44.0
2015,00-0031075,A.Blue,RB,24.0,111.69999999999999,44.0
2015,00-0029234,K.Moore,QB,27.0,33.06,45.0
2015,00-0030496,L.Bell,RB,23.0,111.2,45.0
2015,00-0031588,S.Diggs,WR,22.0,149.29999999999998,45.0
2015,00-0026898,M.Sanchez,QB,29.0,32.84,46.0
2015,00-0029159,J.Kearse,WR,25.0,147.5,46.0
2015,00-0032144,M.Gordon,RB,22.0,108.3,46.0
2015,00-0020245,M.Vick,QB,35.0,30.74,47.0
2015,00-0023367,N.Washington,WR,32.0,136.8,47.0
2015,00-0026164,C.Johnson,RB,30.0,107.2,47.0
2015,00-0022787,M.Schaub,QB,34.0,26.6,48.0
2015,00-0027218,J.Bell,RB,29.0,105.7,48.0
2015,00-0031941,J.Crowder,WR,22.0,135.6,48.0
2015,00-0026213,J.Charles,RB,29.0,101.1,49.0
2015,00-0028090,T.Yates,QB,28.0,22.799999999999997,49.0
2015,00-0029000,C.Beasley,WR,26.0,133.6,49.0
2015,00-0029141,A.Morris,RB,27.0,96.6,50.0
2015,00-0029580,R.Matthews,WR,26.0,133.6,50.0
2015,00-0030524,L.Jones,QB,26.0,22.02,50.0
2015,00-0020337,S.Smith,WR,36.0,131.0,51.0
2015,00-0030565,G.Smith,QB,25.0,20.0,51.0
2015,00-0032152,Ka.Williams,RB,22.0,92.8,51.0
2015,00-0027996,T.Smith,WR,26.0,125.30000000000001,52.0
2015,00-0028957,A.Davis,QB,26.0,19.18,52.0
2015,00-0030404,C.Thompson,RB,25.0,92.60000000000001,52.0
2015,00-0022864,L.McCown,QB,34.0,11.4,53.0
2015,00-0027006,K.Britt,WR,27.0,122.1,53.0
2015,00-0032257,D.Johnson,RB,22.0,90.0,53.0
2015,00-0024466,M.Colston,WR,32.0,121.0,54.0
2015,00-0026289,T.Hightower,RB,29.0,86.4,54.0
2015,00-0026993,Jo.Freeman,QB,27.0,10.36,54.0
2015,00-0023578,D.Orlovsky,QB,32.0,10.040000000000001,55.0
2015,00-0029510,J.Grimes,RB,26.0,85.5,55.0
2015,00-0030431,R.Woods,WR,23.0,118.2,55.0
2015,00-0022044,A.Johnson,WR,34.0,115.30000000000001,56.0
2015,00-0030419,M.McGloin,QB,26.0,9.68,56.0
2015,00-0031376,J.McKinnon,RB,23.0,83.4,56.0
2015,00-0027688,C.McCoy,QB,29.0,8.82,57.0
2015,00-0030414,S.Ware,RB,24.0,82.8,57.0
2015,00-0032218,D.Green-Beckham,WR,22.0,112.89999999999999,57.0
2015,00-0025399,M.Lynch,RB,29.0,82.69999999999999,58.0
2015,00-0028114,D.Harris,WR,28.0,112.80000000000001,58.0
2015,00-0029623,A.Tanney,QB,28.0,7.96,58.0
2015,00-0026364,S.Johnson,WR,29.0,112.7,59.0
2015,00-0030586,R.Nassib,QB,25.0,6.72,59.0
2015,00-0031045,C.Hyde,RB,25.0,81.3,59.0
2015,00-0024264,K.Clemens,QB,32.0,6.42,60.0
2015,00-0027861,C.Spiller,RB,28.0,81.1,60.0
2015,00-0031166,S.Roberts,WR,24.0,112.0,60.0
2015,00-0028202,S.Draughn,RB,28.0,77.9,61.0
2015,00-0029531,R.Lindley,QB,26.0,6.32,61.0
2015,00-0031051,JO.Brown,WR,25.0,110.5,61.0
2015,00-0024204,F.Jackson,RB,34.0,77.7,62.0
2015,00-0024296,C.Whitehurst,QB,33.0,4.1,62.0
2015,00-0027077,B.Hartline,WR,29.0,110.3,62.0
2015,00-0023496,V.Jackson,WR,32.0,107.3,63.0
2015,00-0023645,D.Anderson,QB,32.0,1.24,63.0
2015,00-0024242,D.Williams,RB,32.0,77.1,63.0
2015,00-0022811,J.Cotchery,WR,33.0,107.1,64.0
2015,00-0026796,A.Foster,RB,29.0,77.0,64.0
2015,00-0032245,S.Mannion,QB,23.0,1.24,64.0
2015,00-0024279,T.Jackson,QB,32.0,0.68,65.0
2015,00-0026189,D.Jackson,WR,29.0,106.8,65.0
2015,00-0030287,A.Ellington,RB,26.0,74.7,65.0
2015,00-0025708,M.Moore,QB,31.0,0.36,66.0
2015,00-0032055,D.Funchess,WR,21.0,106.30000000000001,66.0
2015,00-0032257,D.Johnson Jr,RB,22.0,74.3,66.0
2015,00-0020679,S.Hill,QB,35.0,0.09999999999999998,67.0
2015,00-0030388,J.Randle,RB,24.0,74.1,67.0
2015,00-0031381,D.Adams,WR,23.0,106.3,67.0
2015,00-0026544,C.Daniel,QB,29.0,-0.04000000000000001,68.0
2015,00-0029438,C.Polk,RB,26.0,72.3,68.0
2015,00-0031118,C.Brown,WR,24.0,103.5,68.0
2015,00-0022414,M.Floyd,WR,34.0,102.1,69.0
2015,00-0027796,J.Webb,QB,29.0,-0.1,69.0
2015,00-0030348,K.Robinson,RB,26.0,70.5,69.0
2015,00-0023462,R.White,WR,34.0,99.6,70.0
2015,00-0029239,B.Bolden,RB,25.0,69.7,70.0
2015,00-0032156,T.Siemian,QB,24.0,-0.1,70.0
2015,00-0028411,D.Inman,WR,26.0,99.6,71.0
2015,00-0028595,S.Tolzien,QB,28.0,-0.13999999999999999,71.0
2015,00-0030547,D.Robinson,RB,25.0,68.0,71.0
2015,00-0026901,M.Wallace,WR,29.0,98.9,72.0
2015,00-0029795,B.Cunningham,RB,25.0,65.0,72.0
2015,00-0031345,J.Garoppolo,QB,24.0,-0.26,72.0
2015,00-0025430,D.Stanton,QB,31.0,-1.1400000000000001,73.0
2015,00-0031051,Jo.Brown,WR,25.0,97.0,73.0
2015,00-0031413,B.Sankey,RB,23.0,59.2,73.0
2015,00-0029708,K.Wright,WR,26.0,96.5,74.0
2015,00-0030433,M.Gillislee,RB,25.0,51.6,74.0
2015,00-0030569,S.Renfree,QB,25.0,-1.96,74.0
2015,00-0030669,A.Wilson,WR,23.0,94.7,75.0
2015,00-0031391,T.Mason,RB,22.0,51.5,75.0
2015,00-0028237,C.Hogan,WR,28.0,93.56,76.0
2015,00-0029004,L.Dunbar,RB,25.0,49.2,76.0
2015,00-0027003,D.Brown,RB,28.0,45.7,77.0
2015,00-0031547,D.Parker,WR,22.0,93.4,77.0
2015,00-0027651,D.McCluster,WR,27.0,91.7,78.0
2015,00-0029205,T.Cadet,RB,26.0,45.2,78.0
2015,00-0028198,M.Asiata,RB,28.0,43.4,79.0
2015,00-0029632,M.Sanu,WR,26.0,91.5,79.0
2015,00-0025637,A.Bradshaw,RB,29.0,42.9,80.0
2015,00-0027681,B.LaFell,WR,29.0,89.4,80.0
2015,00-0027902,D.Bryant,WR,27.0,89.1,81.0
2015,00-0031590,J.Ajayi,RB,22.0,42.699999999999996,81.0
2015,00-0030085,K.Stills,WR,23.0,89.0,82.0
2015,00-0032058,T.Coleman,RB,22.0,42.599999999999994,82.0
2015,00-0026224,H.Douglas,WR,31.0,88.5,83.0
2015,00-0031057,K.Carey,RB,23.0,36.8,83.0
2015,00-0028581,P.DiMarco,RB,26.0,36.0,84.0
2015,00-0030801,B.Coleman,WR,23.0,87.39999999999999,84.0
2015,00-0023310,L.Moore,WR,32.0,84.7,85.0
2015,00-0028409,D.Harris,RB,27.0,35.6,85.0
2015,00-0030047,M.Wilson,WR,23.0,80.4,86.0
2015,00-0031055,A.Williams,RB,23.0,35.4,86.0
2015,00-0029273,R.Turbin,RB,26.0,35.2,87.0
2015,00-0029572,J.Wright,WR,26.0,79.1,87.0
2015,00-0028017,L.Hankerson,WR,26.0,76.7,88.0
2015,00-0029731,F.Whittaker,RB,26.0,35.2,88.0
2015,00-0030990,J.Huff,WR,24.0,76.2,89.0
2015,00-0031599,C.Artis-Payne,RB,25.0,35.1,89.0
2015,00-0030450,Q.Patton,WR,25.0,75.9,90.0
2015,00-0031277,B.Oliver,RB,24.0,35.0,90.0
2015,00-0027595,B.Walters,WR,28.0,74.8,91.0
2015,00-0029492,J.Olawale,RB,26.0,34.4,91.0
2015,00-0029104,J.Gray,RB,25.0,32.199999999999996,92.0
2015,00-0030691,J.Butler,WR,24.0,67.3,92.0
2015,00-0026182,E.Royal,WR,29.0,66.7,93.0
2015,00-0031682,T.Ward,RB,23.0,31.8,93.0
2015,00-0027758,R.Cooper,WR,28.0,65.7,94.0
2015,00-0032152,K.Williams,RB,22.0,31.5,94.0
2015,00-0026983,D.Heyward-Bey,WR,28.0,64.4,95.0
2015,00-0028063,T.Jones,RB,27.0,31.0,95.0
2015,00-0029415,K.Martin,WR,25.0,63.5,96.0
2015,00-0030536,Z.Stacy,RB,24.0,30.4,96.0
2015,00-0029614,C.Givens,WR,26.0,63.1,97.0
2015,00-0030432,C.Michael,RB,25.0,28.9,97.0
2015,00-0030860,O.Darkwa,RB,23.0,27.4,98.0
2015,00-0031068,R.Grant,WR,25.0,61.8,98.0
2015,00-0028043,R.Helu,RB,27.0,26.4,99.0
2015,00-0028052,C.Shorts,WR,28.0,59.900000000000006,99.0
2015,00-0031375,T.West,RB,24.0,25.2,100.0
2015,00-0032009,A.Humphries,WR,22.0,59.0,100.0
2015,00-0028263,A.Holmes,WR,27.0,58.1,101.0
2015,00-0030874,Da.Williams,RB,23.0,25.1,101.0
2015,00-0024813,P.Thomas,RB,31.0,23.8,102.0
2015,00-0031549,N.Agholor,WR,22.0,57.3,102.0
2015,00-0027918,A.Hawkins,WR,29.0,54.6,103.0
2015,00-0030288,R.Burkhead,RB,25.0,23.8,103.0
2015,00-0030521,J.Hunter,WR,24.0,54.4,104.0
2015,00-0032130,J.Fowler,RB,25.0,22.7,104.0
2015,00-0030117,K.Williams,RB,24.0,21.8,105.0
2015,00-0031023,Q.Enunwa,WR,23.0,53.5,105.0
2015,00-0029319,J.Bellamy,WR,26.0,53.4,106.0
2015,00-0029588,D.Herron,RB,26.0,21.6,106.0
2015,00-0030465,K.Barner,RB,26.0,21.6,107.0
2015,00-0032112,J.Nelson,WR,23.0,52.9,107.0
2015,00-0031228,T.Gabriel,WR,24.0,52.1,108.0
2015,00-0032133,D.Cobb,RB,22.0,21.4,108.0
2015,00-0027772,A.Dixon,RB,28.0,20.8,109.0
2015,00-0027816,M.Mariani,WR,28.0,52.0,109.0
2015,00-0028052,C.Shorts III,WR,28.0,50.04,110.0
2015,00-0030874,D.Williams,RB,23.0,20.0,110.0
2015,00-0026998,P.Harvin,WR,27.0,49.9,111.0
2015,00-0031743,A.Hunt,RB,22.0,19.5,111.0
2015,00-0030039,K.Gaskins,RB,25.0,18.7,112.0
2015,00-0032208,P.Dorsett,WR,22.0,48.2,112.0
2015,00-0031066,L.Taliaferro,RB,24.0,18.6,113.0
2015,00-0031560,J.Strong,WR,21.0,48.1,113.0
2015,00-0030280,K.Davis,RB,24.0,17.6,114.0
2015,00-0031060,D.Thomas,WR,22.0,46.4,114.0
2015,00-0032063,M.Davis,RB,22.0,16.6,115.0
2015,00-0032170,R.Greene,WR,23.0,46.300000000000004,115.0
2015,00-0024267,G.Jennings,WR,32.0,45.8,116.0
2015,00-0030578,C.Patterson,RB,24.0,16.5,116.0
2015,00-0029848,N.Williams,WR,25.0,44.9,117.0
2015,00-0030705,J.Thompson,RB,23.0,15.9,117.0
2015,00-0022736,S.Jackson,RB,32.0,14.0,118.0
2015,00-0030920,J.Herndon,WR,24.0,44.8,118.0
2015,00-0030187,R.Ross,WR,25.0,44.4,119.0
2015,00-0031493,J.Hayne,RB,27.0,13.899999999999999,119.0
2015,00-0029429,B.Brown,RB,24.0,13.2,120.0
2015,00-0031431,M.Lee,WR,24.0,43.9,120.0
2015,00-0028011,S.Ridley,RB,26.0,12.8,121.0
2015,00-0029033,G.Whalen,WR,25.0,43.5,121.0
2015,00-0028091,J.Kerley,WR,27.0,43.2,122.0
2015,00-0030855,Z.Tipton,RB,26.0,12.7,122.0
2015,00-0028841,W.Johnson,RB,27.0,12.3,123.0
2015,00-0032128,C.Conley,WR,23.0,42.9,123.0
2015,00-0026739,J.Norwood,WR,29.0,42.7,124.0
2015,00-0031611,J.Robinson,RB,23.0,11.2,124.0
2015,00-0027888,T.Gerhart,RB,28.0,9.700000000000001,125.0
2015,00-0032200,T.Montgomery,WR,22.0,42.0,125.0
2015,00-0023921,M.Austin,WR,31.0,41.4,126.0
2015,00-0031665,Z.Zenner,RB,24.0,9.100000000000001,126.0
2015,00-0024217,R.Bush,RB,30.0,8.700000000000001,127.0
2015,00-0031570,J.Hardy,WR,24.0,40.4,127.0
2015,00-0030282,S.Taylor,RB,24.0,7.2,128.0
2015,00-0030516,B.Butler,WR,25.0,37.8,128.0
2015,00-0029384,B.Rainey,RB,28.0,6.4,129.0
2015,00-0030670,B.Fowler,WR,24.0,36.3,129.0
2015,00-0030532,S.Bailey,WR,25.0,36.2,130.0
2015,00-0031332,F.Toussaint,RB,25.0,6.2,130.0
2015,00-0028083,J.Rodgers,RB,25.0,6.1,131.0
2015,00-0030035,A.Thielen,WR,25.0,35.3,131.0
2015,00-0028702,C.Matthews,WR,26.0,34.1,132.0
2015,00-0031959,M.Murphy,RB,24.0,6.0,132.0
2015,00-0030000,K.Thompkins,WR,27.0,33.5,133.0
2015,00-0032068,M.Johnson,RB,23.0,5.5,133.0
2015,00-0027691,A.Roberts,WR,27.0,30.5,134.0
2015,00-0029264,B.Pierce,RB,24.0,4.8,134.0
2015,00-0031806,M.Brown,RB,22.0,2.5,135.0
2015,00-0032008,D.Dye,WR,22.0,30.2,135.0
2015,00-0027089,L.Murphy,WR,28.0,29.799999999999997,136.0
2015,00-0028121,J.Todman,RB,25.0,2.2,136.0
2015,00-0026237,A.Caldwell,WR,30.0,29.5,137.0
2015,00-0031826,J.Crockett,RB,23.0,2.1,137.0
2015,00-0031326,B.Ellington,WR,24.0,29.0,138.0
2015,00-0031900,R.Smith,RB,23.0,2.1,138.0
2015,00-0031189,T.Jones,WR,23.0,28.9,139.0
2015,00-0031830,A.Harris,RB,23.0,1.9,139.0
2015,00-0030300,JA.Brown,WR,25.0,27.8,140.0
2015,00-0031768,T.Magee,RB,22.0,1.7,140.0
2015,00-0030540,A.Dobson,WR,24.0,27.1,141.0
2015,00-0031731,C.Grant,RB,24.0,1.5,141.0
2015,00-0024324,J.Avant,WR,32.0,26.900000000000002,142.0
2015,00-0031531,T.Williams,RB,23.0,1.2,142.0
2015,00-0026855,A.Smith,RB,30.0,1.1,143.0
2015,00-0031600,K.Mumphery,WR,23.0,26.9,143.0
2015,00-0030248,C.Wood,RB,24.0,0.7,144.0
2015,00-0031934,D.Smith,WR,23.0,26.5,144.0
2015,00-0028053,K.Hunter,RB,27.0,0.2,145.0
2015,00-0031972,D.Jennings,WR,23.0,25.7,145.0
2015,00-0030247,G.Winn,RB,25.0,0.1,146.0
2015,00-0030400,M.Brown,WR,24.0,25.2,146.0
2015,00-0022427,W.Welker,WR,34.0,23.2,147.0
2015,00-0026932,C.Peerman,RB,29.0,0.0,147.0
2015,00-0028795,C.Reynolds,RB,28.0,0.0,148.0
2015,00-0031912,C.Meredith,WR,23.0,23.0,148.0
2015,00-0029048,J.Banyard,RB,27.0,0.0,149.0
2015,00-0031310,D.Street,WR,24.0,22.4,149.0
2015,00-0029260,L.James,RB,26.0,0.0,150.0
2015,00-0030274,M.White,WR,25.0,21.8,150.0
2015,00-0031102,K.Bibbs,RB,22.0,0.0,151.0
2015,00-0031818,B.Marquez,WR,23.0,21.8,151.0
2015,00-0030113,C.Johnson,WR,26.0,21.7,152.0
2015,00-0031392,D.Archer,RB,24.0,0.0,152.0
2015,00-0027356,M.Moore,WR,28.0,21.099999999999998,153.0
2015,00-0031687,R.Mostert,RB,23.0,0.0,153.0
2015,00-0029626,I.Pead,RB,26.0,-1.7,154.0
2015,00-0029640,B.Quick,WR,26.0,20.2,154.0
2015,00-0031021,J.Abbrederis,WR,25.0,20.1,155.0
2015,00-0031459,G.Winston,RB,26.0,-2.8,155.0
2015,00-0029394,B.Bersin,WR,25.0,18.900000000000002,156.0
2015,00-0031757,L.Whitehead,WR,23.0,18.3,157.0
2015,00-0028249,J.Ross,WR,27.0,18.0,158.0
2015,00-0031344,C.Latimer,WR,23.0,18.0,159.0
2015,00-0032160,T.Williams,WR,23.0,17.0,160.0
2015,00-0028442,R.Lockette,WR,29.0,16.900000000000002,161.0
2015,00-0026186,J.Simpson,WR,29.0,16.4,162.0
2015,00-0031025,M.Campanaro,WR,24.0,16.2,163.0
2015,00-0028905,C.Owusu,WR,25.0,14.0,164.0
2015,00-0027057,B.Tate,WR,28.0,13.9,165.0
2015,00-0027708,M.Easley,WR,28.0,12.8,166.0
2015,00-0027005,H.Nicks,WR,27.0,12.4,167.0
2015,00-0030147,R.Shepard,WR,25.0,11.8,168.0
2015,00-0030095,C.Fuller,WR,25.0,11.6,169.0
2015,00-0031235,O.Beckham,WR,23.0,10.4,170.0
2015,00-0025410,D.Bowe,WR,31.0,10.3,171.0
2015,00-0029388,D.Thompson,WR,26.0,10.1,172.0
2015,00-0031001,J.Janis,WR,24.0,9.9,173.0
2015,00-0032123,T.McBride,WR,23.0,9.600000000000001,174.0
2015,00-0027450,P.Parker,WR,28.0,9.0,175.0
2015,00-0031320,K.Smith,WR,24.0,7.300000000000001,176.0
2015,00-0028050,G.Salas,WR,27.0,7.1,177.0
2015,00-0029660,T.Graham,WR,26.0,6.4,178.0
2015,00-0032115,K.Clay,WR,23.0,6.0,179.0
2015,00-0028825,T.Pryor,WR,26.0,5.1000000000000005,180.0
2015,00-0031257,P.Richardson,WR,23.0,5.0,181.0
2015,00-0030120,B.Daniels,WR,26.0,4.680000000000001,182.0
2015,00-0032045,A.Turzilli,WR,24.0,4.5,183.0
2015,00-0030068,M.Goodwin,WR,25.0,4.4,184.0
2015,00-0031932,C.Worthy,WR,22.0,4.4,185.0
2015,00-0031953,G.Davis,WR,23.0,4.1,186.0
2015,00-0031511,D.White,WR,24.0,3.8,187.0
2015,00-0030300,Ja.Brown,WR,25.0,3.6,188.0
2015,00-0028020,V.Brown,WR,26.0,3.2,189.0
2015,00-0030659,J.Krause,WR,23.0,3.0999999999999996,190.0
2015,00-0031816,T.Murphy,WR,23.0,2.6,191.0
2015,00-0024535,E.Weems,WR,30.0,2.5,192.0
2015,00-0031962,M.Alford,WR,23.0,2.5,193.0
2015,00-0032250,K.Williams,WR,23.0,2.3,194.0
2015,00-0032166,S.Coates,WR,22.0,2.1,195.0
2015,00-0032001,B.Edwards,WR,23.0,1.9,196.0
2015,00-0029129,R.Streater,WR,27.0,1.8,197.0
2015,00-0031854,C.Harper,WR,22.0,1.6,198.0
2015,00-0029336,B.Golden,WR,27.0,1.5,199.0
2015,00-0027581,S.Ajirotutu,WR,28.0,1.4,200.0
2015,00-0030856,T.Washington,WR,25.0,0.8,201.0
2015,00-0029435,D.Johnson,WR,26.0,0.6,202.0
2015,00-0024272,D.Hester,WR,33.0,0.0,203.0
2015,00-0025460,J.Jones,WR,31.0,0.0,204.0
2015,00-0025460,Jac.Jones,WR,31.0,0.0,205.0
2015,00-0026293,M.Slater,WR,30.0,0.0,206.0
2015,00-0028086,D.Moore,WR,27.0,0.0,207.0
2015,00-0029006,S.Hakim,WR,25.0,0.0,208.0
2015,00-0030154,F.Hammond,WR,25.0,0.0,209.0
2015,00-0030154,F.Hammond Jr.,WR,25.0,0.0,210.0
2015,00-0030162,R.Richardson,WR,24.0,0.0,211.0
2015,00-0030807,S.Jones,WR,23.0,0.0,212.0
2015,00-0031268,W.Powell,WR,24.0,0.0,213.0
2015,00-0031315,M.Hazel,WR,23.0,0.0,214.0
2015,00-0031327,K.Norwood,WR,26.0,0.0,215.0
2015,00-0031514,Q.Bray,WR,22.0,0.0,216.0
2015,00-0031954,E.Spencer,WR,22.0,0.0,217.0
2015,00-0026577,M.Thigpen,WR,29.0,-0.1,218.0
2016,00-0023459,A.Rodgers,QB,33.0,380.02,1.0
2016,00-0027793,A.Brown,WR,28.0,307.3,1.0
2016,00-0032187,D.Johnson,RB,25.0,407.8,1.0
2016,00-0026143,M.Ryan,QB,31.0,347.46000000000004,2.0
2016,00-0026176,J.Nelson,WR,31.0,304.7,2.0
2016,00-0033045,E.Elliott,RB,21.0,325.4,2.0
2016,00-0020531,D.Brees,QB,37.0,332.32,3.0
2016,00-0030496,L.Bell,RB,24.0,317.4,3.0
2016,00-0031408,M.Evans,WR,23.0,304.1,3.0
2016,00-0027029,L.McCoy,RB,28.0,298.3,4.0
2016,00-0029668,A.Luck,QB,27.0,307.7,4.0
2016,00-0031235,O.Beckham,WR,24.0,296.6,4.0
2016,00-0028009,D.Murray,RB,28.0,293.8,5.0
2016,00-0029604,K.Cousins,QB,28.0,300.28,5.0
2016,00-0029608,T.Hilton,WR,27.0,273.8,5.0
2016,00-0027944,J.Jones,WR,27.0,259.9,6.0
2016,00-0031285,D.Freeman,RB,24.0,284.1,6.0
2016,00-0033077,D.Prescott,QB,23.0,286.88,6.0
2016,00-0026498,M.Stafford,QB,28.0,279.78,7.0
2016,00-0032144,M.Gordon,RB,23.0,250.6,7.0
2016,00-0032765,M.Thomas,WR,23.0,255.70000000000002,7.0
2016,00-0027966,M.Ingram,RB,27.0,242.2,8.0
2016,00-0028434,D.Baldwin,WR,28.0,253.6,8.0
2016,00-0031407,B.Bortles,QB,24.0,271.1,8.0
2016,00-0027325,L.Blount,RB,30.0,232.9,9.0
2016,00-0028118,T.Taylor,QB,27.0,270.92,9.0
2016,00-0031381,D.Adams,WR,24.0,246.7,9.0
2016,00-0029263,R.Wilson,QB,28.0,270.06,10.0
2016,00-0031236,B.Cooks,WR,23.0,246.3,10.0
2016,00-0032780,J.Howard,RB,22.0,230.1,10.0
2016,00-0022921,L.Fitzgerald,WR,33.0,243.8,11.0
2016,00-0031280,D.Carr,QB,25.0,268.48,11.0
2016,00-0031590,J.Ajayi,RB,23.0,215.3,11.0
2016,00-0023500,F.Gore,RB,33.0,214.20000000000002,12.0
2016,00-0026986,M.Crabtree,WR,29.0,239.29999999999998,12.0
2016,00-0027973,A.Dalton,QB,29.0,260.64,12.0
2016,00-0030513,L.Murray,RB,26.0,208.2,13.0
2016,00-0031382,J.Landry,WR,24.0,233.3,13.0
2016,00-0032268,M.Mariota,QB,23.0,259.94,13.0
2016,00-0022942,P.Rivers,QB,35.0,258.94,14.0
2016,00-0027150,J.Edelman,WR,30.0,232.3,14.0
2016,00-0030656,I.Crowell,RB,23.0,205.1,14.0
2016,00-0019596,T.Brady,QB,39.0,258.56,15.0
2016,00-0031544,A.Cooper,WR,22.0,232.29999999999998,15.0
2016,00-0032241,T.Gurley,RB,22.0,198.2,15.0
2016,00-0027874,D.Thomas,WR,29.0,226.3,16.0
2016,00-0028064,B.Powell,RB,28.0,197.0,16.0
2016,00-0031503,J.Winston,QB,22.0,256.1,16.0
2016,00-0027891,G.Tate,WR,28.0,223.1,17.0
2016,00-0027939,C.Newton,QB,27.0,254.26,17.0
2016,00-0030414,S.Ware,RB,25.0,193.8,17.0
2016,00-0022924,B.Roethlisberger,QB,34.0,252.16,18.0
2016,00-0031045,C.Hyde,RB,26.0,192.1,18.0
2016,00-0033040,T.Hill,WR,22.0,219.0,18.0
2016,00-0021429,C.Palmer,QB,37.0,243.12,19.0
2016,00-0029615,L.Miller,RB,25.0,191.1,19.0
2016,00-0032160,Ty.Williams,WR,24.0,216.9,19.0
2016,00-0026158,J.Flacco,QB,31.0,242.48,20.0
2016,00-0027685,E.Sanders,WR,29.0,212.6,20.0
2016,00-0032058,T.Coleman,RB,23.0,191.1,20.0
2016,00-0023436,A.Smith,QB,32.0,224.78,21.0
2016,00-0026184,M.Forte,RB,31.0,183.6,21.0
2016,00-0029580,R.Matthews,WR,27.0,211.5,21.0
2016,00-0022803,E.Manning,QB,35.0,224.18,22.0
2016,00-0026901,M.Wallace,WR,30.0,202.79999999999998,22.0
2016,00-0031301,J.Hill,RB,24.0,176.3,22.0
2016,00-0026345,P.Garcon,WR,30.0,201.1,23.0
2016,00-0027854,S.Bradford,QB,29.0,221.88,23.0
2016,00-0031375,T.West,RB,25.0,171.0,23.0
2016,00-0023564,D.Sproles,RB,33.0,162.5,24.0
2016,00-0031428,A.Robinson,WR,23.0,199.3,24.0
2016,00-0032950,C.Wentz,QB,24.0,213.98,24.0
2016,00-0027974,C.Kaepernick,QB,29.0,200.44,25.0
2016,00-0030107,T.Riddick,RB,25.0,161.8,25.0
2016,00-0031941,J.Crowder,WR,23.0,197.5,25.0
2016,00-0030564,D.Hopkins,WR,24.0,197.4,26.0
2016,00-0031062,J.White,RB,24.0,161.70000000000002,26.0
2016,00-0032156,T.Siemian,QB,25.0,191.74,26.0
2016,00-0029701,R.Tannehill,QB,28.0,190.2,27.0
2016,00-0030035,A.Thielen,WR,26.0,197.2,27.0
2016,00-0031376,J.McKinnon,RB,24.0,148.4,27.0
2016,00-0029682,B.Osweiler,QB,26.0,168.98000000000002,28.0
2016,00-0030404,C.Thompson,RB,26.0,147.5,28.0
2016,00-0031359,K.Benjamin,WR,25.0,197.10000000000002,28.0
2016,00-0023682,R.Fitzpatrick,QB,34.0,133.4,29.0
2016,00-0026153,J.Stewart,RB,29.0,146.4,29.0
2016,00-0027006,K.Britt,WR,28.0,196.2,29.0
2016,00-0027864,R.Mathews,RB,29.0,144.6,30.0
2016,00-0028986,C.Keenum,QB,28.0,111.14,30.0
2016,00-0031588,S.Diggs,WR,23.0,193.3,30.0
2016,00-0026625,B.Hoyer,QB,31.0,79.60000000000001,31.0
2016,00-0030663,W.Snead,WR,24.0,191.5,31.0
2016,00-0032972,D.Booker,RB,24.0,142.7,31.0
2016,00-0027155,R.Jennings,RB,31.0,138.4,32.0
2016,00-0029000,C.Beasley,WR,27.0,189.0,32.0
2016,00-0033104,C.Kessler,QB,23.0,77.0,32.0
2016,00-0027942,A.Green,WR,28.0,186.4,33.0
2016,00-0027948,B.Gabbert,QB,27.0,73.7,33.0
2016,00-0032209,T.Yeldon,RB,23.0,137.7,33.0
2016,00-0027681,B.LaFell,WR,30.0,186.0,34.0
2016,00-0030432,C.Michael,RB,26.0,137.0,34.0
2016,00-0030533,M.Barkley,QB,26.0,71.84,34.0
2016,00-0029665,R.Griffin,QB,26.0,66.44,35.0
2016,00-0032371,R.Kelley,RB,24.0,132.6,35.0
2016,00-0032385,S.Shepard,WR,23.0,184.4,35.0
2016,00-0025708,M.Moore,QB,32.0,54.74,36.0
2016,00-0026189,D.Jackson,WR,30.0,180.5,36.0
2016,00-0028198,M.Asiata,RB,29.0,132.5,36.0
2016,00-0026289,T.Hightower,RB,30.0,126.8,37.0
2016,00-0031431,M.Lee,WR,25.0,180.4,37.0
2016,00-0033106,J.Goff,QB,22.0,53.16,37.0
2016,00-0021206,J.McCown,QB,37.0,52.1,38.0
2016,00-0027902,D.Bryant,WR,28.0,180.0,38.0
2016,00-0030433,M.Gillislee,RB,26.0,125.69999999999999,38.0
2016,00-0024226,J.Cutler,QB,33.0,46.76,39.0
2016,00-0030456,G.Bernard,RB,25.0,122.3,39.0
2016,00-0031912,C.Meredith,WR,24.0,179.48,39.0
2016,00-0020337,S.Smith,WR,37.0,177.5,40.0
2016,00-0030578,C.Patterson,RB,25.0,119.6,40.0
2016,00-0031345,J.Garoppolo,QB,25.0,35.980000000000004,40.0
2016,00-0022084,A.Boldin,WR,36.0,173.4,41.0
2016,00-0030524,L.Jones,QB,27.0,33.92,41.0
2016,00-0033025,J.Richard,RB,23.0,115.5,41.0
2016,00-0028202,S.Draughn,RB,29.0,108.9,42.0
2016,00-0029293,M.Jones,WR,26.0,172.29999999999998,42.0
2016,00-0031568,B.Petty,QB,25.0,32.26,42.0
2016,00-0029273,R.Turbin,RB,27.0,108.3,43.0
2016,00-0031023,Q.Enunwa,WR,24.0,168.9,43.0
2016,00-0033108,P.Lynch,QB,22.0,28.380000000000003,43.0
2016,00-0030085,K.Stills,WR,24.0,168.6,44.0
2016,00-0032764,D.Henry,RB,22.0,105.7,44.0
2016,00-0033119,J.Brissett,QB,24.0,28.299999999999997,44.0
2016,00-0025396,T.Ginn,WR,31.0,163.0,45.0
2016,00-0029567,N.Foles,QB,27.0,28.0,45.0
2016,00-0029854,C.Anderson,RB,25.0,102.5,45.0
2016,00-0028411,D.Inman,WR,27.0,163.0,46.0
2016,00-0031064,T.Savage,QB,26.0,17.64,46.0
2016,00-0032411,K.Dixon,RB,22.0,102.4,46.0
2016,00-0024242,D.Williams,RB,33.0,100.1,47.0
2016,00-0024334,B.Marshall,WR,32.0,155.8,47.0
2016,00-0032784,K.Hogan,QB,24.0,16.66,47.0
2016,00-0023645,D.Anderson,QB,33.0,16.52,48.0
2016,00-0027531,C.Ivory,RB,28.0,94.5,48.0
2016,00-0031547,D.Parker,WR,23.0,154.4,48.0
2016,00-0023662,M.Cassel,QB,34.0,15.66,49.0
2016,00-0029632,M.Sanu,WR,27.0,148.8,49.0
2016,00-0030668,C.West,RB,25.0,94.1,49.0
2016,00-0020679,S.Hill,QB,36.0,10.18,50.0
2016,00-0028091,J.Kerley,WR,28.0,148.70000000000002,50.0
2016,00-0029205,T.Cadet,RB,27.0,94.0,50.0
2016,00-0024296,C.Whitehurst,QB,34.0,9.38,51.0
2016,00-0028002,R.Cobb,WR,26.0,148.3,51.0
2016,00-0030874,D.Williams,RB,24.0,93.4,51.0
2016,00-0025430,D.Stanton,QB,32.0,9.379999999999999,52.0
2016,00-0030525,T.Austin,WR,26.0,146.8,52.0
2016,00-0031665,Z.Zenner,RB,25.0,93.0,52.0
2016,00-0028083,J.Rodgers,RB,26.0,90.8,53.0
2016,00-0029137,A.Jeffery,WR,26.0,146.1,53.0
2016,00-0030520,M.Glennon,QB,27.0,9.0,53.0
2016,00-0028595,S.Tolzien,QB,29.0,8.940000000000001,54.0
2016,00-0029613,D.Martin,RB,27.0,85.5,54.0
2016,00-0032200,T.Montgomery,WR,23.0,140.5,54.0
2016,00-0030565,G.Smith,QB,26.0,7.9399999999999995,55.0
2016,00-0031228,T.Gabriel,WR,25.0,140.0,55.0
2016,00-0032940,D.Washington,RB,23.0,85.2,55.0
2016,00-0032112,J.Nelson,WR,24.0,139.1,56.0
2016,00-0032257,D.Johnson Jr.,RB,23.0,80.3,56.0
2016,00-0032462,T.Boykin,QB,23.0,7.9,56.0
2016,00-0029269,T.Benjamin,WR,27.0,134.4,57.0
2016,00-0030526,E.Manuel,QB,26.0,7.44,57.0
2016,00-0032417,P.Perkins,RB,22.0,76.8,57.0
2016,00-0030288,R.Burkhead,RB,26.0,75.9,58.0
2016,00-0032009,A.Humphries,WR,23.0,133.0,58.0
2016,00-0032893,C.Cook,QB,23.0,6.0,58.0
2016,00-0021678,T.Romo,QB,36.0,5.16,59.0
2016,00-0028237,C.Hogan,WR,29.0,128.9,59.0
2016,00-0031897,T.Rawls,RB,23.0,75.5,59.0
2016,00-0031939,M.Jones,RB,23.0,75.3,60.0
2016,00-0033098,C.Jones,QB,24.0,1.74,60.0
2016,00-0033127,W.Fuller,WR,22.0,128.2,60.0
2016,00-0030419,M.McGloin,QB,27.0,1.7,61.0
2016,00-0031569,J.Langford,RB,25.0,73.2,61.0
2016,00-0031782,E.Rogers,WR,24.0,126.0,61.0
2016,00-0027796,J.Webb,QB,30.0,1.3,62.0
2016,00-0029731,F.Whittaker,RB,27.0,72.1,62.0
2016,00-0030542,T.Williams,WR,27.0,125.4,62.0
2016,00-0031076,D.Fales,QB,26.0,0.88,63.0
2016,00-0031390,C.Sims,RB,26.0,67.89999999999999,63.0
2016,00-0032211,T.Lockett,WR,24.0,124.1,63.0
2016,00-0026544,C.Daniel,QB,30.0,0.64,64.0
2016,00-0032257,D.Johnson,RB,23.0,63.9,64.0
2016,00-0033009,T.Boyd,WR,22.0,124.1,64.0
2016,00-0022787,M.Schaub,QB,35.0,0.44,65.0
2016,00-0030431,R.Woods,WR,24.0,118.89999999999999,65.0
2016,00-0031075,A.Blue,RB,25.0,62.0,65.0
2016,00-0024264,K.Clemens,QB,33.0,-0.1,66.0
2016,00-0026373,J.Forsett,RB,31.0,61.6,66.0
2016,00-0029638,M.Floyd,WR,27.0,115.8,66.0
2016,00-0026197,C.Henne,QB,31.0,-0.2,67.0
2016,00-0029640,B.Quick,WR,27.0,115.39999999999999,67.0
2016,00-0032393,C.Prosise,RB,22.0,61.0,67.0
2016,00-0026898,M.Sanchez,QB,30.0,-0.48,68.0
2016,00-0027791,J.Starks,RB,30.0,58.900000000000006,68.0
2016,00-0032688,R.Anderson,WR,23.0,114.9,68.0
2016,00-0029492,J.Olawale,RB,27.0,57.4,69.0
2016,00-0031166,S.Roberts,WR,25.0,111.7,69.0
2016,00-0032245,S.Mannion,QB,24.0,-1.34,69.0
2016,00-0028087,D.Lewis,RB,26.0,54.7,70.0
2016,00-0028825,T.Pryor Sr.,WR,27.0,111.4,70.0
2016,00-0031589,B.Hundley,QB,23.0,-1.5199999999999998,70.0
2016,00-0026995,J.Maclin,WR,28.0,109.5,71.0
2016,00-0028012,R.Mallett,QB,28.0,-1.56,71.0
2016,00-0032782,W.Smallwood,RB,22.0,52.7,71.0
2016,00-0032778,T.Sharpe,WR,22.0,105.3,72.0
2016,00-0033118,K.Drake,RB,22.0,49.5,72.0
2016,00-0031339,D.Moncrief,WR,23.0,102.6,73.0
2016,00-0032450,D.Washington,RB,22.0,48.7,73.0
2016,00-0028825,T.Pryor,WR,27.0,102.03999999999999,74.0
2016,00-0030485,E.Lacy,RB,26.0,42.8,74.0
2016,00-0027265,V.Cruz,WR,30.0,101.6,75.0
2016,00-0029384,B.Rainey,RB,29.0,41.6,75.0
2016,00-0029141,A.Morris,RB,28.0,40.4,76.0
2016,00-0032054,B.Perriman,WR,23.0,101.1,76.0
2016,00-0027994,S.Vereen,RB,27.0,38.2,77.0
2016,00-0030821,A.Hurns,WR,25.0,100.7,77.0
2016,00-0029004,L.Dunbar,RB,26.0,37.3,78.0
2016,00-0031051,Jo.Brown,WR,26.0,99.5,78.0
2016,00-0032208,P.Dorsett,WR,23.0,98.8,79.0
2016,00-0032902,K.Farrow,RB,23.0,37.2,79.0
2016,00-0029159,J.Kearse,WR,26.0,98.0,80.0
2016,00-0032741,P.Barber,RB,22.0,36.1,80.0
2016,00-0031731,C.Grant,RB,25.0,35.9,81.0
2016,00-0032128,C.Conley,WR,24.0,97.0,81.0
2016,00-0032400,M.Mitchell,WR,24.0,96.1,82.0
2016,00-0032426,A.Collins,RB,22.0,35.9,82.0
2016,00-0032377,J.Ferguson,RB,23.0,35.6,83.0
2016,00-0032966,C.Coleman,WR,22.0,93.3,83.0
2016,00-0028409,D.Harris,RB,28.0,35.3,84.0
2016,00-0029708,K.Wright,WR,27.0,90.1,84.0
2016,00-0029795,B.Cunningham,RB,26.0,35.2,85.0
2016,00-0030068,M.Goodwin,WR,26.0,90.1,85.0
2016,00-0026182,E.Royal,WR,30.0,87.9,86.0
2016,00-0030465,K.Barner,RB,27.0,34.1,86.0
2016,00-0029510,J.Grimes,RB,27.0,32.9,87.0
2016,00-0031549,N.Agholor,WR,23.0,87.9,87.0
2016,00-0030287,A.Ellington,RB,27.0,30.1,88.0
2016,00-0032218,D.Green-Beckham,WR,23.0,87.2,88.0
2016,00-0029683,R.Hillman,RB,25.0,29.4,89.0
2016,00-0032055,D.Funchess,WR,22.0,86.1,89.0
2016,00-0027918,A.Hawkins,WR,30.0,83.4,90.0
2016,00-0030117,K.Williams,RB,25.0,29.3,90.0
2016,00-0031325,S.Watkins,WR,23.0,83.0,91.0
2016,00-0031599,C.Artis-Payne,RB,26.0,28.5,91.0
2016,00-0030669,A.Wilson,WR,24.0,81.9,92.0
2016,00-0031102,K.Bibbs,RB,23.0,28.4,92.0
2016,00-0026019,D.Woodhead,RB,31.0,27.1,93.0
2016,00-0032166,S.Coates,WR,23.0,77.9,93.0
2016,00-0030450,Q.Patton,WR,26.0,77.8,94.0
2016,00-0032104,A.Abdullah,RB,23.0,26.8,94.0
2016,00-0030801,B.Coleman,WR,24.0,72.1,95.0
2016,00-0030860,O.Darkwa,RB,24.0,26.3,95.0
2016,00-0024217,R.Bush,RB,31.0,23.7,96.0
2016,00-0030147,R.Shepard,WR,26.0,70.0,96.0
2016,00-0026035,D.Amendola,WR,31.0,69.3,97.0
2016,00-0031057,K.Carey,RB,24.0,23.1,97.0
2016,00-0028497,K.Aiken,WR,27.0,67.8,98.0
2016,00-0030547,D.Robinson,RB,26.0,19.6,98.0
2016,00-0026796,A.Foster,RB,30.0,19.3,99.0
2016,00-0031570,J.Hardy,WR,25.0,65.3,99.0
2016,00-0027861,C.Spiller,RB,29.0,18.8,100.0
2016,00-0027996,T.Smith,WR,27.0,64.7,100.0
2016,00-0028116,A.Robinson,WR,28.0,64.3,101.0
2016,00-0028581,P.DiMarco,RB,27.0,18.2,101.0
2016,00-0031118,C.Brown,WR,25.0,61.2,102.0
2016,00-0031682,T.Ward,RB,24.0,17.2,102.0
2016,00-0027595,B.Walters,WR,29.0,59.5,103.0
2016,00-0031743,A.Hunt,RB,23.0,16.8,103.0
2016,00-0026855,A.Smith,RB,31.0,16.4,104.0
2016,00-0029388,D.Thompson,WR,27.0,58.9,104.0
2016,00-0026164,C.Johnson,RB,31.0,15.5,105.0
2016,00-0029319,J.Bellamy,WR,27.0,56.9,105.0
2016,00-0031257,P.Richardson,WR,24.0,56.3,106.0
2016,00-0032048,M.Brown,RB,25.0,15.0,106.0
2016,00-0030516,B.Butler,WR,26.0,55.9,107.0
2016,00-0032063,M.Davis,RB,23.0,14.5,107.0
2016,00-0026144,D.McFadden,RB,29.0,13.4,108.0
2016,00-0030521,J.Hunter,WR,25.0,52.9,108.0
2016,00-0026213,J.Charles,RB,30.0,13.399999999999999,109.0
2016,00-0030290,C.Hamilton,WR,26.0,52.4,109.0
2016,00-0027691,A.Roberts,WR,28.0,50.8,110.0
2016,00-0032975,J.Williams,RB,22.0,12.4,110.0
2016,00-0029129,R.Streater,WR,28.0,49.1,111.0
2016,00-0031332,F.Toussaint,RB,26.0,12.1,111.0
2016,00-0026739,J.Norwood,WR,30.0,48.2,112.0
2016,00-0028121,J.Todman,RB,26.0,11.9,112.0
2016,00-0031697,J.Taylor,WR,24.0,46.9,113.0
2016,00-0032964,B.Marshall,RB,22.0,10.399999999999999,113.0
2016,00-0030280,K.Davis,RB,25.0,10.3,114.0
2016,00-0032355,C.Rogers,WR,22.0,46.3,114.0
2016,00-0028263,A.Holmes,WR,28.0,44.6,115.0
2016,00-0031793,T.Watson,RB,23.0,10.3,115.0
2016,00-0031806,M.Brown,RB,23.0,9.5,116.0
2016,00-0032626,G.Allison,WR,22.0,44.2,116.0
2016,00-0030113,C.Johnson,WR,27.0,43.2,117.0
2016,00-0031158,G.Atkinson III,RB,24.0,9.4,117.0
2016,00-0025394,A.Peterson,RB,31.0,9.0,118.0
2016,00-0026983,D.Heyward-Bey,WR,29.0,41.4,118.0
2016,00-0030990,J.Huff,WR,25.0,40.8,119.0
2016,00-0031055,A.Williams,RB,24.0,8.7,119.0
2016,00-0027690,E.Decker,WR,29.0,40.4,120.0
2016,00-0030705,J.Thompson,RB,24.0,8.6,120.0
2016,00-0030391,M.James,RB,25.0,8.1,121.0
2016,00-0032694,J.Marshall,WR,21.0,40.2,121.0
2016,00-0031545,K.White,WR,24.0,38.6,122.0
2016,00-0031577,J.Allen,RB,25.0,7.8999999999999995,122.0
2016,00-0032068,M.Johnson,RB,24.0,7.6,123.0
2016,00-0033079,R.Louis,WR,22.0,38.5,123.0
2016,00-0028063,T.Jones,RB,28.0,7.5,124.0
2016,00-0032959,C.Peake,WR,24.0,37.6,124.0
2016,00-0030670,B.Fowler,WR,25.0,37.5,125.0
2016,00-0032593,B.Wilds,RB,23.0,6.7,125.0
2016,00-0032794,D.Vitale,RB,23.0,6.7,126.0
2016,00-0032795,C.Core,WR,22.0,37.0,126.0
2016,00-0032475,T.McEvoy,WR,23.0,36.72,127.0
2016,00-0032804,D.Lasco,RB,24.0,6.3,127.0
2016,00-0031001,J.Janis,WR,25.0,36.1,128.0
2016,00-0033164,T.Pope,RB,23.0,5.9,128.0
2016,00-0026224,H.Douglas,WR,32.0,36.0,129.0
2016,00-0032404,T.Ervin,RB,23.0,5.1,129.0
2016,00-0030300,Ja.Brown,WR,26.0,35.7,130.0
2016,00-0031066,L.Taliaferro,RB,25.0,4.0,130.0
2016,00-0023496,V.Jackson,WR,33.0,32.3,131.0
2016,00-0029239,B.Bolden,RB,26.0,3.9,131.0
2016,00-0029626,I.Pead,RB,27.0,3.8,132.0
2016,00-0030047,M.Wilson,WR,24.0,31.0,132.0
2016,00-0032602,J.McKissic,RB,23.0,3.8,133.0
2016,00-0033069,B.Miller,WR,24.0,30.9,133.0
2016,00-0022044,A.Johnson,WR,35.0,29.5,134.0
2016,00-0032577,D.Foster,RB,23.0,3.5999999999999996,134.0
2016,00-0032636,D.Jackson,RB,23.0,3.2,135.0
2016,00-0032659,R.Lewis,WR,23.0,28.7,135.0
2016,00-0030737,F.Martino,WR,25.0,28.2,136.0
2016,00-0032130,J.Fowler,RB,26.0,2.6999999999999997,136.0
2016,00-0026932,C.Peerman,RB,30.0,1.5,137.0
2016,00-0031268,W.Powell,WR,25.0,28.2,137.0
2016,00-0030789,A.Andrews,RB,24.0,1.5,138.0
2016,00-0031560,J.Strong,WR,22.0,27.1,138.0
2016,00-0031746,G.Farmer,RB,23.0,1.5,139.0
2016,00-0031854,C.Harper,WR,23.0,26.3,139.0
2016,00-0027218,J.Bell,RB,30.0,1.4,140.0
2016,00-0028052,C.Shorts,WR,29.0,26.2,140.0
2016,00-0027057,B.Tate,WR,29.0,24.5,141.0
2016,00-0028795,C.Reynolds,RB,29.0,1.4,141.0
2016,00-0029572,J.Wright,WR,27.0,23.700000000000003,142.0
2016,00-0031900,R.Smith,RB,24.0,1.4,142.0
2016,00-0031291,J.Wright,WR,25.0,23.0,143.0
2016,00-0031959,M.Murphy,RB,25.0,1.3,143.0
2016,00-0027654,A.Benn,WR,28.0,22.6,144.0
2016,00-0030282,S.Taylor,RB,25.0,1.2,144.0
2016,00-0031768,T.Magee,RB,23.0,1.2,145.0
2016,00-0033111,P.Cooper,WR,21.0,22.6,145.0
2016,00-0032298,B.Hill,RB,23.0,1.1,146.0
2016,00-0032841,P.Turner,WR,23.0,21.6,146.0
2016,00-0028011,S.Ridley,RB,27.0,0.7,147.0
2016,00-0029336,B.Golden,WR,28.0,20.200000000000003,147.0
2016,00-0029048,J.Banyard,RB,28.0,0.7,148.0
2016,00-0032398,C.Moore,WR,23.0,19.5,148.0
2016,00-0028050,G.Salas,WR,28.0,18.9,149.0
2016,00-0029612,D.Richardson,RB,26.0,0.7,149.0
2016,00-0030460,M.Wheaton,WR,25.0,17.099999999999998,150.0
2016,00-0031687,R.Mostert,RB,24.0,0.6,150.0
2016,00-0030348,K.Robinson,RB,27.0,0.2,151.0
2016,00-0031600,K.Mumphery,WR,24.0,16.9,151.0
2016,00-0031068,R.Grant,WR,26.0,16.6,152.0
2016,00-0031158,G.Atkinson,RB,24.0,0.0,152.0
2016,00-0031900,R .Smith,RB,24.0,0.0,153.0
2016,00-0032365,D.Ayers,WR,22.0,16.099999999999998,153.0
2016,00-0032441,A.Burbridge,WR,23.0,15.8,154.0
2016,00-0032844,B.Burks,RB,23.0,-0.4,154.0
2016,00-0032881,T.Lewis,WR,24.0,15.700000000000001,155.0
2016,00-0031344,C.Latimer,WR,24.0,15.6,156.0
2016,00-0032362,M.Harris,WR,24.0,14.6,157.0
2016,00-0031189,T.Jones,WR,24.0,14.3,158.0
2016,00-0031757,L.Whitehead,WR,24.0,14.0,159.0
2016,00-0028249,J.Ross,WR,28.0,13.7,160.0
2016,00-0032977,R.Higgins,WR,22.0,13.7,161.0
2016,00-0031060,D.Thomas,WR,23.0,13.4,162.0
2016,00-0032543,A.Erickson,WR,24.0,13.1,163.0
2016,00-0030279,K.Allen,WR,24.0,12.3,164.0
2016,00-0033060,L.Carroo,WR,22.0,11.9,165.0
2016,00-0032724,B.Treggs,WR,22.0,11.700000000000001,166.0
2016,00-0032739,W.Williams,WR,26.0,11.5,167.0
2016,00-0032423,T.Davis,WR,23.0,11.4,168.0
2016,00-0029848,N.Williams,WR,26.0,10.9,169.0
2016,00-0027651,D.McCluster,WR,28.0,10.8,170.0
2016,00-0032760,J.Doctson,WR,24.0,8.6,171.0
2016,00-0028114,D.Harris,WR,29.0,8.3,172.0
2016,00-0032170,R.Greene,WR,24.0,8.2,173.0
2016,00-0032935,J.Holton,WR,25.0,7.7,174.0
2016,00-0031514,Q.Bray,WR,23.0,7.3,175.0
2016,00-0031025,M.Campanaro,WR,25.0,7.199999999999999,176.0
2016,00-0030091,T.King,WR,26.0,7.0,177.0
2016,00-0031818,B.Marquez,WR,24.0,6.9,178.0
2016,00-0033114,M.Thomas,WR,22.0,6.7,179.0
2016,00-0020337,S.Smith Sr.,WR,37.0,6.4,180.0
2016,00-0032791,J.Grant,WR,24.0,6.1,181.0
2016,00-0029033,G.Whalen,WR,26.0,4.2,182.0
2016,00-0031051,J.Brown,WR,26.0,4.2,183.0
2016,00-0026998,P.Harvin,WR,28.0,3.7,184.0
2016,00-0029394,B.Bersin,WR,26.0,3.7,185.0
2016,00-0031684,S.Wynn,WR,24.0,3.4,186.0
2016,00-0032064,D.Smelter,WR,25.0,3.3,187.0
2016,00-0030691,J.Butler,WR,25.0,3.1,188.0
2016,00-0031310,D.Street,WR,25.0,3.0,189.0
2016,00-0031934,D.Smith,WR,24.0,3.0,190.0
2016,00-0031868,D.Byrd,WR,23.0,2.6,191.0
2016,00-0032482,B.Addison,WR,23.0,2.5,192.0
2016,00-0032951,L.Treadwell,WR,21.0,2.5,193.0
2016,00-0030856,T.Washington,WR,26.0,1.9,194.0
2016,00-0030187,R.Ross,WR,26.0,1.8,195.0
2016,00-0031021,J.Abbrederis,WR,26.0,1.8,196.0
2016,00-0032679,P.McRoberts,WR,24.0,1.6,197.0
2016,00-0027816,M.Mariani,WR,29.0,1.5,198.0
2016,00-0032974,J.Payton,WR,23.0,1.3,199.0
2016,00-0026293,M.Slater,WR,31.0,0.5,200.0
2016,00-0024272,D.Hester,WR,34.0,0.0,201.0
2016,00-0024535,E.Weems,WR,31.0,0.0,202.0
2016,00-0029415,K.Martin,WR,26.0,0.0,203.0
2016,00-0030671,I.Burse,WR,25.0,0.0,204.0
2016,00-0031953,G.Davis,WR,24.0,0.0,205.0
2016,00-0031962,M.Alford,WR,24.0,0.0,206.0
2016,00-0032012,I.Fruechte,WR,25.0,0.0,207.0
2016,00-0032070,D.Lewis,WR,24.0,0.0,208.0
2016,00-0032250,K.Williams,WR,24.0,0.0,209.0
2016,00-0032464,K.Raymond,WR,22.0,0.0,210.0
2016,00-0032775,D.Robinson,WR,22.0,0.0,211.0
2016,00-0032801,D.Braverman,WR,23.0,0.0,212.0
2016,00-0033021,J.Lampman,WR,23.0,0.0,213.0
2017,00-0027793,A.Brown,WR,29.0,310.3,1.0
2017,00-0029263,R.Wilson,QB,29.0,347.92,1.0
2017,00-0032241,T.Gurley,RB,23.0,383.3,1.0
2017,00-0027939,C.Newton,QB,28.0,299.48,2.0
2017,00-0030496,L.Bell,RB,25.0,343.4,2.0
2017,00-0030564,D.Hopkins,WR,25.0,309.8,2.0
2017,00-0019596,T.Brady,QB,40.0,295.88,3.0
2017,00-0030279,K.Allen,WR,25.0,278.2,3.0
2017,00-0033906,A.Kamara,RB,22.0,320.4,3.0
2017,00-0022921,L.Fitzgerald,WR,34.0,261.44,4.0
2017,00-0023436,A.Smith,QB,33.0,295.18,4.0
2017,00-0033923,K.Hunt,RB,22.0,295.2,4.0
2017,00-0031382,J.Landry,WR,25.0,260.0,5.0
2017,00-0032144,M.Gordon,RB,24.0,288.09999999999997,5.0
2017,00-0032950,C.Wentz,QB,25.0,281.74,5.0
2017,00-0027966,M.Ingram,RB,28.0,278.0,6.0
2017,00-0029604,K.Cousins,QB,29.0,277.62,6.0
2017,00-0032765,M.Thomas,WR,24.0,258.5,6.0
2017,00-0026498,M.Stafford,QB,29.0,273.64,7.0
2017,00-0027029,L.McCoy,RB,29.0,263.6,7.0
2017,00-0027944,Ju.Jones,WR,28.0,251.89999999999998,7.0
2017,00-0022942,P.Rivers,QB,36.0,270.4,8.0
2017,00-0031045,C.Hyde,RB,27.0,233.8,8.0
2017,00-0033040,T.Hill,WR,23.0,245.20000000000002,8.0
2017,00-0020531,D.Brees,QB,38.0,262.56,9.0
2017,00-0030035,A.Thielen,WR,27.0,239.7,9.0
2017,00-0033856,L.Fournette,RB,22.0,230.2,9.0
2017,00-0022924,B.Roethlisberger,QB,35.0,261.06,10.0
2017,00-0027942,A.Green,WR,29.0,226.8,10.0
2017,00-0033280,C.McCaffrey,RB,21.0,228.6,10.0
2017,00-0027891,G.Tate,WR,29.0,224.5,11.0
2017,00-0033045,E.Elliott,RB,22.0,203.2,11.0
2017,00-0033077,D.Prescott,QB,24.0,260.66,11.0
2017,00-0028087,D.Lewis,RB,27.0,203.0,12.0
2017,00-0028434,D.Baldwin,WR,29.0,223.3,12.0
2017,00-0033106,J.Goff,QB,23.0,255.26,12.0
2017,00-0031285,D.Freeman,RB,25.0,200.2,13.0
2017,00-0031381,D.Adams,WR,25.0,222.5,13.0
2017,00-0031407,B.Bortles,QB,25.0,249.68,13.0
2017,00-0028986,C.Keenum,QB,29.0,237.88,14.0
2017,00-0031236,B.Cooks,WR,24.0,221.2,14.0
2017,00-0032780,Jo.Howard,RB,23.0,199.70000000000002,14.0
2017,00-0026143,M.Ryan,QB,32.0,228.1,15.0
2017,00-0029615,L.Miller,RB,26.0,193.5,15.0
2017,00-0031408,M.Evans,WR,24.0,203.1,15.0
2017,00-0028118,T.Taylor,QB,28.0,222.66,16.0
2017,00-0031376,J.McKinnon,RB,25.0,178.1,16.0
2017,00-0032688,R.Anderson,WR,24.0,200.0,16.0
2017,00-0027973,A.Dalton,QB,30.0,210.7,17.0
2017,00-0029293,M.Jones,WR,27.0,199.0,17.0
2017,00-0029854,C.Anderson,RB,26.0,175.1,17.0
2017,00-0023500,F.Gore,RB,34.0,173.6,18.0
2017,00-0031588,S.Diggs,WR,24.0,198.2,18.0
2017,00-0032268,M.Mariota,QB,24.0,210.48,18.0
2017,00-0028009,D.Murray,RB,29.0,171.5,19.0
2017,00-0031280,D.Carr,QB,26.0,206.44,19.0
2017,00-0033857,J.Smith-Schuster,WR,21.0,197.7,19.0
2017,00-0029137,A.Jeffery,WR,27.0,195.9,20.0
2017,00-0032426,A.Collins,RB,23.0,171.0,20.0
2017,00-0033119,J.Brissett,QB,25.0,205.92,20.0
2017,00-0021206,J.McCown,QB,38.0,205.44,21.0
2017,00-0032055,D.Funchess,WR,23.0,195.0,21.0
2017,00-0032058,T.Coleman,RB,24.0,167.7,21.0
2017,00-0031503,J.Winston,QB,23.0,201.66,22.0
2017,00-0031549,N.Agholor,WR,24.0,187.5,22.0
2017,00-0031577,J.Allen,RB,26.0,166.1,22.0
2017,00-0022803,E.Manning,QB,36.0,187.32,23.0
2017,00-0025399,M.Lynch,RB,31.0,164.2,23.0
2017,00-0027902,D.Bryant,WR,29.0,186.4,23.0
2017,00-0026158,J.Flacco,QB,32.0,185.04,24.0
2017,00-0030513,L.Murray,RB,27.0,157.5,24.0
2017,00-0033908,C.Kupp,WR,24.0,176.9,24.0
2017,00-0029159,J.Kearse,WR,27.0,176.0,25.0
2017,00-0030404,C.Thompson,RB,27.0,155.4,25.0
2017,00-0033899,D.Kizer,QB,21.0,175.66,25.0
2017,00-0029608,T.Hilton,WR,28.0,175.6,26.0
2017,00-0030107,T.Riddick,RB,26.0,154.0,26.0
2017,00-0033537,D.Watson,QB,22.0,168.86,26.0
2017,00-0024226,J.Cutler,QB,34.0,157.84,27.0
2017,00-0030085,K.Stills,WR,25.0,174.7,27.0
2017,00-0033556,T.Cohen,RB,22.0,152.14,27.0
2017,00-0029632,M.Sanu,WR,28.0,174.34,28.0
2017,00-0030456,G.Bernard,RB,26.0,151.7,28.0
2017,00-0033869,M.Trubisky,QB,23.0,134.52,28.0
2017,00-0023459,A.Rodgers,QB,34.0,129.6,29.0
2017,00-0026986,M.Crabtree,WR,30.0,171.8,29.0
2017,00-0028064,B.Powell,RB,29.0,145.2,29.0
2017,00-0030068,M.Goodwin,WR,27.0,168.6,30.0
2017,00-0030656,I.Crowell,RB,24.0,143.5,30.0
2017,00-0032156,T.Siemian,QB,26.0,126.1,30.0
2017,00-0031589,B.Hundley,QB,24.0,124.44,31.0
2017,00-0031941,J.Crowder,WR,24.0,166.29999999999998,31.0
2017,00-0033948,J.Williams,RB,22.0,142.8,31.0
2017,00-0021429,C.Palmer,QB,38.0,102.32000000000001,32.0
2017,00-0030431,R.Woods,WR,25.0,163.3,32.0
2017,00-0033118,K.Drake,RB,23.0,142.3,32.0
2017,00-0025396,T.Ginn,WR,32.0,159.6,33.0
2017,00-0033897,J.Mixon,RB,21.0,141.3,33.0
2017,00-0033936,C.Beathard,QB,24.0,88.8,33.0
2017,00-0028002,R.Cobb,WR,27.0,159.4,34.0
2017,00-0030860,O.Darkwa,RB,25.0,137.7,34.0
2017,00-0031345,J.Garoppolo,QB,26.0,87.9,34.0
2017,00-0023682,R.Fitzpatrick,QB,35.0,73.92,35.0
2017,00-0031544,A.Cooper,WR,23.0,158.4,35.0
2017,00-0032257,D.Johnson,RB,24.0,135.4,35.0
2017,00-0029580,R.Matthews,WR,28.0,156.2,36.0
2017,00-0029682,B.Osweiler,QB,27.0,67.92,36.0
2017,00-0031590,J.Ajayi,RB,24.0,135.1,36.0
2017,00-0026625,B.Hoyer,QB,32.0,63.88,37.0
2017,00-0026901,M.Wallace,WR,31.0,151.2,37.0
2017,00-0032764,D.Henry,RB,23.0,135.0,37.0
2017,00-0027948,B.Gabbert,QB,28.0,61.64,38.0
2017,00-0031062,J.White,RB,25.0,134.0,38.0
2017,00-0031257,P.Richardson,WR,25.0,150.3,38.0
2017,00-0030288,R.Burkhead,RB,27.0,129.8,39.0
2017,00-0031064,T.Savage,QB,27.0,50.68,39.0
2017,00-0031431,M.Lee,WR,26.0,147.9,39.0
2017,00-0025430,D.Stanton,QB,33.0,50.46,40.0
2017,00-0031325,S.Watkins,WR,24.0,146.3,40.0
2017,00-0032104,A.Abdullah,RB,24.0,124.39999999999999,40.0
2017,00-0025708,M.Moore,QB,33.0,41.34,41.0
2017,00-0026184,M.Forte,RB,32.0,120.4,41.0
2017,00-0032385,S.Shepard,WR,24.0,144.5,41.0
2017,00-0026153,J.Stewart,RB,30.0,117.2,42.0
2017,00-0027874,D. Thomas,WR,30.0,143.8,42.0
2017,00-0028090,T.Yates,QB,30.0,34.02,42.0
2017,00-0026035,D.Amendola,WR,32.0,138.9,43.0
2017,00-0029567,N.Foles,QB,28.0,33.78,43.0
2017,00-0033526,S.Perine,RB,22.0,108.5,43.0
2017,00-0026189,D.Jackson,WR,31.0,138.6,44.0
2017,00-0027325,L.Blount,RB,31.0,107.6,44.0
2017,00-0032784,K.Hogan,QB,25.0,33.78,44.0
2017,00-0030520,M.Glennon,QB,28.0,33.72,45.0
2017,00-0032160,Ty.Williams,WR,25.0,137.8,45.0
2017,00-0033699,A.Ekeler,RB,22.0,106.9,45.0
2017,00-0026176,J.Nelson,WR,32.0,137.2,46.0
2017,00-0027854,S.Bradford,QB,30.0,26.98,46.0
2017,00-0033950,W.Gallman,RB,23.0,104.9,46.0
2017,00-0031568,B.Petty,QB,26.0,25.259999999999998,47.0
2017,00-0033308,M.Breida,RB,22.0,103.5,47.0
2017,00-0033681,K.Cole,WR,24.0,132.8,47.0
2017,00-0031076,D.Fales,QB,27.0,19.4,48.0
2017,00-0031373,M.Bryant,WR,26.0,132.5,48.0
2017,00-0033951,M.Mack,RB,21.0,103.30000000000001,48.0
2017,00-0031359,K.Benjamin,WR,26.0,132.1,49.0
2017,00-0032602,J.McKissic,RB,24.0,97.3,49.0
2017,00-0033108,P.Lynch,QB,23.0,14.8,49.0
2017,00-0029269,T.Benjamin,WR,28.0,130.3,50.0
2017,00-0030526,E.Manuel,QB,27.0,14.1,50.0
2017,00-0031900,R.Smith,RB,25.0,92.4,50.0
2017,00-0031547,D.Parker,WR,24.0,130.0,51.0
2017,00-0033725,C.Clement,RB,23.0,92.4,51.0
2017,00-0033873,P.Mahomes,QB,22.0,10.36,51.0
2017,00-0028012,R.Mallett,QB,29.0,9.940000000000001,52.0
2017,00-0032009,A.Humphries,WR,24.0,128.7,52.0
2017,00-0032972,D.Booker,RB,25.0,91.4,52.0
2017,00-0029708,K.Wright,WR,28.0,126.4,53.0
2017,00-0030565,G.Smith,QB,27.0,9.68,53.0
2017,00-0033025,J.Richard,RB,24.0,90.1,53.0
2017,00-0031068,R.Grant,WR,27.0,126.3,54.0
2017,00-0032209,T.Yeldon,RB,24.0,87.7,54.0
2017,00-0033958,N.Peterman,QB,23.0,9.540000000000001,54.0
2017,00-0027681,B.LaFell,WR,31.0,124.8,55.0
2017,00-0030287,A.Ellington,RB,28.0,87.39999999999999,55.0
2017,00-0030524,L.Jones,QB,28.0,8.56,55.0
2017,00-0030578,C.Patterson,RB,26.0,86.0,56.0
2017,00-0032211,T.Lockett,WR,25.0,124.3,56.0
2017,00-0032792,N.Sudfeld,QB,24.0,7.56,56.0
2017,00-0032245,S.Mannion,QB,25.0,5.2,57.0
2017,00-0032741,P.Barber,RB,23.0,85.7,57.0
2017,00-0032760,J.Doctson,WR,25.0,119.8,57.0
2017,00-0027690,E.Decker,WR,30.0,116.3,58.0
2017,00-0027796,J.Webb,QB,31.0,4.800000000000001,58.0
2017,00-0032940,D.Washington,RB,24.0,85.0,58.0
2017,00-0027531,C.Ivory,RB,29.0,84.7,59.0
2017,00-0030669,A.Wilson,WR,25.0,116.0,59.0
2017,00-0033104,C.Kessler,QB,24.0,2.9400000000000004,59.0
2017,00-0027685,E.Sanders,WR,30.0,114.5,60.0
2017,00-0027994,S.Vereen,RB,28.0,83.7,60.0
2017,00-0031288,A.McCarron,QB,27.0,2.6399999999999997,60.0
2017,00-0023662,M.Cassel,QB,35.0,2.4799999999999995,61.0
2017,00-0032257,D.Johnson Jr.,RB,24.0,80.7,61.0
2017,00-0033127,W.Fuller V,WR,23.0,113.2,61.0
2017,00-0030542,T.Williams,WR,28.0,111.3,62.0
2017,00-0033293,A.Jones,RB,23.0,80.0,62.0
2017,00-0033662,C.Rush,QB,24.0,1.38,62.0
2017,00-0025394,A.Peterson,RB,32.0,78.9,63.0
2017,00-0028237,C.Hogan,WR,30.0,109.6,63.0
2017,00-0028595,S.Tolzien,QB,30.0,1.32,63.0
2017,00-0029388,D.Thompson,WR,28.0,105.0,64.0
2017,00-0031800,T.Heinicke,QB,24.0,0.6,64.0
2017,00-0033295,E.McGuire,RB,23.0,78.2,64.0
2017,00-0023645,D.Anderson,QB,34.0,0.48000000000000004,65.0
2017,00-0029613,D.Martin,RB,28.0,76.0,65.0
2017,00-0030300,Ja.Brown,WR,27.0,102.7,65.0
2017,00-0026995,J.Maclin,WR,29.0,102.0,66.0
2017,00-0031390,C.Sims III,RB,27.0,73.4,66.0
2017,00-0032630,J.Callahan,QB,24.0,0.44,66.0
2017,00-0028957,A.Davis,QB,28.0,-0.1,67.0
2017,00-0030668,C.West,RB,26.0,73.2,67.0
2017,00-0030821,A.Hurns,WR,26.0,99.39999999999999,67.0
2017,00-0026544,C.Daniel,QB,31.0,-0.2,68.0
2017,00-0029141,A.Morris,RB,29.0,72.2,68.0
2017,00-0033292,T.Taylor,WR,23.0,98.0,68.0
2017,00-0026197,C.Henne,QB,32.0,-0.5,69.0
2017,00-0030433,M.Gillislee,RB,27.0,68.8,69.0
2017,00-0033932,K.Golladay,WR,24.0,94.6,69.0
2017,00-0030117,K.Williams,RB,26.0,67.9,70.0
2017,00-0032112,J.Nelson,WR,25.0,93.5,70.0
2017,00-0032431,J.Rudock,QB,24.0,-1.04,70.0
2017,00-0024264,K.Clemens,QB,34.0,-1.0599999999999998,71.0
2017,00-0026213,J.Charles,RB,31.0,67.5,71.0
2017,00-0033921,C.Godwin,WR,21.0,92.5,71.0
2017,00-0030151,T.Bray,QB,26.0,-2.0,72.0
2017,00-0032200,T.Montgomery,WR,24.0,91.6,72.0
2017,00-0033893,D.Cook,RB,22.0,65.4,72.0
2017,00-0029000,C.Beasley,WR,28.0,91.39999999999999,73.0
2017,00-0030874,D.Williams,RB,25.0,59.6,73.0
2017,00-0031237,T.Bridgewater,QB,25.0,-2.3,73.0
2017,00-0026019,D.Woodhead,RB,32.0,58.599999999999994,74.0
2017,00-0027996,T.Smith,WR,28.0,90.7,74.0
2017,00-0031166,S.Roberts,WR,26.0,90.5,75.0
2017,00-0033925,D.Foreman,RB,21.0,57.0,75.0
2017,00-0026345,P.Garcon,WR,31.0,90.0,76.0
2017,00-0029795,B.Cunningham,RB,27.0,56.9,76.0
2017,00-0032063,M.Davis,RB,24.0,52.1,77.0
2017,00-0032659,R.Lewis,WR,24.0,89.6,77.0
2017,00-0030670,B.Fowler,WR,26.0,82.0,78.0
2017,00-0031806,M.Brown,RB,24.0,50.9,78.0
2017,00-0028083,J.Rodgers,RB,27.0,46.8,79.0
2017,00-0031228,T.Gabriel,WR,26.0,81.7,79.0
2017,00-0031189,T.Jones,WR,25.0,77.9,80.0
2017,00-0032782,W.Smallwood,RB,23.0,46.7,80.0
2017,00-0031075,A.Blue,RB,26.0,44.6,81.0
2017,00-0031339,D.Moncrief,WR,24.0,77.1,81.0
2017,00-0031326,B.Ellington,WR,26.0,75.7,82.0
2017,00-0031731,C.Grant,RB,26.0,43.900000000000006,82.0
2017,00-0031235,O.Beckham,WR,25.0,74.0,83.0
2017,00-0032371,R.Kelley,RB,25.0,43.2,83.0
2017,00-0030801,B.Coleman,WR,25.0,73.39999999999999,84.0
2017,00-0031102,K.Bibbs,RB,24.0,40.7,84.0
2017,00-0033594,C.Carson,RB,23.0,39.7,85.0
2017,00-0033891,Z.Jones,WR,22.0,70.60000000000001,85.0
2017,00-0029205,T.Cadet,RB,28.0,37.5,86.0
2017,00-0031051,J.Brown,WR,27.0,69.9,86.0
2017,00-0032577,D.Foster,RB,24.0,32.2,87.0
2017,00-0033871,C.Davis,WR,22.0,69.5,87.0
2017,00-0031897,T.Rawls,RB,24.0,32.1,88.0
2017,00-0032977,R.Higgins,WR,23.0,68.6,88.0
2017,00-0029319,J.Bellamy,WR,28.0,68.2,89.0
2017,00-0033748,T.Green,RB,24.0,31.9,89.0
2017,00-0030485,E.Lacy,RB,27.0,28.599999999999998,90.0
2017,00-0033839,D.Westbrook,WR,24.0,66.9,90.0
2017,00-0031375,T.West,RB,26.0,28.1,91.0
2017,00-0032966,C.Coleman,WR,23.0,65.5,91.0
2017,00-0028411,D.Inman,WR,28.0,65.3,92.0
2017,00-0029273,R.Turbin,RB,28.0,25.9,92.0
2017,00-0030465,K.Barner,RB,28.0,22.3,93.0
2017,00-0030516,B.Butler,WR,27.0,64.7,93.0
2017,00-0032417,P.Perkins,RB,23.0,21.6,94.0
2017,00-0033079,R.Louis,WR,23.0,62.7,94.0
2017,00-0026164,C.Johnson,RB,32.0,20.7,95.0
2017,00-0027874,D.Thomas,WR,30.0,62.1,95.0
2017,00-0023564,D.Sproles,RB,34.0,20.400000000000002,96.0
2017,00-0031344,C.Latimer,WR,25.0,61.7,96.0
2017,00-0029492,J.Olawale,RB,28.0,19.6,97.0
2017,00-0030091,T.King,WR,27.0,60.3,97.0
2017,00-0029731,F.Whittaker,RB,28.0,17.5,98.0
2017,00-0031570,J.Hardy,WR,26.0,60.1,98.0
2017,00-0031301,J.Hill,RB,25.0,17.2,99.0
2017,00-0032398,C.Moore,WR,24.0,59.900000000000006,99.0
2017,00-0032355,C.Rogers,WR,23.0,58.2,100.0
2017,00-0032393,C.Prosise,RB,23.0,17.0,100.0
2017,00-0027006,K.Britt,WR,29.0,57.6,101.0
2017,00-0031277,B.Oliver,RB,26.0,16.9,101.0
2017,00-0028011,S.Ridley,RB,28.0,16.8,102.0
2017,00-0029664,J.Gordon,WR,26.0,57.5,102.0
2017,00-0028116,A.Robinson,WR,29.0,57.0,103.0
2017,00-0031599,C.Artis-Payne,RB,27.0,16.700000000000003,103.0
2017,00-0031682,T.Ward,RB,25.0,15.3,104.0
2017,00-0033009,T.Boyd,WR,23.0,56.5,104.0
2017,00-0031025,M.Campanaro,WR,26.0,52.5,105.0
2017,00-0033553,J.Conner,RB,22.0,14.4,105.0
2017,00-0029384,B.Rainey,RB,30.0,13.0,106.0
2017,00-0030525,T.Austin,WR,27.0,50.7,106.0
2017,00-0028825,T.Pryor,WR,28.0,50.0,107.0
2017,00-0032187,Da.Johnson,RB,26.0,13.0,107.0
2017,00-0029572,J.Wright,WR,28.0,49.8,108.0
2017,00-0032404,T.Ervin,RB,24.0,13.0,108.0
2017,00-0028091,J.Kerley,WR,29.0,49.699999999999996,109.0
2017,00-0033581,D.Henderson,RB,25.0,12.9,109.0
2017,00-0032964,B.Marshall,RB,23.0,12.799999999999999,110.0
2017,00-0033911,T.Taylor,WR,22.0,49.4,110.0
2017,00-0029004,L.Dunbar,RB,27.0,12.2,111.0
2017,00-0032791,J.Grant,WR,25.0,46.5,111.0
2017,00-0032626,G.Allison,WR,23.0,46.3,112.0
2017,00-0033838,T.Edmunds,RB,23.0,10.8,112.0
2017,00-0028581,P.DiMarco,RB,28.0,9.6,113.0
2017,00-0030147,R.Shepard,WR,27.0,45.1,113.0
2017,00-0031743,A.Hunt,RB,24.0,9.4,114.0
2017,00-0032935,J.Holton,WR,26.0,44.8,114.0
2017,00-0033555,M.Hollins,WR,24.0,44.6,115.0
2017,00-0033567,B.Hill,RB,22.0,9.3,115.0
2017,00-0028263,A.Holmes,WR,29.0,43.0,116.0
2017,00-0031665,Z.Zenner,RB,26.0,8.6,116.0
2017,00-0029239,B.Bolden,RB,27.0,8.4,117.0
2017,00-0032775,D.Robinson,WR,23.0,42.2,117.0
2017,00-0033307,K.Bourne,WR,22.0,41.7,118.0
2017,00-0033596,M.Dayes,RB,23.0,8.200000000000001,118.0
2017,00-0032450,D.Washington,RB,23.0,7.800000000000001,119.0
2017,00-0033069,B.Miller,WR,25.0,41.3,119.0
2017,00-0031060,D.Thomas,WR,24.0,40.7,120.0
2017,00-0031959,M.Murphy,RB,26.0,6.8,120.0
2017,00-0032130,J.Fowler,RB,27.0,6.3999999999999995,121.0
2017,00-0032951,L.Treadwell,WR,22.0,40.0,121.0
2017,00-0031868,D.Byrd,WR,24.0,39.7,122.0
2017,00-0033413,D.Smith,RB,23.0,5.7,122.0
2017,00-0031332,F.Toussaint,RB,27.0,5.3999999999999995,123.0
2017,00-0031782,E.Rogers,WR,25.0,38.9,123.0
2017,00-0032377,J.Ferguson,RB,24.0,5.1,124.0
2017,00-0032543,A.Erickson,WR,25.0,37.6,124.0
2017,00-0024334,B.Marshall,WR,33.0,33.4,125.0
2017,00-0032048,M.Brown,RB,26.0,5.0,125.0
2017,00-0032794,D.Vitale,RB,24.0,4.9,126.0
2017,00-0033282,C.Samuel,WR,21.0,32.9,126.0
2017,00-0031209,S.Perry,RB,26.0,4.300000000000001,127.0
2017,00-0032208,P.Dorsett,WR,24.0,32.1,127.0
2017,00-0031055,A.Williams,RB,25.0,2.5,128.0
2017,00-0033006,J.Mickens,WR,23.0,31.700000000000003,128.0
2017,00-0028063,T.Jones,RB,29.0,2.1,129.0
2017,00-0032881,T.Lewis,WR,25.0,29.0,129.0
2017,00-0030711,D.Fluellen,RB,25.0,2.1,130.0
2017,00-0032128,C.Conley,WR,25.0,28.5,130.0
2017,00-0028497,K.Aiken,WR,28.0,28.299999999999997,131.0
2017,00-0031939,M.Jones,RB,24.0,1.4000000000000001,131.0
2017,00-0033384,L.Daniels,RB,22.0,1.4,132.0
2017,00-0033943,J.Reynolds,WR,22.0,27.4,132.0
2017,00-0031697,J.Taylor,WR,25.0,27.2,133.0
2017,00-0033304,D.Mays,RB,23.0,1.1,133.0
2017,00-0027089,L.Murphy,WR,30.0,26.1,134.0
2017,00-0031687,R.Mostert,RB,25.0,1.0,134.0
2017,00-0029293,M.Jones Jr.,WR,27.0,26.1,135.0
2017,00-0031793,T.Watson,RB,24.0,0.7999999999999999,135.0
2017,00-0033111,P.Cooper,WR,22.0,26.0,136.0
2017,00-0033760,J.Davis,RB,22.0,0.1,136.0
2017,00-0027861,C.Spiller,RB,30.0,0.0,137.0
2017,00-0032115,K.Clay,WR,25.0,23.200000000000003,137.0
2017,00-0028121,J.Todman,RB,27.0,0.0,138.0
2017,00-0032123,T.McBride,WR,25.0,22.4,138.0
2017,00-0029394,B.Bersin,WR,27.0,20.8,139.0
2017,00-0032804,D.Lasco,RB,25.0,0.0,139.0
2017,00-0033296,A.Armah,RB,23.0,0.0,140.0
2017,00-0033536,M.Williams,WR,23.0,20.500000000000004,140.0
2017,00-0027057,B.Tate,WR,30.0,20.1,141.0
2017,00-0033955,J.McNichols,RB,22.0,0.0,141.0
2017,00-0026144,D.McFadden,RB,30.0,-0.2,142.0
2017,00-0033859,J.Malone,WR,21.0,18.5,142.0
2017,00-0032298,B.Hill,RB,24.0,-0.2,143.0
2017,00-0033840,C.Hansen,WR,22.0,18.4,143.0
2017,00-0033717,T.Rudolph,WR,22.0,18.1,144.0
2017,00-0029638,M.Floyd,WR,28.0,17.8,145.0
2017,00-0032054,B.Perriman,WR,24.0,17.7,146.0
2017,00-0032250,K.Williams,WR,25.0,17.4,147.0
2017,00-0030663,W.Snead,WR,25.0,17.2,148.0
2017,00-0033916,A.Stewart,WR,24.0,16.9,149.0
2017,00-0033572,J.Agnew,WR,22.0,16.7,150.0
2017,00-0033562,R.Switzer,WR,23.0,16.6,151.0
2017,00-0032839,H.Sharp,WR,23.0,16.4,152.0
2017,00-0032362,M.Harris,WR,25.0,16.2,153.0
2017,00-0026983,D.Heyward-Bey,WR,30.0,15.9,154.0
2017,00-0033937,A.Darboh,WR,23.0,15.1,155.0
2017,00-0030737,F.Martino,WR,26.0,14.6,156.0
2017,00-0033114,M.Thomas,WR,23.0,14.3,157.0
2017,00-0033094,M.Hall,WR,24.0,14.0,158.0
2017,00-0033060,L.Carroo,WR,23.0,13.9,159.0
2017,00-0029640,B.Quick,WR,28.0,13.6,160.0
2017,00-0032724,B.Treggs,WR,23.0,13.5,161.0
2017,00-0033855,C.Thompson,WR,23.0,13.4,162.0
2017,00-0032423,T.Davis,WR,24.0,13.3,163.0
2017,00-0032166,S.Coates,WR,24.0,13.0,164.0
2017,00-0031560,J.Strong,WR,23.0,12.8,165.0
2017,00-0030521,J.Hunter,WR,26.0,12.3,166.0
2017,00-0032475,T.McEvoy,WR,24.0,12.299999999999999,167.0
2017,00-0029336,B.Golden,WR,29.0,12.0,168.0
2017,00-0033434,B.Wilson,WR,22.0,9.600000000000001,169.0
2017,00-0032980,M.Johnson,WR,23.0,9.5,170.0
2017,00-0033933,C.Williams,WR,23.0,9.4,171.0
2017,00-0030460,M.Wheaton,WR,26.0,8.100000000000001,172.0
2017,00-0033352,M.Clark,WR,22.0,8.1,173.0
2017,00-0031021,J.Abbrederis,WR,27.0,7.4,174.0
2017,00-0033466,I.McKenzie,WR,22.0,7.3,175.0
2017,00-0033591,N.Brown,WR,21.0,7.3,176.0
2017,00-0031514,Q.Bray,WR,24.0,6.9,177.0
2017,00-0033633,T.Gentry,WR,23.0,6.5,178.0
2017,00-0029033,G.Whalen,WR,27.0,6.3,179.0
2017,00-0029848,N.Williams,WR,27.0,6.0,180.0
2017,00-0030743,B.Reedy,WR,26.0,5.8,181.0
2017,00-0028702,C.Matthews,WR,28.0,5.5,182.0
2017,00-0033266,J.Natson,WR,23.0,5.300000000000001,183.0
2017,00-0033464,J.Chesson,WR,24.0,3.8,184.0
2017,00-0031801,J.Leslie,WR,26.0,3.6,185.0
2017,00-0031511,D.White,WR,26.0,3.4,186.0
2017,00-0032656,D.Powe,WR,23.0,3.3,187.0
2017,00-0031001,J.Janis,WR,26.0,3.2,188.0
2017,00-0033573,S.Gibson,WR,22.0,3.1,189.0
2017,00-0031428,A.Robinson,WR,24.0,2.7,190.0
2017,00-0031545,K.White,WR,25.0,2.6,191.0
2017,00-0027654,A.Benn,WR,29.0,2.2,192.0
2017,00-0027691,A.Roberts,WR,29.0,2.2,193.0
2017,00-0032464,K.Raymond,WR,23.0,2.1,194.0
2017,00-0026224,H.Douglas,WR,33.0,1.8,195.0
2017,00-0030290,C.Hamilton,WR,27.0,1.8,196.0
2017,00-0024535,E.Weems,WR,32.0,1.5,197.0
2017,00-0031834,L.Pinkard,WR,25.0,1.5,198.0
2017,00-0032937,M.McCaffrey,WR,23.0,1.4,199.0
2017,00-0032959,C.Peake,WR,25.0,1.3,200.0
2017,00-0031315,M.Hazel,WR,25.0,1.1,201.0
2017,00-0026293,M.Slater,WR,32.0,0.0,202.0
2017,00-0028114,D.Harris,WR,30.0,0.0,203.0
2017,00-0032553,J.Billingsley,WR,24.0,0.0,204.0
2017,00-0032621,R.Scott,WR,25.0,0.0,205.0
2017,00-0032705,E.Eagan,WR,24.0,0.0,206.0
2017,00-0032707,A.Jones,WR,23.0,0.0,207.0
2017,00-0032795,C.Core,WR,23.0,0.0,208.0
2017,00-0032926,K.Brent,WR,24.0,0.0,209.0
2017,00-0033087,M.Bundy,WR,23.0,0.0,210.0
2017,00-0033306,V.Bolden,WR,22.0,0.0,211.0
2017,00-0033449,I.Whitney,WR,23.0,0.0,212.0
2017,00-0033552,B.Langley,WR,23.0,0.0,213.0
2017,00-0033604,K.Hogan,WR,22.0,0.0,214.0
2017,00-0033968,S.Coley,WR,23.0,0.0,215.0
2017,00-0033460,J.Ross,WR,22.0,-0.8,216.0
2018,00-0033040,T.Hill,WR,24.0,334.0,1.0
2018,00-0033873,P.Mahomes,QB,23.0,417.08000000000004,1.0
2018,00-0034844,S.Barkley,RB,21.0,385.8,1.0
2018,00-0026143,M.Ryan,QB,33.0,354.96,2.0
2018,00-0030564,D.Hopkins,WR,26.0,333.5,2.0
2018,00-0033280,C.McCaffrey,RB,22.0,385.5,2.0
2018,00-0022924,B.Roethlisberger,QB,36.0,341.86,3.0
2018,00-0031381,D.Adams,WR,26.0,329.6,3.0
2018,00-0032241,T.Gurley,RB,24.0,372.1,3.0
2018,00-0027944,J.Jones,WR,29.0,325.9,4.0
2018,00-0033537,D.Watson,QB,23.0,331.7,4.0
2018,00-0033906,A.Kamara,RB,23.0,354.2,4.0
2018,00-0027793,A.Brown,WR,30.0,323.7,5.0
2018,00-0029668,A.Luck,QB,29.0,327.92,5.0
2018,00-0033045,E.Elliott,RB,23.0,329.1,5.0
2018,00-0023459,A.Rodgers,QB,35.0,312.58,6.0
2018,00-0032765,M.Thomas,WR,25.0,315.5,6.0
2018,00-0033553,J.Conner,RB,23.0,280.0,6.0
2018,00-0030035,A.Thielen,WR,28.0,307.3,7.0
2018,00-0031062,J.White,RB,26.0,276.6,7.0
2018,00-0033106,J.Goff,QB,24.0,310.32,7.0
2018,00-0020531,D.Brees,QB,39.0,304.98,8.0
2018,00-0032144,M.Gordon,RB,25.0,275.5,8.0
2018,00-0033857,J.Smith-Schuster,WR,22.0,296.9,8.0
2018,00-0029263,R.Wilson,QB,30.0,299.42,9.0
2018,00-0031408,M.Evans,WR,25.0,284.4,9.0
2018,00-0032187,D.Johnson,RB,27.0,246.6,9.0
2018,00-0031588,S.Diggs,WR,25.0,266.3,10.0
2018,00-0033077,D.Prescott,QB,25.0,285.9,10.0
2018,00-0033897,J.Mixon,RB,22.0,243.4,10.0
2018,00-0022942,P.Rivers,QB,37.0,285.02,11.0
2018,00-0030431,R.Woods,WR,26.0,265.6,11.0
2018,00-0033556,T.Cohen,RB,23.0,233.94,11.0
2018,00-0029604,K.Cousins,QB,30.0,283.12,12.0
2018,00-0030279,K.Allen,WR,26.0,260.1,12.0
2018,00-0033923,K.Hunt,RB,23.0,230.2,12.0
2018,00-0027939,C.Newton,QB,29.0,282.6,13.0
2018,00-0031236,B.Cooks,WR,25.0,243.2,13.0
2018,00-0034109,P.Lindsay,RB,24.0,222.8,13.0
2018,00-0019596,T.Brady,QB,41.0,281.3,14.0
2018,00-0029608,T.Hilton,WR,29.0,239.0,14.0
2018,00-0033118,K.Drake,RB,24.0,206.20000000000002,14.0
2018,00-0031235,O.Beckham,WR,26.0,232.34,15.0
2018,00-0033594,C.Carson,RB,24.0,201.4,15.0
2018,00-0033869,M.Trubisky,QB,24.0,263.02,15.0
2018,00-0032211,T.Lockett,WR,26.0,222.4,16.0
2018,00-0032764,D.Henry,RB,24.0,201.35999999999999,16.0
2018,00-0034855,B.Mayfield,QB,23.0,240.1,16.0
2018,00-0022803,E.Manning,QB,37.0,239.95999999999998,17.0
2018,00-0033009,T.Boyd,WR,24.0,221.1,17.0
2018,00-0034791,N.Chubb,RB,23.0,194.5,17.0
2018,00-0031280,D.Carr,QB,27.0,216.76,18.0
2018,00-0031382,J.Landry,WR,26.0,217.12,18.0
2018,00-0032058,T.Coleman,RB,25.0,193.6,18.0
2018,00-0025394,A.Peterson,RB,33.0,189.0,19.0
2018,00-0028986,C.Keenum,QB,30.0,214.9,19.0
2018,00-0031544,A.Cooper,WR,24.0,215.5,19.0
2018,00-0026498,M.Stafford,QB,30.0,212.18,20.0
2018,00-0027150,J.Edelman,WR,32.0,207.42000000000002,20.0
2018,00-0032780,J.Howard,RB,24.0,180.0,20.0
2018,00-0033932,K.Golladay,WR,25.0,207.1,21.0
2018,00-0033951,M.Mack,RB,22.0,178.1,21.0
2018,00-0034857,J.Allen,QB,22.0,206.86,21.0
2018,00-0031503,J.Winston,QB,24.0,195.78,22.0
2018,00-0032209,T.Yeldon,RB,25.0,173.1,22.0
2018,00-0034837,C.Ridley,WR,24.0,206.8,22.0
2018,00-0027685,E.Sanders,WR,31.0,198.22,23.0
2018,00-0029615,L.Miller,RB,27.0,172.6,23.0
2018,00-0032950,C.Wentz,QB,26.0,193.66,23.0
2018,00-0032009,A.Humphries,WR,25.0,188.7,24.0
2018,00-0032268,M.Mariota,QB,25.0,175.92000000000002,24.0
2018,00-0033293,A.Jones,RB,24.0,171.4,24.0
2018,00-0022921,L.Fitzgerald,WR,35.0,185.68,25.0
2018,00-0027973,A.Dalton,QB,31.0,174.54,25.0
2018,00-0033699,A.Ekeler,RB,23.0,168.8,25.0
2018,00-0029137,A.Jeffery,WR,28.0,185.3,26.0
2018,00-0031407,B.Bortles,QB,26.0,173.22,26.0
2018,00-0033308,M.Breida,RB,23.0,162.5,26.0
2018,00-0033921,C.Godwin,WR,22.0,185.2,27.0
2018,00-0034367,N.Hines,RB,22.0,160.9,27.0
2018,00-0034869,S.Darnold,QB,21.0,168.1,27.0
2018,00-0023682,R.Fitzpatrick,QB,36.0,165.84,28.0
2018,00-0028087,D.Lewis,RB,28.0,160.7,28.0
2018,00-0033871,C.Davis,WR,23.0,183.6,28.0
2018,00-0027891,G.Tate,WR,30.0,182.9,29.0
2018,00-0033025,J.Richard,RB,25.0,156.6,29.0
2018,00-0034796,L.Jackson,QB,21.0,157.54,29.0
2018,00-0029701,R.Tannehill,QB,30.0,142.96,30.0
2018,00-0032385,S.Shepard,WR,25.0,182.5,30.0
2018,00-0033893,D.Cook,RB,23.0,152.0,30.0
2018,00-0023436,A.Smith,QB,34.0,138.0,31.0
2018,00-0029632,M.Sanu,WR,29.0,182.4,31.0
2018,00-0032741,P.Barber,RB,24.0,150.3,31.0
2018,00-0026158,J.Flacco,QB,33.0,137.1,32.0
2018,00-0027966,M.Ingram,RB,29.0,142.5,32.0
2018,00-0033839,D.Westbrook,WR,25.0,181.5,32.0
2018,00-0030656,I.Crowell,RB,25.0,140.70000000000002,33.0
2018,00-0033319,N.Mullens,QB,23.0,123.48,33.0
2018,00-0033536,M.Williams,WR,24.0,180.2,33.0
2018,00-0031549,N.Agholor,WR,25.0,165.4,34.0
2018,00-0034343,J.Rosen,QB,21.0,112.92,34.0
2018,00-0034349,K.Johnson,RB,21.0,139.4,34.0
2018,00-0032436,J.Driskel,QB,25.0,85.12,35.0
2018,00-0033891,Z.Jones,WR,23.0,165.2,35.0
2018,00-0034845,S.Michel,RB,23.0,139.1,35.0
2018,00-0029567,N.Foles,QB,29.0,76.22,36.0
2018,00-0032063,M.Davis,RB,25.0,136.79999999999998,36.0
2018,00-0034827,D.Moore,WR,21.0,159.0,36.0
2018,00-0026176,J.Nelson,WR,33.0,156.7,37.0
2018,00-0032257,D.Johnson,RB,25.0,132.0,37.0
2018,00-0033936,C.Beathard,QB,25.0,74.98,37.0
2018,00-0027874,De.Thomas,WR,31.0,156.7,38.0
2018,00-0029682,B.Osweiler,QB,28.0,67.98,38.0
2018,00-0030513,L.Murray,RB,28.0,131.9,38.0
2018,00-0026300,J.Johnson,QB,32.0,49.6,39.0
2018,00-0027029,L.McCoy,RB,30.0,127.2,39.0
2018,00-0032688,R.Anderson,WR,25.0,156.4,39.0
2018,00-0031345,J.Garoppolo,QB,27.0,48.019999999999996,40.0
2018,00-0031428,A.Robinson II,WR,25.0,153.3,40.0
2018,00-0033856,L.Fournette,RB,23.0,120.4,40.0
2018,00-0028118,T.Taylor,QB,29.0,41.419999999999995,41.0
2018,00-0029613,D.Martin,RB,29.0,119.89999999999999,41.0
2018,00-0031228,T.Gabriel,WR,27.0,151.9,41.0
2018,00-0026189,D.Jackson,WR,32.0,151.29999999999998,42.0
2018,00-0032782,W.Smallwood,RB,24.0,119.4,42.0
2018,00-0033104,C.Kessler,QB,25.0,38.660000000000004,42.0
2018,00-0027948,B.Gabbert,QB,29.0,33.04,43.0
2018,00-0029000,C.Beasley,WR,29.0,150.2,43.0
2018,00-0030107,T.Riddick,RB,27.0,116.5,43.0
2018,00-0026544,C.Daniel,QB,32.0,30.7,44.0
2018,00-0027942,A.Green,WR,30.0,149.4,44.0
2018,00-0033948,J.Williams,RB,23.0,114.4,44.0
2018,00-0027688,C.McCoy,QB,32.0,27.18,45.0
2018,00-0031051,J.Brown,WR,28.0,143.9,45.0
2018,00-0032426,A.Collins,RB,24.0,108.6,45.0
2018,00-0023500,F.Gore,RB,35.0,102.6,46.0
2018,00-0028434,D.Baldwin,WR,30.0,141.79999999999998,46.0
2018,00-0034577,K.Allen,QB,22.0,26.54,46.0
2018,00-0021206,J.McCown,QB,39.0,20.759999999999998,47.0
2018,00-0033282,C.Samuel,WR,22.0,138.8,47.0
2018,00-0034838,R.Freeman,RB,22.0,101.3,47.0
2018,00-0029664,J.Gordon,WR,27.0,138.7,48.0
2018,00-0030533,M.Barkley,QB,28.0,17.08,48.0
2018,00-0030874,Dam. Williams,RB,26.0,98.6,48.0
2018,00-0030578,C.Patterson,RB,27.0,98.5,49.0
2018,00-0031800,T.Heinicke,QB,25.0,13.9,49.0
2018,00-0032160,Ty.Williams,WR,26.0,137.8,49.0
2018,00-0031045,C.Hyde,RB,28.0,98.4,50.0
2018,00-0033958,N.Peterman,QB,24.0,12.840000000000002,50.0
2018,00-0034348,C.Sutton,WR,23.0,136.3,50.0
2018,00-0027854,S.Bradford,QB,31.0,12.7,51.0
2018,00-0033908,C.Kupp,WR,25.0,135.1,51.0
2018,00-0034378,I.Smith,RB,23.0,97.7,51.0
2018,00-0030085,K.Stills,WR,26.0,134.42,52.0
2018,00-0030520,M.Glennon,QB,29.0,10.959999999999999,52.0
2018,00-0031075,A.Blue,RB,27.0,97.3,52.0
2018,00-0030456,G.Bernard,RB,27.0,95.9,53.0
2018,00-0031237,T.Bridgewater,QB,26.0,7.22,53.0
2018,00-0031339,D.Moncrief,WR,25.0,132.8,53.0
2018,00-0023645,D.Anderson,QB,35.0,6.5,54.0
2018,00-0026986,M.Crabtree,WR,31.0,132.7,54.0
2018,00-0031577,J.Allen,RB,27.0,93.60000000000001,54.0
2018,00-0030404,C.Thompson,RB,28.0,91.6,55.0
2018,00-0033899,D.Kizer,QB,22.0,5.38,55.0
2018,00-0034772,A.Callaway,WR,21.0,132.3,55.0
2018,00-0026035,D.Amendola,WR,33.0,127.42,56.0
2018,00-0032792,N.Sudfeld,QB,25.0,4.68,56.0
2018,00-0034184,G.Edwards,RB,23.0,89.8,56.0
2018,00-0027796,J.Webb,QB,32.0,3.3,57.0
2018,00-0034331,J.Samuels,RB,22.0,89.5,57.0
2018,00-0034775,C.Kirk,WR,22.0,123.5,57.0
2018,00-0023662,M.Cassel,QB,36.0,1.6600000000000001,58.0
2018,00-0032055,D.Funchess,WR,24.0,122.9,58.0
2018,00-0032972,D.Booker,RB,26.0,87.8,58.0
2018,00-0027325,L.Blount,RB,32.0,86.5,59.0
2018,00-0031395,G.Gilbert,QB,27.0,1.6,59.0
2018,00-0034353,A.Miller,WR,24.0,120.22,59.0
2018,00-0026197,C.Henne,QB,33.0,1.46,60.0
2018,00-0030663,W.Snead IV,WR,26.0,119.5,60.0
2018,00-0033295,E.McGuire,RB,24.0,85.9,60.0
2018,00-0022787,M.Schaub,QB,37.0,1.1,61.0
2018,00-0028083,J.Rodgers,RB,28.0,83.0,61.0
2018,00-0032977,R.Higgins,WR,24.0,118.2,61.0
2018,00-0029665,R.Griffin III,QB,28.0,0.84,62.0
2018,00-0032355,C.Rogers,WR,24.0,117.1,62.0
2018,00-0034457,J.Adams,RB,22.0,81.9,62.0
2018,00-0029293,M.Jones,WR,28.0,115.8,63.0
2018,00-0033725,C.Clement,RB,24.0,81.10000000000001,63.0
2018,00-0033949,J.Dobbs,QB,23.0,0.8200000000000001,63.0
2018,00-0025399,M.Lynch,RB,32.0,79.0,64.0
2018,00-0026898,M.Sanchez,QB,32.0,0.31999999999999984,64.0
2018,00-0031325,S.Watkins,WR,25.0,115.10000000000001,64.0
2018,00-0030414,S.Ware,RB,27.0,79.0,65.0
2018,00-0031288,A.McCarron,QB,28.0,0.12,65.0
2018,00-0033307,K.Bourne,WR,23.0,114.7,65.0
2018,00-0027531,C.Ivory,RB,30.0,74.0,66.0
2018,00-0032245,S.Mannion,QB,26.0,0.01999999999999999,66.0
2018,00-0034272,M.Valdes-Scantling,WR,24.0,111.0,66.0
2018,00-0029677,B.Weeden,QB,35.0,-0.1,67.0
2018,00-0032760,J.Doctson,WR,26.0,109.2,67.0
2018,00-0034750,R.Penny,RB,22.0,70.4,67.0
2018,00-0029141,A.Morris,RB,30.0,68.1,68.0
2018,00-0031166,S.Roberts,WR,27.0,106.9,68.0
2018,00-0033597,C.Kelly,QB,24.0,-0.1,68.0
2018,00-0026625,B.Hoyer,QB,33.0,-0.52,69.0
2018,00-0029854,C.Anderson,RB,27.0,67.4,69.0
2018,00-0033127,W.Fuller,WR,24.0,106.3,69.0
2018,00-0028237,C.Hogan,WR,31.0,106.2,70.0
2018,00-0033119,J.Brissett,QB,26.0,-0.62,70.0
2018,00-0034681,C.Edmonds,RB,22.0,63.1,70.0
2018,00-0030565,G.Smith,QB,28.0,-1.4800000000000002,71.0
2018,00-0031102,K.Bibbs,RB,25.0,61.8,71.0
2018,00-0034860,D.Pettis,WR,23.0,103.5,71.0
2018,00-0033589,D.Moore,WR,23.0,101.0,72.0
2018,00-0034369,K.Lauletta,QB,23.0,-2.2,72.0
2018,00-0034440,J.Jackson,RB,22.0,61.1,72.0
2018,00-0023564,D.Sproles,RB,35.0,61.0,73.0
2018,00-0034765,T.Smith,WR,22.0,100.7,73.0
2018,00-0028064,B.Powell,RB,30.0,60.3,74.0
2018,00-0033943,J.Reynolds,WR,23.0,100.0,74.0
2018,00-0034400,J.Wilkins,RB,24.0,60.1,75.0
2018,00-0034510,R.Foster,WR,24.0,99.1,75.0
2018,00-0031665,Z.Zenner,RB,27.0,57.1,76.0
2018,00-0034764,M.Gallup,WR,22.0,97.7,76.0
2018,00-0029572,J.Wright,WR,29.0,97.6,77.0
2018,00-0032411,K.Dixon,RB,24.0,54.4,77.0
2018,00-0030288,R.Burkhead,RB,28.0,49.7,78.0
2018,00-0030669,A.Wilson,WR,26.0,96.78,78.0
2018,00-0032128,C.Conley,WR,26.0,91.39999999999999,79.0
2018,00-0034164,T.Cannon,RB,24.0,48.7,79.0
2018,00-0033681,K.Cole,WR,25.0,89.1,80.0
2018,00-0033950,W.Gallman,RB,24.0,44.5,80.0
2018,00-0033911,T.Taylor,WR,23.0,87.6,81.0
2018,00-0034115,J.Wilson,RB,23.0,44.4,81.0
2018,00-0030068,M.Goodwin,WR,28.0,87.4,82.0
2018,00-0031590,J.Ajayi,RB,25.0,43.4,82.0
2018,00-0031023,Q.Enunwa,WR,26.0,86.9,83.0
2018,00-0031806,M.Brown,RB,25.0,39.4,83.0
2018,00-0028002,R.Cobb,WR,28.0,86.3,84.0
2018,00-0031687,R.Mostert,RB,26.0,38.6,84.0
2018,00-0031959,M.Murphy,RB,27.0,38.6,85.0
2018,00-0033460,J.Ross,WR,23.0,84.89999999999999,85.0
2018,00-0031941,J.Crowder,WR,25.0,82.8,86.0
2018,00-0034799,K.Ballage,RB,23.0,37.7,86.0
2018,00-0031900,R.Smith,RB,26.0,33.7,87.0
2018,00-0032208,P.Dorsett,WR,25.0,81.9,87.0
2018,00-0029159,J.Kearse,WR,28.0,80.10000000000001,88.0
2018,00-0029239,B.Bolden,RB,28.0,29.4,88.0
2018,00-0028411,D.Inman,WR,29.0,76.4,89.0
2018,00-0033373,T.Mizzell,RB,25.0,23.4,89.0
2018,00-0031731,C.Grant,RB,27.0,19.700000000000003,90.0
2018,00-0032775,D.Robinson,WR,24.0,74.8,90.0
2018,00-0031068,R.Grant,WR,28.0,74.4,91.0
2018,00-0034816,R.Jones,RB,21.0,18.5,91.0
2018,00-0032200,T.Montgomery,WR,25.0,73.3,92.0
2018,00-0034253,D.Hilliard,RB,23.0,17.5,92.0
2018,00-0031599,C.Artis-Payne,RB,28.0,17.400000000000002,93.0
2018,00-0032791,J.Grant,WR,26.0,72.3,93.0
2018,00-0032778,T.Sharpe,WR,24.0,71.2,94.0
2018,00-0034301,Dar.Williams,RB,23.0,16.1,94.0
2018,00-0032951,L.Treadwell,WR,23.0,71.2,95.0
2018,00-0033567,B.Hill,RB,23.0,15.6,95.0
2018,00-0028116,A.Robinson,WR,30.0,70.1,96.0
2018,00-0032450,D.Washington,RB,24.0,15.400000000000002,96.0
2018,00-0033296,A.Armah,RB,24.0,15.0,97.0
2018,00-0033562,R.Switzer,WR,24.0,69.4,97.0
2018,00-0028011,S.Ridley,RB,29.0,14.8,98.0
2018,00-0031359,K.Benjamin,WR,27.0,69.0,98.0
2018,00-0031285,D.Freeman,RB,26.0,14.1,99.0
2018,00-0033251,Z.Pascal,WR,24.0,66.80000000000001,99.0
2018,00-0034370,D.Hamilton,WR,23.0,66.3,100.0
2018,00-0034509,K.Ford,RB,24.0,13.0,100.0
2018,00-0034366,K.Coutee,WR,21.0,62.699999999999996,101.0
2018,00-0034679,M.Walton,RB,21.0,12.5,101.0
2018,00-0032626,G.Allison,WR,24.0,62.3,102.0
2018,00-0034808,J.Kelly,RB,22.0,12.100000000000001,102.0
2018,00-0030668,C.West,RB,27.0,11.600000000000001,103.0
2018,00-0032054,B.Perriman,WR,25.0,62.2,103.0
2018,00-0030821,A.Hurns,WR,27.0,61.5,104.0
2018,00-0032940,D.Washington,RB,25.0,11.4,104.0
2018,00-0031547,D.Parker,WR,25.0,60.9,105.0
2018,00-0033789,T.Logan,RB,24.0,10.9,105.0
2018,00-0030300,J.Brown,WR,28.0,60.6,106.0
2018,00-0033925,D.Foreman,RB,22.0,10.7,106.0
2018,00-0028581,P.DiMarco,RB,29.0,10.1,107.0
2018,00-0033375,T.Patrick,WR,25.0,60.2,107.0
2018,00-0031326,B.Ellington,WR,27.0,59.6,108.0
2018,00-0034565,D.Newsome,RB,24.0,8.8,108.0
2018,00-0030465,K.Barner,RB,29.0,8.4,109.0
2018,00-0032362,M.Harris,WR,26.0,59.4,109.0
2018,00-0031257,P.Richardson,WR,26.0,59.1,110.0
2018,00-0032964,B.Marshall,RB,24.0,7.9,110.0
2018,00-0026345,P.Garcon,WR,32.0,58.599999999999994,111.0
2018,00-0034221,R.Thomas,RB,23.0,7.1,111.0
2018,00-0033292,T.Taylor,WR,24.0,55.5,112.0
2018,00-0034208,M.Boone,RB,23.0,6.800000000000001,112.0
2018,00-0033466,I.McKenzie,WR,23.0,54.5,113.0
2018,00-0033526,S.Perine,RB,23.0,6.7,113.0
2018,00-0032404,T.Ervin,RB,25.0,6.5,114.0
2018,00-0034279,E.St. Brown,WR,22.0,54.3,114.0
2018,00-0028825,T.Pryor,WR,29.0,53.1,115.0
2018,00-0034621,S.Wilson,RB,23.0,6.4,115.0
2018,00-0025396,T.Ginn,WR,33.0,52.5,116.0
2018,00-0032104,A.Abdullah,RB,25.0,5.9,116.0
2018,00-0027996,T.Smith,WR,29.0,50.0,117.0
2018,00-0032393,C.Prosise,RB,24.0,4.9,117.0
2018,00-0030433,M.Gillislee,RB,28.0,4.2,118.0
2018,00-0031189,T.Jones,WR,26.0,50.0,118.0
2018,00-0031301,J.Hill,RB,26.0,4.1,119.0
2018,00-0032398,C.Moore,WR,25.0,46.3,119.0
2018,00-0033374,R.Ortiz,RB,24.0,4.1,120.0
2018,00-0034487,T.Sherfield,WR,22.0,46.0,120.0
2018,00-0031373,M.Bryant,WR,27.0,45.9,121.0
2018,00-0034201,D.Turner,RB,23.0,4.1,121.0
2018,00-0029795,B.Cunningham,RB,28.0,3.9,122.0
2018,00-0034317,K.Kirkwood,WR,24.0,45.9,122.0
2018,00-0031763,D.Carter,WR,25.0,44.3,123.0
2018,00-0034427,D.Williams,RB,24.0,3.6000000000000005,123.0
2018,00-0026213,J.Charles,RB,32.0,3.4,124.0
2018,00-0034676,J.Washington,WR,22.0,43.7,124.0
2018,00-0029492,J.Olawale,RB,29.0,3.3,125.0
2018,00-0030670,B.Fowler,WR,27.0,41.9,125.0
2018,00-0029205,T.Cadet,RB,29.0,3.2,126.0
2018,00-0033933,C.Williams,WR,24.0,41.0,126.0
2018,00-0030147,R.Shepard,WR,28.0,40.8,127.0
2018,00-0031569,J.Langford,RB,27.0,2.5,127.0
2018,00-0029269,T.Benjamin,WR,29.0,40.7,128.0
2018,00-0034816,R.Jones II,RB,21.0,2.2,128.0
2018,00-0030525,T.Austin,WR,28.0,39.5,129.0
2018,00-0033760,J.Davis,RB,23.0,1.9,129.0
2018,00-0026153,J.Stewart,RB,31.0,1.7000000000000002,130.0
2018,00-0031570,J.Hardy,WR,27.0,39.3,130.0
2018,00-0032543,A.Erickson,WR,26.0,38.9,131.0
2018,00-0033049,D.Jackson,RB,25.0,1.6,131.0
2018,00-0027691,A.Roberts,WR,30.0,37.9,132.0
2018,00-0030711,D.Fluellen,RB,26.0,1.5999999999999999,132.0
2018,00-0027681,B.LaFell,WR,32.0,37.5,133.0
2018,00-0032593,B.Wilds,RB,25.0,1.5,133.0
2018,00-0032794,D.Vitale,RB,25.0,1.2,134.0
2018,00-0032795,C.Core,WR,24.0,37.0,134.0
2018,00-0032975,J.Williams,RB,24.0,1.0999999999999999,135.0
2018,00-0034747,M.Ateman,WR,24.0,36.4,135.0
2018,00-0030432,C.Michael,RB,28.0,0.9,136.0
2018,00-0031344,C.Latimer,WR,26.0,36.0,136.0
2018,00-0032602,J.McKissic,RB,25.0,0.8,137.0
2018,00-0034286,R.James,WR,23.0,34.0,137.0
2018,00-0029319,J.Bellamy,WR,29.0,33.7,138.0
2018,00-0032371,R.Kelley,RB,26.0,0.7999999999999999,138.0
2018,00-0029388,D.Thompson,WR,29.0,33.1,139.0
2018,00-0033955,J.McNichols,RB,23.0,0.4,139.0
2018,00-0029273,R.Turbin,RB,29.0,0.3,140.0
2018,00-0033094,M.Hall,WR,25.0,30.900000000000002,140.0
2018,00-0028063,T.Jones,RB,30.0,0.0,141.0
2018,00-0033382,A.Carr,WR,25.0,30.7,141.0
2018,00-0024334,B.Marshall,WR,34.0,30.6,142.0
2018,00-0031209,S.Perry,RB,27.0,0.0,142.0
2018,00-0032540,T.Carson,RB,26.0,0.0,143.0
2018,00-0034777,D.Chark,WR,22.0,29.4,143.0
2018,00-0028263,A.Holmes,WR,30.0,29.2,144.0
2018,00-0033596,M.Dayes,RB,24.0,0.0,144.0
2018,00-0031972,D.Jennings,WR,26.0,28.14,145.0
2018,00-0033854,D.Ogunbowale,RB,24.0,0.0,145.0
2018,00-0029638,M.Floyd,WR,29.0,28.0,146.0
2018,00-0034414,B.Scott,RB,23.0,0.0,146.0
2018,00-0034273,D.Ratley,WR,23.0,27.4,147.0
2018,00-0034449,G.Howell,RB,22.0,0.0,147.0
2018,00-0032707,A.Jones,WR,24.0,25.0,148.0
2018,00-0034614,G.Igwebuike,RB,24.0,0.0,148.0
2018,00-0031912,C.Meredith,WR,26.0,24.4,149.0
2018,00-0033581,D.Henderson,RB,26.0,-0.0999999999999999,149.0
2018,00-0031787,J.Kumerow,WR,26.0,24.3,150.0
2018,00-0034646,B.Powell,WR,23.0,24.3,151.0
2018,00-0034653,D.Burnett,WR,21.0,24.3,152.0
2018,00-0034339,T.Quinn,WR,23.0,22.5,153.0
2018,00-0032980,M.Johnson,WR,24.0,22.0,154.0
2018,00-0031782,E.Rogers,WR,26.0,21.5,155.0
2018,00-0034631,V.Smith,WR,22.0,20.1,156.0
2018,00-0033060,L.Carroo,WR,24.0,18.8,157.0
2018,00-0030516,B.Butler,WR,28.0,18.0,158.0
2018,00-0028114,D.Harris,WR,31.0,17.2,159.0
2018,00-0034652,C.Batson,WR,23.0,16.3,160.0
2018,00-0030663,W.Snead,WR,26.0,14.9,161.0
2018,00-0032881,T.Lewis,WR,26.0,14.0,162.0
2018,00-0032112,J.Nelson,WR,26.0,13.399999999999999,163.0
2018,00-0031545,K.White,WR,26.0,13.200000000000001,164.0
2018,00-0032966,C.Coleman,WR,24.0,12.6,165.0
2018,00-0031060,D.Thomas,WR,25.0,12.5,166.0
2018,00-0034411,R.Gage,WR,22.0,12.299999999999999,167.0
2018,00-0028497,K.Aiken,WR,29.0,11.3,168.0
2018,00-0033591,N.Brown,WR,22.0,10.4,169.0
2018,00-0032170,R.Greene,WR,26.0,10.0,170.0
2018,00-0033434,B.Wilson,WR,23.0,9.2,171.0
2018,00-0034258,D.Willies,WR,24.0,9.1,172.0
2018,00-0034407,R.McCloud,WR,22.0,9.0,173.0
2018,00-0034499,J.Davis,WR,23.0,8.0,174.0
2018,00-0034309,C.Beebe,WR,24.0,7.8999999999999995,175.0
2018,00-0034686,A.Tate,WR,21.0,7.5,176.0
2018,00-0029580,R.Matthews,WR,29.0,7.4,177.0
2018,00-0034426,J.Wims,WR,24.0,7.2,178.0
2018,00-0034489,J.Tolliver,WR,23.0,6.7,179.0
2018,00-0033573,S.Gibson,WR,23.0,5.8,180.0
2018,00-0034054,R.Cracraft,WR,24.0,5.4,181.0
2018,00-0030521,J.Hunter,WR,27.0,5.1,182.0
2018,00-0029640,B.Quick,WR,29.0,4.800000000000001,183.0
2018,00-0032959,C.Peake,WR,26.0,4.5,184.0
2018,00-0034867,M.Turner,WR,22.0,4.0,185.0
2018,00-0030542,T.Williams,WR,29.0,3.8000000000000003,186.0
2018,00-0029848,N.Williamss,WR,28.0,3.7,187.0
2018,00-0034854,K.Hodge,WR,23.0,3.7,188.0
2018,00-0034268,J.Moore,WR,23.0,3.5,189.0
2018,00-0034052,B.Zylstra,WR,25.0,3.3,190.0
2018,00-0033474,G.Dieter,WR,25.0,3.2,191.0
2018,00-0028091,J.Kerley,WR,30.0,2.7,192.0
2018,00-0033379,T.White,WR,24.0,2.4,193.0
2018,00-0032166,S.Coates,WR,25.0,2.2,194.0
2018,00-0033859,J.Malone,WR,22.0,2.2,195.0
2018,00-0033306,V.Bolden,WR,23.0,2.0,196.0
2018,00-0034512,C.Phillips,WR,23.0,1.9,197.0
2018,00-0031868,D.Byrd,WR,25.0,1.8,198.0
2018,00-0033441,K.Hatcher,WR,24.0,1.8,199.0
2018,00-0034710,D.Kidsy,WR,23.0,1.8,200.0
2018,00-0033481,M.Kemp,WR,23.0,1.7,201.0
2018,00-0033572,J.Agnew,WR,23.0,1.7,202.0
2018,00-0034521,A.Lazard,WR,23.0,1.7,203.0
2018,00-0034386,J.Watson,WR,22.0,1.5,204.0
2018,00-0034560,J.Jones,WR,26.0,1.3,205.0
2018,00-0033464,J.Chesson,WR,25.0,1.2999999999999998,206.0
2018,00-0026983,D.Heyward-Bey,WR,31.0,1.2,207.0
2018,00-0026293,M.Slater,WR,33.0,0.0,208.0
2018,00-0026901,M.Wallace,WR,32.0,0.0,209.0
2018,00-0027057,B.Tate,WR,31.0,0.0,210.0
2018,00-0029848,N.Williams,WR,28.0,0.0,211.0
2018,00-0030737,F.Martino,WR,27.0,0.0,212.0
2018,00-0031953,G.Davis,WR,26.0,0.0,213.0
2018,00-0032115,K.Clay,WR,26.0,0.0,214.0
2018,00-0032423,T.Davis,WR,25.0,0.0,215.0
2018,00-0032475,T.McEvoy,WR,25.0,0.0,216.0
2018,00-0032935,J.Holton,WR,27.0,0.0,217.0
2018,00-0033006,J.Mickens,WR,24.0,0.0,218.0
2018,00-0033111,P.Cooper,WR,23.0,0.0,219.0
2018,00-0033266,J.Natson,WR,24.0,0.0,220.0
2018,00-0033471,I.Ford,WR,22.0,0.0,221.0
2018,00-0033552,B.Langley,WR,24.0,0.0,222.0
2018,00-0033773,R.McCarron,WR,25.0,0.0,223.0
2018,00-0033968,S.Coley,WR,24.0,0.0,224.0
2018,00-0033992,L.Lenoir,WR,23.0,0.0,225.0
2018,00-0034206,Q.Henderson,WR,22.0,0.0,226.0
2018,00-0034256,D.Scott,WR,23.0,0.0,227.0
2018,00-0034307,J.Grant,WR,25.0,0.0,228.0
2018,00-0034593,C.Lacy,WR,22.0,0.0,229.0
2018,00-0029129,R.Streater,WR,30.0,-1.1,230.0
2019,00-0032765,M.Thomas,WR,26.0,374.6,1.0
2019,00-0033280,C.McCaffrey,RB,23.0,471.2,1.0
2019,00-0034796,L.Jackson,QB,22.0,415.68,1.0
2019,00-0033077,D.Prescott,QB,26.0,337.78,2.0
2019,00-0033293,A.Jones,RB,25.0,314.8,2.0
2019,00-0033921,C.Godwin,WR,23.0,276.1,2.0
2019,00-0027944,J.Jones,WR,30.0,274.1,3.0
2019,00-0029263,R.Wilson,QB,31.0,328.6,3.0
2019,00-0033045,E.Elliott,RB,24.0,311.7,3.0
2019,00-0033537,D.Watson,QB,24.0,320.98,4.0
2019,00-0033699,A.Ekeler,RB,24.0,309.0,4.0
2019,00-0033908,C.Kupp,WR,26.0,270.5,4.0
2019,00-0030564,D.Hopkins,WR,27.0,268.54,5.0
2019,00-0031503,J.Winston,QB,25.0,305.36,5.0
2019,00-0032764,D.Henry,RB,25.0,294.6,5.0
2019,00-0030279,K.Allen,WR,27.0,261.5,6.0
2019,00-0033873,P.Mahomes,QB,24.0,287.04,6.0
2019,00-0033893,D.Cook,RB,24.0,292.4,6.0
2019,00-0027150,J.Edelman,WR,33.0,256.28,7.0
2019,00-0033856,L.Fournette,RB,24.0,259.4,7.0
2019,00-0035228,K.Murray,QB,22.0,285.28000000000003,7.0
2019,00-0023459,A.Rodgers,QB,36.0,278.38,8.0
2019,00-0031428,A.Robinson,WR,26.0,254.9,8.0
2019,00-0034791,N.Chubb,RB,24.0,255.2,8.0
2019,00-0032950,C.Wentz,QB,27.0,275.86,9.0
2019,00-0033906,A.Kamara,RB,24.0,248.52,9.0
2019,00-0033932,K.Golladay,WR,26.0,248.0,9.0
2019,00-0026143,M.Ryan,QB,34.0,267.34000000000003,10.0
2019,00-0031544,A.Cooper,WR,25.0,246.5,10.0
2019,00-0034844,S.Barkley,RB,22.0,244.1,10.0
2019,00-0019596,T.Brady,QB,42.0,263.68,11.0
2019,00-0031547,D.Parker,WR,26.0,246.2,11.0
2019,00-0033594,C.Carson,RB,25.0,232.6,11.0
2019,00-0031382,J.Landry,WR,27.0,237.4,12.0
2019,00-0033106,J.Goff,QB,25.0,247.52,12.0
2019,00-0033897,J.Mixon,RB,23.0,225.4,12.0
2019,00-0031345,J.Garoppolo,QB,28.0,247.32,13.0
2019,00-0032211,T.Lockett,WR,27.0,235.2,13.0
2019,00-0032241,T.Gurley,RB,25.0,219.4,13.0
2019,00-0029604,K.Cousins,QB,31.0,244.42,14.0
2019,00-0030431,R.Woods,WR,27.0,232.9,14.0
2019,00-0035243,M.Sanders,RB,22.0,218.70000000000002,14.0
2019,00-0030496,L.Bell,RB,27.0,215.0,15.0
2019,00-0031280,D.Carr,QB,28.0,244.36,15.0
2019,00-0031408,M.Evans,WR,26.0,232.7,15.0
2019,00-0023682,R.Fitzpatrick,QB,37.0,241.46,16.0
2019,00-0033118,K.Drake,RB,25.0,214.2,16.0
2019,00-0034827,D.Moore,WR,22.0,230.5,16.0
2019,00-0022942,P.Rivers,QB,38.0,235.5,17.0
2019,00-0031062,J.White,RB,27.0,202.2,17.0
2019,00-0033009,T.Boyd,WR,25.0,222.9,17.0
2019,00-0034109,P.Lindsay,RB,25.0,197.7,18.0
2019,00-0034348,C.Sutton,WR,24.0,222.42,18.0
2019,00-0034855,B.Mayfield,QB,24.0,229.18,18.0
2019,00-0020531,D.Brees,QB,40.0,224.76000000000002,19.0
2019,00-0031051,J.Brown,WR,29.0,219.82,19.0
2019,00-0031285,D.Freeman,RB,27.0,197.6,19.0
2019,00-0029701,R.Tannehill,QB,31.0,224.18,20.0
2019,00-0035676,A.Brown,WR,22.0,217.1,20.0
2019,00-0035700,J.Jacobs,RB,21.0,191.6,20.0
2019,00-0031588,S.Diggs,WR,26.0,214.1,21.0
2019,00-0033119,J.Brissett,QB,27.0,217.68,21.0
2019,00-0033951,M.Mack,RB,23.0,181.3,21.0
2019,00-0031381,D.Adams,WR,27.0,212.70000000000002,22.0
2019,00-0032144,M.Gordon,RB,26.0,180.79999999999998,22.0
2019,00-0035710,D.Jones,QB,22.0,214.98000000000002,22.0
2019,00-0034764,M.Gallup,WR,23.0,212.7,23.0
2019,00-0034857,J.Allen,QB,23.0,211.68,23.0
2019,00-0035685,D.Montgomery,RB,22.0,170.4,23.0
2019,00-0027973,A.Dalton,QB,32.0,203.66000000000003,24.0
2019,00-0031687,R.Mostert,RB,27.0,167.2,24.0
2019,00-0031941,J.Crowder,WR,26.0,197.70000000000002,24.0
2019,00-0033869,M.Trubisky,QB,25.0,202.82,25.0
2019,00-0034816,R.Jones,RB,22.0,166.3,25.0
2019,00-0034837,C.Ridley,WR,25.0,197.0,25.0
2019,00-0033556,T.Cohen,RB,24.0,163.9,26.0
2019,00-0034869,S.Darnold,QB,22.0,189.16,26.0
2019,00-0035659,T.McLaurin,WR,24.0,191.9,26.0
2019,00-0027685,E.Sanders,WR,32.0,190.3,27.0
2019,00-0030513,L.Murray,RB,29.0,157.2,27.0
2019,00-0034577,K.Allen,QB,23.0,177.48000000000002,27.0
2019,00-0026498,M.Stafford,QB,31.0,166.56,28.0
2019,00-0032257,D.Johnson,RB,26.0,154.0,28.0
2019,00-0035719,D.Samuel,WR,23.0,189.1,28.0
2019,00-0031045,C.Hyde,RB,29.0,153.2,29.0
2019,00-0033040,T.Hill,WR,25.0,188.3,29.0
2019,00-0035289,G.Minshew II,QB,23.0,135.06,29.0
2019,00-0034771,M.Rudolph,QB,24.0,108.8,30.0
2019,00-0034845,S.Michel,RB,24.0,152.6,30.0
2019,00-0035640,DK.Metcalf,WR,22.0,187.1,30.0
2019,00-0028986,C.Keenum,QB,31.0,103.48,31.0
2019,00-0031235,O.Beckham,WR,27.0,186.2,31.0
2019,00-0035250,D.Singletary,RB,22.0,147.9,31.0
2019,00-0025394,A.Peterson,RB,34.0,147.0,32.0
2019,00-0029000,C.Beasley,WR,30.0,184.8,32.0
2019,00-0035289,G.Minshew,QB,23.0,94.18,32.0
2019,00-0022921,L.Fitzgerald,WR,36.0,177.4,33.0
2019,00-0031237,T.Bridgewater,QB,27.0,90.46000000000001,33.0
2019,00-0033948,J.Williams,RB,24.0,146.3,33.0
2019,00-0032268,M.Mariota,QB,26.0,85.02,34.0
2019,00-0033282,C.Samuel,WR,23.0,171.7,34.0
2019,00-0033553,J.Conner,RB,24.0,145.5,34.0
2019,00-0026158,J.Flacco,QB,34.0,84.88,35.0
2019,00-0034838,R.Freeman,RB,23.0,142.2,35.0
2019,00-0035535,D.Slayton,WR,22.0,170.0,35.0
2019,00-0032187,D.Johnson,RB,28.0,141.5,36.0
2019,00-0034775,C.Kirk,WR,23.0,168.2,36.0
2019,00-0034857,Jos.Allen,QB,23.0,76.88000000000001,36.0
2019,00-0030874,Dam.Williams,RB,27.0,141.1,37.0
2019,00-0035216,D.Johnson,WR,23.0,165.1,37.0
2019,00-0035232,D.Haskins,QB,22.0,76.7,37.0
2019,00-0029293,M.Jones,WR,29.0,164.5,38.0
2019,00-0032058,T.Coleman,RB,26.0,135.4,38.0
2019,00-0035704,D.Lock,QB,23.0,68.0,38.0
2019,00-0027966,M.Ingram,RB,30.0,125.0,39.0
2019,00-0032436,J.Driskel,QB,26.0,58.1,39.0
2019,00-0032688,Ro.Anderson,WR,26.0,162.3,39.0
2019,00-0032940,D.Washington,RB,26.0,121.9,40.0
2019,00-0033536,M.Williams,WR,25.0,161.3,40.0
2019,00-0035040,D.Blough,QB,24.0,55.36,40.0
2019,00-0022803,E.Manning,QB,38.0,54.379999999999995,41.0
2019,00-0027029,L.McCoy,RB,31.0,118.6,41.0
2019,00-0033839,D.Westbrook,WR,26.0,156.7,41.0
2019,00-0032128,C.Conley,WR,27.0,156.5,42.0
2019,00-0034367,N.Hines,RB,23.0,117.89999999999999,42.0
2019,00-0035577,D.Hodges,QB,23.0,51.32,42.0
2019,00-0025708,M.Moore,QB,35.0,42.26,43.0
2019,00-0027966,M.Ingram II,RB,30.0,117.5,43.0
2019,00-0028002,R.Cobb,WR,29.0,154.9,43.0
2019,00-0027891,G.Tate,WR,31.0,154.2,44.0
2019,00-0029567,N.Foles,QB,30.0,37.74,44.0
2019,00-0032741,P.Barber,RB,25.0,116.5,44.0
2019,00-0022787,M.Schaub,QB,38.0,32.9,45.0
2019,00-0032780,J.Howard,RB,25.0,111.4,45.0
2019,00-0035662,M.Brown,WR,22.0,146.4,45.0
2019,00-0032160,T.Williams,WR,27.0,143.1,46.0
2019,00-0032434,B.Allen,QB,27.0,32.5,46.0
2019,00-0034331,J.Samuels,RB,23.0,104.4,46.0
2019,00-0026544,C.Daniel,QB,33.0,26.0,47.0
2019,00-0032385,S.Shepard,WR,26.0,141.8,47.0
2019,00-0033308,M.Breida,RB,24.0,103.3,47.0
2019,00-0026035,D.Amendola,WR,34.0,140.56,48.0
2019,00-0033923,K.Hunt,RB,24.0,101.4,48.0
2019,00-0035652,R.Finley,QB,25.0,24.66,48.0
2019,00-0026625,B.Hoyer,QB,34.0,21.080000000000002,49.0
2019,00-0030288,R.Burkhead,RB,29.0,101.1,49.0
2019,00-0031325,S.Watkins,WR,26.0,138.5,49.0
2019,00-0032054,B.Perriman,WR,26.0,138.1,50.0
2019,00-0034343,J.Rosen,QB,22.0,17.98,50.0
2019,00-0034414,B.Scott,RB,24.0,98.9,50.0
2019,00-0023500,F.Gore,RB,36.0,94.9,51.0
2019,00-0031288,A.McCarron,QB,29.0,16.9,51.0
2019,00-0033251,Z.Pascal,WR,25.0,135.3,51.0
2019,00-0027939,C.Newton,QB,30.0,16.68,52.0
2019,00-0030404,C.Thompson,RB,29.0,93.60000000000001,52.0
2019,00-0033127,W.Fuller,WR,25.0,134.0,52.0
2019,00-0022924,B.Roethlisberger,QB,37.0,12.74,53.0
2019,00-0034184,G.Edwards,RB,24.0,92.6,53.0
2019,00-0034676,J.Washington,WR,23.0,133.5,53.0
2019,00-0029665,R.Griffin III,QB,29.0,8.9,54.0
2019,00-0034983,H.Renfrow,WR,24.0,133.5,54.0
2019,00-0035261,T.Pollard,RB,22.0,89.2,54.0
2019,00-0034349,K.Johnson,RB,22.0,85.0,55.0
2019,00-0034353,A.Miller,WR,25.0,127.5,55.0
2019,00-0034412,L.Falk,QB,25.0,8.64,55.0
2019,00-0029608,T.Hilton,WR,30.0,125.1,56.0
2019,00-0029665,R.Griffin,QB,29.0,7.1,56.0
2019,00-0032602,J.McKissic,RB,26.0,83.8,56.0
2019,00-0031589,B.Hundley,QB,26.0,6.06,57.0
2019,00-0033025,J.Richard,RB,26.0,82.8,57.0
2019,00-0035140,M.Hardman,WR,21.0,123.5,57.0
2019,00-0028118,T.Taylor,QB,30.0,6.02,58.0
2019,00-0029137,A.Jeffery,WR,29.0,122.2,58.0
2019,00-0034681,C.Edmonds,RB,23.0,82.8,58.0
2019,00-0030085,K.Stills,WR,27.0,120.1,59.0
2019,00-0030533,M.Barkley,QB,29.0,5.96,59.0
2019,00-0033854,D.Ogunbowale,RB,25.0,75.3,59.0
2019,00-0027688,C.McCoy,QB,33.0,4.28,60.0
2019,00-0031236,B.Cooks,WR,26.0,117.5,60.0
2019,00-0034750,R.Penny,RB,23.0,75.3,60.0
2019,00-0030456,G.Bernard,RB,28.0,68.4,61.0
2019,00-0030520,M.Glennon,QB,30.0,4.24,61.0
2019,00-0033871,C.Davis,WR,24.0,115.1,61.0
2019,00-0030035,A.Thielen,WR,29.0,114.4,62.0
2019,00-0034972,A.Mattison,RB,21.0,68.4,62.0
2019,00-0035251,W.Grier,QB,24.0,1.3200000000000003,62.0
2019,00-0021206,J.McCown,QB,40.0,0.76,63.0
2019,00-0033857,J.Smith-Schuster,WR,23.0,113.2,63.0
2019,00-0035342,P.Laird,RB,24.0,68.2,63.0
2019,00-0029857,R.Griffin,QB,30.0,0.62,64.0
2019,00-0034301,D.Williams,RB,24.0,67.8,64.0
2019,00-0034777,D.Chark Jr.,WR,23.0,113.0,64.0
2019,00-0032156,T.Siemian,QB,28.0,0.12,65.0
2019,00-0033567,B.Hill,RB,24.0,67.2,65.0
2019,00-0034777,D.Chark,WR,23.0,112.8,65.0
2019,00-0028087,D.Lewis,RB,29.0,66.3,66.0
2019,00-0034928,S.Sims,WR,22.0,109.5,66.0
2019,00-0035146,T.McSorley,QB,24.0,0.1,66.0
2019,00-0029623,A.Tanney,QB,32.0,0.04,67.0
2019,00-0029632,M.Sanu,WR,30.0,108.9,67.0
2019,00-0035537,T.Johnson,RB,22.0,60.199999999999996,67.0
2019,00-0031076,D.Fales,QB,29.0,0.0,68.0
2019,00-0031806,M.Brown,RB,26.0,59.1,68.0
2019,00-0034521,A.Lazard,WR,24.0,102.8,68.0
2019,00-0034177,T.Boyle,QB,25.0,-0.10000000000000003,69.0
2019,00-0034358,D.Guice,RB,22.0,57.4,69.0
2019,00-0034686,A.Tate,WR,22.0,101.5,69.0
2019,00-0032775,D.Robinson,WR,25.0,100.9,70.0
2019,00-0033319,N.Mullens,QB,24.0,-0.3,70.0
2019,00-0034400,J.Wilkins,RB,25.0,54.0,70.0
2019,00-0031395,G.Gilbert,QB,28.0,-0.30000000000000004,71.0
2019,00-0034411,R.Gage,WR,23.0,100.8,71.0
2019,00-0034799,K.Ballage,RB,24.0,51.8,71.0
2019,00-0031407,B.Bortles,QB,27.0,-0.78,72.0
2019,00-0032543,A.Erickson,WR,27.0,100.24,72.0
2019,00-0035268,R.Armstead,RB,23.0,51.2,72.0
2019,00-0029239,B.Bolden,RB,29.0,50.9,73.0
2019,00-0032245,S.Mannion,QB,27.0,-1.46,73.0
2019,00-0033307,K.Bourne,WR,24.0,97.8,73.0
2019,00-0032208,P.Dorsett,WR,26.0,94.8,74.0
2019,00-0034208,M.Boone,RB,24.0,50.0,74.0
2019,00-0035264,J.Stidham,QB,23.0,-1.64,74.0
2019,00-0031549,N.Agholor,WR,26.0,94.0,75.0
2019,00-0034975,J.Hill,RB,22.0,49.5,75.0
2019,00-0033950,W.Gallman Jr,RB,25.0,48.199999999999996,76.0
2019,00-0035350,P.Williams,WR,22.0,90.8,76.0
2019,00-0031228,T.Gabriel,WR,28.0,90.3,77.0
2019,00-0034115,J.Wilson,RB,24.0,46.9,77.0
2019,00-0033460,J.Ross III,WR,24.0,90.19999999999999,78.0
2019,00-0035217,B.Snell Jr.,RB,21.0,43.7,78.0
2019,00-0030669,A.Wilson,WR,27.0,89.4,79.0
2019,00-0034432,B.Scarbrough,RB,23.0,43.2,79.0
2019,00-0032009,A.Humphries,WR,26.0,86.5,80.0
2019,00-0034679,M.Walton,RB,22.0,42.0,80.0
2019,00-0025396,T.Ginn,WR,34.0,85.9,81.0
2019,00-0032104,A.Abdullah,RB,26.0,41.300000000000004,81.0
2019,00-0027874,D.Thomas,WR,32.0,85.3,82.0
2019,00-0032975,J.Williams,RB,25.0,40.4,82.0
2019,00-0034253,D.Hilliard,RB,24.0,38.1,83.0
2019,00-0034272,M.Valdes-Scantling,WR,25.0,84.1,83.0
2019,00-0030821,A.Hurns,WR,28.0,83.6,84.0
2019,00-0034378,I.Smith,RB,24.0,36.3,84.0
2019,00-0030578,C.Patterson,RB,28.0,35.6,85.0
2019,00-0032778,T.Sharpe,WR,25.0,81.89999999999999,85.0
2019,00-0028064,B.Powell,RB,31.0,33.2,86.0
2019,00-0035006,O.Johnson,WR,22.0,79.0,86.0
2019,00-0033681,K.Cole,WR,26.0,78.7,87.0
2019,00-0035148,D.Thompson,RB,22.0,32.1,87.0
2019,00-0032626,G.Allison,WR,25.0,75.4,88.0
2019,00-0035311,M.Gaskin,RB,22.0,31.4,88.0
2019,00-0029664,J.Gordon,WR,28.0,73.7,89.0
2019,00-0034440,J.Jackson,RB,23.0,31.2,89.0
2019,00-0031868,D.Byrd,WR,26.0,71.9,90.0
2019,00-0035273,Q.Ollison,RB,23.0,30.7,90.0
2019,00-0032209,T.Yeldon,RB,26.0,29.700000000000003,91.0
2019,00-0034765,T.Smith,WR,23.0,71.4,91.0
2019,00-0034578,R.Bonnafon,RB,23.0,29.3,92.0
2019,00-0035297,K.Harmon,WR,23.0,66.94,92.0
2019,00-0031344,C.Latimer,WR,27.0,66.0,93.0
2019,00-0032393,C.Prosise,RB,25.0,28.8,93.0
2019,00-0031257,P.Richardson,WR,27.0,64.5,94.0
2019,00-0035594,T.Homer,RB,21.0,28.0,94.0
2019,00-0034370,D.Hamilton,WR,24.0,63.7,95.0
2019,00-0034959,A.Beck,RB,23.0,24.54,95.0
2019,00-0032782,W.Smallwood,RB,25.0,23.5,96.0
2019,00-0033466,I.McKenzie,WR,24.0,63.3,96.0
2019,00-0033943,J.Reynolds,WR,24.0,61.9,97.0
2019,00-0035664,D.Henderson,RB,22.0,22.400000000000002,97.0
2019,00-0033838,T.Edmunds,RB,25.0,17.6,98.0
2019,00-0034960,J.Meyers,WR,23.0,61.9,98.0
2019,00-0030465,K.Barner,RB,30.0,17.12,99.0
2019,00-0031166,S.Roberts,WR,28.0,60.1,99.0
2019,00-0023564,D.Sproles,RB,36.0,17.0,100.0
2019,00-0033733,G.Ward,WR,24.0,59.9,100.0
2019,00-0032794,D.Vitale,RB,26.0,17.0,101.0
2019,00-0033589,D.Moore,WR,24.0,59.6,101.0
2019,00-0029572,J.Wright,WR,30.0,56.9,102.0
2019,00-0035489,W.Hills,RB,24.0,16.2,102.0
2019,00-0032980,M.Johnson,WR,25.0,56.7,103.0
2019,00-0035628,D.Johnson,RB,23.0,15.2,103.0
2019,00-0033111,P.Cooper,WR,24.0,55.5,104.0
2019,00-0035217,B.Snell,RB,21.0,14.200000000000001,104.0
2019,00-0030663,W.Snead,WR,27.0,53.0,105.0
2019,00-0035596,K.Whyte Jr.,RB,23.0,14.1,105.0
2019,00-0032972,D.Booker,RB,27.0,12.600000000000001,106.0
2019,00-0034366,K.Coutee,WR,22.0,52.800000000000004,106.0
2019,00-0030414,S.Ware,RB,28.0,12.3,107.0
2019,00-0034339,T.Quinn,WR,24.0,51.8,107.0
2019,00-0032063,M.Davis,RB,26.0,11.9,108.0
2019,00-0035703,M.Boykin,WR,23.0,50.8,108.0
2019,00-0031577,J.Allen,RB,28.0,11.5,109.0
2019,00-0034631,V.Smith,WR,23.0,50.7,109.0
2019,00-0033164,T.Pope,RB,26.0,11.4,110.0
2019,00-0033891,Z.Jones,WR,24.0,48.9,110.0
2019,00-0032540,T.Carson,RB,27.0,10.6,111.0
2019,00-0033471,I.Ford,WR,23.0,48.5,111.0
2019,00-0028581,P.DiMarco,RB,30.0,9.799999999999999,112.0
2019,00-0030300,J.Brown,WR,29.0,48.0,112.0
2019,00-0032791,J.Grant,WR,27.0,47.9,113.0
2019,00-0033296,A.Armah,RB,25.0,9.7,113.0
2019,00-0025399,M.Lynch,RB,33.0,9.4,114.0
2019,00-0032355,C.Rogers,WR,25.0,47.7,114.0
2019,00-0030525,T.Austin,WR,29.0,47.4,115.0
2019,00-0035013,J.Hilliman,RB,24.0,8.2,115.0
2019,00-0030670,B.Fowler,WR,28.0,46.3,116.0
2019,00-0035184,D.Ozigbo,RB,23.0,8.0,116.0
2019,00-0032450,D.Washington,RB,25.0,7.6,117.0
2019,00-0035287,K.Johnson,WR,23.0,46.0,117.0
2019,00-0028063,T.Jones,RB,31.0,5.9,118.0
2019,00-0034867,M.Turner,WR,23.0,45.5,118.0
2019,00-0034386,J.Watson,WR,23.0,42.9,119.0
2019,00-0034433,N.Bawden,RB,23.0,5.7,119.0
2019,00-0032417,P.Perkins,RB,25.0,4.8,120.0
2019,00-0034426,J.Wims,WR,25.0,42.6,120.0
2019,00-0029854,C.Anderson,RB,28.0,4.3,121.0
2019,00-0030663,W.Snead IV,WR,27.0,42.1,121.0
2019,00-0033789,T.Logan,RB,25.0,4.3,122.0
2019,00-0035298,S.Miller,WR,22.0,40.6,122.0
2019,00-0031787,J.Kumerow,WR,27.0,39.9,123.0
2019,00-0032404,T.Ervin,RB,26.0,4.1,123.0
2019,00-0031665,Z.Zenner,RB,28.0,3.7,124.0
2019,00-0033094,M.Hall,WR,26.0,39.800000000000004,124.0
2019,00-0031570,J.Hardy,WR,28.0,38.5,125.0
2019,00-0031590,J.Ajayi,RB,26.0,3.0,125.0
2019,00-0034654,D.Dawkins,RB,25.0,2.6,126.0
2019,00-0035639,P.Campbell,WR,22.0,38.1,126.0
2019,00-0030068,M.Goodwin,WR,29.0,38.099999999999994,127.0
2019,00-0033838,Tr.Edmunds,RB,25.0,2.4,127.0
2019,00-0033374,R.Ortiz,RB,25.0,1.8,128.0
2019,00-0034273,D.Ratley,WR,24.0,38.0,128.0
2019,00-0033375,T.Patrick,WR,26.0,37.8,129.0
2019,00-0033526,S.Perine,RB,24.0,1.6,129.0
2019,00-0026189,D.Jackson,WR,33.0,36.9,130.0
2019,00-0035726,Jak.Johnson,RB,25.0,1.5,130.0
2019,00-0031209,S.Perry,RB,28.0,1.4,131.0
2019,00-0035527,A.Isabella,WR,23.0,35.4,131.0
2019,00-0034297,B.Pringle,WR,26.0,35.0,132.0
2019,00-0034457,Jo.Adams,RB,23.0,1.2,132.0
2019,00-0032945,D.Williams,WR,26.0,34.6,133.0
2019,00-0035657,D.Harris,RB,22.0,1.2,133.0
2019,00-0034860,D.Pettis,WR,24.0,34.54,134.0
2019,00-0034995,D.Williams,RB,22.0,1.1,134.0
2019,00-0032951,L.Treadwell,WR,24.0,33.4,135.0
2019,00-0034449,G.Howell,RB,23.0,1.0,135.0
2019,00-0032377,J.Ferguson,RB,26.0,0.9,136.0
2019,00-0035246,J.Arcega-Whiteside,WR,23.0,32.9,136.0
2019,00-0032200,T.Montgomery,WR,26.0,32.3,137.0
2019,00-0034808,J.Kelly,RB,23.0,0.9,137.0
2019,00-0032423,T.Davis,WR,26.0,30.400000000000002,138.0
2019,00-0035275,J.Scarlett,RB,24.0,0.9,138.0
2019,00-0028411,D.Inman,WR,30.0,30.099999999999998,139.0
2019,00-0034597,R.Nall,RB,24.0,0.8,139.0
2019,00-0032464,K.Raymond,WR,25.0,29.5,140.0
2019,00-0035551,T.Brooks-James,RB,25.0,0.7000000000000001,140.0
2019,00-0029293,M.Jones Jr.,WR,29.0,29.4,141.0
2019,00-0034201,D.Turner,RB,24.0,0.6,141.0
2019,00-0029141,A.Morris,RB,31.0,0.4,142.0
2019,00-0031763,D.Carter,WR,26.0,27.2,142.0
2019,00-0029492,J.Olawale,RB,30.0,0.0,143.0
2019,00-0035120,K.Doss,WR,23.0,24.3,143.0
2019,00-0030711,D.Fluellen,RB,27.0,0.0,144.0
2019,00-0033555,M.Hollins,WR,26.0,22.5,144.0
2019,00-0031900,R.Smith,RB,27.0,0.0,145.0
2019,00-0031934,D.Smith,WR,27.0,22.299999999999997,145.0
2019,00-0032577,D.Foster,RB,26.0,0.0,146.0
2019,00-0034406,D.Cain,WR,23.0,21.4,146.0
2019,00-0033725,C.Clement,RB,25.0,0.0,147.0
2019,00-0035208,O.Zaccheaus,WR,22.0,20.5,147.0
2019,00-0034132,C.Blake,WR,23.0,20.1,148.0
2019,00-0034164,T.Cannon,RB,25.0,0.0,148.0
2019,00-0034052,B.Zylstra,WR,26.0,18.6,149.0
2019,00-0035304,C.Gillaspia,RB,24.0,0.0,149.0
2019,00-0034286,R.James Jr.,WR,24.0,17.5,150.0
2019,00-0034419,B.Berrios,WR,24.0,17.5,151.0
2019,00-0035215,D.Harris,WR,22.0,17.5,152.0
2019,00-0035401,D.Willis,WR,22.0,17.2,153.0
2019,00-0031235,O.Beckham Jr.,WR,27.0,17.1,154.0
2019,00-0034772,A.Callaway,WR,22.0,16.9,155.0
2019,00-0027793,A.Brown,WR,31.0,16.1,156.0
2019,00-0032977,R.Higgins,WR,25.0,15.5,157.0
2019,00-0029632,M.Sanu Sr.,WR,30.0,15.2,158.0
2019,00-0028237,C.Hogan,WR,32.0,14.7,159.0
2019,00-0034660,R.Gafford,WR,23.0,14.600000000000001,160.0
2019,00-0034747,M.Ateman,WR,25.0,14.6,161.0
2019,00-0033572,J.Agnew,WR,24.0,13.700000000000001,162.0
2019,00-0032112,J.Nelson,WR,27.0,13.6,163.0
2019,00-0035590,R.Ridley,WR,23.0,12.9,164.0
2019,00-0031189,T.Jones,WR,27.0,12.8,165.0
2019,00-0034510,R.Foster,WR,25.0,12.3,166.0
2019,00-0034487,T.Sherfield,WR,23.0,12.0,167.0
2019,00-0033705,A.Patton,WR,25.0,11.6,168.0
2019,00-0034854,K.Hodge,WR,24.0,11.6,169.0
2019,00-0034286,R.James,WR,24.0,10.9,170.0
2019,00-0033562,R.Switzer,WR,25.0,10.700000000000001,171.0
2019,00-0032728,T.Jones,WR,27.0,10.1,172.0
2019,00-0034418,C.Wilson,WR,24.0,9.6,173.0
2019,00-0031511,D.White,WR,28.0,9.1,174.0
2019,00-0029269,T.Benjamin,WR,30.0,9.0,175.0
2019,00-0034309,C.Beebe,WR,25.0,9.0,176.0
2019,00-0034593,C.Lacy,WR,23.0,9.0,177.0
2019,00-0035548,V.Bryant,WR,23.0,8.5,178.0
2019,00-0031319,D.Spencer,WR,27.0,7.7,179.0
2019,00-0031953,G.Davis,WR,27.0,6.8,180.0
2019,00-0034653,D.Burnett,WR,22.0,6.8,181.0
2019,00-0035104,A.Hollins,WR,23.0,6.6,182.0
2019,00-0033434,B.Wilson,WR,24.0,6.5,183.0
2019,00-0035432,J.Moore,WR,24.0,6.3,184.0
2019,00-0032055,D.Funchess,WR,25.0,6.2,185.0
2019,00-0026986,M.Crabtree,WR,32.0,6.199999999999999,186.0
2019,00-0026293,M.Slater,WR,34.0,6.0,187.0
2019,00-0032208,P.Dorsett II,WR,26.0,6.0,188.0
2019,00-0032935,J.Holton,WR,28.0,6.0,189.0
2019,00-0031339,D.Moncrief,WR,26.0,5.800000000000001,190.0
2019,00-0032795,C.Core,WR,25.0,5.8,191.0
2019,00-0027691,A.Roberts,WR,31.0,5.7,192.0
2019,00-0034081,S.Mitchell,WR,25.0,5.7,193.0
2019,00-0030147,R.Shepard,WR,29.0,5.5,194.0
2019,00-0035645,G.Olszewski,WR,23.0,5.4,195.0
2019,00-0031068,R.Grant,WR,29.0,5.3999999999999995,196.0
2019,00-0034922,I.Hyman,WR,24.0,5.3999999999999995,197.0
2019,00-0032398,C.Moore,WR,26.0,5.1,198.0
2019,00-0033367,C.Board,WR,26.0,5.1,199.0
2019,00-0031431,M.Lee,WR,28.0,4.9,200.0
2019,00-0033460,J.Ross,WR,24.0,4.8,201.0
2019,00-0035399,S.Morgan,WR,23.0,4.8,202.0
2019,00-0034104,C.Sims,WR,23.0,4.7,203.0
2019,00-0034256,D.Scott,WR,24.0,4.7,204.0
2019,00-0033994,F.Brown,WR,26.0,4.1,205.0
2019,00-0029319,J.Bellamy,WR,30.0,4.0,206.0
2019,00-0031972,D.Jennings,WR,27.0,3.7,207.0
2019,00-0033530,R.Davis,WR,24.0,3.7,208.0
2019,00-0035021,A.Dulin,WR,22.0,3.6999999999999997,209.0
2019,00-0035374,M.Walker,WR,23.0,3.5,210.0
2019,00-0033114,M.Thomas,WR,25.0,3.4,211.0
2019,00-0033386,C.Hollister,WR,26.0,3.3,212.0
2019,00-0034034,R.Davis,WR,24.0,2.6,213.0
2019,00-0035510,J.Smith,WR,22.0,2.2,214.0
2019,00-0031060,D.Thomas,WR,26.0,2.1,215.0
2019,00-0035597,J.Ursua,WR,25.0,2.1,216.0
2019,00-0033382,A.Carr,WR,26.0,1.9,217.0
2019,00-0028114,D.Harris,WR,32.0,1.7,218.0
2019,00-0034267,J.Scott,WR,24.0,1.6,219.0
2019,00-0033604,K.Hogan,WR,24.0,1.4,220.0
2019,00-0033215,C.Grayson,WR,26.0,1.3,221.0
2019,00-0034705,J.Franklin,WR,25.0,1.1,222.0
2019,00-0035181,D.Shepherd,WR,24.0,1.1,223.0
2019,00-0031023,Q.Enunwa,WR,27.0,0.6,224.0
2019,00-0033006,J.Mickens,WR,25.0,0.0,225.0
2019,00-0033266,J.Natson,WR,25.0,0.0,226.0
2019,00-0033474,G.Dieter,WR,26.0,0.0,227.0
2019,00-0033911,T.Taylor,WR,24.0,0.0,228.0
2019,00-0033933,C.Williams,WR,25.0,0.0,229.0
2019,00-0034407,R.McCloud,WR,23.0,0.0,230.0
2019,00-0034710,D.Kidsy,WR,24.0,0.0,231.0
2019,00-0035406,L.Humphrey,WR,21.0,0.0,232.0
2019,00-0035414,J.Guyton,WR,22.0,0.0,233.0
2019,00-0035500,G.Dortch,WR,21.0,0.0,234.0
2019,00-0035587,S.Schnell,WR,25.0,0.0,235.0
2019,00-0035592,T.Fulgham,WR,24.0,0.0,236.0
2019,00-0035593,J.Winfree,WR,23.0,0.0,237.0
2019,00-0035621,N.Webster,WR,23.0,0.0,238.0
2020,00-0031381,D.Adams,WR,28.0,358.40000000000003,1.0
2020,00-0033906,A.Kamara,RB,25.0,377.8,1.0
2020,00-0034857,J.Allen,QB,24.0,396.06,1.0
2020,00-0023459,A.Rodgers,QB,37.0,383.26,2.0
2020,00-0033040,T.Hill,WR,26.0,328.9,2.0
2020,00-0033893,D.Cook,RB,25.0,337.8,2.0
2020,00-0031588,S.Diggs,WR,27.0,328.6,3.0
2020,00-0032764,D.Henry,RB,26.0,333.1,3.0
2020,00-0035228,K.Murray,QB,23.0,378.74,3.0
2020,00-0030564,D.Hopkins,WR,28.0,287.8,4.0
2020,00-0033873,P.Mahomes,QB,25.0,374.4,4.0
2020,00-0035685,D.Montgomery,RB,23.0,264.8,4.0
2020,00-0033293,A.Jones,RB,26.0,258.90000000000003,5.0
2020,00-0033537,D.Watson,QB,25.0,369.32,5.0
2020,00-0034837,C.Ridley,WR,26.0,281.5,5.0
2020,00-0029263,R.Wilson,QB,32.0,359.78,6.0
2020,00-0036223,J.Taylor,RB,21.0,252.8,6.0
2020,00-0036322,J.Jefferson,WR,21.0,274.2,6.0
2020,00-0029701,R.Tannehill,QB,32.0,344.36,7.0
2020,00-0035640,D.Metcalf,WR,23.0,271.3,7.0
2020,00-0035831,J.Robinson,RB,22.0,250.4,7.0
2020,00-0019596,T.Brady,QB,43.0,337.92,8.0
2020,00-0032211,T.Lockett,WR,28.0,265.4,8.0
2020,00-0035700,J.Jacobs,RB,22.0,231.3,8.0
2020,00-0031428,A.Robinson,WR,27.0,262.90000000000003,9.0
2020,00-0033045,E.Elliott,RB,25.0,223.7,9.0
2020,00-0036355,J.Herbert,QB,22.0,332.84,9.0
2020,00-0030035,A.Thielen,WR,30.0,254.0,10.0
2020,00-0033923,K.Hunt,RB,25.0,218.5,10.0
2020,00-0034796,L.Jackson,QB,23.0,332.78,10.0
2020,00-0029604,K.Cousins,QB,32.0,306.2,11.0
2020,00-0031408,M.Evans,WR,27.0,248.6,11.0
2020,00-0034791,N.Chubb,RB,25.0,207.70000000000002,11.0
2020,00-0026143,M.Ryan,QB,35.0,282.44,12.0
2020,00-0032063,M.Davis,RB,27.0,206.5,12.0
2020,00-0035676,A.Brown,WR,23.0,247.5,12.0
2020,00-0030279,K.Allen,WR,28.0,245.1,13.0
2020,00-0031280,D.Carr,QB,29.0,272.12,13.0
2020,00-0036328,A.Gibson,RB,22.0,202.2,13.0
2020,00-0022924,B.Roethlisberger,QB,38.0,267.21999999999997,14.0
2020,00-0030431,R.Woods,WR,28.0,245.1,14.0
2020,00-0032144,M.Gordon,RB,27.0,198.4,14.0
2020,00-0027939,C.Newton,QB,31.0,260.98,15.0
2020,00-0031544,A.Cooper,WR,26.0,236.8,15.0
2020,00-0034367,N.Hines,RB,24.0,193.2,15.0
2020,00-0026498,M.Stafford,QB,32.0,260.56,16.0
2020,00-0033118,K.Drake,RB,26.0,192.2,16.0
2020,00-0033857,J.Smith-Schuster,WR,24.0,234.1,16.0
2020,00-0031236,B.Cooks,WR,27.0,232.0,17.0
2020,00-0032602,J.McKissic,RB,27.0,191.4,17.0
2020,00-0034855,B.Mayfield,QB,25.0,248.62,17.0
2020,00-0029293,M.Jones,WR,30.0,227.8,18.0
2020,00-0031237,T.Bridgewater,QB,28.0,241.22,18.0
2020,00-0036275,D.Swift,RB,21.0,189.8,18.0
2020,00-0032688,R.Anderson,WR,27.0,224.1,19.0
2020,00-0033106,J.Goff,QB,26.0,239.98,19.0
2020,00-0033594,C.Carson,RB,26.0,187.8,19.0
2020,00-0022942,P.Rivers,QB,39.0,239.96,20.0
2020,00-0034816,R.Jones,RB,23.0,186.3,20.0
2020,00-0035659,T.McLaurin,WR,25.0,223.8,20.0
2020,00-0020531,D.Brees,QB,41.0,209.48,21.0
2020,00-0036358,C.Lamb,WR,21.0,217.7,21.0
2020,00-0036360,C.Edwards-Helaire,RB,21.0,176.0,21.0
2020,00-0032950,C.Wentz,QB,28.0,198.4,22.0
2020,00-0035243,M.Sanders,RB,23.0,170.4,22.0
2020,00-0036326,C.Claypool,WR,22.0,214.9,22.0
2020,00-0033282,C.Samuel,WR,24.0,212.1,23.0
2020,00-0035704,D.Lock,QB,24.0,181.32,23.0
2020,00-0036158,J.Dobbins,RB,22.0,168.5,23.0
2020,00-0034681,C.Edmonds,RB,24.0,168.0,24.0
2020,00-0034827,D.Moore,WR,23.0,211.5,24.0
2020,00-0035710,D.Jones,QB,23.0,180.02,24.0
2020,00-0033699,A.Ekeler,RB,25.0,165.3,25.0
2020,00-0033908,C.Kupp,WR,27.0,210.7,25.0
2020,00-0036442,J.Burrow,QB,24.0,173.72,25.0
2020,00-0023682,R.Fitzpatrick,QB,38.0,153.74,26.0
2020,00-0029000,C.Beasley,WR,31.0,207.5,26.0
2020,00-0033553,J.Conner,RB,25.0,164.6,26.0
2020,00-0033869,M.Trubisky,QB,26.0,153.7,27.0
2020,00-0035311,M.Gaskin,RB,23.0,164.2,27.0
2020,00-0036410,T.Higgins,WR,21.0,194.6,27.0
2020,00-0027973,A.Dalton,QB,33.0,136.9,28.0
2020,00-0032241,T.Gurley,RB,26.0,163.2,28.0
2020,00-0033009,T.Boyd,WR,26.0,192.64,28.0
2020,00-0030456,G.Bernard,RB,29.0,158.1,29.0
2020,00-0033077,D.Prescott,QB,27.0,135.64000000000001,29.0
2020,00-0033871,C.Davis,WR,25.0,191.4,29.0
2020,00-0033921,C.Godwin,WR,24.0,191.0,30.0
2020,00-0035250,D.Singletary,RB,23.0,143.6,30.0
2020,00-0036212,T.Tagovailoa,QB,22.0,135.46,30.0
2020,00-0033127,W.Fuller,WR,26.0,188.9,31.0
2020,00-0034115,J.Wilson,RB,25.0,142.3,31.0
2020,00-0034869,S.Darnold,QB,23.0,134.02,31.0
2020,00-0030513,L.Murray,RB,30.0,136.2,32.0
2020,00-0031382,J.Landry,WR,28.0,187.96,32.0
2020,00-0033319,N.Mullens,QB,25.0,116.28,32.0
2020,00-0031549,N.Agholor,WR,27.0,185.6,33.0
2020,00-0033856,L.Fournette,RB,25.0,132.0,33.0
2020,00-0036389,J.Hurts,QB,22.0,109.14,33.0
2020,00-0035289,G.Minshew II,QB,24.0,107.18,34.0
2020,00-0035664,D.Henderson,RB,23.0,130.3,34.0
2020,00-0036261,B.Aiyuk,WR,22.0,184.5,34.0
2020,00-0029567,N.Foles,QB,31.0,104.17999999999999,35.0
2020,00-0034184,G.Edwards,RB,25.0,128.2,35.0
2020,00-0035662,M.Brown,WR,23.0,183.0,35.0
2020,00-0023436,A.Smith,QB,36.0,71.58,36.0
2020,00-0033948,J.Williams,RB,25.0,127.1,36.0
2020,00-0034411,R.Gage,WR,24.0,181.06,36.0
2020,00-0031376,J.McKinnon,RB,28.0,126.2,37.0
2020,00-0034764,M.Gallup,WR,24.0,173.3,37.0
2020,00-0035232,D.Haskins,QB,23.0,68.16,37.0
2020,00-0025394,A.Peterson,RB,35.0,124.5,38.0
2020,00-0031345,J.Garoppolo,QB,29.0,64.34,38.0
2020,00-0031941,J.Crowder,WR,27.0,172.02,38.0
2020,00-0030520,M.Glennon,QB,31.0,60.58,39.0
2020,00-0031547,D.Parker,WR,27.0,166.3,39.0
2020,00-0035261,T.Pollard,RB,23.0,120.8,39.0
2020,00-0026158,J.Flacco,QB,35.0,54.760000000000005,40.0
2020,00-0027685,E.Sanders,WR,33.0,164.8,40.0
2020,00-0031062,J.White,RB,28.0,116.6,40.0
2020,00-0029608,T.Hilton,WR,31.0,164.20000000000002,41.0
2020,00-0031806,M.Brown,RB,27.0,109.1,41.0
2020,00-0035289,G.Minshew,QB,24.0,53.480000000000004,41.0
2020,00-0030288,R.Burkhead,RB,30.0,107.6,42.0
2020,00-0032385,S.Shepard,WR,27.0,162.5,42.0
2020,00-0033936,C.Beathard,QB,27.0,52.28,42.0
2020,00-0032187,Da.Johnson,RB,29.0,105.3,43.0
2020,00-0032434,B.Allen,QB,28.0,49.7,43.0
2020,00-0035216,D.Johnson,WR,24.0,161.7,43.0
2020,00-0033375,T.Patrick,WR,27.0,161.2,44.0
2020,00-0034577,K.Allen,QB,24.0,45.0,44.0
2020,00-0036414,C.Akers,RB,21.0,101.8,44.0
2020,00-0032436,J.Driskel,QB,27.0,30.08,45.0
2020,00-0036251,Z.Moss,RB,23.0,101.6,45.0
2020,00-0036407,J.Jeudy,WR,21.0,157.6,45.0
2020,00-0023500,F.Gore,RB,37.0,100.2,46.0
2020,00-0033536,M.Williams,WR,26.0,153.7,46.0
2020,00-0036312,J.Luton,QB,24.0,28.26,46.0
2020,00-0031687,R.Mostert,RB,28.0,99.7,47.0
2020,00-0032268,M.Mariota,QB,27.0,25.84,47.0
2020,00-0036309,D.Mooney,WR,23.0,152.1,47.0
2020,00-0026197,C.Henne,QB,35.0,23.72,48.0
2020,00-0033897,J.Mixon,RB,24.0,99.60000000000001,48.0
2020,00-0034775,C.Kirk,WR,24.0,146.4,48.0
2020,00-0027944,J.Jones,WR,31.0,146.1,49.0
2020,00-0033119,J.Brissett,QB,28.0,20.580000000000002,49.0
2020,00-0034414,B.Scott,RB,25.0,95.6,49.0
2020,00-0033567,B.Hill,RB,25.0,95.4,50.0
2020,00-0034960,J.Meyers,WR,24.0,142.52,50.0
2020,00-0035652,R.Finley,QB,26.0,19.16,50.0
2020,00-0034771,M.Rudolph,QB,25.0,18.36,51.0
2020,00-0034799,K.Ballage,RB,25.0,93.89999999999999,51.0
2020,00-0035535,D.Slayton,WR,23.0,141.0,51.0
2020,00-0027688,C.McCoy,QB,34.0,18.200000000000003,52.0
2020,00-0034272,M.Valdes-Scantling,WR,26.0,137.3,52.0
2020,00-0035657,D.Harris,RB,23.0,91.3,52.0
2020,00-0027948,B.Gabbert,QB,31.0,15.32,53.0
2020,00-0033251,Z.Pascal,WR,26.0,136.9,53.0
2020,00-0033280,C.McCaffrey,RB,24.0,90.4,53.0
2020,00-0031395,G.Gilbert,QB,29.0,14.52,54.0
2020,00-0034972,A.Mattison,RB,22.0,86.9,54.0
2020,00-0036196,G.Davis,WR,21.0,136.9,54.0
2020,00-0032972,D.Booker,RB,28.0,85.7,55.0
2020,00-0033733,G.Ward,WR,25.0,133.1,55.0
2020,00-0035264,J.Stidham,QB,24.0,12.940000000000001,55.0
2020,00-0031045,C.Hyde,RB,30.0,84.9,56.0
2020,00-0034899,J.Wolford,QB,25.0,12.84,56.0
2020,00-0034983,H.Renfrow,WR,25.0,131.6,56.0
2020,00-0026544,C.Daniel,QB,34.0,12.16,57.0
2020,00-0035140,M.Hardman,WR,22.0,130.1,57.0
2020,00-0036370,J.Kelley,RB,23.0,81.2,57.0
2020,00-0031800,T.Heinicke,QB,27.0,11.68,58.0
2020,00-0033307,K.Bourne,WR,25.0,129.7,58.0
2020,00-0033950,W.Gallman,RB,26.0,78.0,58.0
2020,00-0034777,D.Chark Jr.,WR,24.0,129.7,59.0
2020,00-0034845,S.Michel,RB,25.0,75.30000000000001,59.0
2020,00-0034955,B.Rypien,QB,24.0,11.299999999999999,59.0
2020,00-0033943,J.Reynolds,WR,25.0,126.3,60.0
2020,00-0035146,T.McSorley,QB,25.0,9.299999999999999,60.0
2020,00-0035217,B.Snell,RB,22.0,74.9,60.0
2020,00-0030496,L.Bell,RB,28.0,74.6,61.0
2020,00-0030533,M.Barkley,QB,30.0,9.28,61.0
2020,00-0036268,L.Shenault Jr.,WR,22.0,124.80000000000001,61.0
2020,00-0028118,T.Taylor,QB,31.0,9.02,62.0
2020,00-0032187,D.Johnson,RB,29.0,74.2,62.0
2020,00-0032977,R.Higgins,WR,26.0,120.9,62.0
2020,00-0033275,P.Walker,QB,25.0,8.52,63.0
2020,00-0033589,D.Moore,WR,25.0,118.8,63.0
2020,00-0034349,K.Johnson,RB,23.0,71.8,63.0
2020,00-0027793,A.Brown,WR,32.0,117.1,64.0
2020,00-0030578,C.Patterson,RB,29.0,69.4,64.0
2020,00-0035752,C.Streveler,QB,25.0,7.7,64.0
2020,00-0035592,T.Fulgham,WR,25.0,115.9,65.0
2020,00-0036020,S.Ahmed,RB,22.0,69.0,65.0
2020,00-0036384,B.DiNucci,QB,24.0,6.960000000000001,65.0
2020,00-0031868,D.Byrd,WR,27.0,114.9,66.0
2020,00-0032257,D.Johnson,RB,27.0,67.3,66.0
2020,00-0035993,T.Huntley,QB,22.0,2.9,66.0
2020,00-0029665,R.Griffin,QB,30.0,2.58,67.0
2020,00-0033681,K.Cole Sr.,WR,27.0,113.6,67.0
2020,00-0034109,P.Lindsay,RB,26.0,66.0,67.0
2020,00-0027942,A.Green,WR,32.0,111.3,68.0
2020,00-0031503,J.Winston,QB,26.0,2.4,68.0
2020,00-0033526,S.Perine,RB,25.0,65.7,68.0
2020,00-0034353,A.Miller,WR,26.0,108.7,69.0
2020,00-0034440,J.Jackson,RB,24.0,65.3,69.0
2020,00-0036433,T.Stevens,QB,24.0,2.4,69.0
2020,00-0032775,D.Robinson,WR,26.0,107.60000000000001,70.0
2020,00-0033949,J.Dobbs,QB,25.0,2.08,70.0
2020,00-0035537,T.Johnson,RB,23.0,63.3,70.0
2020,00-0026035,D.Amendola,WR,35.0,106.39999999999999,71.0
2020,00-0026625,B.Hoyer,QB,35.0,2.0,71.0
2020,00-0034400,J.Wilkins,RB,26.0,61.3,71.0
2020,00-0028087,D.Lewis,RB,30.0,59.199999999999996,72.0
2020,00-0033958,N.Peterman,QB,26.0,1.9,72.0
2020,00-0034765,T.Smith,WR,24.0,103.1,72.0
2020,00-0028986,C.Keenum,QB,32.0,1.84,73.0
2020,00-0033950,W.Gallman Jr.,RB,26.0,58.6,73.0
2020,00-0035298,S.Miller,WR,23.0,102.5,73.0
2020,00-0022921,L.Fitzgerald,WR,37.0,100.9,74.0
2020,00-0034378,I.Smith,RB,25.0,57.3,74.0
2020,00-0035040,D.Blough,QB,25.0,1.76,74.0
2020,00-0028002,R.Cobb,WR,30.0,100.1,75.0
2020,00-0034438,L.Woodside,QB,25.0,1.28,75.0
2020,00-0036425,D.Dallas,RB,22.0,56.900000000000006,75.0
2020,00-0030565,G.Smith,QB,30.0,1.12,76.0
2020,00-0032741,P.Barber,RB,26.0,55.0,76.0
2020,00-0033466,I.McKenzie,WR,25.0,99.58,76.0
2020,00-0027966,M.Ingram,RB,31.0,52.9,77.0
2020,00-0031288,A.McCarron,QB,30.0,0.8,77.0
2020,00-0034676,J.Washington,WR,24.0,99.2,77.0
2020,00-0030151,T.Bray,QB,29.0,0.72,78.0
2020,00-0032054,B.Perriman,WR,27.0,99.10000000000001,78.0
2020,00-0036269,L.Perine,RB,22.0,52.5,78.0
2020,00-0027796,J.Webb,QB,34.0,0.0,79.0
2020,00-0033025,J.Richard,RB,27.0,51.1,79.0
2020,00-0036252,M.Pittman,WR,23.0,98.9,79.0
2020,00-0033955,J.McNichols,RB,25.0,43.9,80.0
2020,00-0034521,A.Lazard,WR,25.0,97.8,80.0
2020,00-0035282,E.Stick,QB,25.0,-0.04,80.0
2020,00-0022787,M.Schaub,QB,39.0,-0.4,81.0
2020,00-0030404,C.Thompson,RB,30.0,42.6,81.0
2020,00-0034419,B.Berrios,WR,25.0,97.3,81.0
2020,00-0032128,C.Conley,WR,28.0,97.1,82.0
2020,00-0033308,M.Breida,RB,25.0,42.0,82.0
2020,00-0034177,T.Boyle,QB,26.0,-0.9,82.0
2020,00-0029141,A.Morris,RB,32.0,40.7,83.0
2020,00-0032792,N.Sudfeld,QB,27.0,-1.52,83.0
2020,00-0035414,J.Guyton,WR,23.0,97.1,83.0
2020,00-0031051,J.Brown,WR,30.0,96.8,84.0
2020,00-0036265,A.Dillon,RB,22.0,40.3,84.0
2020,00-0030663,W.Snead,WR,28.0,94.2,85.0
2020,00-0034301,Darr.Williams,RB,25.0,39.5,85.0
2020,00-0034838,R.Freeman,RB,24.0,37.1,86.0
2020,00-0036412,K.Hamler,WR,21.0,90.10000000000001,86.0
2020,00-0034366,K.Coutee,WR,23.0,89.0,87.0
2020,00-0034457,J.Adams,RB,24.0,36.6,87.0
2020,00-0031325,S.Watkins,WR,27.0,87.4,88.0
2020,00-0035957,R.Smith,RB,24.0,36.5,88.0
2020,00-0031285,D.Freeman,RB,28.0,36.0,89.0
2020,00-0032791,J.Grant,WR,28.0,87.3,89.0
2020,00-0035148,D.Thompson,RB,23.0,33.2,90.0
2020,00-0036387,J.Reagor,WR,21.0,87.2,90.0
2020,00-0031235,O.Beckham,WR,28.0,86.82,91.0
2020,00-0035594,T.Homer,RB,22.0,32.8,91.0
2020,00-0034104,C.Sims,WR,24.0,86.2,92.0
2020,00-0035806,J.Hasty,RB,24.0,31.1,92.0
2020,00-0032780,J.Howard,RB,26.0,30.7,93.0
2020,00-0036357,H.Ruggs,WR,21.0,84.10000000000001,93.0
2020,00-0032104,A.Abdullah,RB,27.0,30.0,94.0
2020,00-0032765,M.Thomas,WR,27.0,83.9,94.0
2020,00-0033854,D.Ogunbowale,RB,26.0,29.9,95.0
2020,00-0035719,D.Samuel,WR,24.0,80.7,95.0
2020,00-0027029,L.McCoy,RB,32.0,28.2,96.0
2020,00-0035350,P.Williams,WR,23.0,74.8,96.0
2020,00-0032404,T.Ervin,RB,27.0,26.099999999999998,97.0
2020,00-0035703,M.Boykin,WR,24.0,69.6,97.0
2020,00-0034286,R.James,WR,25.0,68.39999999999999,98.0
2020,00-0036245,M.Perry,RB,23.0,24.7,98.0
2020,00-0036277,Q.Cephus,WR,22.0,66.9,99.0
2020,00-0036450,K.Vaughn,RB,23.0,23.3,99.0
2020,00-0033932,K.Golladay,WR,27.0,65.8,100.0
2020,00-0036336,A.McFarland,RB,21.0,22.7,100.0
2020,00-0027891,G.Tate,WR,32.0,63.72,101.0
2020,00-0035342,P.Laird,RB,25.0,22.0,101.0
2020,00-0034370,D.Hamilton,WR,25.0,62.3,102.0
2020,00-0035291,T.Williams,RB,23.0,21.7,102.0
2020,00-0035216,Di.Johnson,WR,24.0,62.1,103.0
2020,00-0036188,A.Williams,RB,23.0,21.3,103.0
2020,00-0032426,A.Collins,RB,26.0,21.1,104.0
2020,00-0034928,S.Sims,WR,23.0,61.3,104.0
2020,00-0033725,C.Clement,RB,26.0,21.0,105.0
2020,00-0036255,D.Mims,WR,23.0,60.699999999999996,105.0
2020,00-0033094,M.Hall,WR,27.0,60.3,106.0
2020,00-0035628,D.Johnson,RB,24.0,21.0,106.0
2020,00-0034597,R.Nall,RB,25.0,20.7,107.0
2020,00-0036254,C.Johnson,WR,23.0,59.2,107.0
2020,00-0033164,T.Pope,RB,27.0,19.8,108.0
2020,00-0036233,D.Peoples-Jones,WR,21.0,58.4,108.0
2020,00-0032009,A.Humphries,WR,27.0,57.8,109.0
2020,00-0033556,T.Cohen,RB,25.0,17.5,109.0
2020,00-0027150,J.Edelman,WR,34.0,56.22,110.0
2020,00-0032257,Du.Johnson,RB,27.0,17.1,110.0
2020,00-0032940,D.Washington,RB,27.0,17.1,111.0
2020,00-0033471,I.Ford,WR,24.0,55.6,111.0
2020,00-0033925,D.Foreman,RB,24.0,17.0,112.0
2020,00-0035527,A.Isabella,WR,24.0,54.8,112.0
2020,00-0034578,R.Bonnafon,RB,24.0,16.7,113.0
2020,00-0036364,L.Bowden,WR,23.0,53.58,113.0
2020,00-0034331,J.Samuels,RB,24.0,16.4,114.0
2020,00-0035208,O.Zaccheaus,WR,23.0,53.400000000000006,114.0
2020,00-0032209,T.Yeldon,RB,27.0,16.2,115.0
2020,00-0036331,D.Duvernay,WR,23.0,53.1,115.0
2020,00-0035457,Ty.Johnson,WR,24.0,53.099999999999994,116.0
2020,00-0036297,D.Evans,RB,22.0,16.099999999999998,116.0
2020,00-0034309,C.Beebe,WR,26.0,52.1,117.0
2020,00-0034844,S.Barkley,RB,23.0,15.399999999999999,117.0
2020,00-0034301,D.Williams,RB,25.0,15.0,118.0
2020,00-0034418,C.Wilson,WR,25.0,51.62,118.0
2020,00-0034208,M.Boone,RB,25.0,14.9,119.0
2020,00-0035215,D.Harris,WR,23.0,49.7,119.0
2020,00-0035184,D.Ozigbo,RB,24.0,13.3,120.0
2020,00-0036142,I.Wright,WR,23.0,48.3,120.0
2020,00-0034975,J.Hill,RB,23.0,13.0,121.0
2020,00-0036415,V.Jefferson,WR,24.0,46.9,121.0
2020,00-0032058,T.Coleman,RB,27.0,12.700000000000001,122.0
2020,00-0033840,C.Hansen,WR,25.0,46.6,122.0
2020,00-0028411,D.Inman,WR,31.0,46.300000000000004,123.0
2020,00-0032393,C.Prosise,RB,26.0,12.700000000000001,123.0
2020,00-0026189,D.Jackson,WR,34.0,44.8,124.0
2020,00-0036096,J.Taylor,RB,22.0,12.4,124.0
2020,00-0029632,M.Sanu,WR,31.0,44.0,125.0
2020,00-0030107,T.Riddick,RB,29.0,10.7,125.0
2020,00-0035726,J.Johnson,RB,26.0,9.8,126.0
2020,00-0036219,M.Callaway,WR,22.0,42.3,126.0
2020,00-0033681,K.Cole,WR,27.0,41.8,127.0
2020,00-0036208,A.Pierce,RB,24.0,9.4,127.0
2020,00-0033951,M.Mack,RB,24.0,8.6,128.0
2020,00-0034297,B.Pringle,WR,27.0,41.0,128.0
2020,00-0035924,J.Ward,RB,23.0,8.1,129.0
2020,00-0036247,F.Swain,WR,22.0,40.9,129.0
2020,00-0034164,T.Cannon,RB,26.0,7.9,130.0
2020,00-0036427,T.Johnson,WR,22.0,40.9,130.0
2020,00-0032980,M.Johnson,WR,26.0,39.5,131.0
2020,00-0033296,A.Armah,RB,26.0,7.7,131.0
2020,00-0033555,M.Hollins,WR,27.0,37.6,132.0
2020,00-0034449,B.Howell,RB,24.0,7.7,132.0
2020,00-0033891,Z.Jones,WR,25.0,36.56,133.0
2020,00-0035726,Jak.Johnson,RB,26.0,7.7,133.0
2020,00-0034253,D.Hilliard,RB,25.0,6.0,134.0
2020,00-0036365,B.Edwards,WR,22.0,36.3,134.0
2020,00-0032975,J.Williams,RB,26.0,4.6,135.0
2020,00-0035006,O.Johnson,WR,23.0,34.9,135.0
2020,00-0034407,R.McCloud,WR,24.0,34.2,136.0
2020,00-0035187,A.Walter,RB,24.0,4.0,136.0
2020,00-0034750,R.Penny,RB,24.0,3.4,137.0
2020,00-0035510,J.Smith,WR,23.0,33.7,137.0
2020,00-0034432,B.Scarbrough,RB,24.0,3.1,138.0
2020,00-0035287,K.Johnson,WR,24.0,32.3,138.0
2020,00-0036268,L.Shenault,WR,22.0,32.3,139.0
2020,00-0036278,J.Huntley,RB,22.0,2.9000000000000004,139.0
2020,00-0029615,L.Miller,RB,29.0,2.6,140.0
2020,00-0030085,K.Stills,WR,28.0,31.400000000000002,140.0
2020,00-0033572,J.Agnew,WR,25.0,31.200000000000003,141.0
2020,00-0035912,L.Bellamy,RB,24.0,2.6,141.0
2020,00-0033114,M.Thomas,WR,26.0,30.299999999999997,142.0
2020,00-0036069,S.Phillips,RB,23.0,2.6,142.0
2020,00-0034652,C.Batson,WR,25.0,30.0,143.0
2020,00-0036139,R.Dowdle,RB,22.0,2.4000000000000004,143.0
2020,00-0032577,D.Foster,RB,27.0,1.9,144.0
2020,00-0033591,N.Brown,WR,24.0,29.8,144.0
2020,00-0034646,B.Powell,WR,25.0,29.6,145.0
2020,00-0035567,C.Reynolds,RB,24.0,1.7,145.0
2020,00-0034686,A.Tate,WR,23.0,29.0,146.0
2020,00-0035304,C.Gillaspia,RB,25.0,1.6,146.0
2020,00-0032450,D.Washington,RB,26.0,1.5,147.0
2020,00-0034854,K.Hodge,WR,25.0,29.0,147.0
2020,00-0035860,T.Jones,RB,23.0,1.3,148.0
2020,00-0036398,J.Hightower,WR,24.0,28.8,148.0
2020,00-0031209,S.Perry,RB,29.0,0.9,149.0
2020,00-0032464,K.Raymond,WR,26.0,27.4,149.0
2020,00-0034132,C.Blake,WR,24.0,27.099999999999998,150.0
2020,00-0034995,D.Williams,RB,23.0,0.8,150.0
2020,00-0035457,T.Johnson,WR,24.0,26.400000000000002,151.0
2020,00-0035551,T.Brooks-James,RB,26.0,0.4,151.0
2020,00-0028237,C.Hogan,WR,33.0,25.8,152.0
2020,00-0035273,Q.Ollison,RB,24.0,0.3,152.0
2020,00-0028063,T.Jones,RB,32.0,0.0,153.0
2020,00-0035645,G.Olszewski,WR,24.0,25.5,153.0
2020,00-0030465,K.Barner,RB,31.0,0.0,154.0
2020,00-0034279,E.St. Brown,WR,24.0,25.4,154.0
2020,00-0032543,A.Erickson,WR,28.0,24.6,155.0
2020,00-0033838,T.Edmunds,RB,26.0,0.0,155.0
2020,00-0034777,D.Chark,WR,24.0,23.9,156.0
2020,00-0035835,N.Cottrell,RB,24.0,0.0,156.0
2020,00-0036000,A.Killins,RB,22.0,0.0,157.0
2020,00-0036271,Q.Watkins,WR,22.0,23.6,157.0
2020,00-0029137,A.Jeffery,WR,30.0,23.5,158.0
2020,00-0036033,S.Olonilua,RB,23.0,0.0,158.0
2020,00-0032951,L.Treadwell,WR,25.0,22.9,159.0
2020,00-0036078,X.Jones,RB,23.0,0.0,159.0
2020,00-0027891,G.Tate III,WR,32.0,22.8,160.0
2020,00-0036435,R.Calais,RB,22.0,0.0,160.0
2020,00-0027902,D.Bryant,WR,32.0,22.7,161.0
2020,00-0035848,D.Harris,WR,22.0,22.5,162.0
2020,00-0033367,C.Board,WR,27.0,21.4,163.0
2020,00-0033292,T.Taylor,WR,26.0,18.6,164.0
2020,00-0035480,M.Taylor,WR,25.0,18.5,165.0
2020,00-0034860,D.Pettis,WR,25.0,17.6,166.0
2020,00-0034426,J.Wims,WR,26.0,17.0,167.0
2020,00-0034386,J.Watson,WR,24.0,16.4,168.0
2020,00-0035869,A.Mack,WR,23.0,16.099999999999998,169.0
2020,00-0032200,T.Montgomery,WR,27.0,15.799999999999999,170.0
2020,00-0035639,P.Campbell,WR,23.0,14.7,171.0
2020,00-0035246,J.Arcega-Whiteside,WR,24.0,14.5,172.0
2020,00-0036382,K.Hill Jr.,WR,23.0,14.3,173.0
2020,00-0035406,L.Humphrey,WR,22.0,13.600000000000001,174.0
2020,00-0031319,D.Spencer,WR,28.0,13.5,175.0
2020,00-0033006,J.Mickens,WR,26.0,12.799999999999999,176.0
2020,00-0036439,T.Cleveland,WR,23.0,12.3,177.0
2020,00-0033111,P.Cooper,WR,25.0,12.299999999999999,178.0
2020,00-0033382,A.Carr,WR,27.0,11.7,179.0
2020,00-0034081,S.Mitchell,WR,26.0,11.0,180.0
2020,00-0036110,J.Bradley,WR,24.0,11.0,181.0
2020,00-0034273,D.Ratley,WR,25.0,10.3,182.0
2020,00-0034054,R.Cracraft,WR,26.0,10.1,183.0
2020,00-0034487,T.Sherfield,WR,24.0,10.0,184.0
2020,00-0034348,C.Sutton,WR,25.0,9.6,185.0
2020,00-0035181,D.Shepherd,WR,25.0,9.6,186.0
2020,00-0035021,A.Dulin,WR,23.0,9.4,187.0
2020,00-0031787,J.Kumerow,WR,28.0,9.2,188.0
2020,00-0036377,J.Reed,WR,22.0,8.9,189.0
2020,00-0035590,R.Ridley,WR,24.0,7.9,190.0
2020,00-0027691,A.Roberts,WR,32.0,7.1,191.0
2020,00-0031166,S.Roberts,WR,29.0,7.1,192.0
2020,00-0025396,T.Ginn,WR,35.0,7.0,193.0
2020,00-0030525,T.Austin,WR,30.0,7.0,194.0
2020,00-0036100,I.Zuber,WR,23.0,7.0,195.0
2020,00-0033859,J.Malone,WR,24.0,6.8,196.0
2020,00-0034052,B.Zylstra,WR,27.0,6.6,197.0
2020,00-0035313,T.Godwin,WR,24.0,6.5,198.0
2020,00-0034510,R.Foster,WR,26.0,5.699999999999999,199.0
2020,00-0034653,D.Burnett,WR,23.0,4.9,200.0
2020,00-0036182,N.Westbrook-Ikhine,WR,23.0,4.6,201.0
2020,00-0034395,D.Fountain,WR,25.0,4.3,202.0
2020,00-0034772,A.Callaway,WR,23.0,4.0,203.0
2020,00-0033460,J.Ross III,WR,25.0,3.7,204.0
2020,00-0036182,N.Westbrook,WR,23.0,3.7,205.0
2020,00-0036340,A.Gandy-Golden,WR,22.0,3.5,206.0
2020,00-0035022,P.Hart,WR,24.0,3.2,207.0
2020,00-0030670,B.Fowler,WR,29.0,3.1,208.0
2020,00-0031339,D.Moncrief,WR,27.0,2.9,209.0
2020,00-0032881,T.Lewis,WR,28.0,2.9,210.0
2020,00-0034267,J.Scott,WR,25.0,2.6,211.0
2020,00-0036133,J.Proche,WR,24.0,2.4,212.0
2020,00-0034317,K.Kirkwood,WR,26.0,2.3,213.0
2020,00-0034631,V.Smith,WR,24.0,2.3,214.0
2020,00-0033386,C.Hollister,WR,27.0,2.2,215.0
2020,00-0033481,M.Kemp,WR,25.0,2.1,216.0
2020,00-0033474,G.Dieter,WR,27.0,2.0,217.0
2020,00-0031763,D.Carter,WR,27.0,1.8,218.0
2020,00-0035341,T.Irwin,WR,25.0,1.5,219.0
2020,00-0033839,D.Westbrook,WR,27.0,1.4,220.0
2020,00-0033266,J.Natson,WR,26.0,0.3,221.0
2020,00-0026293,M.Slater,WR,35.0,0.0,222.0
2020,00-0028114,Dw.Harris,WR,33.0,0.0,223.0
2020,00-0031235,O.Beckham Jr.,WR,28.0,0.0,224.0
2020,00-0031545,K.White,WR,28.0,0.0,225.0
2020,00-0032398,C.Moore,WR,27.0,0.0,226.0
2020,00-0032778,T.Sharpe,WR,26.0,0.0,227.0
2020,00-0033215,C.Grayson,WR,27.0,0.0,228.0
2020,00-0033911,T.Taylor,WR,25.0,0.0,229.0
2020,00-0034207,J.Badet,WR,26.0,0.0,230.0
2020,00-0034339,T.Quinn,WR,25.0,0.0,231.0
2020,00-0034660,R.Gafford,WR,24.0,0.0,232.0
2020,00-0034867,M.Turner,WR,24.0,0.0,233.0
2020,00-0035399,S.Morgan,WR,24.0,0.0,234.0
2020,00-0035621,N.Webster,WR,24.0,0.0,235.0
2020,00-0035789,C.Rowland,WR,23.0,0.0,236.0
2020,00-0035838,M.Cole,WR,24.0,0.0,237.0
2020,00-0035976,D.Chisena,WR,23.0,0.0,238.0
2020,00-0036345,K.Osborn,WR,23.0,0.0,239.0
2020,00-0035864,K.Hinton,WR,23.0,-2.78,240.0
2021,00-0033908,C.Kupp,WR,28.0,439.5,1.0
2021,00-0036223,J.Taylor,RB,22.0,373.1,1.0
2021,00-0036355,J.Herbert,QB,23.0,380.76,1.0
2021,00-0019596,T.Brady,QB,44.0,374.74,2.0
2021,00-0031381,D.Adams,WR,29.0,344.3,2.0
2021,00-0033699,A.Ekeler,RB,26.0,343.8,2.0
2021,00-0034857,J.Allen,QB,25.0,365.36,3.0
2021,00-0035719,D.Samuel,WR,25.0,338.96000000000004,3.0
2021,00-0036893,N.Harris,RB,23.0,300.7,3.0
2021,00-0033873,P.Mahomes,QB,26.0,361.66,4.0
2021,00-0033897,J.Mixon,RB,25.0,287.9,4.0
2021,00-0036322,J.Jefferson,WR,22.0,330.4,4.0
2021,00-0026498,M.Stafford,QB,33.0,329.74,5.0
2021,00-0033553,J.Conner,RB,26.0,257.7,5.0
2021,00-0036900,J.Chase,WR,21.0,304.6,5.0
2021,00-0033040,T.Hill,WR,27.0,296.5,6.0
2021,00-0033077,D.Prescott,QB,28.0,320.56,6.0
2021,00-0033856,L.Fournette,RB,26.0,255.6,6.0
2021,00-0031588,S.Diggs,WR,28.0,285.5,7.0
2021,00-0033045,E.Elliott,RB,26.0,252.06,7.0
2021,00-0036442,J.Burrow,QB,25.0,314.24,7.0
2021,00-0033906,A.Kamara,RB,26.0,234.7,8.0
2021,00-0035216,D.Johnson,WR,25.0,274.4,8.0
2021,00-0036389,J.Hurts,QB,23.0,312.16,8.0
2021,00-0030578,C.Patterson,RB,30.0,234.6,9.0
2021,00-0031408,M.Evans,WR,28.0,262.5,9.0
2021,00-0035228,K.Murray,QB,24.0,300.48,9.0
2021,00-0029604,K.Cousins,QB,33.0,300.34,10.0
2021,00-0034983,H.Renfrow,WR,26.0,259.1,10.0
2021,00-0036328,A.Gibson,RB,23.0,229.1,10.0
2021,00-0029701,R.Tannehill,QB,33.0,268.36,11.0
2021,00-0030279,K.Allen,WR,29.0,257.8,11.0
2021,00-0033293,A.Jones,RB,27.0,229.0,11.0
2021,00-0032950,C.Wentz,QB,29.0,258.02,12.0
2021,00-0035700,J.Jacobs,RB,23.0,226.0,12.0
2021,00-0036613,J.Waddle,WR,23.0,247.8,12.0
2021,00-0031280,D.Carr,QB,30.0,256.96,13.0
2021,00-0033536,M.Williams,WR,27.0,246.6,13.0
2021,00-0034791,N.Chubb,RB,26.0,215.3,13.0
2021,00-0029263,R.Wilson,QB,33.0,242.82,14.0
2021,00-0035640,D.Metcalf,WR,24.0,244.3,14.0
2021,00-0035657,D.Harris,RB,24.0,210.1,14.0
2021,00-0033921,C.Godwin,WR,25.0,242.4,15.0
2021,00-0034796,L.Jackson,QB,24.0,239.98,15.0
2021,00-0036275,D.Swift,RB,22.0,208.9,15.0
2021,00-0031345,J.Garoppolo,QB,30.0,227.5,16.0
2021,00-0032211,T.Lockett,WR,29.0,241.4,16.0
2021,00-0033893,D.Cook,RB,26.0,206.3,16.0
2021,00-0036252,M.Pittman,WR,24.0,238.6,17.0
2021,00-0036972,M.Jones,QB,23.0,224.94,17.0
2021,00-0036997,J.Williams,RB,21.0,204.9,17.0
2021,00-0026143,M.Ryan,QB,36.0,222.92,18.0
2021,00-0034827,Dj.Moore,WR,24.0,237.5,18.0
2021,00-0035250,D.Singletary,RB,24.0,197.8,18.0
2021,00-0031800,T.Heinicke,QB,28.0,222.85999999999999,19.0
2021,00-0034301,Da.Williams,RB,26.0,196.0,19.0
2021,00-0036358,C.Lamb,WR,22.0,232.8,19.0
2021,00-0022924,B.Roethlisberger,QB,39.0,218.1,20.0
2021,00-0031236,B.Cooks,WR,28.0,231.8,20.0
2021,00-0032144,M.Gordon,RB,28.0,195.1,20.0
2021,00-0031237,T.Bridgewater,QB,29.0,202.68,21.0
2021,00-0035662,M.Brown,WR,24.0,228.3,21.0
2021,00-0035685,D.Montgomery,RB,24.0,195.0,21.0
2021,00-0032764,D.Henry,RB,27.0,193.3,22.0
2021,00-0036963,A.St. Brown,WR,22.0,227.3,22.0
2021,00-0036971,T.Lawrence,QB,22.0,199.04,22.0
2021,00-0033106,J.Goff,QB,27.0,194.5,23.0
2021,00-0036265,A.Dillon,RB,23.0,185.6,23.0
2021,00-0036309,D.Mooney,WR,24.0,219.7,23.0
2021,00-0035831,J.Robinson,RB,23.0,173.9,24.0
2021,00-0036212,T.Tagovailoa,QB,23.0,180.92,24.0
2021,00-0036410,T.Higgins,WR,22.0,219.1,24.0
2021,00-0034855,B.Mayfield,QB,26.0,180.9,25.0
2021,00-0035311,M.Gaskin,RB,24.0,173.6,25.0
2021,00-0035659,T.McLaurin,WR,26.0,213.5,25.0
2021,00-0023459,A.Rodgers,QB,38.0,178.24,26.0
2021,00-0034775,C.Kirk,WR,25.0,207.62,26.0
2021,00-0036567,E.Mitchell,RB,23.0,165.0,26.0
2021,00-0031544,A.Cooper,WR,27.0,202.5,27.0
2021,00-0035664,D.Henderson,RB,24.0,163.4,27.0
2021,00-0035710,D.Jones,QB,24.0,167.51999999999998,27.0
2021,00-0030035,A.Thielen,WR,31.0,199.8,28.0
2021,00-0034869,S.Darnold,QB,24.0,157.28,28.0
2021,00-0035261,T.Pollard,RB,24.0,162.6,28.0
2021,00-0034844,S.Barkley,RB,24.0,148.6,29.0
2021,00-0034960,J.Meyers,WR,25.0,186.3,29.0
2021,00-0036898,D.Mills,QB,23.0,156.95999999999998,29.0
2021,00-0023459,Aa.Rodgers,QB,38.0,155.06,30.0
2021,00-0031285,D.Freeman,RB,29.0,146.6,30.0
2021,00-0036912,D.Smith,WR,23.0,185.6,30.0
2021,00-0033009,T.Boyd,WR,27.0,183.84,31.0
2021,00-0034845,S.Michel,RB,26.0,146.3,31.0
2021,00-0037013,Z.Wilson,QB,22.0,151.85999999999999,31.0
2021,00-0032972,D.Booker,RB,29.0,144.1,32.0
2021,00-0035676,A.Brown,WR,24.0,180.9,32.0
2021,00-0036945,J.Fields,QB,22.0,126.8,32.0
2021,00-0031503,J.Winston,QB,27.0,117.4,33.0
2021,00-0033307,K.Bourne,WR,26.0,180.5,33.0
2021,00-0034681,C.Edmonds,RB,25.0,143.3,33.0
2021,00-0029293,M.Jones,WR,31.0,180.2,34.0
2021,00-0032063,M.Davis,RB,28.0,138.2,34.0
2021,00-0032156,T.Siemian,QB,30.0,90.16000000000001,34.0
2021,00-0027939,C.Newton,QB,32.0,86.36,35.0
2021,00-0036261,B.Aiyuk,WR,23.0,170.3,35.0
2021,00-0036555,C.Hubbard,RB,22.0,137.6,35.0
2021,00-0027973,A.Dalton,QB,34.0,84.2,36.0
2021,00-0036415,V.Jefferson,WR,25.0,168.20000000000002,36.0
2021,00-0036924,Mi.Carter,RB,22.0,137.0,36.0
2021,00-0032602,J.McKissic,RB,28.0,127.9,37.0
2021,00-0035993,T.Huntley,QB,23.0,82.64,37.0
2021,00-0036326,C.Claypool,WR,23.0,166.6,37.0
2021,00-0033119,J.Brissett,QB,29.0,72.32000000000001,38.0
2021,00-0033280,C.McCaffrey,RB,25.0,127.5,38.0
2021,00-0034411,R.Gage,WR,25.0,163.0,38.0
2021,00-0029000,C.Beasley,WR,32.0,159.3,39.0
2021,00-0034972,A.Mattison,RB,23.0,125.9,39.0
2021,00-0037012,T.Lance,QB,21.0,64.92,39.0
2021,00-0029239,B.Bolden,RB,31.0,124.1,40.0
2021,00-0030565,G.Smith,QB,31.0,54.28,40.0
2021,00-0036345,K.Osborn,WR,24.0,158.5,40.0
2021,00-0027942,A.Green,WR,33.0,156.8,41.0
2021,00-0035704,D.Lock,QB,25.0,51.88,41.0
2021,00-0036919,K.Gainwell,RB,22.0,123.4,41.0
2021,00-0026300,J.Johnson,QB,35.0,46.32,42.0
2021,00-0033375,T.Patrick,WR,28.0,156.4,42.0
2021,00-0034750,R.Penny,RB,25.0,121.7,42.0
2021,00-0033948,J.Williams,RB,26.0,119.8,43.0
2021,00-0034401,M.White,QB,26.0,44.019999999999996,43.0
2021,00-0036219,M.Callaway,WR,23.0,151.79999999999998,43.0
2021,00-0028118,T.Taylor,QB,32.0,41.599999999999994,44.0
2021,00-0034348,C.Sutton,WR,26.0,150.24,44.0
2021,00-0036360,C.Edwards-Helaire,RB,22.0,117.6,44.0
2021,00-0027688,C.McCoy,QB,35.0,41.300000000000004,45.0
2021,00-0034418,C.Wilson,WR,26.0,147.82,45.0
2021,00-0035243,M.Sanders,RB,24.0,117.2,45.0
2021,00-0028118,Ty.Taylor,QB,32.0,40.14,46.0
2021,00-0030564,D.Hopkins,WR,29.0,147.2,46.0
2021,00-0035537,T.Johnson,RB,24.0,117.1,46.0
2021,00-0034367,N.Hines,RB,25.0,116.6,47.0
2021,00-0034521,A.Lazard,WR,26.0,142.5,47.0
2021,00-0034857,Jos.Allen,QB,25.0,37.22,47.0
2021,00-0035140,M.Hardman,WR,23.0,140.9,48.0
2021,00-0035289,G.Minshew,QB,25.0,33.660000000000004,48.0
2021,00-0036875,R.Stevenson,RB,23.0,114.89999999999999,48.0
2021,00-0030520,M.Glennon,QB,32.0,30.9,49.0
2021,00-0032688,R.Anderson,WR,28.0,138.5,49.0
2021,00-0033923,K.Hunt,RB,26.0,110.0,49.0
2021,00-0027966,M.Ingram,RB,32.0,108.60000000000001,50.0
2021,00-0028986,C.Keenum,QB,33.0,28.68,50.0
2021,00-0036980,E.Moore,WR,21.0,138.2,50.0
2021,00-0030431,R.Woods,WR,29.0,137.2,51.0
2021,00-0034177,T.Boyle,QB,27.0,24.34,51.0
2021,00-0036251,Z.Moss,RB,24.0,105.2,51.0
2021,00-0030288,R.Burkhead,RB,31.0,104.3,52.0
2021,00-0031382,J.Landry,WR,29.0,133.0,52.0
2021,00-0033662,C.Rush,QB,28.0,24.08,52.0
2021,00-0026158,J.Flacco,QB,36.0,23.82,53.0
2021,00-0032464,K.Raymond,WR,27.0,132.4,53.0
2021,00-0035628,D.Johnson,RB,25.0,104.1,53.0
2021,00-0027685,E.Sanders,WR,34.0,131.7,54.0
2021,00-0030513,L.Murray,RB,31.0,103.6,54.0
2021,00-0036264,J.Love,QB,23.0,21.14,54.0
2021,00-0031235,O.Beckham,WR,29.0,129.1,55.0
2021,00-0033118,K.Drake,RB,27.0,102.5,55.0
2021,00-0034771,M.Rudolph,QB,26.0,18.38,55.0
2021,00-0029567,N.Foles,QB,32.0,16.8,56.0
2021,00-0034297,B.Pringle,WR,28.0,128.8,56.0
2021,00-0034414,B.Scott,RB,26.0,98.6,56.0
2021,00-0032268,M.Mariota,QB,28.0,14.86,57.0
2021,00-0033925,D.Foreman,RB,25.0,93.9,57.0
2021,00-0036268,L.Shenault,WR,23.0,127.0,57.0
2021,00-0032104,A.Abdullah,RB,28.0,89.5,58.0
2021,00-0032434,B.Allen,QB,29.0,13.86,58.0
2021,00-0036196,G.Davis,WR,22.0,125.9,58.0
2021,00-0027793,A.Brown,WR,33.0,121.1,59.0
2021,00-0033275,P.Walker,QB,26.0,13.78,59.0
2021,00-0034440,J.Jackson,RB,25.0,86.2,59.0
2021,00-0032245,S.Mannion,QB,29.0,12.96,60.0
2021,00-0033526,S.Perine,RB,26.0,83.2,60.0
2021,00-0034419,B.Berrios,WR,26.0,121.1,60.0
2021,00-0026625,B.Hoyer,QB,36.0,12.280000000000001,61.0
2021,00-0032187,D.Johnson,RB,30.0,81.3,61.0
2021,00-0036271,Q.Watkins,WR,23.0,116.0,61.0
2021,00-0034816,R.Jones,RB,24.0,79.2,62.0
2021,00-0035215,D.Harris,WR,24.0,115.1,62.0
2021,00-0036197,J.Fromm,QB,23.0,10.9,62.0
2021,00-0033319,N.Mullens,QB,26.0,9.88,63.0
2021,00-0036906,K.Herbert,RB,23.0,78.9,63.0
2021,00-0036936,R.Moore,WR,21.0,111.1,63.0
2021,00-0031941,J.Crowder,WR,28.0,109.7,64.0
2021,00-0033869,M.Trubisky,QB,27.0,8.120000000000001,64.0
2021,00-0033955,J.McNichols,RB,26.0,73.6,64.0
2021,00-0034253,D.Hilliard,RB,26.0,72.7,65.0
2021,00-0034577,K.Allen,QB,25.0,7.8999999999999995,65.0
2021,00-0036233,D.Peoples-Jones,WR,22.0,109.7,65.0
2021,00-0031395,G.Gilbert,QB,30.0,7.76,66.0
2021,00-0032426,A.Collins,RB,27.0,68.8,66.0
2021,00-0036365,B.Edwards,WR,23.0,109.1,66.0
2021,00-0026197,C.Henne,QB,36.0,3.2800000000000002,67.0
2021,00-0032780,J.Howard,RB,27.0,62.5,67.0
2021,00-0036182,N.Westbrook-Ikhine,WR,24.0,107.6,67.0
2021,00-0033891,Z.Jones,WR,26.0,105.89999999999999,68.0
2021,00-0035594,T.Homer,RB,23.0,61.8,68.0
2021,00-0035752,C.Streveler,QB,26.0,2.04,68.0
2021,00-0030874,D.Williams,RB,29.0,60.699999999999996,69.0
2021,00-0033871,C.Davis,WR,26.0,105.2,69.0
2021,00-0036929,I.Book,QB,23.0,2.0,69.0
2021,00-0027948,B.Gabbert,QB,32.0,1.98,70.0
2021,00-0031547,D.Parker,WR,28.0,103.5,70.0
2021,00-0036425,D.Dallas,RB,23.0,60.099999999999994,70.0
2021,00-0030456,G.Bernard,RB,30.0,59.1,71.0
2021,00-0033936,C.Beathard,QB,28.0,1.52,71.0
2021,00-0036550,R.Bateman,WR,22.0,103.5,71.0
2021,00-0031549,N.Agholor,WR,28.0,103.39999999999999,72.0
2021,00-0032257,D.Johnson,RB,28.0,59.1,72.0
2021,00-0036879,S.Ehlinger,QB,23.0,0.9,72.0
2021,00-0023682,R.Fitzpatrick,QB,39.0,0.72,73.0
2021,00-0035414,J.Guyton,WR,24.0,97.2,73.0
2021,00-0035715,D.Gore,RB,27.0,56.1,73.0
2021,00-0028002,R.Cobb,WR,31.0,95.6,74.0
2021,00-0035040,D.Blough,QB,26.0,0.6,74.0
2021,00-0036755,J.Patterson,RB,22.0,55.9,74.0
2021,00-0032058,T.Coleman,RB,28.0,51.5,75.0
2021,00-0033251,Z.Pascal,WR,27.0,94.5,75.0
2021,00-0033958,N.Peterman,QB,27.0,0.2,75.0
2021,00-0034115,J.Wilson,RB,26.0,51.5,76.0
2021,00-0036946,K.Mond,QB,22.0,0.2,76.0
2021,00-0036988,J.Palmer,WR,22.0,92.9,76.0
2021,00-0034764,M.Gallup,WR,25.0,91.5,77.0
2021,00-0034955,B.Rypien,QB,25.0,0.0,77.0
2021,00-0035806,J.Hasty,RB,25.0,51.5,77.0
2021,00-0034131,K.Benkert,QB,26.0,-0.1,78.0
2021,00-0035208,O.Zaccheaus,WR,24.0,89.8,78.0
2021,00-0036654,D.Felton,RB,23.0,50.5,78.0
2021,00-0026544,C.Daniel,QB,35.0,-0.2,79.0
2021,00-0033854,D.Ogunbowale,RB,27.0,50.1,79.0
2021,00-0033932,K.Golladay,WR,28.0,89.10000000000001,79.0
2021,00-0032741,P.Barber,RB,27.0,49.9,80.0
2021,00-0033550,D.Webb,QB,26.0,-0.3,80.0
2021,00-0034765,T.Smith,WR,25.0,87.7,80.0
2021,00-0031428,A.Robinson,WR,28.0,87.0,81.0
2021,00-0034438,L.Woodside,QB,26.0,-0.6,81.0
2021,00-0036857,C.Evans,RB,24.0,49.8,81.0
2021,00-0033594,C.Carson,RB,27.0,48.1,82.0
2021,00-0034272,M.Valdes-Scantling,WR,27.0,87.0,82.0
2021,00-0036226,J.Eason,QB,24.0,-1.0,82.0
2021,00-0031045,C.Hyde,RB,31.0,45.8,83.0
2021,00-0031763,D.Carter,WR,28.0,86.5,83.0
2021,00-0034899,J.Wolford,QB,26.0,-1.9000000000000001,83.0
2021,00-0034109,P.Lindsay,RB,27.0,45.4,84.0
2021,00-0034343,J.Rosen,QB,24.0,-3.24,84.0
2021,00-0036247,F.Swain,WR,23.0,86.5,84.0
2021,00-0033308,M.Breida,RB,26.0,42.699999999999996,85.0
2021,00-0036407,J.Jeudy,WR,22.0,85.0,85.0
2021,00-0036357,H.Ruggs,WR,22.0,84.5,86.0
2021,00-0036457,T.Williams,RB,25.0,41.9,86.0
2021,00-0036020,S.Ahmed,RB,23.0,38.6,87.0
2021,00-0036554,N.Collins,WR,22.0,83.6,87.0
2021,00-0030496,L.Bell,RB,29.0,38.1,88.0
2021,00-0032951,L.Treadwell,WR,26.0,82.4,88.0
2021,00-0036450,K.Vaughn,RB,24.0,36.6,89.0
2021,00-0036913,K.Toney,WR,22.0,82.36,89.0
2021,00-0031376,J.McKinnon,RB,29.0,35.9,90.0
2021,00-0036259,J.Jennings,WR,24.0,82.19999999999999,90.0
2021,00-0033572,J.Agnew,WR,26.0,82.0,91.0
2021,00-0035567,C.Reynolds,RB,25.0,35.199999999999996,91.0
2021,00-0033943,J.Reynolds,WR,26.0,80.6,92.0
2021,00-0034838,R.Freeman,RB,25.0,34.6,92.0
2021,00-0027944,J.Jones,WR,32.0,80.4,93.0
2021,00-0031062,J.White,RB,29.0,31.200000000000003,93.0
2021,00-0032009,A.Humphries,WR,28.0,79.3,94.0
2021,00-0033725,C.Clement,RB,27.0,28.9,94.0
2021,00-0033681,K.Cole,WR,28.0,78.9,95.0
2021,00-0036984,T.Sermon,RB,22.0,28.3,95.0
2021,00-0036383,E.Benjamin,RB,22.0,28.0,96.0
2021,00-0036387,J.Reagor,WR,22.0,78.1,96.0
2021,00-0032385,S.Shepard,WR,28.0,77.7,97.0
2021,00-0034614,G.Igwebuike,RB,27.0,26.8,97.0
2021,00-0025394,A.Peterson,RB,36.0,26.6,98.0
2021,00-0036331,D.Duvernay,WR,24.0,77.2,98.0
2021,00-0026189,D.Jackson,WR,35.0,75.8,99.0
2021,00-0036670,J.Jefferson,RB,21.0,25.7,99.0
2021,00-0029608,T.Hilton,WR,32.0,74.1,100.0
2021,00-0033025,J.Richard,RB,28.0,23.2,100.0
2021,00-0036427,T.Johnson,WR,23.0,72.0,101.0
2021,00-0036842,K.Nwangwu,RB,23.0,23.0,101.0
2021,00-0031806,M.Brown,RB,28.0,22.5,102.0
2021,00-0034837,C.Ridley,WR,27.0,71.1,102.0
2021,00-0031325,S.Watkins,WR,28.0,70.4,103.0
2021,00-0035860,T.Jones,RB,24.0,22.1,103.0
2021,00-0032775,D.Robinson,WR,27.0,69.4,104.0
2021,00-0032975,J.Williams,RB,27.0,20.7,104.0
2021,00-0026035,D.Amendola,WR,36.0,68.8,105.0
2021,00-0035273,Q.Ollison,RB,25.0,19.700000000000003,105.0
2021,00-0035187,A.Walter,RB,25.0,19.0,106.0
2021,00-0035535,D.Slayton,WR,24.0,68.6,106.0
2021,00-0034407,R.McCloud,WR,25.0,68.2,107.0
2021,00-0036096,J.Taylor,RB,23.0,18.5,107.0
2021,00-0032355,C.Rogers,WR,27.0,67.0,108.0
2021,00-0036924,M.Carter,RB,22.0,17.4,108.0
2021,00-0031868,D.Byrd,WR,28.0,66.9,109.0
2021,00-0035973,P.Taylor,RB,23.0,17.2,109.0
2021,00-0034676,J.Washington,WR,25.0,65.8,110.0
2021,00-0036370,J.Kelley,RB,24.0,17.0,110.0
2021,00-0032128,C.Conley,WR,29.0,64.6,111.0
2021,00-0036650,L.Rountree,RB,22.0,15.600000000000001,111.0
2021,00-0033555,M.Hollins,WR,28.0,60.3,112.0
2021,00-0033950,W.Gallman,RB,27.0,13.5,112.0
2021,00-0035126,A.Wesley,WR,24.0,57.800000000000004,113.0
2021,00-0035217,B.Snell,RB,23.0,13.100000000000001,113.0
2021,00-0032977,R.Higgins,WR,27.0,57.5,114.0
2021,00-0033951,M.Mack,RB,25.0,12.9,114.0
2021,00-0030068,M.Goodwin,WR,31.0,57.2,115.0
2021,00-0035268,R.Armstead,RB,25.0,12.6,115.0
2021,00-0032398,C.Moore,WR,28.0,55.7,116.0
2021,00-0035957,R.Smith,RB,25.0,9.8,116.0
2021,00-0033466,I.McKenzie,WR,26.0,54.5,117.0
2021,00-0035924,J.Ward,RB,24.0,9.7,117.0
2021,00-0030525,T.Austin,WR,31.0,53.4,118.0
2021,00-0033296,A.Armah,RB,27.0,9.2,118.0
2021,00-0034311,J.Stanton,RB,27.0,9.2,119.0
2021,00-0035406,L.Humphrey,WR,23.0,49.9,119.0
2021,00-0036277,Q.Cephus,WR,23.0,49.4,120.0
2021,00-0036493,De.Jackson,RB,22.0,9.100000000000001,120.0
2021,00-0034052,B.Zylstra,WR,28.0,49.0,121.0
2021,00-0036768,J.Hardy,RB,24.0,8.9,121.0
2021,00-0032782,W.Smallwood,RB,27.0,8.7,122.0
2021,00-0034104,C.Sims,WR,25.0,48.8,122.0
2021,00-0030669,A.Wilson,WR,29.0,48.0,123.0
2021,00-0034208,M.Boone,RB,26.0,7.7,123.0
2021,00-0032778,T.Sharpe,WR,27.0,48.0,124.0
2021,00-0035291,T.Williams,RB,24.0,6.5,124.0
2021,00-0034378,I.Smith,RB,26.0,6.4,125.0
2021,00-0035021,A.Dulin,WR,24.0,45.5,125.0
2021,00-0034799,K.Ballage,RB,26.0,6.4,126.0
2021,00-0034867,M.Turner,WR,25.0,44.9,126.0
2021,00-0033215,C.Grayson,WR,28.0,44.6,127.0
2021,00-0035726,J.Johnson,RB,27.0,6.4,127.0
2021,00-0032791,J.Grant,WR,29.0,43.5,128.0
2021,00-0034331,J.Samuels,RB,25.0,5.3,128.0
2021,00-0033460,J.Ross,WR,26.0,41.0,129.0
2021,00-0035342,P.Laird,RB,26.0,5.1,129.0
2021,00-0033471,I.Ford,WR,25.0,40.1,130.0
2021,00-0036278,J.Huntley,RB,23.0,5.1,130.0
2021,00-0035864,K.Hinton,WR,24.0,38.54,131.0
2021,00-0036727,A.Prentice,RB,24.0,5.1,131.0
2021,00-0032450,D.Washington,RB,27.0,4.8,132.0
2021,00-0036133,J.Proche,WR,25.0,36.2,132.0
2021,00-0033857,J.Smith-Schuster,WR,25.0,34.8,133.0
2021,00-0036414,C.Akers,RB,22.0,4.3,133.0
2021,00-0033733,G.Ward,WR,26.0,34.58,134.0
2021,00-0036069,S.Phillips,RB,24.0,4.2,134.0
2021,00-0034777,D.Chark,WR,25.0,34.400000000000006,135.0
2021,00-0036669,K.Hill,RB,23.0,3.9,135.0
2021,00-0033591,N.Brown,WR,25.0,34.4,136.0
2021,00-0036297,D.Evans,RB,23.0,3.8,136.0
2021,00-0032054,B.Perriman,WR,28.0,33.4,137.0
2021,00-0034578,R.Bonnafon,RB,25.0,3.6,137.0
2021,00-0036523,T.Ragas,RB,25.0,3.5,138.0
2021,00-0036999,A.Schwartz,WR,21.0,33.4,138.0
2021,00-0036269,L.Perine,RB,23.0,3.0999999999999996,139.0
2021,00-0036955,T.Marshall,WR,21.0,32.800000000000004,139.0
2021,00-0029632,M.Sanu,WR,32.0,32.7,140.0
2021,00-0034433,N.Bawden,RB,25.0,3.0,140.0
2021,00-0035639,P.Campbell,WR,24.0,32.2,141.0
2021,00-0036336,A.McFarland,RB,22.0,2.4,141.0
2021,00-0031687,R.Mostert,RB,29.0,2.0,142.0
2021,00-0034854,K.Hodge,WR,26.0,30.7,142.0
2021,00-0032200,T.Montgomery,WR,28.0,29.9,143.0
2021,00-0036569,G.Brightwell,RB,23.0,2.0,143.0
2021,00-0035726,Jak.Johnson,RB,27.0,1.9,144.0
2021,00-0036635,I.Smith-Marsette,WR,22.0,28.6,144.0
2021,00-0034597,R.Nall,RB,26.0,1.7999999999999998,145.0
2021,00-0036620,D.Eskridge,WR,24.0,28.3,145.0
2021,00-0035184,D.Ozigbo,RB,25.0,1.4,146.0
2021,00-0036626,D.Brown,WR,22.0,28.1,146.0
2021,00-0034808,J.Kelly,RB,25.0,1.3,147.0
2021,00-0034860,D.Pettis,WR,26.0,25.34,147.0
2021,00-0032980,M.Johnson,WR,27.0,24.799999999999997,148.0
2021,00-0035760,J.Patrick,RB,24.0,1.2,148.0
2021,00-0034449,B.Howell,RB,25.0,1.1,149.0
2021,00-0036862,B.Skowronek,WR,24.0,24.3,149.0
2021,00-0034487,T.Sherfield,WR,25.0,23.7,150.0
2021,00-0036698,M.Sargent,RB,24.0,1.1,150.0
2021,00-0035448,D.Crockett,RB,24.0,0.7,151.0
2021,00-0036254,C.Johnson,WR,24.0,21.5,151.0
2021,00-0036255,D.Mims,WR,24.0,21.3,152.0
2021,00-0036860,J.Funk,RB,23.0,0.5,152.0
2021,00-0034164,T.Cannon,RB,27.0,0.4,153.0
2021,00-0034930,T.Benson,WR,24.0,20.3,153.0
2021,00-0034279,E.St. Brown,WR,25.0,20.2,154.0
2021,00-0035835,N.Cottrell,RB,25.0,0.3,154.0
2021,00-0028063,T.Jones,RB,33.0,0.0,155.0
2021,00-0036183,K.Wilkerson,WR,24.0,20.2,155.0
2021,00-0030465,K.Barner,RB,32.0,0.0,156.0
2021,00-0035510,J.Smith,WR,24.0,19.2,156.0
2021,00-0033567,B.Hill,RB,26.0,0.0,157.0
2021,00-0035298,S.Miller,WR,24.0,19.1,157.0
2021,00-0030085,K.Stills,WR,29.0,18.9,158.0
2021,00-0034400,J.Wilkins,RB,27.0,0.0,158.0
2021,00-0034959,A.Beck,RB,25.0,0.0,159.0
2021,00-0035544,T.Kennedy,WR,25.0,18.4,159.0
2021,00-0032208,P.Dorsett,WR,28.0,18.0,160.0
2021,00-0035218,S.Smith,RB,25.0,0.0,160.0
2021,00-0033839,D.Westbrook,WR,28.0,16.8,161.0
2021,00-0035304,C.Gillaspia,RB,26.0,0.0,161.0
2021,00-0035898,D.Bradwell,RB,24.0,0.0,162.0
2021,00-0036572,S.Smith,WR,23.0,16.1,162.0
2021,00-0036208,A.Pierce,RB,25.0,0.0,163.0
2021,00-0036627,D.Fitzpatrick,WR,24.0,15.9,163.0
2021,00-0036671,D.Milne,WR,22.0,15.4,164.0
2021,00-0036734,P.Williams,RB,22.0,0.0,164.0
2021,00-0034353,A.Miller,WR,27.0,14.5,165.0
2021,00-0036799,J.Johnson,RB,24.0,0.0,165.0
2021,00-0029664,J.Gordon,WR,30.0,14.200000000000001,166.0
2021,00-0036950,A.Williams,RB,23.0,0.0,166.0
2021,00-0028237,C.Hogan,WR,34.0,14.1,167.0
2021,00-0035537,Ty.Johnson,RB,24.0,-0.1,167.0
2021,00-0035350,P.Williams,WR,24.0,13.799999999999999,168.0
2021,00-0036582,N.McCrary,RB,22.0,-0.1,168.0
2021,00-0034686,A.Tate,WR,24.0,12.9,169.0
2021,00-0035022,P.Hart,WR,25.0,12.9,170.0
2021,00-0027691,A.Roberts,WR,33.0,12.4,171.0
2021,00-0036412,K.Hamler,WR,22.0,12.399999999999999,172.0
2021,00-0035593,J.Winfree,WR,25.0,11.8,173.0
2021,00-0036877,J.Darden,WR,22.0,11.399999999999999,174.0
2021,00-0034652,C.Batson,WR,26.0,11.0,175.0
2021,00-0036110,J.Bradley,WR,25.0,10.399999999999999,176.0
2021,00-0033114,M.Thomas,WR,27.0,10.2,177.0
2021,00-0036228,D.Patmon,WR,23.0,10.1,178.0
2021,00-0033282,C.Samuel,WR,25.0,9.8,179.0
2021,00-0033367,C.Board,WR,28.0,9.7,180.0
2021,00-0036991,Am.Rodgers,WR,22.0,9.6,181.0
2021,00-0033127,W.Fuller,WR,27.0,8.6,182.0
2021,00-0035432,J.Moore,WR,26.0,8.6,183.0
2021,00-0032543,A.Erickson,WR,29.0,8.5,184.0
2021,00-0035891,C.White,WR,23.0,8.3,185.0
2021,00-0030663,W.Snead,WR,29.0,7.8,186.0
2021,00-0033111,P.Cooper,WR,26.0,7.6,187.0
2021,00-0033386,C.Hollister,WR,28.0,7.300000000000001,188.0
2021,00-0035500,G.Dortch,WR,23.0,6.9,189.0
2021,00-0035045,D.Montgomery,WR,25.0,6.6,190.0
2021,00-0034132,C.Blake,WR,25.0,6.5,191.0
2021,00-0033292,T.Taylor,WR,27.0,6.1,192.0
2021,00-0034646,B.Powell,WR,26.0,6.0,193.0
2021,00-0035645,G.Olszewski,WR,25.0,6.0,194.0
2021,00-0036382,K.Hill,WR,24.0,6.0,195.0
2021,00-0035246,J.Arcega-Whiteside,WR,25.0,5.6,196.0
2021,00-0035341,T.Irwin,WR,26.0,5.4,197.0
2021,00-0031545,K.White,WR,29.0,4.8,198.0
2021,00-0031787,J.Kumerow,WR,29.0,4.8,199.0
2021,00-0034317,K.Kirkwood,WR,27.0,4.7,200.0
2021,00-0036482,M.Strachan,WR,24.0,4.6,201.0
2021,00-0033481,M.Kemp,WR,26.0,4.4,202.0
2021,00-0036657,S.Williams,WR,21.0,4.4,203.0
2021,00-0036630,T.Wallace,WR,22.0,4.3,204.0
2021,00-0036907,D.Newsome,WR,22.0,4.3,205.0
2021,00-0035359,D.Sills,WR,25.0,3.7,206.0
2021,00-0035457,T.Johnson,WR,25.0,3.6,207.0
2021,00-0035399,S.Morgan,WR,25.0,3.4000000000000004,208.0
2021,00-0032160,T.Williams,WR,29.0,3.4,209.0
2021,00-0035480,M.Taylor,WR,26.0,3.4,210.0
2021,00-0036910,C.Saunders,WR,25.0,3.1,211.0
2021,00-0033006,J.Mickens,WR,27.0,3.0,212.0
2021,00-0035101,D.Davis,WR,25.0,2.7,213.0
2021,00-0036951,F.Darby,WR,24.0,2.4,214.0
2021,00-0035527,A.Isabella,WR,25.0,2.3,215.0
2021,00-0035844,K.Merritt,WR,24.0,2.3,216.0
2021,00-0033094,M.Hall,WR,28.0,2.0,217.0
2021,00-0036491,T.Black,WR,23.0,2.0,218.0
2021,00-0032881,T.Lewis,WR,29.0,1.7,219.0
2021,00-0035703,M.Boykin,WR,25.0,1.6,220.0
2021,00-0034366,K.Coutee,WR,24.0,1.5,221.0
2021,00-0036080,E.Winston,WR,25.0,1.5,222.0
2021,00-0036652,R.McMath,WR,22.0,0.7999999999999998,223.0
2021,00-0031319,D.Spencer,WR,29.0,0.7,224.0
2021,00-0035883,M.Ffrench,WR,23.0,0.3,225.0
2021,00-0026293,M.Slater,WR,36.0,0.0,226.0
2021,00-0029269,T.Benjamin,WR,32.0,0.0,227.0
2021,00-0031051,J.Brown,WR,31.0,0.0,228.0
2021,00-0031934,D.Smith,WR,29.0,0.0,229.0
2021,00-0032626,G.Allison,WR,27.0,0.0,230.0
2021,00-0033266,J.Natson,WR,27.0,0.0,231.0
2021,00-0033589,D.Moore,WR,26.0,0.0,232.0
2021,00-0033957,R.Adams,WR,27.0,0.0,233.0
2021,00-0034054,R.Cracraft,WR,27.0,0.0,234.0
2021,00-0034395,D.Fountain,WR,26.0,0.0,235.0
2021,00-0034631,V.Smith,WR,25.0,0.0,236.0
2021,00-0034669,J.Veasy,WR,26.0,0.0,237.0
2021,00-0035164,C.Thompson,WR,25.0,0.0,238.0
2021,00-0035621,N.Webster,WR,25.0,0.0,239.0
2021,00-0035838,M.Cole,WR,25.0,0.0,240.0
2021,00-0035935,J.Koski,WR,25.0,0.0,241.0
2021,00-0035976,D.Chisena,WR,24.0,0.0,242.0
2021,00-0036176,M.Kinsey,WR,23.0,0.0,243.0
2021,00-0036308,I.Coulter,WR,23.0,0.0,244.0
2021,00-0036340,A.Gandy-Golden,WR,23.0,0.0,245.0
2021,00-0036398,J.Hightower,WR,25.0,0.0,246.0
2021,00-0036439,T.Cleveland,WR,24.0,0.0,247.0
2021,00-0036526,D.Stoner,WR,23.0,0.0,248.0
2021,00-0036571,M.Stevenson,WR,23.0,0.0,249.0
2021,00-0036598,L.Akers,WR,24.0,0.0,250.0
2021,00-0036849,T.Atwell,WR,22.0,0.0,251.0
2021,00-0036858,J.Camp,WR,23.0,0.0,252.0
2021,00-0036918,J.Harris,WR,24.0,0.0,253.0
2021,00-0036939,K.Baker,WR,23.0,0.0,254.0
2021,00-0036959,M.Bandy,WR,24.0,0.0,255.0
2021,00-0035602,A.Bachman,WR,25.0,-0.3,256.0
2022,00-0033699,A.Ekeler,RB,27.0,372.7,1.0
2022,00-0033873,P.Mahomes,QB,27.0,417.4,1.0
2022,00-0036322,J.Jefferson,WR,23.0,368.66,1.0
2022,00-0033040,T.Hill,WR,28.0,341.2,2.0
2022,00-0033280,C.McCaffrey,RB,26.0,356.36,2.0
2022,00-0034857,J.Allen,QB,26.0,395.52,2.0
2022,00-0031381,D.Adams,WR,30.0,335.5,3.0
2022,00-0035700,J.Jacobs,RB,24.0,328.3,3.0
2022,00-0036389,J.Hurts,QB,24.0,378.04,3.0
2022,00-0031588,S.Diggs,WR,29.0,316.6,4.0
2022,00-0032764,D.Henry,RB,28.0,302.76,4.0
2022,00-0036442,J.Burrow,QB,26.0,350.7,4.0
2022,00-0030565,G.Smith,QB,32.0,303.88,5.0
2022,00-0034844,S.Barkley,RB,25.0,284.0,5.0
2022,00-0036358,C.Lamb,WR,23.0,301.59999999999997,5.0
2022,00-0034791,N.Chubb,RB,27.0,281.4,6.0
2022,00-0035676,A.Brown,WR,25.0,299.6,6.0
2022,00-0036945,J.Fields,QB,23.0,295.98,6.0
2022,00-0036875,R.Stevenson,RB,24.0,249.1,7.0
2022,00-0036963,A.St. Brown,WR,23.0,267.6,7.0
2022,00-0036971,T.Lawrence,QB,23.0,295.62,7.0
2022,00-0029604,K.Cousins,QB,34.0,291.58,8.0
2022,00-0035261,T.Pollard,RB,25.0,248.8,8.0
2022,00-0036613,J.Waddle,WR,24.0,259.2,8.0
2022,00-0033293,A.Jones,RB,28.0,248.6,9.0
2022,00-0035710,D.Jones,QB,25.0,289.0,9.0
2022,00-0036912,D.Smith,WR,24.0,256.6,9.0
2022,00-0031544,A.Cooper,WR,28.0,246.0,10.0
2022,00-0033106,J.Goff,QB,28.0,284.32,10.0
2022,00-0033897,J.Mixon,RB,26.0,239.5,10.0
2022,00-0033893,D.Cook,RB,27.0,237.8,11.0
2022,00-0036355,J.Herbert,QB,24.0,281.26,11.0
2022,00-0036900,J.Chase,WR,22.0,242.4,11.0
2022,00-0019596,T.Brady,QB,45.0,271.66,12.0
2022,00-0033856,L.Fournette,RB,27.0,226.1,12.0
2022,00-0034775,C.Kirk,WR,26.0,241.9,12.0
2022,00-0023459,A.Rodgers,QB,39.0,239.2,13.0
2022,00-0032211,T.Lockett,WR,30.0,239.3,13.0
2022,00-0033948,Ja.Williams,RB,27.0,225.9,13.0
2022,00-0034796,L.Jackson,QB,25.0,236.08,14.0
2022,00-0035659,T.McLaurin,WR,27.0,229.0,14.0
2022,00-0036893,N.Harris,RB,24.0,225.46,14.0
2022,00-0035243,M.Sanders,RB,25.0,216.70000000000002,15.0
2022,00-0036212,T.Tagovailoa,QB,24.0,230.92,15.0
2022,00-0036261,B.Aiyuk,WR,24.0,227.8,15.0
2022,00-0029263,R.Wilson,QB,34.0,225.76,16.0
2022,00-0033906,A.Kamara,RB,27.0,211.7,16.0
2022,00-0035640,D.Metcalf,WR,25.0,226.8,16.0
2022,00-0031280,D.Carr,QB,31.0,219.08,17.0
2022,00-0031408,M.Evans,WR,29.0,225.4,17.0
2022,00-0036973,T.Etienne,RB,23.0,205.1,17.0
2022,00-0033921,C.Godwin,WR,26.0,222.8,18.0
2022,00-0035228,K.Murray,QB,25.0,200.51999999999998,18.0
2022,00-0038134,K.Walker,RB,22.0,202.5,18.0
2022,00-0033077,D.Prescott,QB,29.0,198.6,19.0
2022,00-0033553,J.Conner,RB,27.0,200.2,19.0
2022,00-0036410,T.Higgins,WR,23.0,220.9,19.0
2022,00-0031376,J.McKinnon,RB,30.0,196.3,20.0
2022,00-0032268,M.Mariota,QB,29.0,196.56,20.0
2022,00-0036252,M.Pittman,WR,25.0,216.5,20.0
2022,00-0036275,D.Swift,RB,23.0,191.1,21.0
2022,00-0036898,D.Mills,QB,24.0,181.52,21.0
2022,00-0037740,G.Wilson,WR,22.0,215.7,21.0
2022,00-0027973,A.Dalton,QB,35.0,174.24,22.0
2022,00-0033045,E.Elliott,RB,27.0,185.8,22.0
2022,00-0036407,J.Jeudy,WR,23.0,204.2,22.0
2022,00-0033908,C.Kupp,WR,29.0,201.4,23.0
2022,00-0035250,D.Singletary,RB,25.0,177.9,23.0
2022,00-0036972,M.Jones,QB,24.0,170.08,23.0
2022,00-0033119,J.Brissett,QB,30.0,168.62,24.0
2022,00-0034827,D.Moore,WR,25.0,199.10000000000002,24.0
2022,00-0035685,D.Montgomery,RB,25.0,177.7,24.0
2022,00-0031345,J.Garoppolo,QB,31.0,164.78,25.0
2022,00-0031687,R.Mostert,RB,30.0,168.3,25.0
2022,00-0037239,C.Olave,WR,22.0,198.2,25.0
2022,00-0029701,R.Tannehill,QB,34.0,161.24,26.0
2022,00-0033891,Z.Jones,WR,27.0,198.1,26.0
2022,00-0036265,A.Dillon,RB,24.0,167.6,26.0
2022,00-0026143,M.Ryan,QB,37.0,155.28,27.0
2022,00-0033857,J.Smith-Schuster,WR,26.0,185.29999999999998,27.0
2022,00-0037258,D.Pierce,RB,22.0,166.4,27.0
2022,00-0034960,J.Meyers,WR,26.0,182.3,28.0
2022,00-0036328,A.Gibson,RB,24.0,165.9,28.0
2022,00-0038102,K.Pickett,QB,24.0,149.85999999999999,28.0
2022,00-0034855,B.Mayfield,QB,27.0,121.42,29.0
2022,00-0035216,D.Johnson,WR,26.0,180.7,29.0
2022,00-0037263,T.Allgeier,RB,22.0,159.4,29.0
2022,00-0030035,A.Thielen,WR,32.0,180.0,30.0
2022,00-0031800,T.Heinicke,QB,29.0,115.96,30.0
2022,00-0034115,J.Wilson,RB,27.0,158.5,30.0
2022,00-0030578,C.Patterson,RB,31.0,154.7,31.0
2022,00-0032950,C.Wentz,QB,30.0,112.8,31.0
2022,00-0037238,D.London,WR,21.0,178.6,31.0
2022,00-0026498,M.Stafford,QB,34.0,108.38,32.0
2022,00-0030513,L.Murray,RB,32.0,154.2,32.0
2022,00-0033536,M.Williams,WR,28.0,176.5,32.0
2022,00-0033282,C.Samuel,WR,26.0,176.3,33.0
2022,00-0036223,J.Taylor,RB,23.0,146.4,33.0
2022,00-0037834,B.Purdy,QB,23.0,106.26,33.0
2022,00-0033526,S.Perine,RB,27.0,142.1,34.0
2022,00-0034521,A.Lazard,WR,27.0,174.8,34.0
2022,00-0037013,Z.Wilson,QB,23.0,98.92,34.0
2022,00-0034869,S.Darnold,QB,25.0,86.32,35.0
2022,00-0036196,G.Davis,WR,23.0,171.6,35.0
2022,00-0036414,C.Akers,RB,23.0,141.3,35.0
2022,00-0033537,D.Watson,QB,27.0,85.58,36.0
2022,00-0036988,J.Palmer,WR,23.0,169.3,36.0
2022,00-0037256,R.White,RB,23.0,141.1,36.0
2022,00-0033869,M.Trubisky,QB,28.0,73.88,37.0
2022,00-0035719,D.Samuel,WR,26.0,168.4,37.0
2022,00-0037197,I.Pacheco,RB,23.0,135.0,37.0
2022,00-0033009,T.Boyd,WR,28.0,167.12,38.0
2022,00-0033662,C.Rush,QB,29.0,56.64,38.0
2022,00-0033925,D.Foreman,RB,26.0,131.0,38.0
2022,00-0033923,K.Hunt,RB,27.0,126.8,39.0
2022,00-0034401,M.White,QB,27.0,56.580000000000005,39.0
2022,00-0036233,D.Peoples-Jones,WR,23.0,167.1,39.0
2022,00-0035993,T.Huntley,QB,24.0,50.019999999999996,40.0
2022,00-0036924,Mi.Carter,RB,23.0,126.0,40.0
2022,00-0037247,G.Pickens,WR,21.0,166.5,40.0
2022,00-0026158,J.Flacco,QB,37.0,48.339999999999996,41.0
2022,00-0036906,K.Herbert,RB,24.0,117.8,41.0
2022,00-0038124,C.Watson,WR,23.0,164.10000000000002,41.0
2022,00-0030279,K.Allen,WR,30.0,164.0,42.0
2022,00-0031503,J.Winston,QB,28.0,43.92,42.0
2022,00-0038120,Br.Hall,RB,21.0,115.1,42.0
2022,00-0034348,C.Sutton,WR,27.0,159.4,43.0
2022,00-0035264,J.Stidham,QB,26.0,42.64,43.0
2022,00-0037746,B.Robinson,RB,23.0,112.69999999999999,43.0
2022,00-0035662,M.Brown,WR,25.0,156.0,44.0
2022,00-0037248,J.Cook,RB,23.0,105.7,44.0
2022,00-0038108,B.Zappe,QB,23.0,39.64,44.0
2022,00-0033118,K.Drake,RB,28.0,104.1,45.0
2022,00-0033275,P.Walker,QB,27.0,39.14,45.0
2022,00-0036345,K.Osborn,WR,25.0,155.6,45.0
2022,00-0033555,M.Hollins,WR,29.0,154.16,46.0
2022,00-0036360,C.Edwards-Helaire,RB,23.0,98.3,46.0
2022,00-0038122,D.Ridder,QB,23.0,38.72,46.0
2022,00-0030564,D.Hopkins,WR,30.0,151.7,47.0
2022,00-0031237,T.Bridgewater,QB,30.0,38.019999999999996,47.0
2022,00-0037228,J.Warren,RB,24.0,93.3,47.0
2022,00-0035289,G.Minshew,QB,26.0,36.82,48.0
2022,00-0035639,P.Campbell,WR,25.0,149.1,48.0
2022,00-0035657,D.Harris,RB,25.0,90.9,48.0
2022,00-0031236,B.Cooks,WR,29.0,145.6,49.0
2022,00-0036555,C.Hubbard,RB,23.0,89.7,49.0
2022,00-0036879,S.Ehlinger,QB,24.0,35.620000000000005,49.0
2022,00-0027688,C.McCoy,QB,36.0,32.8,50.0
2022,00-0034286,R.James,WR,27.0,138.5,50.0
2022,00-0036383,E.Benjamin,RB,23.0,89.60000000000001,50.0
2022,00-0033949,J.Dobbs,QB,27.0,20.84,51.0
2022,00-0035831,J.Robinson,RB,24.0,88.6,51.0
2022,00-0037741,J.Dotson,WR,22.0,130.6,51.0
2022,00-0033550,D.Webb,QB,27.0,20.82,52.0
2022,00-0034972,A.Mattison,RB,24.0,88.4,52.0
2022,00-0035535,D.Slayton,WR,25.0,128.4,52.0
2022,00-0034411,R.Gage,WR,26.0,123.6,53.0
2022,00-0036919,K.Gainwell,RB,23.0,87.9,53.0
2022,00-0038128,M.Willis,QB,23.0,19.34,53.0
2022,00-0032144,M.Gordon,RB,29.0,87.1,54.0
2022,00-0034272,M.Valdes-Scantling,WR,28.0,122.4,54.0
2022,00-0035040,D.Blough,QB,27.0,18.58,54.0
2022,00-0033466,I.McKenzie,WR,27.0,119.8,55.0
2022,00-0036493,D.Jackson,RB,23.0,84.5,55.0
2022,00-0037077,S.Howell,QB,22.0,18.26,55.0
2022,00-0030431,R.Woods,WR,30.0,117.7,56.0
2022,00-0034367,N.Hines,RB,26.0,81.4,56.0
2022,00-0034955,B.Rypien,QB,26.0,18.02,56.0
2022,00-0029293,M.Jones,WR,32.0,116.89999999999999,57.0
2022,00-0036158,J.Dobbins,RB,24.0,81.2,57.0
2022,00-0037327,S.Thompson,QB,25.0,17.46,57.0
2022,00-0032436,J.Driskel,QB,29.0,17.22,58.0
2022,00-0032464,K.Raymond,WR,28.0,116.2,58.0
2022,00-0034253,D.Hilliard,RB,27.0,77.2,58.0
2022,00-0034577,K.Allen,QB,26.0,15.940000000000001,59.0
2022,00-0034681,C.Edmonds,RB,26.0,74.2,59.0
2022,00-0036331,D.Duvernay,WR,25.0,116.1,59.0
2022,00-0032398,C.Moore,WR,29.0,115.1,60.0
2022,00-0035664,D.Henderson,RB,25.0,73.5,60.0
2022,00-0035939,B.Perkins,QB,26.0,15.440000000000001,60.0
2022,00-0030288,R.Burkhead,RB,32.0,71.4,61.0
2022,00-0034899,J.Wolford,QB,27.0,14.799999999999999,61.0
2022,00-0035500,G.Dortch,WR,24.0,115.1,61.0
2022,00-0033591,N.Brown,WR,26.0,114.5,62.0
2022,00-0035806,J.Hasty,RB,26.0,70.0,62.0
2022,00-0037012,T.Lance,QB,22.0,12.46,62.0
2022,00-0031763,D.Carter,WR,29.0,114.3,63.0
2022,00-0033319,N.Mullens,QB,27.0,11.76,63.0
2022,00-0036370,J.Kelley,RB,25.0,64.8,63.0
2022,00-0036251,Z.Moss,RB,25.0,64.5,64.0
2022,00-0036264,J.Love,QB,24.0,11.7,64.0
2022,00-0037664,A.Pierce,WR,22.0,112.30000000000001,64.0
2022,00-0028118,T.Taylor,QB,33.0,11.32,65.0
2022,00-0033308,M.Breida,RB,27.0,59.8,65.0
2022,00-0035208,O.Zaccheaus,WR,25.0,110.0,65.0
2022,00-0032156,T.Siemian,QB,31.0,10.16,66.0
2022,00-0034184,G.Edwards,RB,27.0,59.3,66.0
2022,00-0034764,M.Gallup,WR,26.0,105.4,66.0
2022,00-0035752,C.Streveler,QB,27.0,9.0,67.0
2022,00-0036326,C.Claypool,WR,24.0,105.03999999999999,67.0
2022,00-0037157,Z.Knight,RB,21.0,59.0,67.0
2022,00-0032602,J.McKissic,RB,29.0,55.8,68.0
2022,00-0033943,J.Reynolds,WR,27.0,103.9,68.0
2022,00-0035146,T.McSorley,QB,27.0,8.58,68.0
2022,00-0026544,C.Daniel,QB,36.0,8.48,69.0
2022,00-0032104,A.Abdullah,RB,29.0,54.1,69.0
2022,00-0032775,D.Robinson,WR,28.0,103.8,69.0
2022,00-0031547,D.Parker,WR,29.0,102.9,70.0
2022,00-0033958,N.Peterman,QB,28.0,8.26,70.0
2022,00-0034750,R.Penny,RB,26.0,52.199999999999996,70.0
2022,00-0034440,J.Jackson,RB,26.0,51.099999999999994,71.0
2022,00-0037175,A.Brown,QB,24.0,5.58,71.0
2022,00-0037816,R.Doubs,WR,22.0,101.6,71.0
2022,00-0027948,B.Gabbert,QB,33.0,5.16,72.0
2022,00-0027966,M.Ingram,RB,33.0,50.1,72.0
2022,00-0036309,D.Mooney,WR,25.0,101.5,72.0
2022,00-0029567,N.Foles,QB,33.0,1.8,73.0
2022,00-0033854,D.Ogunbowale,RB,28.0,48.7,73.0
2022,00-0037545,R.Shaheed,WR,24.0,100.5,73.0
2022,00-0026625,B.Hoyer,QB,37.0,1.48,74.0
2022,00-0034414,B.Scott,RB,27.0,46.2,74.0
2022,00-0036165,I.Hodgins,WR,24.0,100.2,74.0
2022,00-0034777,D.Chark,WR,26.0,98.2,75.0
2022,00-0036425,D.Dallas,RB,24.0,46.2,75.0
2022,00-0036928,K.Trask,QB,24.0,0.92,75.0
2022,00-0032434,B.Allen,QB,30.0,0.78,76.0
2022,00-0033871,C.Davis,WR,27.0,97.6,76.0
2022,00-0037429,R.Blackshear,RB,24.0,45.0,76.0
2022,00-0026300,J.Johnson,QB,36.0,0.7,77.0
2022,00-0036554,N.Collins,WR,23.0,97.1,77.0
2022,00-0036829,C.Huntley,RB,24.0,44.9,77.0
2022,00-0035140,M.Hardman,WR,24.0,93.8,78.0
2022,00-0036226,J.Eason,QB,25.0,0.36,78.0
2022,00-0036567,E.Mitchell,RB,24.0,43.6,78.0
2022,00-0028986,C.Keenum,QB,34.0,0.32,79.0
2022,00-0030068,M.Goodwin,WR,32.0,90.2,79.0
2022,00-0035594,T.Homer,RB,24.0,43.1,79.0
2022,00-0032792,N.Sudfeld,QB,29.0,-0.4,80.0
2022,00-0033307,K.Bourne,WR,27.0,88.3,80.0
2022,00-0035537,T.Johnson,RB,25.0,42.8,80.0
2022,00-0026197,C.Henne,QB,37.0,-0.5,81.0
2022,00-0034975,J.Hill,RB,25.0,42.0,81.0
2022,00-0036980,E.Moore,WR,22.0,88.1,81.0
2022,00-0033936,C.Beathard,QB,29.0,-1.0,82.0
2022,00-0036997,J.Williams,RB,22.0,42.0,82.0
2022,00-0037742,T.Burks,WR,22.0,88.1,82.0
2022,00-0033951,M.Mack,RB,26.0,38.300000000000004,83.0
2022,00-0034177,T.Boyle,QB,28.0,-2.88,83.0
2022,00-0036936,R.Moore,WR,22.0,87.89999999999999,83.0
2022,00-0031428,Al.Robinson,WR,29.0,84.9,84.0
2022,00-0037745,V.Jones,RB,25.0,38.0,84.0
2022,00-0036271,Q.Watkins,WR,24.0,84.5,85.0
2022,00-0036950,A.Williams,RB,24.0,36.0,85.0
2022,00-0036862,B.Skowronek,WR,25.0,84.3,86.0
2022,00-0037563,M.Davis,RB,24.0,34.4,86.0
2022,00-0034487,T.Sherfield,WR,26.0,83.7,87.0
2022,00-0037525,J.Mason,RB,23.0,31.799999999999997,87.0
2022,00-0035567,C.Reynolds,RB,26.0,30.8,88.0
2022,00-0036955,T.Marshall,WR,22.0,83.0,88.0
2022,00-0036182,N.Westbrook-Ikhine,WR,25.0,82.7,89.0
2022,00-0037840,K.Williams,RB,22.0,30.5,89.0
2022,00-0036259,J.Jennings,WR,25.0,82.6,90.0
2022,00-0036569,G.Brightwell,RB,24.0,29.0,90.0
2022,00-0028002,R.Cobb,WR,32.0,81.7,91.0
2022,00-0034208,M.Boone,RB,27.0,28.8,91.0
2022,00-0029239,B.Bolden,RB,32.0,27.3,92.0
2022,00-0034983,H.Renfrow,WR,27.0,79.0,92.0
2022,00-0036415,V.Jefferson,WR,26.0,78.9,93.0
2022,00-0038098,P.Strong,RB,24.0,27.2,93.0
2022,00-0031549,N.Agholor,WR,29.0,75.2,94.0
2022,00-0032975,J.Williams,RB,28.0,26.2,94.0
2022,00-0036268,L.Shenault,WR,24.0,72.7,95.0
2022,00-0037617,H.Haskins,RB,23.0,26.0,95.0
2022,00-0027944,J.Jones,WR,33.0,70.4,96.0
2022,00-0034845,S.Michel,RB,27.0,24.9,96.0
2022,00-0031806,M.Brown,RB,29.0,22.8,97.0
2022,00-0033572,J.Agnew,WR,27.0,70.3,97.0
2022,00-0032058,T.Coleman,RB,29.0,22.0,98.0
2022,00-0038104,T.Thornton,WR,22.0,66.3,98.0
2022,00-0033725,C.Clement,RB,28.0,21.9,99.0
2022,00-0034860,D.Pettis,WR,27.0,65.2,99.0
2022,00-0034279,E.St. Brown,WR,26.0,64.7,100.0
2022,00-0034301,D.Williams,RB,27.0,21.099999999999998,100.0
2022,00-0034838,R.Freeman,RB,26.0,19.0,101.0
2022,00-0035341,T.Irwin,WR,27.0,63.2,101.0
2022,00-0035217,B.Snell,RB,24.0,18.7,102.0
2022,00-0036849,T.Atwell,WR,23.0,63.2,102.0
2022,00-0027942,A.Green,WR,34.0,61.6,103.0
2022,00-0037331,Z.Horvath,RB,24.0,18.6,103.0
2022,00-0036572,S.Smith,WR,24.0,61.6,104.0
2022,00-0037299,K.Ingram,RB,23.0,18.099999999999998,104.0
2022,00-0031382,J.Landry,WR,30.0,60.2,105.0
2022,00-0034816,R.Jones,RB,25.0,16.2,105.0
2022,00-0034109,P.Lindsay,RB,28.0,14.8,106.0
2022,00-0036913,K.Toney,WR,23.0,59.3,106.0
2022,00-0034386,Ju.Watson,WR,26.0,58.5,107.0
2022,00-0034400,J.Wilkins,RB,28.0,14.7,107.0
2022,00-0034407,R.McCloud,WR,26.0,58.1,108.0
2022,00-0036020,S.Ahmed,RB,24.0,14.200000000000001,108.0
2022,00-0034419,B.Berrios,WR,27.0,57.68,109.0
2022,00-0036857,C.Evans,RB,25.0,12.8,109.0
2022,00-0034959,A.Beck,RB,26.0,11.9,110.0
2022,00-0035864,K.Hinton,WR,25.0,56.4,110.0
2022,00-0036550,R.Bateman,WR,23.0,53.5,111.0
2022,00-0036842,K.Nwangwu,RB,24.0,11.5,111.0
2022,00-0034765,T.Smith,WR,26.0,52.800000000000004,112.0
2022,00-0037286,K.Harris,RB,22.0,11.2,112.0
2022,00-0032688,R.Anderson,WR,29.0,52.199999999999996,113.0
2022,00-0036297,D.Evans,RB,24.0,10.700000000000001,113.0
2022,00-0031868,D.Byrd,WR,29.0,51.8,114.0
2022,00-0035860,T.Jones,RB,25.0,10.4,114.0
2022,00-0032208,P.Dorsett,WR,29.0,51.7,115.0
2022,00-0036450,K.Vaughn,RB,25.0,10.2,115.0
2022,00-0037265,S.Conner,RB,22.0,10.2,116.0
2022,00-0038117,W.Robinson,WR,21.0,51.599999999999994,116.0
2022,00-0032765,M.Thomas,WR,29.0,51.1,117.0
2022,00-0037557,R.Rivers,RB,23.0,10.0,117.0
2022,00-0037827,T.Davis-Price,RB,22.0,9.9,118.0
2022,00-0038090,S.Moore,WR,22.0,49.4,118.0
2022,00-0034646,B.Powell,WR,27.0,47.6,119.0
2022,00-0035311,M.Gaskin,RB,25.0,9.4,119.0
2022,00-0031325,S.Watkins,WR,29.0,46.5,120.0
2022,00-0037085,T.Badie,RB,23.0,9.4,120.0
2022,00-0032187,D.Johnson,RB,31.0,9.1,121.0
2022,00-0037257,Dav.Bell,WR,22.0,45.4,121.0
2022,00-0035021,A.Dulin,WR,25.0,42.5,122.0
2022,00-0038045,I.Spiller,RB,21.0,8.399999999999999,122.0
2022,00-0035298,S.Miller,WR,25.0,42.3,123.0
2022,00-0037594,J.Chestnut,RB,22.0,8.3,123.0
2022,00-0034854,K.Hodge,WR,27.0,41.2,124.0
2022,00-0035291,T.Williams,RB,25.0,8.0,124.0
2022,00-0036219,M.Callaway,WR,24.0,37.800000000000004,125.0
2022,00-0036755,J.Patterson,RB,23.0,7.8,125.0
2022,00-0033251,Z.Pascal,WR,28.0,36.0,126.0
2022,00-0036543,S.Brown,RB,24.0,7.3,126.0
2022,00-0034297,B.Pringle,WR,29.0,35.5,127.0
2022,00-0038040,Z.White,RB,23.0,7.0,127.0
2022,00-0032385,S.Shepard,WR,29.0,34.4,128.0
2022,00-0037456,T.Hairston,RB,24.0,6.9,128.0
2022,00-0036991,A.Rodgers,WR,23.0,34.1,129.0
2022,00-0037087,T.Ebner,RB,23.0,6.199999999999999,129.0
2022,00-0036336,A.McFarland,RB,23.0,6.1,130.0
2022,00-0037261,K.Shakir,WR,22.0,34.1,130.0
2022,00-0035726,J.Johnson,RB,28.0,6.0,131.0
2022,00-0037291,J.Nailor,WR,23.0,32.9,131.0
2022,00-0035973,P.Taylor,RB,24.0,5.800000000000001,132.0
2022,00-0036626,D.Brown,WR,23.0,32.800000000000004,132.0
2022,00-0032450,D.Washington,RB,28.0,5.5,133.0
2022,00-0034928,S.Sims,WR,25.0,31.4,133.0
2022,00-0034054,R.Cracraft,WR,28.0,31.2,134.0
2022,00-0035628,D.Johnson,RB,26.0,5.4,134.0
2022,00-0033681,K.Cole,WR,29.0,30.1,135.0
2022,00-0036650,L.Rountree,RB,23.0,5.3,135.0
2022,00-0035924,J.Ward,RB,25.0,5.2,136.0
2022,00-0036255,D.Mims,WR,25.0,29.6,136.0
2022,00-0036387,J.Reagor,WR,23.0,26.9,137.0
2022,00-0036727,A.Prentice,RB,25.0,4.8,137.0
2022,00-0030456,G.Bernard,RB,31.0,4.7,138.0
2022,00-0034418,C.Wilson,WR,27.0,26.4,138.0
2022,00-0032063,M.Davis,RB,29.0,4.2,139.0
2022,00-0036412,K.Hamler,WR,23.0,25.8,139.0
2022,00-0026189,D.Jackson,WR,36.0,24.3,140.0
2022,00-0036096,J.Taylor,RB,24.0,2.7,140.0
2022,00-0032054,B.Perriman,WR,29.0,23.3,141.0
2022,00-0036654,D.Felton,RB,24.0,2.4,141.0
2022,00-0035544,T.Kennedy,WR,26.0,22.1,142.0
2022,00-0037276,T.Chandler,RB,24.0,2.0,142.0
2022,00-0035359,D.Sills,WR,26.0,21.6,143.0
2022,00-0036984,T.Sermon,RB,23.0,1.9,143.0
2022,00-0034614,G.Igwebuike,RB,28.0,1.7,144.0
2022,00-0035510,J.Smith,WR,25.0,21.4,144.0
2022,00-0033932,K.Golladay,WR,29.0,20.1,145.0
2022,00-0035184,D.Ozigbo,RB,26.0,1.7,145.0
2022,00-0036457,T.Williams,RB,26.0,1.5,146.0
2022,00-0037098,S.Toure,WR,24.0,19.2,146.0
2022,00-0029608,T.Hilton,WR,33.0,19.099999999999998,147.0
2022,00-0037267,J.Ford,RB,23.0,1.2000000000000002,147.0
2022,00-0032980,M.Johnson,WR,28.0,18.9,148.0
2022,00-0034578,R.Bonnafon,RB,26.0,0.8,148.0
2022,00-0036669,K.Hill,RB,24.0,0.7,149.0
2022,00-0036959,M.Bandy,WR,25.0,18.9,149.0
2022,00-0032257,D.Johnson,RB,29.0,0.4,150.0
2022,00-0036999,A.Schwartz,WR,22.0,18.8,150.0
2022,00-0030874,D.Williams,RB,30.0,0.2,151.0
2022,00-0034104,C.Sims,WR,26.0,16.9,151.0
2022,00-0032780,J.Howard,RB,28.0,0.1,152.0
2022,00-0037382,B.Johnson,WR,24.0,16.2,152.0
2022,00-0028063,T.Jones,RB,34.0,0.0,153.0
2022,00-0037273,K.Philips,WR,23.0,15.799999999999999,153.0
2022,00-0034164,T.Cannon,RB,28.0,0.0,154.0
2022,00-0036671,D.Milne,WR,23.0,15.7,154.0
2022,00-0035273,Q.Ollison,RB,26.0,0.0,155.0
2022,00-0037387,J.Virgil,WR,24.0,15.5,155.0
2022,00-0035304,C.Gillaspia,RB,27.0,0.0,156.0
2022,00-0037240,J.Williams,WR,21.0,15.1,156.0
2022,00-0035645,G.Olszewski,WR,26.0,14.200000000000001,157.0
2022,00-0036139,R.Dowdle,RB,24.0,0.0,157.0
2022,00-0036620,D.Eskridge,WR,25.0,13.8,158.0
2022,00-0036860,J.Funk,RB,24.0,0.0,158.0
2022,00-0033292,T.Taylor,WR,28.0,13.700000000000001,159.0
2022,00-0037329,B.Brown,RB,25.0,0.0,159.0
2022,00-0036133,J.Proche,WR,26.0,12.200000000000001,160.0
2022,00-0031941,J.Crowder,WR,29.0,12.0,161.0
2022,00-0035876,A.Baccellia,WR,25.0,11.5,162.0
2022,00-0036247,F.Swain,WR,24.0,11.4,163.0
2022,00-0031051,J.Brown,WR,32.0,11.2,164.0
2022,00-0037487,D.Thompkins,WR,23.0,10.799999999999999,165.0
2022,00-0031787,J.Kumerow,WR,30.0,10.4,166.0
2022,00-0032200,T.Montgomery,WR,29.0,10.3,167.0
2022,00-0032951,L.Treadwell,WR,27.0,10.2,168.0
2022,00-0029000,C.Beasley,WR,33.0,9.5,169.0
2022,00-0031545,K.White,WR,30.0,9.4,170.0
2022,00-0036991,Am.Rodgers,WR,23.0,9.0,171.0
2022,00-0037300,M.Woods,WR,22.0,9.0,172.0
2022,00-0036482,M.Strachan,WR,25.0,8.899999999999999,173.0
2022,00-0032128,C.Conley,WR,30.0,8.600000000000001,174.0
2022,00-0033386,C.Hollister,WR,29.0,8.4,175.0
2022,00-0035414,J.Guyton,WR,25.0,8.4,176.0
2022,00-0033114,Mi.Thomas,WR,28.0,7.8,177.0
2022,00-0036630,T.Wallace,WR,23.0,7.3,178.0
2022,00-0037272,M.Washington,WR,23.0,7.2,179.0
2022,00-0036652,R.McMath,WR,23.0,6.4,180.0
2022,00-0036497,T.Jones,WR,24.0,6.0,181.0
2022,00-0036646,S.Fehoko,WR,25.0,5.4,182.0
2022,00-0035022,P.Hart,WR,26.0,5.0,183.0
2022,00-0036877,J.Darden,WR,23.0,4.800000000000001,184.0
2022,00-0036439,T.Cleveland,WR,25.0,4.8,185.0
2022,00-0036365,B.Edwards,WR,24.0,4.5,186.0
2022,00-0038147,D.Baldwin,WR,23.0,4.5,187.0
2022,00-0036228,D.Patmon,WR,24.0,4.4,188.0
2022,00-0037093,D.Young,WR,23.0,4.4,189.0
2022,00-0035527,A.Isabella,WR,26.0,4.2,190.0
2022,00-0033111,P.Cooper,WR,27.0,4.1,191.0
2022,00-0036810,C.Johnson,WR,24.0,4.1,192.0
2022,00-0035406,L.Humphrey,WR,24.0,4.0,193.0
2022,00-0034317,K.Kirkwood,WR,28.0,3.8,194.0
2022,00-0037570,D.Houston,WR,23.0,3.6,195.0
2022,00-0037801,K.Turpin,WR,26.0,3.6,196.0
2022,00-0036277,Q.Cephus,WR,24.0,3.5,197.0
2022,00-0035621,N.Webster,WR,26.0,3.4,198.0
2022,00-0035215,D.Harty,WR,25.0,3.3,199.0
2022,00-0036841,A.Trammell,WR,24.0,3.3,200.0
2022,00-0037666,J.Tolbert,WR,23.0,3.2,201.0
2022,00-0035703,M.Boykin,WR,26.0,3.1,202.0
2022,00-0037828,D.Gray,WR,23.0,2.9,203.0
2022,00-0035593,J.Winfree,WR,26.0,2.7,204.0
2022,00-0036527,D.Turner,WR,25.0,2.6,205.0
2022,00-0036951,F.Darby,WR,25.0,2.5,206.0
2022,00-0035457,T.Johnson,WR,26.0,1.8,207.0
2022,00-0036858,J.Camp,WR,24.0,1.7,208.0
2022,00-0037355,B.Sanders,WR,23.0,1.7,209.0
2022,00-0037708,M.Alexander,WR,25.0,1.7,210.0
2022,00-0033367,C.Board,WR,29.0,1.6,211.0
2022,00-0036918,J.Harris,WR,25.0,1.6,212.0
2022,00-0035432,J.Moore,WR,27.0,1.5,213.0
2022,00-0036176,M.Kinsey,WR,24.0,1.3,214.0
2022,00-0038092,E.Ezukanma,WR,22.0,1.3,215.0
2022,00-0035891,C.White,WR,24.0,1.2,216.0
2022,00-0034366,K.Coutee,WR,25.0,1.0,217.0
2022,00-0036635,I.Smith-Marsette,WR,23.0,0.4,218.0
2022,00-0026293,M.Slater,WR,37.0,0.0,219.0
2022,00-0027691,A.Roberts,WR,34.0,0.0,220.0
2022,00-0029664,J.Gordon,WR,31.0,0.0,221.0
2022,00-0032355,C.Rogers,WR,28.0,0.0,222.0
2022,00-0032543,A.Erickson,WR,30.0,0.0,223.0
2022,00-0033481,M.Kemp,WR,27.0,0.0,224.0
2022,00-0033633,T.Gentry,WR,28.0,0.0,225.0
2022,00-0034052,B.Zylstra,WR,29.0,0.0,226.0
2022,00-0034676,J.Washington,WR,26.0,0.0,227.0
2022,00-0034867,M.Turner,WR,26.0,0.0,228.0
2022,00-0034930,T.Benson,WR,25.0,0.0,229.0
2022,00-0035399,S.Morgan,WR,26.0,0.0,230.0
2022,00-0035819,B.Victor,WR,25.0,0.0,231.0
2022,00-0035976,D.Chisena,WR,25.0,0.0,232.0
2022,00-0036627,D.Fitzpatrick,WR,25.0,0.0,233.0
2022,00-0037055,L.McCutcheon,WR,23.0,0.0,234.0
2022,00-0037132,B.Covey,WR,25.0,0.0,235.0
2022,00-0037185,R.Webb,WR,25.0,0.0,236.0
2022,00-0037524,T.Martin,WR,25.0,0.0,237.0
2022,00-0037581,S.Berryhill,WR,24.0,0.0,238.0
2022,00-0038149,J.Ali,WR,23.0,0.0,239.0
2023,00-0033280,C.McCaffrey,RB,27.0,391.3,1.0
2023,00-0034857,J.Allen,QB,27.0,392.64,1.0
2023,00-0036358,C.Lamb,WR,24.0,403.20000000000005,1.0
2023,00-0033040,T.Hill,WR,29.0,376.4,2.0
2023,00-0036389,J.Hurts,QB,25.0,356.82,2.0
2023,00-0038120,Bre.Hall,RB,22.0,290.5,2.0
2023,00-0033077,D.Prescott,QB,30.0,342.84000000000003,3.0
2023,00-0036963,A.St. Brown,WR,24.0,330.9,3.0
2023,00-0036973,T.Etienne,RB,24.0,282.4,3.0
2023,00-0034796,L.Jackson,QB,26.0,331.22,4.0
2023,00-0037256,R.White,RB,24.0,267.9,4.0
2023,00-0039075,P.Nacua,WR,22.0,298.5,4.0
2023,00-0031687,R.Mostert,RB,31.0,267.7,5.0
2023,00-0035676,A.Brown,WR,26.0,289.6,5.0
2023,00-0036264,J.Love,QB,25.0,319.06,5.0
2023,00-0033897,J.Mixon,RB,27.0,267.0,6.0
2023,00-0034827,D.Moore,WR,26.0,286.5,6.0
2023,00-0037834,B.Purdy,QB,24.0,295.6,6.0
2023,00-0031408,M.Evans,WR,30.0,282.5,7.0
2023,00-0033106,J.Goff,QB,29.0,289.1,7.0
2023,00-0037840,K.Williams,RB,23.0,255.0,7.0
2023,00-0030279,K.Allen,WR,31.0,278.86,8.0
2023,00-0032764,D.Henry,RB,29.0,246.66,8.0
2023,00-0033873,P.Mahomes,QB,28.0,280.22,8.0
2023,00-0031588,S.Diggs,WR,30.0,273.8,9.0
2023,00-0038542,B.Robinson,RB,21.0,246.3,9.0
2023,00-0039163,C.Stroud,QB,22.0,276.02,9.0
2023,00-0031381,D.Adams,WR,31.0,265.4,10.0
2023,00-0034855,B.Mayfield,QB,28.0,274.06,10.0
2023,00-0039139,J.Gibbs,RB,21.0,242.1,10.0
2023,00-0033906,A.Kamara,RB,28.0,233.0,11.0
2023,00-0036212,T.Tagovailoa,QB,25.0,270.36,11.0
2023,00-0036900,J.Chase,WR,23.0,262.72,11.0
2023,00-0036554,N.Collins,WR,24.0,260.4,12.0
2023,00-0036971,T.Lawrence,QB,24.0,262.54,12.0
2023,00-0037248,J.Cook,RB,24.0,232.7,12.0
2023,00-0034844,S.Barkley,RB,26.0,223.2,13.0
2023,00-0036252,M.Pittman,WR,26.0,252.2,13.0
2023,00-0037077,S.Howell,QB,23.0,257.54,13.0
2023,00-0029263,R.Wilson,QB,35.0,256.9,14.0
2023,00-0035261,T.Pollard,RB,26.0,222.6,14.0
2023,00-0036261,B.Aiyuk,WR,25.0,249.2,14.0
2023,00-0026498,M.Stafford,QB,35.0,243.1,15.0
2023,00-0035719,D.Samuel,WR,27.0,243.7,15.0
2023,00-0037197,I.Pacheco,RB,24.0,213.9,15.0
2023,00-0031280,D.Carr,QB,32.0,241.12,16.0
2023,00-0037239,C.Olave,WR,23.0,231.29999999999998,16.0
2023,00-0037267,J.Ford,RB,24.0,211.20000000000002,16.0
2023,00-0030035,A.Thielen,WR,33.0,231.0,17.0
2023,00-0035685,D.Montgomery,RB,26.0,207.2,17.0
2023,00-0036355,J.Herbert,QB,25.0,234.16,17.0
2023,00-0033553,J.Conner,RB,28.0,201.5,18.0
2023,00-0034837,C.Ridley,WR,29.0,229.9,18.0
2023,00-0036945,J.Fields,QB,24.0,230.17999999999998,18.0
2023,00-0030565,G.Smith,QB,33.0,227.26,19.0
2023,00-0036912,D.Smith,WR,25.0,227.6,19.0
2023,00-0038134,K.Walker,RB,23.0,199.4,19.0
2023,00-0031544,A.Cooper,WR,29.0,227.0,20.0
2023,00-0033949,J.Dobbs,QB,28.0,200.66,20.0
2023,00-0036275,D.Swift,RB,24.0,199.3,20.0
2023,00-0035289,G.Minshew,QB,27.0,196.20000000000002,21.0
2023,00-0035640,D.Metcalf,WR,26.0,225.4,21.0
2023,00-0037746,B.Robinson,RB,24.0,198.1,21.0
2023,00-0030564,D.Hopkins,WR,31.0,223.6,22.0
2023,00-0037228,J.Warren,RB,25.0,196.4,22.0
2023,00-0038122,D.Ridder,QB,24.0,177.14,22.0
2023,00-0036893,N.Harris,RB,25.0,195.5,23.0
2023,00-0038994,J.Addison,WR,21.0,221.3,23.0
2023,00-0039150,B.Young,QB,22.0,156.38,23.0
2023,00-0029604,K.Cousins,QB,35.0,149.74,24.0
2023,00-0034960,J.Meyers,WR,27.0,218.58,24.0
2023,00-0039040,D.Achane,RB,22.0,190.7,24.0
2023,00-0034184,G.Edwards,RB,28.0,187.0,25.0
2023,00-0036442,J.Burrow,QB,27.0,147.16,25.0
2023,00-0039146,J.Reed,WR,23.0,217.2,25.0
2023,00-0033699,A.Ekeler,RB,28.0,185.4,26.0
2023,00-0035228,K.Murray,QB,26.0,146.36,26.0
2023,00-0037740,G.Wilson,WR,23.0,213.2,26.0
2023,00-0035100,J.Browning,QB,27.0,144.44,27.0
2023,00-0036555,C.Hubbard,RB,24.0,182.5,27.0
2023,00-0039067,R.Rice,WR,23.0,212.5,27.0
2023,00-0033921,C.Godwin,WR,27.0,209.2,28.0
2023,00-0035700,J.Jacobs,RB,25.0,181.1,28.0
2023,00-0038579,A.O'Connell,QB,25.0,125.82,28.0
2023,00-0036997,J.Williams,RB,23.0,179.2,29.0
2023,00-0037013,Z.Wilson,QB,24.0,119.94,29.0
2023,00-0037247,G.Pickens,WR,22.0,208.8,29.0
2023,00-0033045,E.Elliott,RB,28.0,174.5,30.0
2023,00-0038102,K.Pickett,QB,25.0,110.2,30.0
2023,00-0039064,Z.Flowers,WR,23.0,206.4,30.0
2023,00-0035659,T.McLaurin,WR,28.0,203.20000000000002,31.0
2023,00-0036251,Z.Moss,RB,26.0,169.6,31.0
2023,00-0036972,M.Jones,QB,25.0,106.4,31.0
2023,00-0032211,T.Lockett,WR,31.0,202.4,32.0
2023,00-0035250,D.Singletary,RB,26.0,167.34,32.0
2023,00-0039152,W.Levis,QB,24.0,102.02,32.0
2023,00-0026158,J.Flacco,QB,38.0,100.84,33.0
2023,00-0036223,J.Taylor,RB,24.0,156.4,33.0
2023,00-0036322,J.Jefferson,WR,24.0,202.2,33.0
2023,00-0036613,J.Waddle,WR,25.0,198.6,34.0
2023,00-0038476,T.DeVito,QB,25.0,93.54,34.0
2023,00-0039032,T.Spears,RB,22.0,153.8,34.0
2023,00-0028118,T.Taylor,QB,34.0,87.34,35.0
2023,00-0034348,C.Sutton,WR,28.0,190.2,35.0
2023,00-0036875,R.Stevenson,RB,25.0,145.7,35.0
2023,00-0033537,D.Watson,QB,28.0,86.8,36.0
2023,00-0037263,T.Allgeier,RB,23.0,137.6,36.0
2023,00-0037816,R.Doubs,WR,23.0,174.4,36.0
2023,00-0029701,R.Tannehill,QB,35.0,80.03999999999999,37.0
2023,00-0033293,A.Jones,RB,29.0,134.9,37.0
2023,00-0037238,D.London,WR,22.0,174.38,37.0
2023,00-0031236,B.Cooks,WR,30.0,173.2,38.0
2023,00-0034972,A.Mattison,RB,25.0,133.20000000000002,38.0
2023,00-0039164,A.Richardson,QB,21.0,72.68,38.0
2023,00-0033908,C.Kupp,WR,30.0,164.4,39.0
2023,00-0036328,A.Gibson,RB,25.0,127.4,39.0
2023,00-0038108,B.Zappe,QB,24.0,69.18,39.0
2023,00-0033526,S.Perine,RB,28.0,121.3,40.0
2023,00-0035282,E.Stick,QB,28.0,67.56,40.0
2023,00-0036196,G.Davis,WR,24.0,161.4,40.0
2023,00-0033319,N.Mullens,QB,28.0,66.74000000000001,41.0
2023,00-0033923,K.Hunt,RB,28.0,118.5,41.0
2023,00-0037545,R.Shaheed,WR,25.0,157.6,41.0
2023,00-0031800,T.Heinicke,QB,30.0,66.0,42.0
2023,00-0033282,C.Samuel,WR,27.0,157.2,42.0
2023,00-0036265,A.Dillon,RB,25.0,117.6,42.0
2023,00-0031345,J.Garoppolo,QB,32.0,64.1,43.0
2023,00-0036906,K.Herbert,RB,25.0,112.5,43.0
2023,00-0038997,J.Downs,WR,22.0,157.1,43.0
2023,00-0034975,J.Hill,RB,26.0,109.3,44.0
2023,00-0035216,D.Johnson,WR,27.0,152.7,44.0
2023,00-0035710,D.Jones,QB,26.0,56.96,44.0
2023,00-0035535,D.Slayton,WR,26.0,151.0,45.0
2023,00-0038416,T.Bagent,QB,23.0,53.26,45.0
2023,00-0039165,Z.Charbonnet,RB,22.0,106.1,45.0
2023,00-0033869,M.Trubisky,QB,29.0,48.68,46.0
2023,00-0034775,C.Kirk,WR,27.0,150.26,46.0
2023,00-0038794,J.McLaughlin,RB,23.0,106.0,46.0
2023,00-0034771,M.Rudolph,QB,28.0,39.56,47.0
2023,00-0038543,J.Smith-Njigba,WR,21.0,149.8,47.0
2023,00-0039021,R.Johnson,RB,22.0,102.1,47.0
2023,00-0035704,D.Lock,QB,27.0,29.119999999999997,48.0
2023,00-0037276,T.Chandler,RB,25.0,101.0,48.0
2023,00-0038977,N.Dell,WR,24.0,147.8,48.0
2023,00-0032156,T.Siemian,QB,32.0,26.96,49.0
2023,00-0033009,T.Boyd,WR,29.0,144.79999999999998,49.0
2023,00-0036919,K.Gainwell,RB,24.0,97.38,49.0
2023,00-0035264,J.Stidham,QB,27.0,26.64,50.0
2023,00-0036139,R.Dowdle,RB,25.0,91.5,50.0
2023,00-0036407,J.Jeudy,WR,24.0,141.8,50.0
2023,00-0032950,C.Wentz,QB,31.0,26.12,51.0
2023,00-0033925,D.Foreman,RB,27.0,91.2,51.0
2023,00-0036410,T.Higgins,WR,24.0,137.6,51.0
2023,00-0035243,M.Sanders,RB,26.0,87.6,52.0
2023,00-0035662,M.Brown,WR,26.0,134.70000000000002,52.0
2023,00-0035993,T.Huntley,QB,25.0,25.62,52.0
2023,00-0027973,A.Dalton,QB,36.0,23.64,53.0
2023,00-0031376,J.McKinnon,RB,31.0,84.36,53.0
2023,00-0038117,W.Robinson,WR,22.0,133.2,53.0
2023,00-0030513,L.Murray,RB,33.0,82.89999999999999,54.0
2023,00-0034869,S.Darnold,QB,26.0,23.38,54.0
2023,00-0036980,E.Moore,WR,23.0,132.1,54.0
2023,00-0033119,J.Brissett,QB,31.0,22.86,55.0
2023,00-0033943,J.Reynolds,WR,28.0,128.8,55.0
2023,00-0037258,D.Pierce,RB,23.0,82.7,55.0
2023,00-0037741,J.Dotson,WR,23.0,124.8,56.0
2023,00-0038040,Z.White,RB,24.0,73.9,56.0
2023,00-0038583,D.Thompson-Robinson,QB,24.0,22.1,56.0
2023,00-0033936,C.Beathard,QB,30.0,21.46,57.0
2023,00-0036345,K.Osborn,WR,26.0,120.0,57.0
2023,00-0038705,E.Demercado,RB,24.0,73.3,57.0
2023,00-0033275,P.Walker,QB,28.0,19.959999999999997,58.0
2023,00-0036360,C.Edwards-Helaire,RB,24.0,70.1,58.0
2023,00-0038393,D.Wicks,WR,22.0,119.75999999999999,58.0
2023,00-0034777,D.Chark,WR,27.0,115.5,59.0
2023,00-0036898,D.Mills,QB,25.0,17.82,59.0
2023,00-0038454,K.Mitchell,RB,21.0,69.9,59.0
2023,00-0032436,J.Driskel,QB,30.0,13.94,60.0
2023,00-0036370,J.Kelley,RB,26.0,61.7,60.0
2023,00-0038559,Mi.Wilson,WR,23.0,114.5,60.0
2023,00-0031503,J.Winston,QB,29.0,11.96,61.0
2023,00-0033948,J.Williams,RB,28.0,60.8,61.0
2023,00-0037261,K.Shakir,WR,23.0,113.1,61.0
2023,00-0032268,M.Mariota,QB,30.0,11.76,62.0
2023,00-0036849,T.Atwell,WR,24.0,112.39999999999999,62.0
2023,00-0038597,C.Brown,RB,23.0,53.5,62.0
2023,00-0031235,O.Beckham,WR,31.0,107.5,63.0
2023,00-0034177,T.Boyle,QB,29.0,10.9,63.0
2023,00-0036567,E.Mitchell,RB,25.0,47.5,63.0
2023,00-0028986,C.Keenum,QB,35.0,9.74,64.0
2023,00-0033308,M.Breida,RB,28.0,46.9,64.0
2023,00-0038621,D.Douglas,WR,23.0,107.2,64.0
2023,00-0036414,C.Akers,RB,24.0,46.699999999999996,65.0
2023,00-0036988,J.Palmer,WR,24.0,106.7,65.0
2023,00-0038582,C.Tune,QB,24.0,7.4799999999999995,65.0
2023,00-0027948,B.Gabbert,QB,34.0,5.9,66.0
2023,00-0034838,R.Freeman,RB,27.0,46.2,66.0
2023,00-0036936,R.Moore,WR,23.0,105.0,66.0
2023,00-0026625,B.Hoyer,QB,38.0,4.9399999999999995,67.0
2023,00-0033591,N.Brown,WR,27.0,101.6,67.0
2023,00-0037525,J.Mason,RB,24.0,44.7,67.0
2023,00-0034955,B.Rypien,QB,27.0,4.78,68.0
2023,00-0035664,D.Henderson,RB,26.0,43.5,68.0
2023,00-0038124,C.Watson,WR,24.0,101.3,68.0
2023,00-0033307,K.Bourne,WR,28.0,100.0,69.0
2023,00-0033662,C.Rush,QB,30.0,3.26,69.0
2023,00-0038551,K.Miller,RB,21.0,43.3,69.0
2023,00-0032464,K.Raymond,WR,29.0,97.4,70.0
2023,00-0036020,S.Ahmed,RB,25.0,42.9,70.0
2023,00-0038128,M.Willis,QB,24.0,3.06,70.0
2023,00-0031549,N.Agholor,WR,30.0,97.1,71.0
2023,00-0038098,P.Strong,RB,25.0,42.8,71.0
2023,00-0038598,J.Hall,QB,25.0,2.12,71.0
2023,00-0034115,J.Wilson,RB,28.0,41.300000000000004,72.0
2023,00-0034401,M.White,QB,28.0,2.06,72.0
2023,00-0039052,T.Palmer,WR,22.0,95.7,72.0
2023,00-0032104,A.Abdullah,RB,30.0,41.0,73.0
2023,00-0037664,A.Pierce,WR,23.0,95.4,73.0
2023,00-0038391,S.Clifford,QB,25.0,1.28,73.0
2023,00-0031288,A.McCarron,QB,33.0,0.76,74.0
2023,00-0033893,D.Cook,RB,28.0,40.2,74.0
2023,00-0038544,Q.Johnston,WR,22.0,94.0,74.0
2023,00-0023459,A.Rodgers,QB,40.0,0.0,75.0
2023,00-0032765,M.Thomas,WR,30.0,89.8,75.0
2023,00-0034681,C.Edmonds,RB,27.0,39.699999999999996,75.0
2023,00-0030431,R.Woods,WR,31.0,89.3,76.0
2023,00-0034959,A.Beck,RB,27.0,38.8,76.0
2023,00-0036928,K.Trask,QB,25.0,-0.1,76.0
2023,00-0031237,T.Bridgewater,QB,31.0,-0.2,77.0
2023,00-0034386,Ju.Watson,WR,27.0,89.0,77.0
2023,00-0038611,C.Rodriguez,RB,24.0,37.9,77.0
2023,00-0030533,M.Barkley,QB,33.0,-0.3,78.0
2023,00-0030578,C.Patterson,RB,32.0,36.9,78.0
2023,00-0034764,M.Gallup,WR,27.0,87.8,78.0
2023,00-0032775,D.Robinson,WR,29.0,87.39999999999999,79.0
2023,00-0034438,L.Woodside,QB,28.0,-0.32,79.0
2023,00-0035628,D.Johnson,RB,27.0,34.8,79.0
2023,00-0033958,N.Peterman,QB,29.0,-0.4,80.0
2023,00-0036182,N.Westbrook-Ikhine,WR,26.0,85.0,80.0
2023,00-0036924,M.Carter,RB,24.0,33.2,80.0
2023,00-0034577,K.Allen,QB,27.0,-1.3,81.0
2023,00-0035537,T.Johnson,RB,26.0,32.4,81.0
2023,00-0039062,J.Mingo,WR,22.0,84.8,81.0
2023,00-0035860,T.Jones,RB,26.0,32.2,82.0
2023,00-0037240,J.Williams,WR,22.0,80.3,82.0
2023,00-0035567,C.Reynolds,RB,27.0,31.599999999999998,83.0
2023,00-0036309,D.Mooney,WR,26.0,78.9,83.0
2023,00-0033891,Z.Jones,WR,28.0,78.1,84.0
2023,00-0035973,P.Taylor,RB,25.0,30.0,84.0
2023,00-0036297,D.Evans,RB,25.0,30.0,85.0
2023,00-0036550,R.Bateman,WR,24.0,76.5,85.0
2023,00-0036924,Mi.Carter,RB,24.0,25.6,86.0
2023,00-0038976,M.Mims,WR,21.0,74.7,86.0
2023,00-0037382,B.Johnson,WR,25.0,73.4,87.0
2023,00-0038555,T.Bigsby,RB,22.0,24.8,87.0
2023,00-0031547,D.Parker,WR,30.0,72.4,88.0
2023,00-0034791,N.Chubb,RB,28.0,23.1,88.0
2023,00-0037286,K.Harris,RB,23.0,21.3,89.0
2023,00-0038563,T.Tucker,WR,22.0,71.8,89.0
2023,00-0034418,C.Wilson,WR,28.0,69.6,90.0
2023,00-0036984,T.Sermon,RB,24.0,20.3,90.0
2023,00-0034646,B.Powell,WR,28.0,69.1,91.0
2023,00-0037557,R.Rivers,RB,24.0,20.1,91.0
2023,00-0032144,M.Gordon,RB,30.0,19.7,92.0
2023,00-0032398,C.Moore,WR,30.0,68.3,92.0
2023,00-0035500,G.Dortch,WR,25.0,64.5,93.0
2023,00-0035657,D.Harris,RB,26.0,19.0,93.0
2023,00-0038045,I.Spiller,RB,22.0,19.0,94.0
2023,00-0038496,X.Gipson,WR,22.0,62.7,94.0
2023,00-0035341,T.Irwin,WR,28.0,62.6,95.0
2023,00-0038389,I.Abanikanda,RB,21.0,18.3,95.0
2023,00-0031428,A.Robinson,WR,30.0,62.0,96.0
2023,00-0037120,T.Goodson,RB,23.0,18.1,96.0
2023,00-0033857,J.Smith-Schuster,WR,27.0,61.0,97.0
2023,00-0034414,B.Scott,RB,28.0,17.8,97.0
2023,00-0037429,R.Blackshear,RB,25.0,17.099999999999998,98.0
2023,00-0037666,J.Tolbert,WR,24.0,60.800000000000004,98.0
2023,00-0038612,A.Perry,WR,24.0,60.6,99.0
2023,00-0038622,D.Vaughn,RB,22.0,15.0,99.0
2023,00-0035291,T.Williams,RB,26.0,14.9,100.0
2023,00-0038938,J.Hyatt,WR,22.0,60.3,100.0
2023,00-0034521,A.Lazard,WR,28.0,60.099999999999994,101.0
2023,00-0038797,Em.Wilson,RB,24.0,14.8,101.0
2023,00-0036165,I.Hodgins,WR,25.0,60.0,102.0
2023,00-0036269,L.Perine,RB,25.0,14.0,102.0
2023,00-0037299,K.Ingram,RB,24.0,14.0,103.0
2023,00-0037801,K.Turpin,WR,27.0,59.7,103.0
2023,00-0034208,M.Boone,RB,28.0,13.3,104.0
2023,00-0034419,B.Berrios,WR,28.0,57.9,104.0
2023,00-0038396,E.Gray,RB,24.0,13.0,105.0
2023,00-0038752,J.Bobo,WR,25.0,56.900000000000006,105.0
2023,00-0034272,M.Valdes-Scantling,WR,29.0,56.5,106.0
2023,00-0038738,H.Luepke,RB,23.0,12.7,106.0
2023,00-0036425,D.Dallas,RB,25.0,12.2,107.0
2023,00-0038090,S.Moore,WR,23.0,53.7,107.0
2023,00-0036158,J.Dobbins,RB,25.0,11.7,108.0
2023,00-0036913,K.Toney,WR,24.0,53.0,108.0
2023,00-0036569,G.Brightwell,RB,25.0,11.6,109.0
2023,00-0037837,C.Austin,WR,24.0,52.7,109.0
2023,00-0034433,N.Bawden,RB,27.0,11.5,110.0
2023,00-0036259,J.Jennings,WR,26.0,51.5,110.0
2023,00-0029239,B.Bolden,RB,33.0,11.1,111.0
2023,00-0038619,A.Iosivas,WR,24.0,50.6,111.0
2023,00-0033536,M.Williams,WR,29.0,50.2,112.0
2023,00-0037745,V.Jones,RB,26.0,11.1,112.0
2023,00-0037257,Dav.Bell,WR,23.0,48.7,113.0
2023,00-0038685,C.Brooks,RB,23.0,10.6,113.0
2023,00-0030874,D.Williams,RB,31.0,7.5,114.0
2023,00-0034983,H.Renfrow,WR,28.0,48.5,114.0
2023,00-0033854,D.Ogunbowale,RB,29.0,7.3,115.0
2023,00-0035406,L.Humphrey,WR,25.0,47.2,115.0
2023,00-0032543,A.Erickson,WR,31.0,45.2,116.0
2023,00-0036450,K.Vaughn,RB,26.0,6.4,116.0
2023,00-0038951,S.Tucker,RB,22.0,5.2,117.0
2023,00-0038979,C.Tillman,WR,23.0,44.2,117.0
2023,00-0033555,M.Hollins,WR,30.0,43.1,118.0
2023,00-0034750,R.Penny,RB,27.0,4.8,118.0
2023,00-0033296,A.Armah,RB,29.0,4.3,119.0
2023,00-0035215,D.Harty,WR,26.0,42.0,119.0
2023,00-0036415,V.Jefferson,WR,27.0,41.300000000000004,120.0
2023,00-0037410,J.Corbin,RB,23.0,4.3,120.0
2023,00-0033572,J.Agnew,WR,28.0,40.3,121.0
2023,00-0033856,L.Fournette,RB,28.0,4.0,121.0
2023,00-0036493,D.Jackson,RB,24.0,4.0,122.0
2023,00-0037742,T.Burks,WR,23.0,39.9,122.0
2023,00-0038606,P.Washington,WR,21.0,39.2,123.0
2023,00-0038862,E.Dotson,RB,24.0,3.9,123.0
2023,00-0035298,S.Miller,WR,26.0,39.1,124.0
2023,00-0036860,J.Funk,RB,25.0,3.2,124.0
2023,00-0033118,K.Drake,RB,29.0,3.1,125.0
2023,00-0035208,O.Zaccheaus,WR,26.0,38.4,125.0
2023,00-0031941,J.Crowder,WR,30.0,37.9,126.0
2023,00-0036336,A.McFarland,RB,24.0,3.1,126.0
2023,00-0037157,Z.Knight,RB,22.0,3.1,127.0
2023,00-0038573,D.Davis,WR,23.0,37.7,127.0
2023,00-0034854,K.Hodge,WR,28.0,37.2,128.0
2023,00-0035715,D.Gore,RB,29.0,2.5999999999999996,128.0
2023,00-0027944,J.Jones,WR,34.0,36.4,129.0
2023,00-0036727,A.Prentice,RB,26.0,2.4,129.0
2023,00-0035184,D.Ozigbo,RB,27.0,2.3,130.0
2023,00-0038941,T.Scott,WR,22.0,35.9,130.0
2023,00-0035726,Jak.Johnson,RB,29.0,2.2,131.0
2023,00-0036271,Q.Watkins,WR,25.0,35.2,131.0
2023,00-0036626,D.Brown,WR,24.0,34.96,132.0
2023,00-0036857,C.Evans,RB,26.0,2.1,132.0
2023,00-0037487,D.Thompkins,WR,24.0,34.9,133.0
2023,00-0037827,T.Davis-Price,RB,23.0,2.1,133.0
2023,00-0038465,M.Heath,WR,23.0,33.5,134.0
2023,00-0039136,Z.Evans,RB,22.0,1.9,134.0
2023,00-0037273,K.Philips,WR,24.0,33.1,135.0
2023,00-0038397,E.Hull,RB,23.0,1.7,135.0
2023,00-0036842,K.Nwangwu,RB,25.0,1.3,136.0
2023,00-0036955,T.Marshall,WR,23.0,32.9,136.0
2023,00-0035924,J.Ward,RB,26.0,1.1,137.0
2023,00-0036635,I.Smith-Marsette,WR,24.0,32.5,137.0
2023,00-0035831,J.Robinson,RB,25.0,1.0,138.0
2023,00-0037614,J.Metchie,WR,23.0,32.2,138.0
2023,00-0032450,D.Washington,RB,29.0,0.0,139.0
2023,00-0038647,R.Bell,WR,23.0,30.8,139.0
2023,00-0033955,J.McNichols,RB,28.0,0.0,140.0
2023,00-0035639,P.Campbell,WR,26.0,30.400000000000002,140.0
2023,00-0034297,B.Pringle,WR,30.0,30.1,141.0
2023,00-0034614,G.Igwebuike,RB,29.0,0.0,141.0
2023,00-0034407,R.McCloud,WR,27.0,28.5,142.0
2023,00-0035594,T.Homer,RB,25.0,0.0,142.0
2023,00-0035726,J.Johnson,RB,29.0,0.0,143.0
2023,00-0036233,D.Peoples-Jones,WR,24.0,28.5,143.0
2023,00-0035806,J.Hasty,RB,27.0,0.0,144.0
2023,00-0036387,J.Reagor,WR,24.0,28.5,144.0
2023,00-0035140,M.Hardman,WR,25.0,27.7,145.0
2023,00-0037563,M.Davis,RB,25.0,0.0,145.0
2023,00-0037594,J.Chestnut,RB,23.0,0.0,146.0
2023,00-0038104,T.Thornton,WR,23.0,27.200000000000003,146.0
2023,00-0034054,R.Cracraft,WR,29.0,27.1,147.0
2023,00-0038489,B.VanSumeren,RB,23.0,0.0,147.0
2023,00-0034487,T.Sherfield,WR,27.0,25.6,148.0
2023,00-0038656,M.Ibrahim,RB,24.0,0.0,148.0
2023,00-0035414,J.Guyton,WR,26.0,24.9,149.0
2023,00-0038678,J.Mims,RB,24.0,0.0,149.0
2023,00-0032688,R.Chosen,WR,30.0,22.6,150.0
2023,00-0032975,J.Williams,RB,29.0,-0.2,150.0
2023,00-0036364,L.Bowden,WR,26.0,22.5,151.0
2023,00-0032385,S.Shepard,WR,30.0,22.3,152.0
2023,00-0038618,X.Hutchinson,WR,23.0,21.9,153.0
2023,00-0036326,C.Claypool,WR,25.0,21.7,154.0
2023,00-0036268,L.Shenault,WR,25.0,21.5,155.0
2023,00-0036862,B.Skowronek,WR,26.0,21.5,156.0
2023,00-0034286,R.James,WR,28.0,21.400000000000002,157.0
2023,00-0038576,C.Jones,WR,25.0,20.7,158.0
2023,00-0033466,I.McKenzie,WR,28.0,20.6,159.0
2023,00-0033589,D.Moore,WR,28.0,20.4,160.0
2023,00-0036497,T.Jones,WR,25.0,19.3,161.0
2023,00-0037098,S.Toure,WR,25.0,17.8,162.0
2023,00-0038977,T.Dell,WR,24.0,17.2,163.0
2023,00-0028002,R.Cobb,WR,33.0,16.9,164.0
2023,00-0038492,J.Brownlee,WR,24.0,16.6,165.0
2023,00-0034317,K.Kirkwood,WR,29.0,14.700000000000001,166.0
2023,00-0035045,D.Montgomery,WR,27.0,14.600000000000001,167.0
2023,00-0030068,M.Goodwin,WR,33.0,14.0,168.0
2023,00-0038640,J.Brooks,WR,23.0,12.4,169.0
2023,00-0037216,J.Ross,WR,24.0,11.3,170.0
2023,00-0034279,E.St. Brown,WR,27.0,11.2,171.0
2023,00-0038821,R.Jarrett,WR,22.0,10.0,172.0
2023,00-0032128,C.Conley,WR,31.0,9.9,173.0
2023,00-0032200,T.Montgomery,WR,30.0,9.9,174.0
2023,00-0031763,D.Carter,WR,30.0,9.7,175.0
2023,00-0035120,K.Doss,WR,27.0,9.3,176.0
2023,00-0036427,T.Johnson,WR,25.0,8.8,177.0
2023,00-0037132,B.Covey,WR,26.0,8.2,178.0
2023,00-0036630,T.Wallace,WR,24.0,8.1,179.0
2023,00-0036646,S.Fehoko,WR,26.0,7.9,180.0
2023,00-0036331,D.Duvernay,WR,26.0,7.3,181.0
2023,00-0036841,A.Trammell,WR,25.0,6.8999999999999995,182.0
2023,00-0038667,E.Cooks,WR,25.0,6.8,183.0
2023,00-0029293,M.Jones,WR,33.0,6.5,184.0
2023,00-0033251,Z.Pascal,WR,29.0,5.9,185.0
2023,00-0037291,J.Nailor,WR,24.0,5.9,186.0
2023,00-0034928,S.Sims,WR,26.0,5.6,187.0
2023,00-0036482,M.Strachan,WR,26.0,5.5,188.0
2023,00-0035645,G.Olszewski,WR,27.0,5.0,189.0
2023,00-0035934,T.Jackson,WR,25.0,4.9,190.0
2023,00-0035703,M.Boykin,WR,27.0,4.7,191.0
2023,00-0038608,K.Boutte,WR,21.0,3.9000000000000004,192.0
2023,00-0030663,W.Snead,WR,31.0,3.4,193.0
2023,00-0035480,M.Taylor,WR,28.0,3.3,194.0
2023,00-0032951,L.Treadwell,WR,28.0,2.6,195.0
2023,00-0038092,E.Ezukanma,WR,23.0,2.2,196.0
2023,00-0036254,C.Johnson,WR,26.0,2.1,197.0
2023,00-0035164,C.Thompson,WR,27.0,2.0,198.0
2023,00-0036176,M.Kinsey,WR,25.0,1.6,199.0
2023,00-0038632,C.Dowell,WR,24.0,1.3,200.0
2023,00-0037420,K.Lassiter,WR,25.0,1.2,201.0
2023,00-0038627,A.Green,WR,24.0,1.2,202.0
2023,00-0036620,D.Eskridge,WR,26.0,0.5,203.0
2023,00-0026293,M.Slater,WR,38.0,0.0,204.0
2023,00-0031868,D.Byrd,WR,30.0,0.0,205.0
2023,00-0032208,P.Dorsett,WR,30.0,0.0,206.0
2023,00-0035399,S.Morgan,WR,27.0,0.0,207.0
2023,00-0035527,A.Isabella,WR,27.0,0.0,208.0
2023,00-0035593,J.Winfree,WR,27.0,0.0,209.0
2023,00-0035876,A.Baccellia,WR,26.0,0.0,210.0
2023,00-0035976,D.Chisena,WR,26.0,0.0,211.0
2023,00-0036133,J.Proche,WR,27.0,0.0,212.0
2023,00-0036527,D.Turner,WR,26.0,0.0,213.0
2023,00-0036877,J.Darden,WR,24.0,0.0,214.0
2023,00-0036959,M.Bandy,WR,26.0,0.0,215.0
2023,00-0036991,A.Rodgers,WR,24.0,0.0,216.0
2023,00-0037039,D.Allen,WR,29.0,0.0,217.0
2023,00-0037093,D.Young,WR,24.0,0.0,218.0
2023,00-0037156,I.Charles,WR,26.0,0.0,219.0
2023,00-0037272,M.Washington,WR,24.0,0.0,220.0
2023,00-0038891,S.Jackson,WR,24.0,0.0,221.0
2023,00-0038911,M.Cunningham,WR,25.0,0.0,222.0
2023,00-0038969,K.Jackson,WR,24.0,0.0,223.0
2023,00-0033292,T.Taylor,WR,29.0,-0.2,224.0
2024,00-0034796,L.Jackson,QB,27.0,430.38,1.0
2024,00-0036900,J.Chase,WR,24.0,403.0,1.0
2024,00-0039139,J.Gibbs,RB,22.0,362.9,1.0
2024,00-0034844,S.Barkley,RB,27.0,355.3,2.0
2024,00-0034857,J.Allen,QB,28.0,379.04,2.0
2024,00-0036322,J.Jefferson,WR,25.0,317.48,2.0
2024,00-0036442,J.Burrow,QB,28.0,372.82,3.0
2024,00-0036963,A.St. Brown,WR,25.0,316.18,3.0
2024,00-0038542,B.Robinson,RB,22.0,341.7,3.0
2024,00-0032764,D.Henry,RB,30.0,336.4,4.0
2024,00-0034855,B.Mayfield,QB,29.0,365.8,4.0
2024,00-0039893,B.Thomas,WR,22.0,284.0,4.0
2024,00-0037238,D.London,WR,23.0,280.8,5.0
2024,00-0039040,D.Achane,RB,23.0,299.9,5.0
2024,00-0039910,J.Daniels,QB,24.0,355.82,5.0
2024,00-0033106,J.Goff,QB,30.0,324.46,6.0
2024,00-0035700,J.Jacobs,RB,26.0,293.1,6.0
2024,00-0039337,M.Nabers,WR,21.0,273.6,6.0
2024,00-0035659,T.McLaurin,WR,29.0,267.8,7.0
2024,00-0037840,K.Williams,RB,24.0,272.1,7.0
2024,00-0039732,B.Nix,QB,24.0,317.2,7.0
2024,00-0036358,C.Lamb,WR,25.0,263.40000000000003,8.0
2024,00-0036389,J.Hurts,QB,26.0,315.12,8.0
2024,00-0037248,J.Cook,RB,25.0,266.7,8.0
2024,00-0033906,A.Kamara,RB,29.0,265.3,9.0
2024,00-0034869,S.Darnold,QB,27.0,307.96,9.0
2024,00-0038543,J.Smith-Njigba,WR,22.0,253.0,9.0
2024,00-0035228,K.Murray,QB,27.0,297.24,10.0
2024,00-0037740,G.Wilson,WR,24.0,251.9,10.0
2024,00-0038597,C.Brown,RB,24.0,255.0,10.0
2024,00-0031381,D.Adams,WR,32.0,241.29999999999998,11.0
2024,00-0033553,J.Conner,RB,29.0,253.8,11.0
2024,00-0036355,J.Herbert,QB,26.0,285.4,11.0
2024,00-0033873,P.Mahomes,QB,29.0,283.02,12.0
2024,00-0036223,J.Taylor,RB,25.0,244.7,12.0
2024,00-0036407,J.Jeudy,WR,25.0,240.9,12.0
2024,00-0037834,B.Purdy,QB,25.0,266.86,13.0
2024,00-0039361,B.Irving,RB,22.0,244.4,13.0
2024,00-0039915,L.McConkey,WR,23.0,240.9,13.0
2024,00-0030565,G.Smith,QB,34.0,266.0,14.0
2024,00-0031408,M.Evans,WR,31.0,240.4,14.0
2024,00-0033293,A.Jones,RB,30.0,241.6,14.0
2024,00-0023459,A.Rodgers,QB,41.0,256.58,15.0
2024,00-0034348,C.Sutton,WR,29.0,240.3,15.0
2024,00-0036555,C.Hubbard,RB,25.0,241.6,15.0
2024,00-0034827,D.Moore,WR,27.0,238.1,16.0
2024,00-0038120,B.Hall,RB,23.0,240.9,16.0
2024,00-0039918,C.Williams,QB,23.0,254.54,16.0
2024,00-0033897,J.Mixon,RB,28.0,240.5,17.0
2024,00-0036264,J.Love,QB,26.0,233.86,17.0
2024,00-0036410,T.Higgins,WR,25.0,222.1,17.0
2024,00-0033040,T.Hill,WR,30.0,218.2,18.0
2024,00-0035685,D.Montgomery,RB,27.0,221.72,18.0
2024,00-0039163,C.Stroud,QB,23.0,220.38,18.0
2024,00-0026498,M.Stafford,QB,36.0,214.58,19.0
2024,00-0034960,J.Meyers,WR,28.0,218.0,19.0
2024,00-0036275,D.Swift,RB,25.0,214.5,19.0
2024,00-0035676,A.Brown,WR,27.0,216.9,20.0
2024,00-0036893,N.Harris,RB,26.0,204.6,20.0
2024,00-0039150,B.Young,QB,23.0,195.02,20.0
2024,00-0035261,T.Pollard,RB,27.0,200.7,21.0
2024,00-0036212,T.Tagovailoa,QB,26.0,181.57999999999998,21.0
2024,00-0038994,J.Addison,WR,22.0,212.5,21.0
2024,00-0036554,N.Collins,WR,25.0,210.6,22.0
2024,00-0037256,R.White,RB,25.0,199.6,22.0
2024,00-0039851,D.Maye,QB,22.0,177.14000000000001,22.0
2024,00-0029604,K.Cousins,QB,36.0,176.32,23.0
2024,00-0036139,R.Dowdle,RB,26.0,197.8,23.0
2024,00-0036259,J.Jennings,WR,27.0,210.5,23.0
2024,00-0029263,R.Wilson,QB,36.0,172.78,24.0
2024,00-0036158,J.Dobbins,RB,26.0,191.79999999999998,24.0
2024,00-0039064,Z.Flowers,WR,24.0,209.5,24.0
2024,00-0039075,P.Nacua,WR,23.0,206.6,25.0
2024,00-0039164,A.Richardson,QB,22.0,163.35999999999999,25.0
2024,00-0039165,Z.Charbonnet,RB,23.0,186.9,25.0
2024,00-0031280,D.Carr,QB,33.0,150.9,26.0
2024,00-0036912,D.Smith,WR,26.0,199.4,26.0
2024,00-0039384,T.Tracy,RB,25.0,182.3,26.0
2024,00-0034837,C.Ridley,WR,30.0,199.20000000000002,27.0
2024,00-0036971,T.Lawrence,QB,25.0,145.2,27.0
2024,00-0038134,K.Walker,RB,24.0,181.2,27.0
2024,00-0035710,D.Jones,QB,27.0,135.3,28.0
2024,00-0036875,R.Stevenson,RB,26.0,175.9,28.0
2024,00-0039146,J.Reed,WR,24.0,197.0,28.0
2024,00-0031503,J.Winston,QB,30.0,131.14,29.0
2024,00-0037746,B.Robinson,RB,25.0,159.79999999999998,29.0
2024,00-0039849,M.Harrison,WR,22.0,196.5,29.0
2024,00-0036309,D.Mooney,WR,27.0,193.2,30.0
2024,00-0036997,J.Williams,RB,24.0,157.9,30.0
2024,00-0039152,W.Levis,QB,25.0,119.94,30.0
2024,00-0033923,K.Hunt,RB,29.0,155.4,31.0
2024,00-0035640,D.Metcalf,WR,27.0,191.2,31.0
2024,00-0036945,J.Fields,QB,25.0,119.14,31.0
2024,00-0033077,D.Prescott,QB,31.0,116.52,32.0
2024,00-0034972,A.Mattison,RB,26.0,137.4,32.0
2024,00-0039894,X.Worthy,WR,21.0,187.2,32.0
2024,00-0030279,K.Allen,WR,32.0,184.4,33.0
2024,00-0033662,C.Rush,QB,31.0,109.56,33.0
2024,00-0037267,J.Ford,RB,25.0,134.0,33.0
2024,00-0026158,J.Flacco,QB,39.0,99.04,34.0
2024,00-0033699,A.Ekeler,RB,29.0,132.3,34.0
2024,00-0038997,J.Downs,WR,23.0,183.5,34.0
2024,00-0035289,G.Minshew,QB,28.0,96.32,35.0
2024,00-0036973,T.Etienne,RB,25.0,130.2,35.0
2024,00-0038117,W.Robinson,WR,23.0,182.70000000000002,35.0
2024,00-0036972,M.Jones,QB,26.0,96.08,36.0
2024,00-0037261,K.Shakir,WR,24.0,182.5,36.0
2024,00-0038555,T.Bigsby,RB,22.0,129.0,36.0
2024,00-0033908,C.Kupp,WR,31.0,175.0,37.0
2024,00-0034771,M.Rudolph,QB,29.0,95.8,37.0
2024,00-0034975,J.Hill,RB,27.0,127.10000000000001,37.0
2024,00-0032104,A.Abdullah,RB,31.0,125.2,38.0
2024,00-0038544,Q.Johnston,WR,23.0,174.70000000000002,38.0
2024,00-0038579,A.O'Connell,QB,26.0,93.48,38.0
2024,00-0035704,D.Lock,QB,28.0,80.14,39.0
2024,00-0036550,R.Bateman,WR,25.0,174.60000000000002,39.0
2024,00-0037228,J.Warren,RB,26.0,124.1,39.0
2024,00-0033537,D.Watson,QB,29.0,76.72,40.0
2024,00-0036252,M.Pittman,WR,27.0,165.8,40.0
2024,00-0039875,R.Davis,RB,25.0,116.1,40.0
2024,00-0037247,G.Pickens,WR,23.0,164.4,41.0
2024,00-0037525,J.Mason,RB,25.0,115.0,41.0
2024,00-0039376,S.Rattler,QB,24.0,67.28,41.0
2024,00-0035993,T.Huntley,QB,26.0,60.66,42.0
2024,00-0037664,A.Pierce,WR,24.0,161.4,42.0
2024,00-0039032,T.Spears,RB,23.0,113.6,42.0
2024,00-0027973,A.Dalton,QB,37.0,58.96,43.0
2024,00-0035719,D.Samuel,WR,28.0,155.6,43.0
2024,00-0037263,T.Allgeier,RB,24.0,106.2,43.0
2024,00-0036328,A.Gibson,RB,26.0,103.4,44.0
2024,00-0037666,J.Tolbert,WR,25.0,152.0,44.0
2024,00-0038128,M.Willis,QB,25.0,51.8,44.0
2024,00-0032268,M.Mariota,QB,31.0,45.760000000000005,45.0
2024,00-0036613,J.Waddle,WR,26.0,149.6,45.0
2024,00-0038794,J.McLaughlin,RB,24.0,97.2,45.0
2024,00-0033119,J.Brissett,QB,32.0,45.24,46.0
2024,00-0035250,D.Singletary,RB,27.0,96.6,46.0
2024,00-0038621,D.Douglas,WR,24.0,147.7,46.0
2024,00-0030564,D.Hopkins,WR,32.0,147.0,47.0
2024,00-0039363,I.Guerendo,RB,24.0,96.2,47.0
2024,00-0039917,M.Penix,QB,24.0,44.1,47.0
2024,00-0033949,J.Dobbs,QB,29.0,30.839999999999996,48.0
2024,00-0038797,Em.Wilson,RB,25.0,96.0,48.0
2024,00-0039919,R.Odunze,WR,22.0,144.9,48.0
2024,00-0034407,R.McCloud,WR,28.0,142.5,49.0
2024,00-0036414,C.Akers,RB,25.0,93.2,49.0
2024,00-0038400,T.McKee,QB,24.0,28.82,49.0
2024,00-0035537,Ty.Johnson,RB,27.0,91.7,50.0
2024,00-0038102,K.Pickett,QB,26.0,25.14,50.0
2024,00-0038977,T.Dell,WR,25.0,140.0,50.0
2024,00-0030035,A.Thielen,WR,34.0,139.5,51.0
2024,00-0038122,D.Ridder,QB,25.0,21.92,51.0
2024,00-0039794,B.Allen,RB,20.0,85.2,51.0
2024,00-0028118,T.Taylor,QB,35.0,20.06,52.0
2024,00-0033921,C.Godwin,WR,28.0,137.8,52.0
2024,00-0036251,Z.Moss,RB,27.0,81.9,52.0
2024,00-0031345,J.Garoppolo,QB,33.0,19.86,53.0
2024,00-0033526,S.Perine,RB,29.0,81.4,53.0
2024,00-0036182,N.Westbrook-Ikhine,WR,27.0,135.7,53.0
2024,00-0039021,R.Johnson,RB,23.0,77.39999999999999,54.0
2024,00-0039398,J.Milton,QB,24.0,19.24,54.0
2024,00-0039855,J.McMillan,WR,23.0,135.4,54.0
2024,00-0035243,M.Sanders,RB,27.0,77.3,55.0
2024,00-0037816,R.Doubs,WR,24.0,132.1,55.0
2024,00-0038583,D.Thompson-Robinson,QB,25.0,15.799999999999999,55.0
2024,00-0031687,R.Mostert,RB,32.0,70.9,56.0
2024,00-0033869,M.Trubisky,QB,30.0,15.260000000000002,56.0
2024,00-0038976,M.Mims,WR,22.0,129.5,56.0
2024,00-0034177,T.Boyle,QB,30.0,13.94,57.0
2024,00-0038563,T.Tucker,WR,23.0,129.3,57.0
2024,00-0038951,S.Tucker,RB,23.0,68.7,57.0
2024,00-0034184,G.Edwards,RB,29.0,64.1,58.0
2024,00-0037240,J.Williams,WR,23.0,126.6,58.0
2024,00-0038476,T.DeVito,QB,26.0,13.48,58.0
2024,00-0033955,J.McNichols,RB,29.0,63.800000000000004,59.0
2024,00-0034521,A.Lazard,WR,29.0,126.0,59.0
2024,00-0038998,J.Haener,QB,25.0,13.24,59.0
2024,00-0034791,N.Chubb,RB,29.0,63.3,60.0
2024,00-0037012,T.Lance,QB,24.0,12.74,60.0
2024,00-0039342,X.Legette,WR,23.0,125.10000000000001,60.0
2024,00-0036898,D.Mills,QB,26.0,9.58,61.0
2024,00-0036919,K.Gainwell,RB,25.0,62.6,61.0
2024,00-0038559,Mi.Wilson,WR,24.0,124.5,61.0
2024,00-0032775,D.Robinson,WR,30.0,123.5,62.0
2024,00-0033045,E.Elliott,RB,29.0,57.5,62.0
2024,00-0037327,S.Thompson,QB,27.0,7.880000000000001,62.0
2024,00-0031544,A.Cooper,WR,30.0,122.7,63.0
2024,00-0037197,I.Pacheco,RB,25.0,56.900000000000006,63.0
2024,00-0038108,B.Zappe,QB,25.0,7.0,63.0
2024,00-0031588,S.Diggs,WR,31.0,121.92,64.0
2024,00-0032434,B.Allen,QB,32.0,6.360000000000001,64.0
2024,00-0033854,D.Ogunbowale,RB,30.0,56.0,64.0
2024,00-0032950,C.Wentz,QB,32.0,4.72,65.0
2024,00-0038608,K.Boutte,WR,22.0,121.9,65.0
2024,00-0038705,E.Demercado,RB,25.0,54.699999999999996,65.0
2024,00-0031800,T.Heinicke,QB,31.0,3.12,66.0
2024,00-0032211,T.Lockett,WR,32.0,121.0,66.0
2024,00-0036984,T.Sermon,RB,25.0,53.800000000000004,66.0
2024,00-0036980,E.Moore,WR,24.0,120.9,67.0
2024,00-0038550,H.Hooker,QB,26.0,2.68,67.0
2024,00-0039373,A.Estime,RB,21.0,48.7,67.0
2024,00-0033280,C.McCaffrey,RB,28.0,47.8,68.0
2024,00-0033319,N.Mullens,QB,29.0,1.32,68.0
2024,00-0037837,C.Austin,WR,25.0,120.8,68.0
2024,00-0034401,M.White,QB,29.0,1.12,69.0
2024,00-0038619,A.Iosivas,WR,25.0,119.9,69.0
2024,00-0039921,T.Benson,RB,22.0,47.0,69.0
2024,00-0026300,J.Johnson,QB,38.0,0.78,70.0
2024,00-0035208,O.Zaccheaus,WR,27.0,114.4,70.0
2024,00-0039798,I.Davis,RB,22.0,45.9,70.0
2024,00-0034577,K.Allen,QB,28.0,0.76,71.0
2024,00-0037120,T.Goodson,RB,24.0,44.4,71.0
2024,00-0039901,K.Coleman,WR,21.0,111.5,71.0
2024,00-0037258,D.Pierce,RB,24.0,43.5,72.0
2024,00-0037324,C.Oladokun,QB,27.0,0.5,72.0
2024,00-0038393,D.Wicks,WR,23.0,110.5,72.0
2024,00-0035264,J.Stidham,QB,28.0,0.49999999999999994,73.0
2024,00-0035535,D.Slayton,WR,27.0,110.0,73.0
2024,00-0038685,C.Brooks,RB,24.0,42.2,73.0
2024,00-0030578,C.Patterson,RB,33.0,37.5,74.0
2024,00-0035100,J.Browning,QB,28.0,-0.2,74.0
2024,00-0036988,J.Palmer,WR,25.0,107.4,74.0
2024,00-0033948,Ja.Williams,RB,29.0,37.1,75.0
2024,00-0036928,K.Trask,QB,26.0,-0.2,75.0
2024,00-0039424,D.Vele,WR,27.0,106.5,75.0
2024,00-0035628,D.Johnson,RB,28.0,35.9,76.0
2024,00-0038124,C.Watson,WR,25.0,105.3,76.0
2024,00-0038416,T.Bagent,QB,24.0,-0.26,76.0
2024,00-0036924,M.Carter,RB,25.0,35.8,77.0
2024,00-0037077,S.Howell,QB,24.0,-0.84,77.0
2024,00-0037291,J.Nailor,WR,25.0,105.0,77.0
2024,00-0037801,K.Turpin,WR,28.0,104.2,78.0
2024,00-0038098,P.Strong,RB,26.0,35.2,78.0
2024,00-0038582,C.Tune,QB,25.0,-2.08,78.0
2024,00-0036849,T.Atwell,WR,25.0,98.9,79.0
2024,00-0039738,B.Corum,RB,24.0,33.5,79.0
2024,00-0033555,M.Hollins,WR,31.0,98.8,80.0
2024,00-0037617,H.Haskins,RB,25.0,32.8,80.0
2024,00-0038606,P.Washington,WR,22.0,97.0,81.0
2024,00-0039391,K.Vidal,RB,23.0,32.7,81.0
2024,00-0033925,D.Foreman,RB,28.0,32.6,82.0
2024,00-0039916,R.Pearsall,WR,24.0,93.5,82.0
2024,00-0036906,K.Herbert,RB,26.0,31.5,83.0
2024,00-0039491,J.Coker,WR,23.0,92.56,83.0
2024,00-0033375,T.Patrick,WR,31.0,92.4,84.0
2024,00-0038611,C.Rodriguez,RB,25.0,31.5,84.0
2024,00-0035500,G.Dortch,WR,26.0,90.3,85.0
2024,00-0035973,P.Taylor,RB,26.0,29.799999999999997,85.0
2024,00-0033591,N.Brown,WR,28.0,86.3,86.0
2024,00-0038040,Z.White,RB,25.0,29.3,86.0
2024,00-0037240,Ja.Williams,WR,23.0,85.6,87.0
2024,00-0038551,K.Miller,RB,22.0,29.099999999999998,87.0
2024,00-0033589,D.Moore,WR,29.0,85.10000000000001,88.0
2024,00-0035806,J.Hasty,RB,28.0,28.8,88.0
2024,00-0034272,M.Valdes-Scantling,WR,30.0,84.5,89.0
2024,00-0037276,T.Chandler,RB,26.0,28.4,89.0
2024,00-0037509,S.McCormick,RB,24.0,27.200000000000003,90.0
2024,00-0037545,R.Shaheed,WR,26.0,81.8,90.0
2024,00-0038738,H.Luepke,RB,24.0,26.9,91.0
2024,00-0038979,C.Tillman,WR,24.0,80.4,91.0
2024,00-0032385,S.Shepard,WR,31.0,80.3,92.0
2024,00-0039874,J.Wright,RB,21.0,26.7,92.0
2024,00-0033009,T.Boyd,WR,30.0,78.3,93.0
2024,00-0038678,J.Mims,RB,25.0,26.099999999999998,93.0
2024,00-0037239,C.Olave,WR,24.0,76.7,94.0
2024,00-0039325,C.Steele,RB,22.0,23.9,94.0
2024,00-0034775,C.Kirk,WR,28.0,70.9,95.0
2024,00-0038636,K.McIntosh,RB,24.0,22.4,95.0
2024,00-0031236,B.Cooks,WR,31.0,69.6,96.0
2024,00-0036425,D.Dallas,RB,26.0,21.0,96.0
2024,00-0035567,C.Reynolds,RB,28.0,20.9,97.0
2024,00-0036626,D.Brown,WR,25.0,67.4,97.0
2024,00-0038396,E.Gray,RB,25.0,19.3,98.0
2024,00-0039868,T.Franklin,WR,21.0,67.1,98.0
2024,00-0033307,K.Bourne,WR,29.0,65.1,99.0
2024,00-0037557,R.Rivers,RB,25.0,18.299999999999997,99.0
2024,00-0039067,R.Rice,WR,24.0,64.9,100.0
2024,00-0039746,W.Shipley,RB,22.0,15.7,100.0
2024,00-0035406,L.Humphrey,WR,26.0,64.3,101.0
2024,00-0037594,J.Chestnut,RB,24.0,13.3,101.0
2024,00-0033282,C.Samuel,WR,28.0,63.7,102.0
2024,00-0038622,D.Vaughn,RB,23.0,11.8,102.0
2024,00-0035860,T.Jones,RB,27.0,11.5,103.0
2024,00-0036415,V.Jefferson,WR,28.0,63.6,103.0
2024,00-0034115,J.Wilson,RB,29.0,10.6,104.0
2024,00-0034386,Ju.Watson,WR,28.0,62.9,104.0
2024,00-0036261,B.Aiyuk,WR,26.0,62.400000000000006,105.0
2024,00-0036360,C.Edwards-Helaire,RB,25.0,10.0,105.0
2024,00-0036427,T.Johnson,WR,26.0,61.1,106.0
2024,00-0037085,T.Badie,RB,25.0,9.4,106.0
2024,00-0033536,M.Williams,WR,30.0,56.8,107.0
2024,00-0039364,S.Vaki,RB,23.0,8.1,107.0
2024,00-0037429,R.Blackshear,RB,26.0,8.0,108.0
2024,00-0039880,M.Washington,WR,24.0,56.8,108.0
2024,00-0032464,K.Raymond,WR,30.0,56.5,109.0
2024,00-0039344,J.Brooks,RB,21.0,7.5,109.0
2024,00-0037614,J.Metchie,WR,24.0,55.4,110.0
2024,00-0038454,K.Mitchell,RB,22.0,6.8,110.0
2024,00-0035594,T.Homer,RB,26.0,6.3999999999999995,111.0
2024,00-0036196,G.Davis,WR,25.0,53.9,111.0
2024,00-0036096,J.Taylor,RB,26.0,6.3999999999999995,112.0
2024,00-0039890,A.Mitchell,WR,22.0,53.76,112.0
2024,00-0033857,J.Smith-Schuster,WR,28.0,53.1,113.0
2024,00-0036842,K.Nwangwu,RB,26.0,6.0,113.0
2024,00-0034208,M.Boone,RB,29.0,5.9,114.0
2024,00-0039751,J.Whittington,WR,24.0,52.5,114.0
2024,00-0034418,C.Wilson,WR,29.0,51.94,115.0
2024,00-0039617,J.Kibodi,RB,26.0,4.9,115.0
2024,00-0035216,Di.Johnson,WR,28.0,49.7,116.0
2024,00-0036670,J.Jefferson,RB,24.0,4.2,116.0
2024,00-0031549,N.Agholor,WR,31.0,49.1,117.0
2024,00-0033893,D.Cook,RB,29.0,4.0,117.0
2024,00-0036527,D.Turner,WR,27.0,47.1,118.0
2024,00-0039573,B.Watson,RB,25.0,3.3,118.0
2024,00-0037741,J.Dotson,WR,24.0,41.9,119.0
2024,00-0039757,T.Jennings,RB,23.0,3.3,119.0
2024,00-0038573,D.Davis,WR,24.0,40.1,120.0
2024,00-0039393,J.McClellan,RB,22.0,3.2,120.0
2024,00-0033943,J.Reynolds,WR,29.0,38.4,121.0
2024,00-0039796,R.Ali,RB,23.0,3.1,121.0
2024,00-0030431,R.Woods,WR,32.0,38.3,122.0
2024,00-0037745,V.Jones,RB,27.0,2.9,122.0
2024,00-0038824,R.Miller,WR,24.0,36.8,123.0
2024,00-0039811,M.Lloyd,RB,23.0,2.8,123.0
2024,00-0035924,J.Ward,RB,27.0,2.2,124.0
2024,00-0036630,T.Wallace,WR,25.0,36.300000000000004,124.0
2024,00-0035311,M.Gaskin,RB,27.0,1.9999999999999998,125.0
2024,00-0038640,J.Brooks,WR,24.0,35.699999999999996,125.0
2024,00-0039052,T.Palmer,WR,23.0,35.2,126.0
2024,00-0039299,G.Holani,RB,25.0,1.9,126.0
2024,00-0039355,L.McCaffrey,WR,23.0,34.8,127.0
2024,00-0039703,C.Schrader,RB,25.0,1.9,127.0
2024,00-0035216,Dio.Johnson,WR,28.0,34.6,128.0
2024,00-0039244,C.Collier,RB,24.0,1.7999999999999998,128.0
2024,00-0035140,M.Hardman,WR,26.0,33.2,129.0
2024,00-0037609,A.Shampklin,RB,25.0,1.7,129.0
2024,00-0038489,B.VanSumeren,RB,24.0,1.0,130.0
2024,00-0039907,J.Polk,WR,23.0,32.699999999999996,130.0
2024,00-0037827,T.Davis-Price,RB,24.0,0.7,131.0
2024,00-0039062,J.Mingo,WR,23.0,32.2,131.0
2024,00-0034860,D.Pettis,WR,29.0,32.0,132.0
2024,00-0036450,K.Vaughn,RB,27.0,0.4,132.0
2024,00-0036297,D.Evans,RB,26.0,0.3,133.0
2024,00-0038465,M.Heath,WR,24.0,31.7,133.0
2024,00-0036370,J.Kelley,RB,27.0,0.2,134.0
2024,00-0038752,J.Bobo,WR,26.0,29.7,134.0
2024,00-0031941,J.Crowder,WR,31.0,28.2,135.0
2024,00-0039603,B.Brooks,RB,25.0,0.2,135.0
2024,00-0034808,J.Kelly,RB,28.0,0.0,136.0
2024,00-0037231,K.Austin,WR,24.0,27.0,136.0
2024,00-0034959,A.Beck,RB,28.0,0.0,137.0
2024,00-0039386,B.Means,WR,23.0,26.8,137.0
2024,00-0034854,K.Hodge,WR,29.0,26.099999999999998,138.0
2024,00-0035291,T.Williams,RB,27.0,0.0,138.0
2024,00-0035726,J.Johnson,RB,30.0,0.0,139.0
2024,00-0039623,M.Tipton,WR,24.0,23.9,139.0
2024,00-0036569,G.Brightwell,RB,26.0,0.0,140.0
2024,00-0038618,X.Hutchinson,WR,24.0,23.7,140.0
2024,00-0034487,T.Sherfield,WR,28.0,22.3,141.0
2024,00-0036727,A.Prentice,RB,27.0,0.0,141.0
2024,00-0036950,A.Williams,RB,26.0,0.0,142.0
2024,00-0038821,R.Jarrett,WR,23.0,21.400000000000002,142.0
2024,00-0035021,A.Dulin,WR,27.0,19.2,143.0
2024,00-0037299,K.Ingram,RB,25.0,0.0,143.0
2024,00-0036331,D.Duvernay,WR,27.0,19.2,144.0
2024,00-0037456,T.Hairston,RB,26.0,0.0,144.0
2024,00-0036345,K.Osborn,WR,27.0,18.7,145.0
2024,00-0039230,D.Miller,RB,25.0,0.0,145.0
2024,00-0039385,K.Robinson,RB,24.0,0.0,146.0
2024,00-0039410,R.Flournoy,WR,25.0,18.2,146.0
2024,00-0035662,M.Brown,WR,27.0,18.1,147.0
2024,00-0039595,D.Williams,RB,25.0,0.0,147.0
2024,00-0039407,D.Laube,RB,25.0,-2.0,148.0
2024,00-0039747,A.Smith,WR,23.0,17.7,148.0
2024,00-0036646,S.Fehoko,WR,27.0,16.6,149.0
2024,00-0033891,Z.Jones,WR,29.0,16.4,150.0
2024,00-0038496,X.Gipson,WR,23.0,16.4,151.0
2024,00-0031763,D.Carter,WR,31.0,16.2,152.0
2024,00-0039650,B.Oliver,WR,24.0,15.5,153.0
2024,00-0035639,P.Campbell,WR,27.0,15.0,154.0
2024,00-0039236,J.Wilson,WR,23.0,14.8,155.0
2024,00-0036268,L.Shenault,WR,26.0,14.7,156.0
2024,00-0036387,J.Reagor,WR,25.0,14.7,157.0
2024,00-0039810,J.Burton,WR,23.0,14.7,158.0
2024,00-0031235,O.Beckham,WR,32.0,14.5,159.0
2024,00-0038938,J.Hyatt,WR,23.0,14.2,160.0
2024,00-0034646,B.Powell,WR,29.0,14.1,161.0
2024,00-0038679,T.Shavers,WR,25.0,13.9,162.0
2024,00-0032128,C.Conley,WR,32.0,13.6,163.0
2024,00-0034054,R.Cracraft,WR,30.0,13.6,164.0
2024,00-0037300,M.Woods,WR,24.0,13.5,165.0
2024,00-0034777,D.Chark,WR,28.0,13.1,166.0
2024,00-0039365,J.Cowing,WR,23.0,12.7,167.0
2024,00-0036862,B.Skowronek,WR,27.0,11.9,168.0
2024,00-0037524,T.Martin,WR,27.0,11.9,169.0
2024,00-0035298,S.Miller,WR,27.0,11.899999999999999,170.0
2024,00-0037132,B.Covey,WR,27.0,10.4,171.0
2024,00-0036183,K.Wilkerson,WR,27.0,9.8,172.0
2024,00-0039792,D.Walker,WR,23.0,9.1,173.0
2024,00-0038104,T.Thornton,WR,24.0,8.7,174.0
2024,00-0037742,T.Burks,WR,24.0,7.5,175.0
2024,00-0038576,C.Jones,WR,26.0,7.5,176.0
2024,00-0036620,D.Eskridge,WR,27.0,7.4,177.0
2024,00-0036497,T.Jones,WR,26.0,7.1,178.0
2024,00-0036955,T.Marshall,WR,24.0,7.1,179.0
2024,00-0038519,N.Remigio,WR,25.0,6.8,180.0
2024,00-0035976,D.Chisena,WR,27.0,6.7,181.0
2024,00-0037487,D.Thompkins,WR,25.0,6.699999999999999,182.0
2024,00-0035891,C.White,WR,26.0,6.4,183.0
2024,00-0038359,X.Smith,WR,27.0,6.2,184.0
2024,00-0035602,A.Bachman,WR,28.0,6.1,185.0
2024,00-0031428,A.Robinson,WR,31.0,6.0,186.0
2024,00-0036635,I.Smith-Marsette,WR,25.0,6.0,187.0
2024,00-0036841,A.Trammell,WR,26.0,6.0,188.0
2024,00-0038477,B.Ford-Wheaton,WR,24.0,6.0,189.0
2024,00-0037257,D.Bell,WR,24.0,5.7,190.0
2024,00-0039379,J.Thrash,WR,24.0,5.2,191.0
2024,00-0039920,M.Corley,WR,22.0,5.2,192.0
2024,00-0036133,J.Proche,WR,28.0,5.1,193.0
2024,00-0035216,D.Johnson,WR,28.0,4.800000000000001,194.0
2024,00-0035341,T.Irwin,WR,29.0,4.5,195.0
2024,00-0038647,R.Bell,WR,24.0,4.2,196.0
2024,00-0036176,M.Kinsey,WR,26.0,3.7,197.0
2024,00-0039816,A.Gould,WR,23.0,3.3,198.0
2024,00-0036165,I.Hodgins,WR,26.0,3.2,199.0
2024,00-0038507,G.DuBose,WR,23.0,3.0999999999999996,200.0
2024,00-0036463,C.Blair,WR,27.0,2.7,201.0
2024,00-0034353,A.Miller,WR,30.0,2.6,202.0
2024,00-0039451,I.Williams,WR,23.0,2.6,203.0
2024,00-0039394,Cas.Washington,WR,23.0,2.4,204.0
2024,00-0039853,J.Baker,WR,22.0,2.2,205.0
2024,00-0033292,T.Taylor,WR,30.0,2.1,206.0
2024,00-0037382,B.Johnson,WR,26.0,1.9,207.0
2024,00-0037422,K.Pryor,WR,26.0,1.9,208.0
2024,00-0039543,R.Keyton,WR,24.0,1.7,209.0
2024,00-0033460,J.Ross,WR,29.0,1.6,210.0
2024,00-0036254,C.Johnson,WR,27.0,1.6,211.0
2024,00-0036877,J.Darden,WR,25.0,1.6,212.0
2024,00-0032688,R.Chosen,WR,31.0,1.5,213.0
2024,00-0038941,T.Scott,WR,23.0,1.5,214.0
2024,00-0039392,J.Jackson,WR,24.0,1.3,215.0
2024,00-0037450,T.McAllister,WR,26.0,1.1,216.0
2024,00-0039589,K.Johnson,WR,22.0,1.1,217.0
2024,00-0038840,B.Tremayne,WR,25.0,0.8,218.0
2024,00-0032543,A.Erickson,WR,32.0,0.0,219.0
2024,00-0033251,Z.Pascal,WR,30.0,0.0,220.0
2024,00-0034419,B.Berrios,WR,29.0,0.0,221.0
2024,00-0034928,S.Sims,WR,27.0,0.0,222.0
2024,00-0035164,C.Thompson,WR,28.0,0.0,223.0
2024,00-0035215,D.Harty,WR,27.0,0.0,224.0
2024,00-0035544,T.Kennedy,WR,28.0,0.0,225.0
2024,00-0037093,D.Young,WR,25.0,0.0,226.0
2024,00-0037156,I.Charles,WR,27.0,0.0,227.0
2024,00-0037216,J.Ross,WR,25.0,0.0,228.0
2024,00-0037272,M.Washington,WR,25.0,0.0,229.0
2024,00-0037380,K.Davis,WR,26.0,0.0,230.0
2024,00-0037387,J.Virgil,WR,26.0,0.0,231.0
2024,00-0037708,M.Alexander,WR,27.0,0.0,232.0
2024,00-0038090,S.Moore,WR,24.0,0.0,233.0
2024,00-0038092,E.Ezukanma,WR,24.0,0.0,234.0
2024,00-0039521,X.Weaver,WR,24.0,0.0,235.0
2024,00-0039614,J.Jackson,WR,24.0,-0.1,236.0
2024,00-0036913,K.Toney,WR,25.0,-0.39999999999999997,237.0
2025,00-0033280,C.McCaffrey,RB,29.0,416.6,1.0
2025,00-0034857,J.Allen,QB,29.0,364.62,1.0
2025,00-0039075,P.Nacua,WR,24.0,375.0,1.0
2025,00-0038542,B.Robinson,RB,23.0,370.8,2.0
2025,00-0038543,J.Smith-Njigba,WR,23.0,359.9,2.0
2025,00-0039851,D.Maye,QB,23.0,351.96,2.0
2025,00-0026498,M.Stafford,QB,37.0,350.38,3.0
2025,00-0036963,A.St. Brown,WR,26.0,324.0,3.0
2025,00-0039139,J.Gibbs,RB,23.0,366.9,3.0
2025,00-0036223,J.Taylor,RB,26.0,362.3,4.0
2025,00-0036900,J.Chase,WR,25.0,313.6,4.0
2025,00-0036971,T.Lawrence,QB,26.0,338.18,4.0
2025,00-0037247,G.Pickens,WR,24.0,291.9,5.0
2025,00-0039040,D.Achane,RB,24.0,322.8,5.0
2025,00-0039918,C.Williams,QB,24.0,318.18,5.0
2025,00-0033077,D.Prescott,QB,32.0,313.78000000000003,6.0
2025,00-0037239,C.Olave,WR,25.0,268.0,6.0
2025,00-0037248,J.Cook,RB,26.0,302.2,6.0
2025,00-0038597,C.Brown,RB,25.0,282.6,7.0
2025,00-0039064,Z.Flowers,WR,25.0,243.3,7.0
2025,00-0039732,B.Nix,QB,25.0,304.84,7.0
2025,00-0032764,D.Henry,RB,31.0,279.5,8.0
2025,00-0036389,J.Hurts,QB,27.0,301.06,8.0
2025,00-0036554,N.Collins,WR,26.0,226.2,8.0
2025,00-0031381,D.Adams,WR,33.0,222.9,9.0
2025,00-0033106,J.Goff,QB,31.0,297.06,9.0
2025,00-0037840,K.Williams,RB,25.0,263.3,9.0
2025,00-0035676,A.Brown,WR,28.0,220.3,10.0
2025,00-0036355,J.Herbert,QB,27.0,286.88,10.0
2025,00-0036973,T.Etienne,RB,26.0,253.9,10.0
2025,00-0033873,P.Mahomes,QB,30.0,285.68,11.0
2025,00-0037240,J.Williams,WR,24.0,219.9,11.0
2025,00-0040122,A.Jeanty,RB,22.0,245.1,11.0
2025,00-0034348,C.Sutton,WR,30.0,219.7,12.0
2025,00-0034855,B.Mayfield,QB,30.0,271.92,12.0
2025,00-0036997,J.Williams,RB,25.0,242.8,12.0
2025,00-0035700,J.Jacobs,RB,27.0,237.1,13.0
2025,00-0038117,W.Robinson,WR,24.0,217.89999999999998,13.0
2025,00-0040691,J.Dart,QB,22.0,241.58,13.0
2025,00-0034844,S.Barkley,RB,28.0,232.29999999999998,14.0
2025,00-0034869,S.Darnold,QB,28.0,235.42000000000002,14.0
2025,00-0040124,T.McMillan,WR,22.0,213.4,14.0
2025,00-0036264,J.Love,QB,27.0,235.14000000000001,15.0
2025,00-0036275,D.Swift,RB,26.0,228.6,15.0
2025,00-0036410,T.Higgins,WR,26.0,211.6,15.0
2025,00-0031588,S.Diggs,WR,32.0,210.3,16.0
2025,00-0033119,J.Brissett,QB,33.0,227.44,16.0
2025,00-0036919,K.Gainwell,RB,26.0,221.3,16.0
2025,00-0023459,A.Rodgers,QB,42.0,227.08,17.0
2025,00-0036252,M.Pittman,WR,28.0,202.4,17.0
2025,00-0037228,J.Warren,RB,27.0,217.1,17.0
2025,00-0035710,D.Jones,QB,28.0,226.44,18.0
2025,00-0036139,R.Dowdle,RB,27.0,216.3,18.0
2025,00-0037238,D.London,WR,24.0,201.9,18.0
2025,00-0036912,D.Smith,WR,27.0,201.79999999999998,19.0
2025,00-0038120,B.Hall,RB,24.0,207.66,19.0
2025,00-0039150,B.Young,QB,24.0,218.04,19.0
2025,00-0034796,L.Jackson,QB,28.0,214.86,20.0
2025,00-0036322,J.Jefferson,WR,26.0,201.5,20.0
2025,00-0040730,R.Harvey,RB,24.0,206.6,20.0
2025,00-0036358,C.Lamb,WR,26.0,200.9,21.0
2025,00-0039163,C.Stroud,QB,24.0,208.54,21.0
2025,00-0040734,T.Henderson,RB,23.0,206.2,21.0
2025,00-0038134,K.Walker,RB,25.0,191.9,22.0
2025,00-0040129,E.Egbuka,WR,23.0,195.7,22.0
2025,00-0040676,C.Ward,QB,23.0,186.66,22.0
2025,00-0035261,T.Pollard,RB,28.0,185.8,23.0
2025,00-0036613,J.Waddle,WR,27.0,194.12,23.0
2025,00-0037834,B.Purdy,QB,26.0,177.38,23.0
2025,00-0030565,G.Smith,QB,35.0,173.9,24.0
2025,00-0035719,D.Samuel,WR,29.0,188.2,24.0
2025,00-0039165,Z.Charbonnet,RB,24.0,181.4,24.0
2025,00-0035640,D.Metcalf,WR,28.0,187.2,25.0
2025,00-0036212,T.Tagovailoa,QB,27.0,160.7,25.0
2025,00-0036875,R.Stevenson,RB,27.0,178.8,25.0
2025,00-0038606,P.Washington,WR,23.0,184.7,26.0
2025,00-0040743,T.Shough,QB,26.0,157.96,26.0
2025,00-0040784,Q.Judkins,RB,22.0,169.8,26.0
2025,00-0026158,J.Flacco,QB,40.0,146.66,27.0
2025,00-0035685,D.Montgomery,RB,28.0,166.92,27.0
2025,00-0037664,A.Pierce,WR,25.0,183.3,27.0
2025,00-0030279,K.Allen,WR,33.0,182.7,28.0
2025,00-0036945,J.Fields,QB,26.0,142.66,28.0
2025,00-0039384,T.Tracy,RB,26.0,160.8,28.0
2025,00-0036442,J.Burrow,QB,29.0,134.46,29.0
2025,00-0039915,L.McConkey,WR,24.0,180.9,29.0
2025,00-0040236,K.Monangai,RB,23.0,146.7,29.0
2025,00-0033923,K.Hunt,RB,30.0,145.4,30.0
2025,00-0036972,M.Jones,QB,27.0,130.04,30.0
2025,00-0039868,T.Franklin,WR,22.0,177.1,30.0
2025,00-0032268,M.Mariota,QB,32.0,125.5,31.0
2025,00-0034960,J.Meyers,WR,29.0,175.8,31.0
2025,00-0040583,W.Marks,RB,25.0,145.1,31.0
2025,00-0036259,J.Jennings,WR,28.0,173.3,32.0
2025,00-0037256,R.White,RB,26.0,143.0,32.0
2025,00-0039923,J.McCarthy,QB,22.0,125.38,32.0
2025,00-0034827,D.Moore,WR,28.0,172.18,33.0
2025,00-0039917,M.Penix,QB,25.0,120.28,33.0
2025,00-0040242,J.Croskey-Merritt,RB,24.0,140.3,33.0
2025,00-0038544,Q.Johnston,WR,24.0,171.2,34.0
2025,00-0039361,B.Irving,RB,23.0,138.5,34.0
2025,00-0039910,J.Daniels,QB,25.0,114.28,34.0
2025,00-0029604,K.Cousins,QB,37.0,103.53999999999999,35.0
2025,00-0037261,K.Shakir,WR,25.0,166.4,35.0
2025,00-0040666,O.Hampton,RB,22.0,135.7,35.0
2025,00-0037525,J.Mason,RB,26.0,128.9,36.0
2025,00-0037816,R.Doubs,WR,25.0,165.4,36.0
2025,00-0039376,S.Rattler,QB,25.0,99.14,36.0
2025,00-0038563,T.Tucker,WR,24.0,161.7,37.0
2025,00-0040668,S.Sanders,QB,23.0,84.89999999999999,37.0
2025,00-0040715,C.Skattebo,RB,23.0,127.7,37.0
2025,00-0035228,K.Murray,QB,28.0,77.78,38.0
2025,00-0036555,C.Hubbard,RB,26.0,125.39999999999999,38.0
2025,00-0037545,R.Shaheed,WR,27.0,156.6,38.0
2025,00-0032950,C.Wentz,QB,33.0,70.34,39.0
2025,00-0037263,T.Allgeier,RB,25.0,123.0,39.0
2025,00-0039067,R.Rice,WR,25.0,150.1,39.0
2025,00-0039738,B.Corum,RB,25.0,122.2,40.0
2025,00-0039919,R.Odunze,WR,23.0,146.1,40.0
2025,00-0040704,D.Gabriel,QB,25.0,70.08,40.0
2025,00-0033293,A.Jones,RB,31.0,118.7,41.0
2025,00-0036898,D.Mills,QB,27.0,68.6,41.0
2025,00-0039893,B.Thomas,WR,23.0,138.8,41.0
2025,00-0028118,T.Taylor,QB,36.0,59.46,42.0
2025,00-0038997,J.Downs,WR,24.0,138.4,42.0
2025,00-0039391,K.Vidal,RB,24.0,117.89999999999999,42.0
2025,00-0035662,M.Brown,WR,28.0,137.7,43.0
2025,00-0036158,J.Dobbins,RB,27.0,115.9,43.0
2025,00-0038128,M.Willis,QB,26.0,51.18,43.0
2025,00-0029263,R.Wilson,QB,37.0,49.839999999999996,44.0
2025,00-0038559,M.Wilson,WR,25.0,136.0,44.0
2025,00-0039032,T.Spears,RB,24.0,111.7,44.0
2025,00-0035100,J.Browning,QB,29.0,48.74,45.0
2025,00-0035250,D.Singletary,RB,28.0,108.8,45.0
2025,00-0038994,J.Addison,WR,23.0,135.1,45.0
2025,00-0031503,J.Winston,QB,31.0,43.28,46.0
2025,00-0033906,A.Kamara,RB,30.0,100.7,46.0
2025,00-0038124,C.Watson,WR,26.0,132.4,46.0
2025,00-0035537,Ty.Johnson,RB,28.0,100.3,47.0
2025,00-0035993,T.Huntley,QB,27.0,40.14,47.0
2025,00-0040130,J.Higgins,WR,23.0,129.5,47.0
2025,00-0036924,M.Carter,RB,26.0,99.0,48.0
2025,00-0040234,Q.Ewers,QB,22.0,33.18,48.0
2025,00-0040705,C.Dike,WR,24.0,128.1,48.0
2025,00-0022942,P.Rivers,QB,44.0,31.66,49.0
2025,00-0038797,E.Wilson,RB,26.0,94.5,49.0
2025,00-0040735,L.Burden,WR,22.0,127.9,49.0
2025,00-0033869,M.Trubisky,QB,31.0,31.119999999999997,50.0
2025,00-0037157,Z.Knight,RB,24.0,92.9,50.0
2025,00-0039849,M.Harrison,WR,23.0,127.80000000000001,50.0
2025,00-0038608,K.Boutte,WR,23.0,124.1,51.0
2025,00-0038611,C.Rodriguez,RB,26.0,92.0,51.0
2025,00-0040206,R.Leonard,QB,23.0,31.0,51.0
2025,00-0036407,J.Jeudy,WR,26.0,120.7,52.0
2025,00-0038951,S.Tucker,RB,24.0,91.4,52.0
2025,00-0040398,B.Cook,QB,24.0,28.46,52.0
2025,00-0026300,J.Johnson,QB,39.0,24.380000000000003,53.0
2025,00-0039880,M.Washington,WR,25.0,116.7,53.0
2025,00-0040719,B.Tuten,RB,23.0,88.6,53.0
2025,00-0034771,M.Rudolph,QB,30.0,15.0,54.0
2025,00-0034791,N.Chubb,RB,30.0,88.3,54.0
2025,00-0040170,E.Ayomanor,WR,22.0,116.5,54.0
2025,00-0033908,C.Kupp,WR,32.0,116.3,55.0
2025,00-0038400,T.McKee,QB,25.0,13.76,55.0
2025,00-0040162,D.Sampson,RB,21.0,87.60000000000001,55.0
2025,00-0035659,T.McLaurin,WR,30.0,114.2,56.0
2025,00-0037012,T.Lance,QB,25.0,13.54,56.0
2025,00-0037197,I.Pacheco,RB,26.0,87.3,56.0
2025,00-0033526,S.Perine,RB,30.0,77.9,57.0
2025,00-0037324,C.Oladokun,QB,28.0,11.2,57.0
2025,00-0039410,R.Flournoy,WR,26.0,114.0,57.0
2025,00-0033555,M.Hollins,WR,32.0,113.4,58.0
2025,00-0033955,J.McNichols,RB,30.0,72.7,58.0
2025,00-0039398,J.Milton,QB,25.0,10.32,58.0
2025,00-0027973,A.Dalton,QB,38.0,9.520000000000001,59.0
2025,00-0039798,I.Davis,RB,23.0,71.2,59.0
2025,00-0039894,X.Worthy,WR,22.0,109.9,59.0
2025,00-0034975,J.Hill,RB,28.0,65.2,60.0
2025,00-0038102,K.Pickett,QB,27.0,7.720000000000001,60.0
2025,00-0039901,K.Coleman,WR,22.0,102.4,60.0
2025,00-0037291,J.Nailor,WR,26.0,100.7,61.0
2025,00-0038579,A.O'Connell,QB,27.0,4.78,61.0
2025,00-0039875,R.Davis,RB,26.0,64.1,61.0
2025,00-0037740,G.Wilson,WR,25.0,99.5,62.0
2025,00-0040078,B.Smith,RB,22.0,63.3,62.0
2025,00-0040494,M.Brosmer,QB,24.0,4.22,62.0
2025,00-0035535,D.Slayton,WR,28.0,98.8,63.0
2025,00-0036679,S.Buechele,QB,27.0,3.92,63.0
2025,00-0037746,B.Robinson,RB,26.0,62.5,63.0
2025,00-0031237,T.Bridgewater,QB,33.0,2.88,64.0
2025,00-0038618,X.Hutchinson,WR,25.0,98.0,64.0
2025,00-0040202,D.Neal,RB,22.0,60.0,64.0
2025,00-0038416,T.Bagent,QB,25.0,2.58,65.0
2025,00-0038621,D.Douglas,WR,25.0,95.8,65.0
2025,00-0038705,E.Demercado,RB,26.0,58.3,65.0
2025,00-0038454,K.Mitchell,RB,23.0,55.4,66.0
2025,00-0038976,M.Mims,WR,23.0,95.0,66.0
2025,00-0039164,A.Richardson,QB,23.0,2.1599999999999997,66.0
2025,00-0033949,J.Dobbs,QB,30.0,2.1,67.0
2025,00-0040198,O.Gordon,RB,21.0,54.1,67.0
2025,00-0040237,T.Johnson,WR,23.0,92.4,67.0
2025,00-0033307,K.Bourne,WR,30.0,92.1,68.0
2025,00-0038555,T.Bigsby,RB,23.0,53.8,68.0
2025,00-0038582,C.Tune,QB,26.0,1.9800000000000002,68.0
2025,00-0033662,C.Rush,QB,32.0,1.72,69.0
2025,00-0039491,J.Coker,WR,24.0,90.4,69.0
2025,00-0039874,J.Wright,RB,22.0,48.2,69.0
2025,00-0037013,Z.Wilson,QB,26.0,1.3800000000000001,70.0
2025,00-0038619,A.Iosivas,WR,26.0,89.9,70.0
2025,00-0039373,A.Estime,RB,22.0,48.1,70.0
2025,00-0032434,B.Allen,QB,33.0,0.88,71.0
2025,00-0037267,J.Ford,RB,26.0,43.6,71.0
2025,00-0039342,X.Legette,WR,24.0,89.3,71.0
2025,00-0035704,D.Lock,QB,29.0,0.09999999999999998,72.0
2025,00-0037563,M.Davis,RB,27.0,40.599999999999994,72.0
2025,00-0039916,R.Pearsall,WR,25.0,88.6,72.0
2025,00-0034955,B.Rypien,QB,29.0,0.0,73.0
2025,00-0038440,Z.Scott,RB,26.0,39.2,73.0
2025,00-0039890,A.Mitchell,WR,23.0,87.89999999999999,73.0
2025,00-0032104,A.Abdullah,RB,32.0,37.9,74.0
2025,00-0033319,N.Mullens,QB,30.0,-0.040000000000000036,74.0
2025,00-0037837,C.Austin,WR,26.0,86.2,74.0
2025,00-0031408,M.Evans,WR,32.0,84.8,75.0
2025,00-0038738,H.Luepke,RB,25.0,37.0,75.0
2025,00-0039577,K.Slovis,QB,24.0,-0.08,75.0
2025,00-0035208,O.Zaccheaus,WR,28.0,84.8,76.0
2025,00-0035264,J.Stidham,QB,29.0,-0.1,76.0
2025,00-0037085,T.Badie,RB,26.0,35.4,76.0
2025,00-0038559,Mi.Wilson,WR,25.0,84.6,77.0
2025,00-0038658,A.Martinez,QB,25.0,-0.1,77.0
2025,00-0039921,T.Benson,RB,23.0,35.4,77.0
2025,00-0033553,J.Conner,RB,30.0,33.3,78.0
2025,00-0034577,K.Allen,QB,29.0,-0.30000000000000004,78.0
2025,00-0037801,K.Turpin,WR,29.0,84.5,78.0
2025,00-0033921,C.Godwin,WR,29.0,83.0,79.0
2025,00-0035289,G.Minshew,QB,29.0,-0.3200000000000003,79.0
2025,00-0038551,K.Miller,RB,23.0,33.3,79.0
2025,00-0031345,J.Garoppolo,QB,34.0,-1.0,80.0
2025,00-0036309,D.Mooney,WR,28.0,82.3,80.0
2025,00-0038685,C.Brooks,RB,25.0,32.7,80.0
2025,00-0032385,S.Shepard,WR,32.0,82.0,81.0
2025,00-0038794,J.McLaughlin,RB,25.0,31.4,81.0
2025,00-0040673,J.Milroe,QB,23.0,-1.6,81.0
2025,00-0038104,T.Thornton,WR,25.0,80.8,82.0
2025,00-0039405,J.Jordan,RB,26.0,29.7,82.0
2025,00-0031687,R.Mostert,RB,33.0,29.4,83.0
2025,00-0040669,I.TeSlaa,WR,23.0,75.9,83.0
2025,00-0035243,M.Sanders,RB,28.0,26.700000000000003,84.0
2025,00-0038393,D.Wicks,WR,24.0,75.8,84.0
2025,00-0035500,G.Dortch,WR,27.0,75.10000000000001,85.0
2025,00-0036755,J.Patterson,RB,26.0,25.7,85.0
2025,00-0040134,P.Bryant,WR,23.0,74.8,86.0
2025,00-0040238,L.Allen,RB,21.0,24.8,86.0
2025,00-0033857,J.Smith-Schuster,WR,29.0,73.5,87.0
2025,00-0039796,R.Ali,RB,24.0,24.2,87.0
2025,00-0033854,D.Ogunbowale,RB,31.0,24.1,88.0
2025,00-0037614,J.Metchie,WR,25.0,71.9,88.0
2025,00-0036328,A.Gibson,RB,27.0,23.200000000000003,89.0
2025,00-0036415,V.Jefferson,WR,29.0,70.0,89.0
2025,00-0034959,A.Beck,RB,29.0,23.0,90.0
2025,00-0040667,M.Golden,WR,22.0,70.0,90.0
2025,00-0039299,G.Holani,RB,26.0,20.8,91.0
2025,00-0040727,T.Harris,WR,23.0,69.4,91.0
2025,00-0040138,J.Noel,WR,23.0,68.4,92.0
2025,00-0040586,J.Blue,RB,21.0,20.4,92.0
2025,00-0032211,T.Lockett,WR,33.0,67.1,93.0
2025,00-0040466,R.Sanders,RB,23.0,20.299999999999997,93.0
2025,00-0030564,D.Hopkins,WR,33.0,67.0,94.0
2025,00-0039746,W.Shipley,RB,23.0,19.5,94.0
2025,00-0032464,K.Raymond,WR,31.0,66.8,95.0
2025,00-0035291,T.Williams,RB,28.0,17.1,95.0
2025,00-0036727,A.Prentice,RB,28.0,15.7,96.0
2025,00-0039424,D.Vele,WR,28.0,66.3,96.0
2025,00-0039794,B.Allen,RB,21.0,15.3,97.0
2025,00-0040648,T.Horton,WR,23.0,65.1,97.0
2025,00-0039757,T.Jennings,RB,24.0,15.200000000000001,98.0
2025,00-0040718,T.Hunter,WR,22.0,63.800000000000004,98.0
2025,00-0039451,I.Williams,WR,24.0,60.7,99.0
2025,00-0040644,T.Etienne,RB,21.0,13.7,99.0
2025,00-0033699,A.Ekeler,RB,30.0,13.1,100.0
2025,00-0038979,C.Tillman,WR,25.0,60.0,100.0
2025,00-0032775,D.Robinson,WR,31.0,58.2,101.0
2025,00-0036893,N.Harris,RB,27.0,11.6,101.0
2025,00-0034775,C.Kirk,WR,29.0,57.9,102.0
2025,00-0036842,K.Nwangwu,RB,27.0,10.9,102.0
2025,00-0039337,M.Nabers,WR,22.0,57.1,103.0
2025,00-0040021,P.Mafah,RB,23.0,10.9,103.0
2025,00-0036550,R.Bateman,WR,26.0,55.4,104.0
2025,00-0037617,H.Haskins,RB,26.0,10.0,104.0
2025,00-0037329,B.Brown,RB,28.0,9.7,105.0
2025,00-0040782,I.Bond,WR,21.0,54.7,105.0
2025,00-0033040,T.Hill,WR,31.0,53.5,106.0
2025,00-0038040,Z.White,RB,26.0,9.6,106.0
2025,00-0036988,J.Palmer,WR,26.0,52.3,107.0
2025,00-0040179,D.Giddens,RB,22.0,9.6,107.0
2025,00-0031236,B.Cooks,WR,32.0,51.9,108.0
2025,00-0040556,C.Kiner,RB,23.0,9.3,108.0
2025,00-0033375,T.Patrick,WR,32.0,51.7,109.0
2025,00-0036265,A.Dillon,RB,27.0,9.1,109.0
2025,00-0037276,T.Chandler,RB,27.0,8.8,110.0
2025,00-0039355,L.McCaffrey,WR,24.0,51.3,110.0
2025,00-0040142,K.Johnson,RB,22.0,8.8,111.0
2025,00-0040164,J.Lane,WR,23.0,51.2,111.0
2025,00-0037741,J.Dotson,WR,25.0,50.2,112.0
2025,00-0039603,B.Brooks,RB,26.0,7.8,112.0
2025,00-0036414,C.Akers,RB,26.0,7.180000000000001,113.0
2025,00-0036626,D.Brown,WR,26.0,49.7,113.0
2025,00-0036906,K.Herbert,RB,27.0,6.6,114.0
2025,00-0040131,K.Williams,WR,23.0,49.2,114.0
2025,00-0035359,D.Sills,WR,30.0,49.1,115.0
2025,00-0038397,E.Hull,RB,25.0,6.4,115.0
2025,00-0039146,J.Reed,WR,25.0,48.5,116.0
2025,00-0040208,T.Brooks,RB,23.0,6.4,116.0
2025,00-0038359,X.Smith,WR,28.0,48.3,117.0
2025,00-0039407,D.Laube,RB,26.0,5.7,117.0
2025,00-0034837,C.Ridley,WR,31.0,47.3,118.0
2025,00-0037120,T.Goodson,RB,25.0,5.2,118.0
2025,00-0037557,R.Rivers,RB,26.0,4.6,119.0
2025,00-0037666,J.Tolbert,WR,26.0,46.3,119.0
2025,00-0036360,C.Edwards-Helaire,RB,26.0,4.2,120.0
2025,00-0038679,T.Shavers,WR,26.0,45.5,120.0
2025,00-0037594,J.Chestnut,RB,25.0,4.0,121.0
2025,00-0040729,J.Bech,WR,23.0,42.4,121.0
2025,00-0030035,A.Thielen,WR,35.0,39.6,122.0
2025,00-0040547,N.Carter,RB,23.0,4.0,122.0
2025,00-0032398,C.Moore,WR,32.0,38.6,123.0
2025,00-0037258,D.Pierce,RB,25.0,3.6,123.0
2025,00-0037745,V.Jones,RB,28.0,3.2,124.0
2025,00-0039739,R.Wilson,WR,24.0,38.6,124.0
2025,00-0035628,D.Johnson,RB,29.0,2.5,125.0
2025,00-0036427,T.Johnson,WR,27.0,37.7,125.0
2025,00-0036425,D.Dallas,RB,27.0,2.1,126.0
2025,00-0039792,D.Walker,WR,24.0,37.6,126.0
2025,00-0039751,J.Whittington,WR,25.0,36.3,127.0
2025,00-0040067,J.Wright,RB,25.0,2.0,127.0
2025,00-0034983,H.Renfrow,WR,30.0,35.900000000000006,128.0
2025,00-0039021,R.Johnson,RB,24.0,1.7000000000000002,128.0
2025,00-0035645,G.Olszewski,WR,29.0,35.82,129.0
2025,00-0038896,J.Saylors,RB,25.0,1.1,129.0
2025,00-0035406,L.Humphrey,WR,27.0,34.599999999999994,130.0
2025,00-0040429,J.Williams,RB,25.0,1.1,130.0
2025,00-0037231,K.Austin,WR,25.0,33.0,131.0
2025,00-0040039,A.Johnson,RB,22.0,0.8,131.0
2025,00-0034272,M.Valdes-Scantling,WR,31.0,32.0,132.0
2025,00-0040205,K.Mullings,RB,23.0,0.7,132.0
2025,00-0035311,M.Gaskin,RB,28.0,0.6,133.0
2025,00-0038839,M.Tinsley,WR,26.0,31.6,133.0
2025,00-0038458,O.Wright,RB,26.0,0.6,134.0
2025,00-0039920,M.Corley,WR,23.0,31.6,134.0
2025,00-0035567,C.Reynolds,RB,29.0,0.4,135.0
2025,00-0036849,T.Atwell,WR,26.0,31.2,135.0
2025,00-0036196,G.Davis,WR,26.0,30.9,136.0
2025,00-0039364,S.Vaki,RB,24.0,0.4,136.0
2025,00-0033891,Z.Jones,WR,30.0,30.3,137.0
2025,00-0039266,K.Milton,RB,23.0,0.2,137.0
2025,00-0034681,C.Edmonds,RB,29.0,0.0,138.0
2025,00-0038840,B.Tremayne,WR,26.0,30.0,138.0
2025,00-0035726,J.Johnson,RB,31.0,0.0,139.0
2025,00-0039855,J.McMillan,WR,24.0,29.9,139.0
2025,00-0036567,E.Mitchell,RB,27.0,0.0,140.0
2025,00-0037742,T.Burks,WR,25.0,29.0,140.0
2025,00-0036569,G.Brightwell,RB,27.0,0.0,141.0
2025,00-0040218,Ji.Horn,WR,23.0,28.7,141.0
2025,00-0036950,A.Williams,RB,27.0,0.0,142.0
2025,00-0036980,E.Moore,WR,25.0,28.599999999999998,142.0
2025,00-0036165,I.Hodgins,WR,27.0,27.5,143.0
2025,00-0036984,T.Sermon,RB,26.0,0.0,143.0
2025,00-0038396,E.Gray,RB,26.0,0.0,144.0
2025,00-0040277,J.Walker,WR,23.0,26.7,144.0
2025,00-0038409,L.Nichols,RB,24.0,0.0,145.0
2025,00-0040311,T.Wease,WR,24.0,25.9,145.0
2025,00-0038678,J.Mims,RB,26.0,0.0,146.0
2025,00-0040009,S.Williams,WR,24.0,25.5,146.0
2025,00-0039363,I.Guerendo,RB,25.0,0.0,147.0
2025,00-0040590,K.Mumpfield,WR,23.0,25.2,147.0
2025,00-0040476,U.Bentley,RB,25.0,0.0,148.0
2025,00-0040581,D.Thornton,WR,23.0,23.5,148.0
2025,00-0033943,J.Reynolds,WR,30.0,23.1,149.0
2025,00-0040649,R.Ouzts,RB,23.0,0.0,149.0
2025,00-0034367,N.Miller-Hines,RB,29.0,-0.2,150.0
2025,00-0034521,A.Lazard,WR,30.0,23.0,150.0
2025,00-0033282,C.Samuel,WR,29.0,21.1,151.0
2025,00-0035594,T.Homer,RB,27.0,-0.2,151.0
2025,00-0039379,J.Thrash,WR,25.0,20.7,152.0
2025,00-0039623,M.Tipton,WR,25.0,20.4,153.0
2025,00-0035021,A.Dulin,WR,28.0,20.0,154.0
2025,00-0036182,N.Westbrook-Ikhine,WR,28.0,19.9,155.0
2025,00-0034860,D.Pettis,WR,30.0,19.7,156.0
2025,00-0040024,D.Cooper,WR,24.0,18.2,157.0
2025,00-0035891,C.White,WR,27.0,18.0,158.0
2025,00-0039589,K.Johnson,WR,23.0,17.7,159.0
2025,00-0036862,B.Skowronek,WR,28.0,16.9,160.0
2025,00-0040563,E.Chism,WR,24.0,16.5,161.0
2025,00-0040184,K.Lambert-Smith,WR,24.0,16.1,162.0
2025,00-0038891,S.Jackson,WR,26.0,15.9,163.0
2025,00-0035298,S.Miller,WR,28.0,15.200000000000001,164.0
2025,00-0036959,M.Bandy,WR,28.0,15.0,165.0
2025,00-0038090,S.Moore,WR,25.0,14.8,166.0
2025,00-0038465,M.Heath,WR,25.0,14.6,167.0
2025,00-0036630,T.Wallace,WR,26.0,14.5,168.0
2025,00-0040259,G.Larvadain,WR,22.0,14.4,169.0
2025,00-0034407,R.McCloud,WR,29.0,13.9,170.0
2025,00-0039521,X.Weaver,WR,25.0,13.7,171.0
2025,00-0040582,A.Smith,WR,24.0,13.5,172.0
2025,00-0033591,N.Brown,WR,29.0,13.3,173.0
2025,00-0036133,J.Proche,WR,29.0,12.5,174.0
2025,00-0038824,R.Miller,WR,25.0,11.4,175.0
2025,00-0038953,D.Drummond,WR,25.0,11.2,176.0
2025,00-0032688,R.Chosen,WR,32.0,10.3,177.0
2025,00-0038647,R.Bell,WR,25.0,10.3,178.0
2025,00-0036620,D.Eskridge,WR,28.0,10.2,179.0
2025,00-0034419,B.Berrios,WR,30.0,9.700000000000001,180.0
2025,00-0034418,C.Wilson,WR,30.0,9.4,181.0
2025,00-0039394,Cas.Washington,WR,24.0,9.2,182.0
2025,00-0038938,J.Hyatt,WR,24.0,8.5,183.0
2025,00-0038640,J.Brooks,WR,25.0,8.1,184.0
2025,00-0035544,T.Kennedy,WR,29.0,7.6,185.0
2025,00-0036841,A.Trammell,WR,27.0,7.6,186.0
2025,00-0040522,X.Restrepo,WR,23.0,7.1,187.0
2025,00-0036176,M.Kinsey,WR,27.0,6.800000000000001,188.0
2025,00-0037093,D.Young,WR,26.0,6.8,189.0
2025,00-0039394,C.Washington,WR,24.0,6.2,190.0
2025,00-0037487,D.Thompkins,WR,26.0,6.199999999999999,191.0
2025,00-0034854,K.Hodge,WR,31.0,6.1,192.0
2025,00-0034386,J.Watson,WR,29.0,6.0,193.0
2025,00-0038576,C.Jones,WR,27.0,6.0,194.0
2025,00-0040154,T.Felton,WR,22.0,5.5,195.0
2025,00-0034487,T.Sherfield,WR,29.0,5.1,196.0
2025,00-0039884,T.Washington,WR,24.0,4.699999999999999,197.0
2025,00-0036331,D.Duvernay,WR,28.0,4.6,198.0
2025,00-0040172,J.Watkins,WR,23.0,4.6,199.0
2025,00-0040432,B.Collins,WR,23.0,4.5,200.0
2025,00-0037524,T.Martin,WR,28.0,4.3,201.0
2025,00-0038519,N.Remigio,WR,26.0,4.2,202.0
2025,00-0037132,B.Covey,WR,28.0,4.0,203.0
2025,00-0038728,J.Wayne,WR,25.0,4.0,204.0
2025,00-0038752,J.Bobo,WR,27.0,4.0,205.0
2025,00-0040406,Q.Skinner,WR,24.0,4.0,206.0
2025,00-0038573,D.Davis,WR,25.0,3.5,207.0
2025,00-0039062,J.Mingo,WR,24.0,3.5,208.0
2025,00-0040317,Ja.Jones,WR,24.0,3.5,209.0
2025,00-0040388,J.Keeney-James,WR,25.0,3.5,210.0
2025,00-0035602,A.Bachman,WR,29.0,3.2,211.0
2025,00-0035876,A.Baccellia,WR,28.0,2.8,212.0
2025,00-0033589,D.Moore,WR,30.0,2.7,213.0
2025,00-0038496,X.Gipson,WR,24.0,2.6,214.0
2025,00-0039816,A.Gould,WR,24.0,2.6,215.0
2025,00-0036497,T.Jones,WR,27.0,2.5,216.0
2025,00-0040534,K.Williams,WR,24.0,2.5,217.0
2025,00-0040646,J.Royals,WR,22.0,2.4,218.0
2025,00-0039650,B.Oliver,WR,25.0,1.8,219.0
2025,00-0037098,S.Toure,WR,27.0,1.3,220.0
2025,00-0038911,M.Cunningham,WR,27.0,0.1,221.0
2025,00-0031763,D.Carter,WR,32.0,0.0,222.0
2025,00-0032951,L.Treadwell,WR,30.0,0.0,223.0
2025,00-0033572,J.Agnew,WR,30.0,0.0,224.0
2025,00-0034054,R.Cracraft,WR,31.0,0.0,225.0
2025,00-0034867,M.Turner,WR,29.0,0.0,226.0
2025,00-0034928,S.Sims,WR,28.0,0.0,227.0
2025,00-0035140,M.Hardman,WR,27.0,0.0,228.0
2025,00-0035639,P.Campbell,WR,28.0,0.0,229.0
2025,00-0036463,C.Blair,WR,28.0,0.0,230.0
2025,00-0036527,D.Turner,WR,28.0,0.0,231.0
2025,00-0036646,S.Fehoko,WR,28.0,0.0,232.0
2025,00-0037380,K.Davis,WR,27.0,0.0,233.0
2025,00-0038492,J.Brownlee,WR,26.0,0.0,234.0
2025,00-0038740,J.Moreno-Cropper,WR,24.0,0.0,235.0
2025,00-0039710,J.Jones,WR,26.0,0.0,236.0
2025,00-0040075,L.Wester,WR,23.0,0.0,237.0
2025,00-0040241,D.Lovett,WR,23.0,0.0,238.0
2025,00-0040352,C.Owen,WR,24.0,0.0,239.0
2025,00-0040431,D.Cambre,WR,24.0,0.0,240.0
2025,00-0040506,M.Price,WR,24.0,0.0,241.0
2025,00-0040582,Ar.Smith,WR,24.0,0.0,242.0
2025,00-0040629,D.Campbell,WR,24.0,0.0,243.0
