season,player_id,player_name,position,age,fantasy_points,positional_finish
1999,00-0008241,E.James,RB,21.0,389.90000000000003,1.0
1999,00-0005092,M.Faulk,RB,26.0,388.3,2.0
1999,00-0005883,E.George,RB,26.0,306.2,3.0
1999,00-0004052,S.Davis,RB,25.0,302.6,4.0
1999,00-0005779,C.Garner,RB,27.0,281.40000000000003,5.0
1999,00-0015165,E.Smith,RB,30.0,279.6,6.0
1999,00-0009829,D.Levens,RB,29.0,276.70000000000005,7.0
1999,00-0010442,C.Martin,RB,26.0,272.3,8.0
1999,00-0017322,R.Watters,RB,30.0,254.70000000000002,9.0
1999,00-0015523,D.Staley,RB,24.0,244.70000000000002,10.0
1999,00-0004304,C.Dillon,RB,25.0,235.0,11.0
1999,00-0005816,O.Gary,RB,24.0,222.8,12.0
1999,00-0015698,J.Stewart,RB,28.0,202.9,13.0
1999,00-0001215,J.Bettis,RB,27.0,200.94,14.0
1999,00-0017486,T.Wheatley,RB,27.0,200.20000000000002,15.0
1999,00-0004916,C.Enis,RB,23.0,187.6,16.0
1999,00-0015286,R.Smith,RB,27.0,180.1,17.0
1999,00-0013622,E.Rhett,RB,29.0,175.10000000000002,18.0
1999,00-0009288,T.Kirby,RB,29.0,175.08,19.0
1999,00-0000232,T.Allen,RB,31.0,173.10000000000002,20.0
1999,00-0004640,W.Dunn,RB,24.0,169.5,21.0
1999,00-0001224,T.Biakabutuka,RB,25.0,154.70000000000002,22.0
1999,00-0017915,R.Williams,RB,22.0,152.60000000000002,23.0
1999,00-0016098,F.Taylor,RB,23.0,143.5,24.0
1999,00-0007969,R.Huntley,RB,27.0,137.0,25.0
1999,00-0007520,L.Hoard,RB,31.0,136.1,26.0
1999,00-0000745,T.Barber,RB,24.0,127.7,27.0
1999,00-0009038,N.Kaufman,RB,26.0,127.5,28.0
1999,00-0011869,A.Murrell,RB,29.0,112.80000000000001,29.0
1999,00-0015091,A.Smith,RB,27.0,109.60000000000001,30.0
1999,00-0008529,J.Johnson,RB,25.0,106.80000000000001,31.0
1999,00-0007436,G.Hill,RB,27.0,89.9,32.0
1999,00-0007661,P.Holmes,RB,26.0,89.5,33.0
1999,00-0017209,C.Warren,RB,31.0,83.7,34.0
1999,00-0012480,K.Oxendine,RB,24.0,83.4,35.0
1999,00-0009599,F.Lane,RB,24.0,82.8,36.0
1999,00-0013262,S.Pritchett,RB,26.0,80.0,37.0
1999,00-0002459,K.Bynum,RB,25.0,72.60000000000001,38.0
1999,00-0011399,B.Mitchell,RB,31.0,72.5,39.0
1999,00-0000003,A.al-Jabbar,RB,25.0,71.9,40.0
1999,00-0000871,M.Bates,RB,26.0,71.6,41.0
1999,00-0013013,M.Pittman,RB,24.0,71.54,42.0
1999,00-0013785,R.Rivers,RB,28.0,69.8,43.0
1999,00-0003271,C.Collins,RB,23.0,68.60000000000001,44.0
1999,00-0011675,B.Morris,RB,27.0,65.1,45.0
1999,00-0011081,N.Means,RB,27.0,63.800000000000004,46.0
1999,00-0006803,B.Hanspard,RB,23.0,63.60000000000001,47.0
1999,00-0008046,S.Irvin,RB,21.0,60.6,48.0
1999,00-0000856,M.Basnight,RB,22.0,59.0,49.0
1999,00-0011506,J.Montgomery,RB,23.0,58.8,50.0
1999,00-0005324,T.Fletcher,RB,26.0,57.6,51.0
1999,00-0007389,S.Hicks,RB,25.0,55.900000000000006,52.0
1999,00-0005110,J.Fazande,RB,24.0,54.5,53.0
1999,00-0014759,R.Shehee,RB,24.0,50.400000000000006,54.0
1999,00-0012931,L.Phillips,RB,24.0,48.6,55.0
1999,00-0015242,L.Smith,RB,29.0,45.6,56.0
1999,00-0017218,L.Warren,RB,26.0,44.2,57.0
1999,00-0005091,K.Faulk,RB,23.0,43.50000000000001,58.0
1999,00-0004972,C.Evans,RB,32.0,41.4,59.0
1999,00-0015655,T.Stephens,RB,23.0,39.400000000000006,60.0
1999,00-0003663,Z.Crockett,RB,27.0,38.7,61.0
1999,00-0004054,T.Davis,RB,27.0,37.7,62.0
1999,00-0008570,L.Johnson,RB,28.0,36.9,63.0
1999,00-0012556,D.Parker,RB,23.0,35.9,64.0
1999,00-0006456,H.Griffith,RB,32.0,35.800000000000004,65.0
1999,00-0010107,D.Loville,RB,31.0,35.3,66.0
1999,00-0016321,R.Thomas,RB,26.0,31.6,67.0
1999,00-0012603,B.Parmalee,RB,32.0,28.6,68.0
1999,00-0016331,T.Thomas,RB,33.0,27.900000000000002,69.0
1999,00-0000279,K.Anders,RB,33.0,27.500000000000004,70.0
1999,00-0000721,T.Banks,RB,25.0,26.9,71.0
1999,00-0000210,J.Allen,RB,24.0,26.0,72.0
1999,00-0012832,W.Perry,RB,24.0,24.6,73.0
1999,00-0010747,F.McCrary,RB,27.0,24.1,74.0
1999,00-0001938,G.Brown,RB,30.0,22.900000000000002,75.0
1999,00-0001112,S.Bennett,RB,22.0,21.3,76.0
1999,00-0011392,B.Mitchell,RB,24.0,20.5,77.0
1999,00-0008921,R.Jordan,RB,29.0,20.4,78.0
1999,00-0004200,A.Denson,RB,23.0,18.6,79.0
1999,00-0017303,J.Watson,RB,24.0,18.400000000000002,80.0
1999,00-0003136,M.Cloud,RB,24.0,17.3,81.0
1999,00-0008430,A.Johnson,RB,32.0,16.5,82.0
1999,00-0001233,E.Bieniemy,RB,30.0,16.3,83.0
1999,00-0002713,T.Carter,RB,27.0,13.4,84.0
1999,00-0017892,M.Williams,RB,25.0,13.1,85.0
1999,00-0006305,A.Green,RB,22.0,13.0,86.0
1999,00-0017896,N.Luchey,RB,22.0,12.600000000000001,87.0
1999,00-0001103,E.Bennett,RB,30.0,12.4,88.0
1999,00-0000316,J.Anderson,RB,27.0,12.3,89.0
1999,00-0008391,T.Jervey,RB,27.0,11.1,90.0
1999,00-0007546,J.Hodgins,RB,22.0,9.5,91.0
1999,00-0002743,K.Carter,RB,26.0,8.9,92.0
1999,00-0012368,W.Oliver,RB,26.0,8.6,93.0
1999,00-0004060,T.Davis,RB,24.0,8.5,94.0
1999,00-0014742,S.Shaw,RB,26.0,7.6,95.0
1999,00-0018501,A.Zereoue,RB,23.0,7.500000000000001,96.0
1999,00-0004871,J.Ellison,RB,28.0,7.0,97.0
1999,00-0002873,R.Chancey,RB,27.0,6.7,98.0
1999,00-0009738,A.Lee,RB,28.0,6.5,99.0
1999,00-0007795,C.Howard,RB,24.0,6.300000000000001,100.0
1999,00-0008196,T.Jackson,RB,23.0,6.1,101.0
1999,00-0004824,K.Elias,RB,27.0,5.4,102.0
1999,00-0011341,B.Milne,RB,26.0,5.0,103.0
1999,00-0000541,J.Avery,RB,23.0,4.5,104.0
1999,00-0010994,K.McLeod,RB,25.0,4.5,105.0
1999,00-0010240,S.Mack,RB,24.0,4.0,106.0
1999,00-0003344,G.Comella,RB,24.0,3.9000000000000004,107.0
1999,00-0012946,D.Philyaw,RB,29.0,3.9000000000000004,108.0
1999,00-0006155,L.Gordon,RB,21.0,3.8,109.0
1999,00-0012515,D.Palmer,RB,27.0,3.7000000000000006,110.0
1999,00-0014809,P.Shields,RB,23.0,3.7,111.0
1999,00-0015152,D.Smith,RB,25.0,3.0000000000000004,112.0
1999,00-0011333,J.Mills,RB,30.0,3.0,113.0
1999,00-0010436,C.Martin,RB,24.0,2.5,114.0
1999,00-0012370,B.Olivo,RB,23.0,2.5,115.0
1999,00-0000007,R.Abdullah,RB,24.0,2.3000000000000003,116.0
1999,00-0017829,J.Williams,RB,27.0,2.0,117.0
1999,00-0017301,E.Watson,RB,23.0,1.7000000000000002,118.0
1999,00-0008751,G.Jones,RB,26.0,1.5,119.0
1999,00-0009819,T.Lester,RB,31.0,0.9000000000000001,120.0
1999,00-0001525,J.Bostic,RB,27.0,0.7000000000000002,121.0
1999,00-0002380,S.Bush,RB,25.0,0.4,122.0
1999,00-0005620,C.Fuamatu-Ma'afala,RB,22.0,0.4,123.0
1999,00-0006380,S.Greene,RB,27.0,0.4,124.0
1999,00-0008660,D.Johnston,RB,33.0,0.4,125.0
1999,00-0010951,D.McKinley,RB,23.0,0.4,126.0
1999,00-0000552,O.Ayanbadejo,RB,24.0,0.2,127.0
1999,00-0008568,L.Johnson,RB,25.0,0.2,128.0
1999,00-0010194,A.Lynn,RB,31.0,0.2,129.0
1999,00-0014256,R.Salaam,RB,25.0,0.2,130.0
1999,00-0013173,M.Powell,RB,23.0,0.1,131.0
1999,00-0001573,L.Bowie,RB,26.0,0.0,132.0
1999,00-0005071,R.Farmer,RB,25.0,0.0,133.0
1999,00-0005891,S.George,RB,26.0,0.0,134.0
1999,00-0007447,M.Hill,RB,23.0,0.0,135.0
1999,00-0007647,D.Holmes,RB,28.0,0.0,136.0
1999,00-0008488,D.Johnson,RB,26.0,0.0,137.0
1999,00-0013498,T.Reece,RB,24.0,0.0,138.0
1999,00-0013958,C.Rogers,RB,23.0,0.0,139.0
1999,00-0015362,M.Snider,RB,23.0,0.0,140.0
2000,00-0005092,M.Faulk,RB,27.0,441.90000000000003,1.0
2000,00-0008241,E.James,RB,22.0,423.3,2.0
2000,00-0005883,E.George,RB,27.0,360.20000000000005,3.0
2000,00-0015286,R.Smith,RB,28.0,321.90000000000003,4.0
2000,00-0019594,M.Anderson,RB,27.0,310.90000000000003,5.0
2000,00-0017322,R.Watters,RB,31.0,310.5,6.0
2000,00-0006305,A.Green,RB,23.0,309.40000000000003,7.0
2000,00-0010442,C.Martin,RB,27.0,304.92,8.0
2000,00-0016098,F.Taylor,RB,24.0,301.90000000000003,9.0
2000,00-0005779,C.Garner,RB,28.0,295.90000000000003,10.0
2000,00-0000745,T.Barber,RB,25.0,290.5,11.0
2000,00-0004052,S.Davis,RB,26.0,281.1,12.0
2000,00-0019693,J.Lewis,RB,21.0,266.0,13.0
2000,00-0015698,J.Stewart,RB,29.0,261.1,14.0
2000,00-0004640,W.Dunn,RB,25.0,260.5,15.0
2000,00-0015242,L.Smith,RB,30.0,252.9,16.0
2000,00-0004304,C.Dillon,RB,26.0,251.3,17.0
2000,00-0017915,R.Williams,RB,23.0,248.26,18.0
2000,00-0001215,J.Bettis,RB,28.0,245.8,19.0
2000,00-0000316,J.Anderson,RB,28.0,224.60000000000002,20.0
2000,00-0015165,E.Smith,RB,31.0,213.20000000000002,21.0
2000,00-0017486,T.Wheatley,RB,28.0,209.20000000000002,22.0
2000,00-0013013,M.Pittman,RB,25.0,206.8,23.0
2000,00-0000210,J.Allen,RB,25.0,198.10000000000002,24.0
2000,00-0005091,K.Faulk,RB,24.0,162.5,25.0
2000,00-0001224,T.Biakabutuka,RB,26.0,152.8,26.0
2000,00-0019609,T.Prentice,RB,24.0,127.3,27.0
2000,00-0019643,R.Dayne,RB,22.0,127.1,28.0
2000,00-0002159,S.Bryson,RB,24.0,117.60000000000001,29.0
2000,00-0007661,P.Holmes,RB,27.0,111.9,30.0
2000,00-0005324,T.Fletcher,RB,27.0,99.9,31.0
2000,00-0000534,D.Autry,RB,24.0,97.9,32.0
2000,00-0019484,S.Morris,RB,23.0,97.60000000000001,33.0
2000,00-0017209,C.Warren,RB,32.0,84.9,34.0
2000,00-0008921,R.Jordan,RB,30.0,84.2,35.0
2000,00-0019722,J.Redmond,RB,23.0,83.2,36.0
2000,00-0009038,N.Kaufman,RB,27.0,76.60000000000001,37.0
2000,00-0019641,T.Jones,RB,22.0,76.1,38.0
2000,00-0015523,D.Staley,RB,25.0,75.5,39.0
2000,00-0001098,B.Bennett,RB,27.0,71.2,40.0
2000,00-0005110,J.Fazande,RB,25.0,67.2,41.0
2000,00-0015091,A.Smith,RB,28.0,64.4,42.0
2000,00-0009829,D.Levens,RB,30.0,63.0,43.0
2000,00-0000279,K.Anders,RB,34.0,59.7,44.0
2000,00-0017303,J.Watson,RB,25.0,59.5,45.0
2000,00-0003663,Z.Crockett,RB,28.0,56.2,46.0
2000,00-0013262,S.Pritchett,RB,27.0,54.800000000000004,47.0
2000,00-0011399,B.Mitchell,RB,32.0,50.44,48.0
2000,00-0007969,R.Huntley,RB,28.0,48.6,49.0
2000,00-0019647,S.Alexander,RB,23.0,48.400000000000006,50.0
2000,00-0004054,T.Davis,RB,28.0,47.6,51.0
2000,00-0013622,E.Rhett,RB,30.0,46.6,52.0
2000,00-0019590,C.Morton,RB,23.0,41.9,53.0
2000,00-0000232,T.Allen,RB,32.0,36.6,54.0
2000,00-0005620,C.Fuamatu-Ma'afala,RB,23.0,35.6,55.0
2000,00-0008430,A.Johnson,RB,33.0,35.5,56.0
2000,00-0000871,M.Bates,RB,27.0,34.6,57.0
2000,00-0003344,G.Comella,RB,25.0,33.9,58.0
2000,00-0008529,J.Johnson,RB,26.0,32.9,59.0
2000,00-0000552,O.Ayanbadejo,RB,25.0,31.5,60.0
2000,00-0010436,C.Martin,RB,25.0,29.6,61.0
2000,00-0012603,B.Parmalee,RB,33.0,29.299999999999997,62.0
2000,00-0002873,R.Chancey,RB,28.0,27.9,63.0
2000,00-0019057,J.White,RB,22.0,27.5,64.0
2000,00-0002713,T.Carter,RB,28.0,27.3,65.0
2000,00-0019471,F.Moreau,RB,24.0,26.1,66.0
2000,00-0016321,R.Thomas,RB,27.0,26.000000000000004,67.0
2000,00-0011573,J.Moore,RB,26.0,24.6,68.0
2000,00-0019382,K.Coleman,RB,22.0,23.8,69.0
2000,00-0004200,A.Denson,RB,24.0,23.5,70.0
2000,00-0016331,T.Thomas,RB,34.0,23.3,71.0
2000,00-0004916,C.Enis,RB,24.0,20.2,72.0
2000,00-0010240,S.Mack,RB,25.0,19.5,73.0
2000,00-0010747,F.McCrary,RB,28.0,19.0,74.0
2000,00-0006456,H.Griffith,RB,33.0,18.5,75.0
2000,00-0007389,S.Hicks,RB,26.0,18.1,76.0
2000,00-0019614,M.Wiley,RB,22.0,17.0,77.0
2000,00-0008196,T.Jackson,RB,24.0,16.4,78.0
2000,00-0012556,D.Parker,RB,24.0,15.5,79.0
2000,00-0011869,A.Murrell,RB,30.0,15.3,80.0
2000,00-0019673,P.Smith,RB,22.0,14.7,81.0
2000,00-0008046,S.Irvin,RB,22.0,13.900000000000002,82.0
2000,00-0017896,N.Luchey,RB,23.0,13.8,83.0
2000,00-0003136,M.Cloud,RB,25.0,12.9,84.0
2000,00-0005816,O.Gary,RB,25.0,12.0,85.0
2000,00-0007795,C.Howard,RB,25.0,11.8,86.0
2000,00-0017892,M.Williams,RB,26.0,11.8,87.0
2000,00-0018971,S.Stith,RB,22.0,10.500000000000002,88.0
2000,00-0000007,R.Abdullah,RB,25.0,9.4,89.0
2000,00-0009288,T.Kirby,RB,30.0,9.0,90.0
2000,00-0019533,P.Pass,RB,23.0,8.5,91.0
2000,00-0018977,M.Smith,RB,24.0,8.4,92.0
2000,00-0011341,B.Milne,RB,27.0,7.4,93.0
2000,00-0000781,M.Barnes,RB,24.0,6.800000000000001,94.0
2000,00-0006989,R.Harris,RB,30.0,5.6000000000000005,95.0
2000,00-0011506,J.Montgomery,RB,24.0,5.4,96.0
2000,00-0012370,B.Olivo,RB,24.0,5.0,97.0
2000,00-0010632,F.McAfee,RB,32.0,4.7,98.0
2000,00-0015601,A.Stecker,RB,25.0,4.6,99.0
2000,00-0015152,D.Smith,RB,26.0,4.1,100.0
2000,00-0002380,S.Bush,RB,26.0,3.9000000000000004,101.0
2000,00-0019516,T.Hambrick,RB,24.0,2.8000000000000003,102.0
2000,00-0004508,S.Dragos,RB,25.0,2.8,103.0
2000,00-0013785,R.Rivers,RB,29.0,2.7,104.0
2000,00-0019466,C.Keaton,RB,24.0,2.4000000000000004,105.0
2000,00-0009738,A.Lee,RB,29.0,2.2,106.0
2000,00-0019473,D.Dyer,RB,23.0,1.4000000000000001,107.0
2000,00-0018501,A.Zereoue,RB,24.0,1.4,108.0
2000,00-0006155,L.Gordon,RB,22.0,1.3000000000000003,109.0
2000,00-0010951,D.McKinley,RB,24.0,1.3,110.0
2000,00-0019649,T.Canidate,RB,23.0,1.0,111.0
2000,00-0002459,K.Bynum,RB,26.0,0.9,112.0
2000,00-0007546,J.Hodgins,RB,23.0,0.8,113.0
2000,00-0011392,B.Mitchell,RB,25.0,0.8,114.0
2000,00-0017829,J.Williams,RB,28.0,0.8,115.0
2000,00-0019025,R.Jenkins,RB,23.0,0.7,116.0
2000,00-0019238,J.Lewis,RB,24.0,0.6000000000000001,117.0
2000,00-0018568,C.Williams,RB,23.0,0.5,118.0
2000,00-0004595,C.Dukes,RB,29.0,0.2,119.0
2000,00-0004495,G.Downs,RB,28.0,0.0,120.0
2000,00-0008391,T.Jervey,RB,28.0,0.0,121.0
2000,00-0008568,L.Johnson,RB,26.0,0.0,122.0
2000,00-0009286,C.Kirby,RB,26.0,0.0,123.0
2000,00-0012368,W.Oliver,RB,27.0,0.0,124.0
2000,00-0013958,C.Rogers,RB,24.0,0.0,125.0
2000,00-0014809,P.Shields,RB,24.0,0.0,126.0
2000,00-0015362,M.Snider,RB,24.0,0.0,127.0
2000,00-0017006,C.Walendy,RB,23.0,0.0,128.0
2000,00-0017239,D.Washington,RB,23.0,0.0,129.0
2000,00-0019268,K.McDougal,RB,23.0,0.0,130.0
2000,00-0019576,M.Green,RB,24.0,0.0,131.0
2000,00-0000003,A.al-Jabbar,RB,26.0,-0.2,132.0
2000,00-0012515,D.Palmer,RB,28.0,-0.2,133.0
2000,00-0019028,H.Goodman,RB,23.0,-2.2,134.0
2001,00-0005092,M.Faulk,RB,28.0,407.7,1.0
2001,00-0007661,P. Holmes,RB,28.0,355.9,2.0
2001,00-0006305,A.Green,RB,24.0,335.1,3.0
2001,00-0010442,C.Martin,RB,28.0,321.02,4.0
2001,00-0019647,S.Alexander,RB,24.0,311.1,5.0
2001,00-0017915,R.Williams,RB,24.0,274.6,6.0
2001,00-0004304,C.Dillon,RB,27.0,274.3,7.0
2001,00-0020536,L.Tomlinson,RB,22.0,270.3,8.0
2001,00-0004052,S.Davis,RB,27.0,252.70000000000002,9.0
2001,00-0015091,A.Smith,RB,29.0,245.9,10.0
2001,00-0007180,G.Hearst,RB,30.0,244.3,11.0
2001,00-0020403,A. Thomas,RB,24.0,229.10000000000002,12.0
2001,00-0019863,D.Rhodes,RB,22.0,218.8,13.0
2001,00-0005779,C. Garner,RB,29.0,210.70000000000002,14.0
2001,00-0015242,L.Smith,RB,31.0,194.20000000000002,15.0
2001,00-0010240,S.Mack,RB,26.0,192.2,16.0
2001,00-0015523,D.Staley,RB,26.0,191.0,17.0
2001,00-0001215,J.Bettis,RB,29.0,185.28,18.0
2001,00-0005883,E.George,RB,28.0,175.8,19.0
2001,00-0015165,E.Smith,RB,32.0,172.70000000000002,20.0
2001,00-0000745,T. Barber,RB,26.0,170.5,21.0
2001,00-0013013,M.Pittman,RB,26.0,169.0,22.0
2001,00-0004640,W.Dunn,RB,26.0,160.4,23.0
2001,00-0018977,M.Smith,RB,25.0,159.0,24.0
2001,00-0019057,J.White,RB,23.0,141.1,25.0
2001,00-0015698,J.Stewart,RB,30.0,140.7,26.0
2001,00-0008241,E.James,RB,23.0,139.5,27.0
2001,00-0020514,M.Bennett,RB,23.0,137.8,28.0
2001,00-0020471,T.Henry,RB,23.0,136.8,29.0
2001,00-0020474,K.Barlow,RB,22.0,117.9,30.0
2001,00-0019594,M.Anderson,RB,28.0,114.4,31.0
2001,00-0000232,T.Allen,RB,33.0,111.6,32.0
2001,00-0007969,R.Huntley,RB,29.0,110.6,33.0
2001,00-0019649,T.Canidate,RB,24.0,109.50000000000001,34.0
2001,00-0004054,T.Davis,RB,29.0,109.0,35.0
2001,00-0020270,C.Buckhalter,RB,23.0,105.6,36.0
2001,00-0005620,C.Fuamatu-Ma'afala,RB,24.0,101.0,37.0
2001,00-0019643,R. Dayne,RB,23.0,97.9,38.0
2001,00-0019423,J.Brookins,RB,25.0,97.60000000000001,39.0
2001,00-0000210,J. Allen,RB,26.0,96.2,40.0
2001,00-0019516,T.Hambrick,RB,25.0,92.10000000000001,41.0
2001,00-0020430,J.Jackson,RB,25.0,86.0,42.0
2001,00-0019641,T.Jones,RB,23.0,85.1,43.0
2001,00-0017218,L.Warren,RB,28.0,81.7,44.0
2001,00-0020448,T.Minor,RB,22.0,79.4,45.0
2001,00-0018501,A.Zereoue,RB,25.0,76.5,46.0
2001,00-0017322,R.Watters,RB,32.0,65.5,47.0
2001,00-0002159,S.Bryson,RB,25.0,65.0,48.0
2001,00-0017486,T. Wheatley,RB,29.0,63.7,49.0
2001,00-0019889,E.Joseph,RB,23.0,62.7,50.0
2001,00-0017892,M.Williams,RB,27.0,62.10000000000001,51.0
2001,00-0002743,K.Carter,RB,28.0,60.1,52.0
2001,00-0000745,T.Barber,RB,26.0,57.7,53.0
2001,00-0007389,S.Hicks,RB,27.0,54.300000000000004,54.0
2001,00-0005091,K.Faulk,RB,25.0,50.72,55.0
2001,00-0000316,J.Anderson,RB,29.0,49.1,56.0
2001,00-0001224,T.Biakabutuka,RB,27.0,48.1,57.0
2001,00-0020462,L.Jordan,RB,23.0,47.6,58.0
2001,00-0003663,Z. Crockett,RB,29.0,44.5,59.0
2001,00-0020527,D.McAllister,RB,23.0,44.18,60.0
2001,00-0019614,M.Wiley,RB,23.0,43.6,61.0
2001,00-0019712,D.Chapman,RB,24.0,43.0,62.0
2001,00-0001098,B.Bennett,RB,28.0,41.2,63.0
2001,00-0000552,O.Ayanbadejo,RB,26.0,39.4,64.0
2001,00-0009829,D.Levens,RB,31.0,39.4,65.0
2001,00-0008196,T.Jackson,RB,25.0,34.900000000000006,66.0
2001,00-0005816,O.Gary,RB,26.0,33.7,67.0
2001,00-0019643,R.Dayne,RB,23.0,32.8,68.0
2001,00-0008568,L.Johnson,RB,27.0,30.62,69.0
2001,00-0015601,A.Stecker,RB,26.0,30.300000000000004,70.0
2001,00-0005324,T.Fletcher,RB,28.0,29.1,71.0
2001,00-0019831,N.Goings,RB,23.0,28.6,72.0
2001,00-0019722,J.Redmond,RB,24.0,27.1,73.0
2001,00-0010436,C.Martin,RB,26.0,24.1,74.0
2001,00-0003344,G. Comella,RB,26.0,22.700000000000003,75.0
2001,00-0019576,M.Green,RB,25.0,22.5,76.0
2001,00-0020417,B.Gay,RB,21.0,22.3,77.0
2001,00-0016321,R.Thomas,RB,28.0,16.200000000000003,78.0
2001,00-0011399,B.Mitchell,RB,33.0,16.1,79.0
2001,00-0017239,D. Washington,RB,24.0,15.4,80.0
2001,00-0019826,R.Bowers,RB,27.0,15.399999999999999,81.0
2001,00-0019610,R.Droughns,RB,23.0,14.299999999999999,82.0
2001,00-0016098,F.Taylor,RB,25.0,13.9,83.0
2001,00-0008921,R. Jordan,RB,31.0,13.200000000000001,84.0
2001,00-0019609,T.Prentice,RB,25.0,12.3,85.0
2001,00-0019533,P.Pass,RB,24.0,11.3,86.0
2001,00-0009288,T. Kirby,RB,31.0,11.1,87.0
2001,00-0003136,M. Cloud,RB,26.0,10.4,88.0
2001,00-0003344,G.Comella,RB,26.0,9.100000000000001,89.0
2001,00-0020391,J.Cook,RB,22.0,9.100000000000001,90.0
2001,00-0019484,S.Morris,RB,24.0,8.8,91.0
2001,00-0000007,R.Abdullah,RB,26.0,8.6,92.0
2001,00-0002380,S.Bush,RB,27.0,8.0,93.0
2001,00-0019534,R.Mealey,RB,24.0,7.800000000000001,94.0
2001,00-0019268,K.McDougal,RB,24.0,7.8,95.0
2001,00-0019673,P.Smith,RB,23.0,7.7,96.0
2001,00-0019471,F.Moreau,RB,25.0,7.699999999999999,97.0
2001,00-0010747,F.McCrary,RB,29.0,7.4,98.0
2001,00-0019382,K.Coleman,RB,23.0,7.200000000000001,99.0
2001,00-0007546,J.Hodgins,RB,24.0,6.9,100.0
2001,00-0002713,A.Carter,RB,29.0,6.700000000000001,101.0
2001,00-0019466,C.Keaton,RB,25.0,6.7,102.0
2001,00-0020094,S.Trejo,RB,24.0,6.1,103.0
2001,00-0019794,A.Cason,RB,22.0,5.300000000000001,104.0
2001,00-0006208,J.Graham,RB,26.0,4.9,105.0
2001,00-0008529,J.Johnson,RB,27.0,4.300000000000001,106.0
2001,00-0013467,J.Reader,RB,27.0,1.4000000000000001,107.0
2001,00-0010951,D.McKinley,RB,25.0,1.1,108.0
2001,00-0017829,J. Williams,RB,29.0,1.1,109.0
2001,00-0020181,T.Witherspoon,RB,24.0,0.9,110.0
2001,00-0006930,D.Harris,RB,29.0,0.7000000000000001,111.0
2001,00-0013958,C.Rogers,RB,25.0,0.7000000000000001,112.0
2001,00-0008391,T.Jervey,RB,29.0,0.6000000000000001,113.0
2001,00-0012370,B.Olivo,RB,25.0,0.6000000000000001,114.0
2001,00-0019453,R.Smart,RB,24.0,0.6000000000000001,115.0
2001,00-0004200,A.Denson,RB,25.0,0.4,116.0
2001,00-0019862,W.Ours,RB,24.0,0.30000000000000004,117.0
2001,00-0010632,F.McAfee,RB,33.0,0.2,118.0
2001,00-0004508,S. Dragos,RB,26.0,0.0,119.0
2001,00-0013262,S.Pritchett,RB,28.0,0.0,120.0
2001,00-0015152,D.Smith,RB,27.0,0.0,121.0
2001,00-0015362,M.Snider,RB,25.0,0.0,122.0
2001,00-0017239,D.Washington,RB,24.0,0.0,123.0
2001,00-0017303,J.Watson,RB,26.0,0.0,124.0
2001,00-0017896,N.Williams,RB,24.0,0.0,125.0
2001,00-0018588,A.Ricard,RB,24.0,0.0,126.0
2001,00-0019238,J.Lewis,RB,25.0,0.0,127.0
2001,00-0019473,D.Dyer,RB,24.0,0.0,128.0
2001,00-0019590,C.Morton,RB,24.0,0.0,129.0
2001,00-0020022,M.Shipp,RB,23.0,0.0,130.0
2001,00-0020112,T.Taylor,RB,23.0,0.0,131.0
2001,00-0020125,R.White,RB,22.0,0.0,132.0
2001,00-0020173,J.Fenderson,RB,25.0,0.0,133.0
2001,00-0020224,C.Fair,RB,24.0,0.0,134.0
2001,00-0020407,Ru. Johnson,RB,22.0,0.0,135.0
2001,00-0020479,G.Layne,RB,23.0,0.0,136.0
2001,00-0020487,D.Alexander,RB,23.0,0.0,137.0
2001,00-0019025,R.Jenkins,RB,24.0,-0.1,138.0
2001,00-0019028,H.Goodman,RB,24.0,-0.1,139.0
2002,00-0007661,P. Holmes,RB,29.0,448.7,1.0
2002,00-0020536,L.Tomlinson,RB,23.0,348.0,2.0
2002,00-0000745,T.Barber,RB,27.0,331.4,3.0
2002,00-0020527,D.McAllister,RB,24.0,328.0,4.0
2002,00-0019647,S.Alexander,RB,25.0,319.5,5.0
2002,00-0017915,R. Williams,RB,25.0,309.7,6.0
2002,00-0019693,J.Lewis,RB,23.0,276.90000000000003,7.0
2002,00-0006305,A.Green,RB,25.0,276.3,8.0
2002,00-0016098,F. Taylor,RB,26.0,266.40000000000003,9.0
2002,00-0005883,E.George,RB,29.0,266.0,10.0
2002,00-0015523,D.Staley,RB,27.0,262.0,11.0
2002,00-0020514,M.Bennett,RB,24.0,261.7,12.0
2002,00-0004304,C.Dillon,RB,28.0,256.90000000000003,13.0
2002,00-0005092,M. Faulk,RB,29.0,252.0,14.0
2002,00-0010442,C.Martin,RB,29.0,246.6,15.0
2002,00-0004640,W.Dunn,RB,27.0,222.4,16.0
2002,00-0015698,J.Stewart,RB,31.0,219.4,17.0
2002,00-0020471,T.Henry,RB,24.0,218.9,18.0
2002,00-0007180,G.Hearst,RB,31.0,215.9,19.0
2002,00-0021179,C. Portis,RB,21.0,209.0,20.0
2002,00-0008241,E.James,RB,24.0,204.3,21.0
2002,00-0015091,A.Smith,RB,30.0,201.5,22.0
2002,00-0005779,C. Garner,RB,30.0,184.7,23.0
2002,00-0015165,E.Smith,RB,33.0,165.4,24.0
2002,00-0018501,A.Zereoue,RB,26.0,165.3,25.0
2002,00-0021150,W.Green,RB,23.0,165.0,26.0
2002,00-0004052,S.Davis,RB,28.0,162.2,27.0
2002,00-0013013,M.Pittman,RB,27.0,160.5,28.0
2002,00-0015242,L.Smith,RB,32.0,153.4,29.0
2002,00-0020403,A.Thomas,RB,25.0,147.4,30.0
2002,00-0005779,C.Garner,RB,30.0,145.60000000000002,31.0
2002,00-0001215,J.Bettis,RB,30.0,140.3,32.0
2002,00-0017892,M.Williams,RB,28.0,139.5,33.0
2002,00-0021179,C.Portis,RB,21.0,137.2,34.0
2002,00-0019057,J.White,RB,24.0,136.2,35.0
2002,00-0020474,K.Barlow,RB,23.0,125.10000000000001,36.0
2002,00-0020022,M.Shipp,RB,24.0,124.7,37.0
2002,00-0019808,K.Watson,RB,24.0,113.7,38.0
2002,00-0000210,J.Allen,RB,27.0,108.30000000000001,39.0
2002,00-0005091,K.Faulk,RB,26.0,104.0,40.0
2002,00-0010240,S. Mack,RB,27.0,103.9,41.0
2002,00-0020700,J.Mungro,RB,24.0,90.7,42.0
2002,00-0020022,M. Shipp,RB,24.0,90.0,43.0
2002,00-0017915,R.Williams,RB,25.0,89.9,44.0
2002,00-0019641,T.Jones,RB,24.0,89.4,45.0
2002,00-0020471,T. Henry,RB,24.0,88.80000000000001,46.0
2002,00-0021376,T.Duckett,RB,21.0,88.80000000000001,47.0
2002,00-0021223,J.Wells,RB,23.0,83.7,48.0
2002,00-0020376,D.Brown,RB,24.0,74.60000000000001,49.0
2002,00-0021209,L. Gordon,RB,22.0,72.60000000000001,50.0
2002,00-0020462,L.Jordan,RB,24.0,70.60000000000001,51.0
2002,00-0009829,D.Levens,RB,32.0,70.5,52.0
2002,00-0019643,R.Dayne,RB,24.0,68.7,53.0
2002,00-0021184,L.Betts,RB,23.0,61.10000000000001,54.0
2002,00-0008568,L.Johnson,RB,28.0,58.480000000000004,55.0
2002,00-0019794,A.Cason,RB,23.0,57.5,56.0
2002,00-0020964,T.Fisher,RB,23.0,56.300000000000004,57.0
2002,00-0017486,T. Wheatley,RB,30.0,55.6,58.0
2002,00-0019516,T.Hambrick,RB,26.0,50.6,59.0
2002,00-0003663,Z. Crockett,RB,30.0,48.099999999999994,60.0
2002,00-0019594,M.Anderson,RB,29.0,45.5,61.0
2002,00-0021031,J.Simon,RB,24.0,39.5,62.0
2002,00-0019614,M.Wiley,RB,24.0,39.2,63.0
2002,00-0021314,C.Taylor,RB,23.0,36.1,64.0
2002,00-0019594,M. Anderson,RB,29.0,35.8,65.0
2002,00-0020536,L. Tomlinson,RB,23.0,35.2,66.0
2002,00-0005816,O.Gary,RB,27.0,32.800000000000004,67.0
2002,00-0021252,N.Davenport,RB,23.0,32.7,68.0
2002,00-0021216,B.Westbrook,RB,23.0,30.900000000000002,69.0
2002,00-0019831,N.Goings,RB,24.0,29.900000000000002,70.0
2002,00-0001098,B.Bennett,RB,29.0,28.400000000000002,71.0
2002,00-0003136,M. Cloud,RB,27.0,27.3,72.0
2002,00-0005324,T.Fletcher,RB,29.0,27.0,73.0
2002,00-0015601,A.Stecker,RB,27.0,25.3,74.0
2002,00-0016098,F.Taylor,RB,26.0,22.8,75.0
2002,00-0017896,N.Luchey,RB,25.0,22.5,76.0
2002,00-0018588,A.Ricard,RB,25.0,21.8,77.0
2002,00-0013262,S.Pritchett,RB,29.0,20.700000000000003,78.0
2002,00-0009288,T.Kirby,RB,32.0,20.6,79.0
2002,00-0021182,M.Morris,RB,23.0,19.8,80.0
2002,00-0021357,R.Cartwright,RB,23.0,19.300000000000004,81.0
2002,00-0021306,A.Peterson,RB,23.0,18.900000000000002,82.0
2002,00-0020849,C.Stackhouse,RB,22.0,18.8,83.0
2002,00-0004774,R.Edwards,RB,28.0,18.3,84.0
2002,00-0019576,M.Green,RB,26.0,16.8,85.0
2002,00-0020448,T. Minor,RB,23.0,16.3,86.0
2002,00-0004774,R. Edwards,RB,28.0,16.0,87.0
2002,00-0017218,L.Warren,RB,29.0,15.4,88.0
2002,00-0020173,J.Fenderson,RB,26.0,15.3,89.0
2002,00-0017486,T.Wheatley,RB,30.0,14.4,90.0
2002,00-0019673,P.Smith,RB,24.0,14.3,91.0
2002,00-0019534,R.Mealey,RB,25.0,14.1,92.0
2002,00-0020315,D. Blaylock,RB,23.0,13.9,93.0
2002,00-0005620,C.Fuamatu-Ma'afala,RB,25.0,13.7,94.0
2002,00-0021048,D.Anderson,RB,23.0,13.100000000000001,95.0
2002,00-0020448,T.Minor,RB,23.0,12.7,96.0
2002,00-0010436,C.Martin,RB,27.0,11.200000000000001,97.0
2002,00-0020407,Ru.Johnson,RB,23.0,11.1,98.0
2002,00-0010747,F.McCrary,RB,30.0,10.8,99.0
2002,00-0020739,R.Williams,RB,24.0,10.5,100.0
2002,00-0019610,R. Droughns,RB,24.0,10.0,101.0
2002,00-0019712,D.Chapman,RB,25.0,9.900000000000002,102.0
2002,00-0002380,S. Bush,RB,28.0,8.9,103.0
2002,00-0010747,F. McCrary,RB,30.0,8.899999999999999,104.0
2002,00-0021253,J.Baxter,RB,23.0,8.7,105.0
2002,00-0008921,R.Jordan,RB,32.0,8.3,106.0
2002,00-0011399,B.Mitchell,RB,34.0,7.28,107.0
2002,00-0002380,S.Bush,RB,28.0,7.200000000000001,108.0
2002,00-0019725,R.Cooper,RB,27.0,7.1,109.0
2002,00-0020820,J.Chatman,RB,23.0,6.8999999999999995,110.0
2002,00-0005816,O. Gary,RB,27.0,6.700000000000001,111.0
2002,00-0020430,J.Jackson,RB,26.0,6.300000000000001,112.0
2002,00-0021087,O. Easy,RB,25.0,6.300000000000001,113.0
2002,00-0019649,T. Canidate,RB,25.0,5.9,114.0
2002,00-0003663,Z.Crockett,RB,30.0,5.7,115.0
2002,00-0002159,S.Bryson,RB,26.0,5.4,116.0
2002,00-0007546,J. Hodgins,RB,25.0,5.4,117.0
2002,00-0019610,R.Droughns,RB,24.0,5.3999999999999995,118.0
2002,00-0003344,G.Comella,RB,27.0,5.0,119.0
2002,00-0019484,S.Morris,RB,25.0,4.800000000000001,120.0
2002,00-0020391,J.Cook,RB,23.0,4.300000000000001,121.0
2002,00-0001112,S.Bennett,RB,25.0,3.7,122.0
2002,00-0019533,P.Pass,RB,25.0,2.7,123.0
2002,00-0019590,C.Morton,RB,25.0,2.7,124.0
2002,00-0011506,J.Montgomery,RB,26.0,2.0,125.0
2002,00-0019466,C.Keaton,RB,26.0,1.9000000000000001,126.0
2002,00-0008391,T.Jervey,RB,30.0,1.7000000000000002,127.0
2002,00-0010240,S.Mack,RB,27.0,1.6,128.0
2002,00-0015152,D.Smith,RB,28.0,1.4000000000000001,129.0
2002,00-0020094,S.Trejo,RB,25.0,1.3,130.0
2002,00-0010632,F.McAfee,RB,34.0,1.1,131.0
2002,00-0006208,J.Graham,RB,27.0,0.9000000000000001,132.0
2002,00-0019722,J.Redmond,RB,25.0,0.7000000000000002,133.0
2002,00-0020805,J.McKie,RB,22.0,0.7000000000000001,134.0
2002,00-0020917,J.Burns,RB,23.0,0.7000000000000001,135.0
2002,00-0020564,D.Joyce,RB,24.0,0.7,136.0
2002,00-0021386,T.Stephens,RB,24.0,0.6000000000000001,137.0
2002,00-0019484,S. Morris,RB,25.0,0.5,138.0
2002,00-0007969,R.Huntley,RB,30.0,0.4,139.0
2002,00-0020820,J. Chatman,RB,23.0,0.4,140.0
2002,00-0004200,A.Denson,RB,26.0,0.2,141.0
2002,00-0019453,R.Smart,RB,25.0,0.2,142.0
2002,00-0000007,R.Abdullah,RB,27.0,0.0,143.0
2002,00-0002713,T.Carter,RB,30.0,0.0,144.0
2002,00-0007447,M. Hill,RB,26.0,0.0,145.0
2002,00-0008196,T.Jackson,RB,26.0,0.0,146.0
2002,00-0008921,R. Jordan,RB,32.0,0.0,147.0
2002,00-0010951,D. McKinley,RB,26.0,0.0,148.0
2002,00-0010951,D.McKinley,RB,26.0,0.0,149.0
2002,00-0013958,C. Rogers,RB,26.0,0.0,150.0
2002,00-0013958,C.Rogers,RB,26.0,0.0,151.0
2002,00-0017239,D.Washington,RB,25.0,0.0,152.0
2002,00-0018977,M.Smith,RB,26.0,0.0,153.0
2002,00-0019025,R.Jenkins,RB,25.0,0.0,154.0
2002,00-0019134,J. Goodspeed,RB,24.0,0.0,155.0
2002,00-0019134,J.Goodspeed,RB,24.0,0.0,156.0
2002,00-0019382,K.Coleman,RB,24.0,0.0,157.0
2002,00-0019473,D.Dyer,RB,25.0,0.0,158.0
2002,00-0019826,R.Bowers,RB,28.0,0.0,159.0
2002,00-0019889,E. Joseph,RB,24.0,0.0,160.0
2002,00-0019889,E.Joseph,RB,24.0,0.0,161.0
2002,00-0020206,J.Wofford,RB,24.0,0.0,162.0
2002,00-0020424,D.Combs,RB,23.0,0.0,163.0
2002,00-0020487,D. Alexander,RB,24.0,0.0,164.0
2002,00-0020587,J.Robertson,RB,25.0,0.0,165.0
2002,00-0020973,W.Dantzler,RB,23.0,0.0,166.0
2002,00-0020988,J. Julien,RB,23.0,0.0,167.0
2002,00-0021048,D. Anderson,RB,23.0,0.0,168.0
2002,00-0020479,G.Layne,RB,24.0,-0.3999999999999999,169.0
2003,00-0007661,P. Holmes,RB,30.0,447.0,1.0
2003,00-0020536,L. Tomlinson,RB,24.0,426.84000000000003,2.0
2003,00-0006305,A.Green,RB,26.0,412.0,3.0
2003,00-0019693,J.Lewis,RB,24.0,386.8,4.0
2003,00-0020527,D.McAllister,RB,25.0,349.70000000000005,5.0
2003,00-0019647,S.Alexander,RB,26.0,324.0,6.0
2003,00-0016098,F.Taylor,RB,27.0,308.20000000000005,7.0
2003,00-0017915,R.Williams,RB,26.0,288.3,8.0
2003,00-0008241,E.James,RB,25.0,279.9,9.0
2003,00-0021179,C.Portis,RB,22.0,277.2,10.0
2003,00-0004052,S.Davis,RB,29.0,266.3,11.0
2003,00-0000745,T.Barber,RB,28.0,247.6,12.0
2003,00-0010442,C.Martin,RB,30.0,233.0,13.0
2003,00-0020471,T.Henry,RB,25.0,232.70000000000002,14.0
2003,00-0021979,D.Davis,RB,23.0,232.2,15.0
2003,00-0017892,M. Williams,RB,29.0,223.9,16.0
2003,00-0020474,K.Barlow,RB,24.0,211.10000000000002,17.0
2003,00-0005092,M.Faulk,RB,30.0,209.8,18.0
2003,00-0020407,Ru.Johnson,RB,24.0,201.3,19.0
2003,00-0013013,M.Pittman,RB,28.0,191.20000000000002,20.0
2003,00-0005883,E.George,RB,30.0,190.4,21.0
2003,00-0021216,B.Westbrook,RB,24.0,180.5,22.0
2003,00-0020403,A.Thomas,RB,26.0,169.20000000000002,23.0
2003,00-0021376,T.Duckett,RB,22.0,163.3,24.0
2003,00-0019516,T.Hambrick,RB,27.0,163.1,25.0
2003,00-0004640,W.Dunn,RB,28.0,161.8,26.0
2003,00-0007180,G.Hearst,RB,32.0,148.9,27.0
2003,00-0005091,K.Faulk,RB,27.0,136.8,28.0
2003,00-0015523,D.Staley,RB,28.0,133.9,29.0
2003,00-0020022,M.Shipp,RB,25.0,131.4,30.0
2003,00-0020270,C.Buckhalter,RB,25.0,129.5,31.0
2003,00-0019641,T.Jones,RB,25.0,123.7,32.0
2003,00-0022138,O. Smith,RB,23.0,122.8,33.0
2003,00-0005779,C.Garner,RB,31.0,111.9,34.0
2003,00-0002159,S.Bryson,RB,27.0,111.7,35.0
2003,00-0015091,A.Smith,RB,31.0,110.4,36.0
2003,00-0001215,J. Bettis,RB,31.0,107.30000000000001,37.0
2003,00-0019649,T.Canidate,RB,26.0,95.80000000000001,38.0
2003,00-0021357,R.Cartwright,RB,24.0,88.7,39.0
2003,00-0021150,W.Green,RB,24.0,87.9,40.0
2003,00-0004304,C.Dillon,RB,29.0,86.2,41.0
2003,00-0021164,D.Foster,RB,23.0,84.6,42.0
2003,00-0020514,M.Bennett,RB,25.0,80.9,43.0
2003,00-0018501,A. Zereoue,RB,27.0,77.60000000000001,44.0
2003,00-0021179,C. Portis,RB,22.0,73.3,45.0
2003,00-0021750,A.Harris,RB,23.0,65.7,46.0
2003,00-0005816,O.Gary,RB,28.0,63.300000000000004,47.0
2003,00-0017486,T.Wheatley,RB,31.0,63.2,48.0
2003,00-0021252,N.Davenport,RB,24.0,62.8,49.0
2003,00-0021184,L.Betts,RB,24.0,61.2,50.0
2003,00-0020964,T.Fisher,RB,24.0,57.6,51.0
2003,00-0019057,J. White,RB,25.0,57.1,52.0
2003,00-0017486,T. Wheatley,RB,31.0,55.6,53.0
2003,00-0020430,J. Jackson,RB,27.0,54.8,54.0
2003,00-0019794,A.Cason,RB,24.0,54.68,55.0
2003,00-0019594,M.Anderson,RB,30.0,54.1,56.0
2003,00-0020462,L.Jordan,RB,25.0,54.1,57.0
2003,00-0021314,C.Taylor,RB,24.0,53.8,58.0
2003,00-0015165,E.Smith,RB,34.0,53.300000000000004,59.0
2003,00-0010240,S.Mack,RB,28.0,52.8,60.0
2003,00-0022095,Q.Griffin,RB,22.0,50.6,61.0
2003,00-0020315,D. Blaylock,RB,24.0,50.300000000000004,62.0
2003,00-0022057,L.Toefield,RB,23.0,49.980000000000004,63.0
2003,00-0021209,L.Gordon,RB,23.0,49.7,64.0
2003,00-0020739,R.Williams,RB,25.0,49.199999999999996,65.0
2003,00-0019590,C.Morton,RB,26.0,48.300000000000004,66.0
2003,00-0022180,L.Suggs,RB,23.0,47.900000000000006,67.0
2003,00-0021938,B.Forsey,RB,23.0,42.800000000000004,68.0
2003,00-0009829,D.Levens,RB,33.0,42.6,69.0
2003,00-0001215,J.Bettis,RB,31.0,42.4,70.0
2003,00-0003663,Z.Crockett,RB,31.0,42.3,71.0
2003,00-0001098,B.Bennett,RB,30.0,41.9,72.0
2003,00-0003136,M.Cloud,RB,28.0,39.6,73.0
2003,00-0022011,J.Griffith,RB,23.0,39.0,74.0
2003,00-0005779,C. Garner,RB,31.0,36.0,75.0
2003,00-0021182,M.Morris,RB,24.0,34.1,76.0
2003,00-0022092,C.Brown,RB,22.0,32.2,77.0
2003,00-0020471,T. Henry,RB,25.0,29.4,78.0
2003,00-0019863,D.Rhodes,RB,24.0,28.9,79.0
2003,00-0013262,S.Pritchett,RB,30.0,28.6,80.0
2003,00-0002159,S. Bryson,RB,27.0,25.9,81.0
2003,00-0020448,T.Minor,RB,24.0,25.6,82.0
2003,00-0019831,N.Goings,RB,25.0,21.6,83.0
2003,00-0022093,J.Fargas,RB,23.0,21.5,84.0
2003,00-0015601,A.Stecker,RB,28.0,21.3,85.0
2003,00-0018501,A.Zereoue,RB,27.0,20.7,86.0
2003,00-0005620,C.Fuamatu-Ma'afala,RB,26.0,20.6,87.0
2003,00-0020917,J.Burns,RB,24.0,18.5,88.0
2003,00-0011869,A.Murrell,RB,33.0,17.900000000000002,89.0
2003,00-0019057,J.White,RB,25.0,17.8,90.0
2003,00-0019484,S.Morris,RB,26.0,17.8,91.0
2003,00-0020430,J.Jackson,RB,27.0,17.8,92.0
2003,00-0020700,J.Mungro,RB,25.0,17.6,93.0
2003,00-0022006,A. Pinner,RB,25.0,16.900000000000002,94.0
2003,00-0020391,J.Cook,RB,24.0,15.9,95.0
2003,00-0019610,R.Droughns,RB,25.0,15.5,96.0
2003,00-0020587,J.Robertson,RB,26.0,14.600000000000001,97.0
2003,00-0007546,J.Hodgins,RB,26.0,14.4,98.0
2003,00-0018588,A.Ricard,RB,26.0,14.100000000000001,99.0
2003,00-0021976,L. Johnson,RB,24.0,13.7,100.0
2003,00-0002743,K.Carter,RB,30.0,13.3,101.0
2003,00-0022130,M.Smith,RB,21.0,13.1,102.0
2003,00-0022174,E.Bickerstaff,RB,23.0,11.600000000000001,103.0
2003,00-0003663,Z. Crockett,RB,31.0,11.5,104.0
2003,00-0002380,S.Bush,RB,29.0,11.100000000000001,105.0
2003,00-0011399,B.Mitchell,RB,35.0,10.8,106.0
2003,00-0020058,D.Allen,RB,25.0,10.8,107.0
2003,00-0021048,D.Anderson,RB,24.0,10.4,108.0
2003,00-0022116,T.Hollings,RB,22.0,9.700000000000001,109.0
2003,00-0021306,A.Peterson,RB,24.0,9.5,110.0
2003,00-0020403,A. Thomas,RB,26.0,8.8,111.0
2003,00-0015242,L.Smith,RB,33.0,7.300000000000001,112.0
2003,00-0020820,J. Chatman,RB,24.0,7.1000000000000005,113.0
2003,00-0020973,W.Dantzler,RB,24.0,7.1,114.0
2003,00-0019594,M. Anderson,RB,30.0,6.9,115.0
2003,00-0000007,R.Abdullah,RB,28.0,6.5,116.0
2003,00-0000541,J. Avery,RB,27.0,6.3999999999999995,117.0
2003,00-0000552,O.Ayanbadejo,RB,28.0,6.1000000000000005,118.0
2003,00-0019453,R.Smart,RB,26.0,6.0,119.0
2003,00-0019673,P. Smith,RB,25.0,6.0,120.0
2003,00-0021528,A.Cobourne,RB,24.0,5.7,121.0
2003,00-0019533,P.Pass,RB,26.0,4.8,122.0
2003,00-0019484,S. Morris,RB,26.0,4.200000000000001,123.0
2003,00-0019826,R. Bowers,RB,29.0,4.2,124.0
2003,00-0019712,D. Chapman,RB,26.0,4.1000000000000005,125.0
2003,00-0020173,J.Fenderson,RB,27.0,3.9,126.0
2003,00-0019722,J. Redmond,RB,26.0,3.6,127.0
2003,00-0021223,J.Wells,RB,24.0,3.1000000000000005,128.0
2003,00-0021845,C.Sapp,RB,25.0,3.1,129.0
2003,00-0020849,C.Stackhouse,RB,23.0,3.0,130.0
2003,00-0021031,J.Simon,RB,25.0,3.0,131.0
2003,00-0000007,R. Abdullah,RB,28.0,2.7,132.0
2003,00-0008568,L. Johnson,RB,29.0,2.6,133.0
2003,00-0019610,R. Droughns,RB,25.0,2.6,134.0
2003,00-0020564,D.Joyce,RB,25.0,2.6,135.0
2003,00-0021581,S.McCullough,RB,23.0,2.2,136.0
2003,00-0021087,O. Easy,RB,26.0,1.9000000000000001,137.0
2003,00-0020479,G.Layne,RB,25.0,1.8,138.0
2003,00-0021387,J.Martin,RB,23.0,1.6,139.0
2003,00-0017896,N.Luchey,RB,26.0,1.5000000000000002,140.0
2003,00-0010747,F.McCrary,RB,31.0,1.5,141.0
2003,00-0010632,F.McAfee,RB,35.0,1.3,142.0
2003,00-0021098,J.Scobey,RB,24.0,0.9,143.0
2003,00-0021509,R.Mahe,RB,23.0,0.5,144.0
2003,00-0020786,K.Simonton,RB,24.0,0.4,145.0
2003,00-0020094,S. Trejo,RB,26.0,0.2,146.0
2003,00-0003344,G.Comella,RB,28.0,0.0,147.0
2003,00-0008196,T.Jackson,RB,27.0,0.0,148.0
2003,00-0008391,T.Jervey,RB,31.0,0.0,149.0
2003,00-0013262,S. Pritchett,RB,30.0,0.0,150.0
2003,00-0013958,C.Rogers,RB,27.0,0.0,151.0
2003,00-0015152,D.Smith,RB,29.0,0.0,152.0
2003,00-0019025,R.Jenkins,RB,26.0,0.0,153.0
2003,00-0019134,J.Goodspeed,RB,25.0,0.0,154.0
2003,00-0019673,P.Smith,RB,25.0,0.0,155.0
2003,00-0019808,K.Watson,RB,25.0,0.0,156.0
2003,00-0020094,S.Trejo,RB,26.0,0.0,157.0
2003,00-0020376,D.Brown,RB,25.0,0.0,158.0
2003,00-0020424,D.Combs,RB,24.0,0.0,159.0
2003,00-0020805,J.McKie,RB,23.0,0.0,160.0
2003,00-0020917,J. Burns,RB,24.0,0.0,161.0
2003,00-0021305,L.Ned,RB,25.0,0.0,162.0
2003,00-0021311,B.Allen,RB,23.0,0.0,163.0
2003,00-0021423,R.Jackson,RB,25.0,0.0,164.0
2003,00-0021431,J.Reynolds,RB,24.0,0.0,165.0
2003,00-0021563,N.Maddox,RB,23.0,0.0,166.0
2003,00-0021848,D.Hicks,RB,22.0,0.0,167.0
2003,00-0021936,A. Pinnock,RB,23.0,0.0,168.0
2003,00-0021747,K.Carter,RB,23.0,-0.2,169.0
2004,00-0000745,T.Barber,RB,29.0,377.6,1.0
2004,00-0019647,S.Alexander,RB,27.0,357.8,2.0
2004,00-0010442,C.Martin,RB,31.0,354.2,3.0
2004,00-0020536,L.Tomlinson,RB,25.0,351.12,4.0
2004,00-0008241,E.James,RB,26.0,347.1,5.0
2004,00-0004304,C.Dillon,RB,30.0,318.8,6.0
2004,00-0021979,D.Davis,RB,24.0,318.6,7.0
2004,00-0020407,R.Johnson,RB,25.0,270.1,8.0
2004,00-0021216,B.Westbrook,RB,25.0,261.1,9.0
2004,00-0021179,C.Portis,RB,23.0,253.60000000000002,10.0
2004,00-0022178,W.McGahee,RB,23.0,246.70000000000002,11.0
2004,00-0006305,A.Green,RB,27.0,246.60000000000002,12.0
2004,00-0019610,R.Droughns,RB,26.0,245.10000000000002,13.0
2004,00-0004640,W.Dunn,RB,29.0,240.9,14.0
2004,00-0016098,F.Taylor,RB,28.0,238.9,15.0
2004,00-0019641,T.Jones,RB,26.0,230.5,16.0
2004,00-0007661,P.Holmes,RB,31.0,227.9,17.0
2004,00-0020527,D.McAllister,RB,26.0,227.20000000000002,18.0
2004,00-0013013,M.Pittman,RB,29.0,222.7,19.0
2004,00-0022782,K.Jones,RB,22.0,217.3,20.0
2004,00-0001215,J.Bettis,RB,32.0,212.1,21.0
2004,00-0019831,N.Goings,RB,26.0,203.5,22.0
2004,00-0022092,C.Brown,RB,23.0,199.4,23.0
2004,00-0019693,J.Lewis,RB,25.0,190.2,24.0
2004,00-0015165,E.Smith,RB,35.0,187.04000000000002,25.0
2004,00-0021976,L.Johnson,RB,25.0,176.9,26.0
2004,00-0005092,M.Faulk,RB,31.0,169.4,27.0
2004,00-0020474,K.Barlow,RB,25.0,168.4,28.0
2004,00-0022840,J.Jones,RB,23.0,161.8,29.0
2004,00-0020315,D.Blaylock,RB,25.0,149.3,30.0
2004,00-0022138,O.Smith,RB,24.0,144.8,31.0
2004,00-0022180,L.Suggs,RB,24.0,139.20000000000002,32.0
2004,00-0022736,S.Jackson,RB,21.0,134.2,33.0
2004,00-0021314,C.Taylor,RB,25.0,130.8,34.0
2004,00-0015523,D.Staley,RB,29.0,128.5,35.0
2004,00-0019484,S.Morris,RB,27.0,117.7,36.0
2004,00-0015091,A.Smith,RB,32.0,112.80000000000001,37.0
2004,00-0018501,A.Zereoue,RB,28.0,102.9,38.0
2004,00-0021376,T.Duckett,RB,23.0,99.4,39.0
2004,00-0021150,W.Green,RB,25.0,90.89999999999999,40.0
2004,00-0022217,M.Moore,RB,22.0,88.7,41.0
2004,00-0020462,L.Jordan,RB,26.0,88.10000000000001,42.0
2004,00-0005883,E.George,RB,31.0,83.5,43.0
2004,00-0009829,D.Levens,RB,34.0,82.2,44.0
2004,00-0020403,A.Thomas,RB,27.0,80.6,45.0
2004,00-0022893,T.Bell,RB,23.0,79.60000000000001,46.0
2004,00-0005091,K.Faulk,RB,28.0,76.30000000000001,47.0
2004,00-0020514,M.Bennett,RB,26.0,73.30000000000001,48.0
2004,00-0017486,T.Wheatley,RB,32.0,72.5,49.0
2004,00-0020448,T.Minor,RB,25.0,72.0,50.0
2004,00-0021223,J.Wells,RB,25.0,71.8,51.0
2004,00-0020797,M.Hicks,RB,26.0,71.60000000000001,52.0
2004,00-0020964,T.Fisher,RB,25.0,69.42,53.0
2004,00-0002159,S.Bryson,RB,28.0,68.60000000000001,54.0
2004,00-0020820,J.Chatman,RB,25.0,67.9,55.0
2004,00-0021184,L.Betts,RB,25.0,64.9,56.0
2004,00-0017892,M.Williams,RB,30.0,64.4,57.0
2004,00-0015601,A.Stecker,RB,29.0,62.800000000000004,58.0
2004,00-0021252,N.Davenport,RB,25.0,62.2,59.0
2004,00-0022095,Q.Griffin,RB,23.0,59.900000000000006,60.0
2004,00-0021164,D.Foster,RB,24.0,57.1,61.0
2004,00-0000552,O.Ayanbadejo,RB,29.0,50.300000000000004,62.0
2004,00-0020471,T.Henry,RB,26.0,49.1,63.0
2004,00-0003663,Z.Crockett,RB,32.0,48.900000000000006,64.0
2004,00-0019516,T.Hambrick,RB,28.0,45.9,65.0
2004,00-0022057,L.Toefield,RB,24.0,39.0,66.0
2004,00-0022006,A.Pinner,RB,26.0,38.6,67.0
2004,00-0019533,P.Pass,RB,27.0,37.6,68.0
2004,00-0019808,K.Watson,RB,26.0,35.9,69.0
2004,00-0019722,J.Redmond,RB,27.0,35.2,70.0
2004,00-0019863,D.Rhodes,RB,25.0,33.800000000000004,71.0
2004,00-0022538,S.Williams,RB,24.0,33.6,72.0
2004,00-0021098,J.Scobey,RB,25.0,33.0,73.0
2004,00-0022011,J.Griffith,RB,24.0,32.9,74.0
2004,00-0022825,T.Fleming,RB,24.0,29.400000000000002,75.0
2004,00-0022250,W.Parker,RB,24.0,27.200000000000003,76.0
2004,00-0003136,M.Cloud,RB,29.0,25.3,77.0
2004,00-0019643,R.Dayne,RB,26.0,24.6,78.0
2004,00-0021509,R.Mahe,RB,24.0,24.400000000000002,79.0
2004,00-0008196,T.Jackson,RB,28.0,24.0,80.0
2004,00-0022093,J.Fargas,RB,24.0,22.400000000000002,81.0
2004,00-0021260,K.Johnson,RB,26.0,21.6,82.0
2004,00-0005779,C.Garner,RB,32.0,21.3,83.0
2004,00-0021182,M.Morris,RB,25.0,18.900000000000002,84.0
2004,00-0021673,R.Lee,RB,24.0,18.2,85.0
2004,00-0021209,L.Gordon,RB,24.0,17.8,86.0
2004,00-0020700,J.Mungro,RB,26.0,17.5,87.0
2004,00-0021343,L.Henry,RB,26.0,16.6,88.0
2004,00-0004052,S.Davis,RB,30.0,16.400000000000002,89.0
2004,00-0021750,A.Harris,RB,24.0,16.400000000000002,90.0
2004,00-0007180,G.Hearst,RB,33.0,16.1,91.0
2004,00-0020805,J.McKie,RB,24.0,15.1,92.0
2004,00-0005620,C.Fuamatu-Ma'afala,RB,27.0,13.799999999999999,93.0
2004,00-0019134,J.Goodspeed,RB,26.0,12.700000000000001,94.0
2004,00-0020587,J.Robertson,RB,27.0,12.500000000000002,95.0
2004,00-0020430,J.Jackson,RB,28.0,12.3,96.0
2004,00-0022821,M.Turner,RB,22.0,12.200000000000003,97.0
2004,00-0019057,J.White,RB,26.0,11.3,98.0
2004,00-0022384,L.Croom,RB,23.0,10.2,99.0
2004,00-0022116,T.Hollings,RB,23.0,9.3,100.0
2004,00-0020793,E.McCoo,RB,24.0,8.9,101.0
2004,00-0020391,J.Cook,RB,25.0,8.4,102.0
2004,00-0020917,J.Burns,RB,25.0,8.0,103.0
2004,00-0022130,M.Smith,RB,22.0,7.9,104.0
2004,00-0018588,A.Ricard,RB,27.0,7.500000000000001,105.0
2004,00-0021755,E.Graham,RB,24.0,7.300000000000001,106.0
2004,00-0000007,R.Abdullah,RB,29.0,7.200000000000001,107.0
2004,00-0022449,B.Sams,RB,24.0,7.1,108.0
2004,00-0001098,B.Bennett,RB,31.0,6.7,109.0
2004,00-0010632,F.McAfee,RB,36.0,6.4,110.0
2004,00-0021938,B.Forsey,RB,24.0,6.300000000000001,111.0
2004,00-0013262,S.Pritchett,RB,31.0,6.3,112.0
2004,00-0022363,J.Harris,RB,24.0,6.3,113.0
2004,00-0021936,A.Pinnock,RB,24.0,6.2,114.0
2004,00-0021306,A.Peterson,RB,25.0,5.9,115.0
2004,00-0022797,T.Tapeh,RB,24.0,5.7,116.0
2004,00-0020046,W.Williams,RB,27.0,5.2,117.0
2004,00-0002380,S.Bush,RB,30.0,5.0,118.0
2004,00-0017896,N.Luchey,RB,27.0,4.4,119.0
2004,00-0020094,S.Trejo,RB,27.0,3.7,120.0
2004,00-0021810,I.Smart,RB,24.0,3.6,121.0
2004,00-0022926,C.Perry,RB,23.0,3.4000000000000004,122.0
2004,00-0021845,C.Sapp,RB,26.0,3.2,123.0
2004,00-0022872,C.Cobbs,RB,23.0,3.0000000000000004,124.0
2004,00-0022883,A.Echemandu,RB,24.0,3.0,125.0
2004,00-0010747,F.McCrary,RB,32.0,2.3000000000000003,126.0
2004,00-0020479,G.Layne,RB,26.0,1.8000000000000003,127.0
2004,00-0002743,K.Carter,RB,31.0,1.7000000000000002,128.0
2004,00-0022224,V.King,RB,24.0,1.7000000000000002,129.0
2004,00-0021387,J.Martin,RB,24.0,1.5,130.0
2004,00-0021747,K.Carter,RB,24.0,1.5,131.0
2004,00-0003344,G.Comella,RB,29.0,1.2000000000000002,132.0
2004,00-0022288,J.Wright,RB,22.0,1.0,133.0
2004,00-0019453,R.Smart,RB,27.0,0.9,134.0
2004,00-0021305,L.Ned,RB,26.0,0.9,135.0
2004,00-0020058,D.Allen,RB,26.0,0.8,136.0
2004,00-0021253,J.Baxter,RB,25.0,0.4,137.0
2004,00-0022464,D.Easlick,RB,24.0,0.4,138.0
2004,00-0021048,D.Anderson,RB,25.0,0.2,139.0
2004,00-0021434,D.Brown,RB,24.0,0.2,140.0
2004,00-0020073,J.Isom,RB,27.0,0.1,141.0
2004,00-0021087,O.Easy,RB,27.0,0.1,142.0
2004,00-0019590,C.Morton,RB,27.0,0.0,143.0
2004,00-0019794,A.Cason,RB,25.0,0.0,144.0
2004,00-0020376,D.Brown,RB,26.0,0.0,145.0
2004,00-0020644,M.Stanley,RB,25.0,0.0,146.0
2004,00-0021357,R.Cartwright,RB,25.0,0.0,147.0
2004,00-0022770,D.Ward,RB,24.0,0.0,148.0
2004,00-0022886,C.Cramer,RB,22.0,0.0,149.0
2005,00-0019647,S.Alexander,RB,28.0,424.8,1.0
2005,00-0000745,T.Barber,RB,30.0,402.0,2.0
2005,00-0021976,L.Johnson,RB,26.0,400.3,3.0
2005,00-0020536,L.Tomlinson,RB,26.0,373.28000000000003,4.0
2005,00-0008241,E.James,RB,27.0,341.3,5.0
2005,00-0021179,C.Portis,RB,24.0,316.88,6.0
2005,00-0020462,L.Jordan,RB,27.0,282.8,7.0
2005,00-0020407,R.Johnson,RB,26.0,280.8,8.0
2005,00-0004640,W.Dunn,RB,30.0,259.6,9.0
2005,00-0019641,T.Jones,RB,27.0,249.8,10.0
2005,00-0019610,R.Droughns,RB,27.0,237.10000000000002,11.0
2005,00-0022736,S.Jackson,RB,22.0,236.6,12.0
2005,00-0019594,M.Anderson,RB,32.0,233.6,13.0
2005,00-0022250,W.Parker,RB,25.0,227.0,14.0
2005,00-0022178,W.McGahee,RB,24.0,224.5,15.0
2005,00-0021979,D.Davis,RB,25.0,216.3,16.0
2005,00-0021216,B.Westbrook,RB,26.0,214.0,17.0
2005,00-0023440,C.Williams,RB,23.0,207.9,18.0
2005,00-0022840,J.Jones,RB,24.0,195.10000000000002,19.0
2005,00-0022092,C.Brown,RB,24.0,192.8,20.0
2005,00-0004304,C.Dillon,RB,31.0,187.4,21.0
2005,00-0021164,D.Foster,RB,25.0,183.4,22.0
2005,00-0022893,T.Bell,RB,24.0,178.5,23.0
2005,00-0023437,R.Brown,RB,24.0,171.9,24.0
2005,00-0019693,J.Lewis,RB,26.0,159.7,25.0
2005,00-0022217,M.Moore,RB,23.0,156.10000000000002,26.0
2005,00-0017915,R.Williams,RB,28.0,140.6,27.0
2005,00-0010442,C.Martin,RB,32.0,136.3,28.0
2005,00-0016098,F.Taylor,RB,29.0,136.0,29.0
2005,00-0004052,S.Davis,RB,31.0,134.1,30.0
2005,00-0023074,S.Gado,RB,23.0,124.9,31.0
2005,00-0007661,P.Holmes,RB,32.0,123.80000000000001,32.0
2005,00-0022782,K.Jones,RB,23.0,122.30000000000001,33.0
2005,00-0020474,K.Barlow,RB,26.0,121.2,34.0
2005,00-0023544,M.Barber,RB,22.0,110.3,35.0
2005,00-0023500,F.Gore,RB,22.0,106.9,36.0
2005,00-0013013,M.Pittman,RB,30.0,106.60000000000001,37.0
2005,00-0021314,C.Taylor,RB,26.0,98.9,38.0
2005,00-0015091,A.Smith,RB,33.0,98.5,39.0
2005,00-0001215,J.Bettis,RB,33.0,95.80000000000001,40.0
2005,00-0020514,M.Bennett,RB,27.0,92.7,41.0
2005,00-0021376,T.Duckett,RB,24.0,88.3,42.0
2005,00-0021223,J.Wells,RB,26.0,87.4,43.0
2005,00-0022926,C.Perry,RB,24.0,83.7,44.0
2005,00-0020022,M.Shipp,RB,27.0,80.60000000000001,45.0
2005,00-0015601,A.Stecker,RB,30.0,80.4,46.0
2005,00-0022006,A.Pinner,RB,27.0,80.0,47.0
2005,00-0020527,D.McAllister,RB,27.0,77.2,48.0
2005,00-0005092,M.Faulk,RB,32.0,75.3,49.0
2005,00-0019533,P.Pass,RB,28.0,75.2,50.0
2005,00-0002159,S.Bryson,RB,29.0,74.0,51.0
2005,00-0020964,T.Fisher,RB,26.0,73.56,52.0
2005,00-0023479,J.Arrington,RB,22.0,65.9,53.0
2005,00-0021306,A.Peterson,RB,26.0,64.9,54.0
2005,00-0020797,M.Hicks,RB,27.0,63.50000000000001,55.0
2005,00-0022821,M.Turner,RB,23.0,57.5,56.0
2005,00-0020471,T.Henry,RB,27.0,56.2,57.0
2005,00-0023615,C.Houston,RB,23.0,55.8,58.0
2005,00-0021184,L.Betts,RB,26.0,53.6,59.0
2005,00-0006305,A.Green,RB,28.0,52.2,60.0
2005,00-0023512,R.Moats,RB,23.0,50.5,61.0
2005,00-0021182,M.Morris,RB,26.0,46.6,62.0
2005,00-0005091,K.Faulk,RB,29.0,46.400000000000006,63.0
2005,00-0023508,V.Morency,RB,25.0,45.10000000000001,64.0
2005,00-0023561,A.Pearman,RB,23.0,44.900000000000006,65.0
2005,00-0023545,B.Jacobs,RB,23.0,42.900000000000006,66.0
2005,00-0021260,K.Johnson,RB,27.0,42.9,67.0
2005,00-0022057,L.Toefield,RB,25.0,41.900000000000006,68.0
2005,00-0019863,D.Rhodes,RB,26.0,41.6,69.0
2005,00-0003663,Z.Crockett,RB,33.0,40.900000000000006,70.0
2005,00-0019643,R.Dayne,RB,27.0,40.7,71.0
2005,00-0021357,R.Cartwright,RB,26.0,36.2,72.0
2005,00-0019831,N.Goings,RB,27.0,32.4,73.0
2005,00-0000552,O.Ayanbadejo,RB,30.0,31.700000000000003,74.0
2005,00-0023439,C.Benson,RB,23.0,30.5,75.0
2005,00-0021209,L.Gordon,RB,25.0,30.1,76.0
2005,00-0022538,S.Williams,RB,25.0,29.900000000000002,77.0
2005,00-0015523,D.Staley,RB,30.0,29.2,78.0
2005,00-0022011,J.Griffith,RB,25.0,27.6,79.0
2005,00-0023547,C.Fason,RB,23.0,26.2,80.0
2005,00-0023192,T.Thompson,RB,24.0,24.799999999999997,81.0
2005,00-0023676,N.Herron,RB,23.0,24.300000000000004,82.0
2005,00-0022255,J.Payton,RB,25.0,23.5,83.0
2005,00-0021252,N.Davenport,RB,26.0,21.8,84.0
2005,00-0021509,R.Mahe,RB,25.0,17.500000000000004,85.0
2005,00-0019484,S.Morris,RB,28.0,16.2,86.0
2005,00-0019794,A.Cason,RB,26.0,15.6,87.0
2005,00-0022770,D.Ward,RB,25.0,14.600000000000001,88.0
2005,00-0021750,A.Harris,RB,25.0,12.5,89.0
2005,00-0021150,W.Green,RB,26.0,11.8,90.0
2005,00-0020403,A.Thomas,RB,28.0,11.5,91.0
2005,00-0022825,T.Fleming,RB,25.0,10.9,92.0
2005,00-0008196,T.Jackson,RB,29.0,9.8,93.0
2005,00-0022733,B.Perry,RB,24.0,9.4,94.0
2005,00-0022288,J.Wright,RB,23.0,9.200000000000001,95.0
2005,00-0020587,J.Robertson,RB,28.0,9.1,96.0
2005,00-0020376,D.Brown,RB,27.0,8.4,97.0
2005,00-0020391,J.Cook,RB,26.0,8.3,98.0
2005,00-0017892,M.Williams,RB,31.0,8.200000000000001,99.0
2005,00-0022431,R.Carthon,RB,24.0,7.800000000000001,100.0
2005,00-0021755,E.Graham,RB,25.0,7.3,101.0
2005,00-0020315,D.Blaylock,RB,26.0,7.0,102.0
2005,00-0023564,D.Sproles,RB,22.0,6.000000000000001,103.0
2005,00-0003136,M.Cloud,RB,30.0,5.9,104.0
2005,00-0020917,J.Burns,RB,26.0,5.9,105.0
2005,00-0023576,D.Nash,RB,23.0,5.6000000000000005,106.0
2005,00-0023591,J.Green,RB,23.0,5.6000000000000005,107.0
2005,00-0019673,P.Smith,RB,27.0,4.5,108.0
2005,00-0020700,J.Mungro,RB,27.0,4.300000000000001,109.0
2005,00-0020430,J.Jackson,RB,29.0,4.2,110.0
2005,00-0022180,L.Suggs,RB,25.0,4.1000000000000005,111.0
2005,00-0021845,C.Sapp,RB,27.0,3.8000000000000003,112.0
2005,00-0020805,J.McKie,RB,25.0,3.7,113.0
2005,00-0022093,J.Fargas,RB,25.0,3.6999999999999997,114.0
2005,00-0002380,S.Bush,RB,31.0,2.1,115.0
2005,00-0018501,A.Zereoue,RB,29.0,1.9000000000000001,116.0
2005,00-0020046,W.Williams,RB,28.0,1.9000000000000001,117.0
2005,00-0018588,A.Ricard,RB,28.0,1.8000000000000003,118.0
2005,00-0019057,J.White,RB,27.0,1.7000000000000002,119.0
2005,00-0020448,T.Minor,RB,26.0,1.7000000000000002,120.0
2005,00-0022564,R.Cruz,RB,24.0,1.5,121.0
2005,00-0010747,F.McCrary,RB,33.0,1.2000000000000002,122.0
2005,00-0021048,D.Anderson,RB,26.0,0.7000000000000001,123.0
2005,00-0019453,R.Smart,RB,28.0,0.6000000000000001,124.0
2005,00-0022130,Mu.Smith,RB,23.0,0.5,125.0
2005,00-0021253,J.Baxter,RB,26.0,0.4,126.0
2005,00-0021936,A.Pinnock,RB,25.0,0.4,127.0
2005,00-0023654,N.Broughton,RB,23.0,0.30000000000000004,128.0
2005,00-0021673,R.Lee,RB,25.0,0.10000000000000009,129.0
2005,00-0010632,F.McAfee,RB,37.0,0.0,130.0
2005,00-0017896,N.Luchey,RB,28.0,0.0,131.0
2005,00-0019590,C.Morton,RB,28.0,0.0,132.0
2005,00-0019808,K.Watson,RB,27.0,0.0,133.0
2005,00-0020058,D.Allen,RB,27.0,0.0,134.0
2005,00-0021087,O.Easy,RB,28.0,0.0,135.0
2005,00-0021098,J.Scobey,RB,26.0,0.0,136.0
2005,00-0022116,T.Hollings,RB,24.0,0.0,137.0
2005,00-0022228,R.Alexis,RB,24.0,0.0,138.0
2005,00-0022449,B.Sams,RB,25.0,0.0,139.0
2005,00-0022883,A.Echemandu,RB,25.0,0.0,140.0
2005,00-0022941,J.Anderson,RB,25.0,0.0,141.0
2005,00-0023634,D.Cobb,RB,24.0,0.0,142.0
2005,00-0023716,T.Butler,RB,23.0,0.0,143.0
2006,00-0020536,L.Tomlinson,RB,27.0,504.1,1.0
2006,00-0022736,S.Jackson,RB,23.0,415.4,2.0
2006,00-0021976,L.Johnson,RB,27.0,412.90000000000003,3.0
2006,00-0023500,F.Gore,RB,23.0,347.0,4.0
2006,00-0000745,T.Barber,RB,31.0,334.70000000000005,5.0
2006,00-0021216,B.Westbrook,RB,27.0,329.6,6.0
2006,00-0022250,W.Parker,RB,26.0,311.6,7.0
2006,00-0024275,M.Jones-Drew,RB,21.0,262.7,8.0
2006,00-0020407,R.Johnson,RB,27.0,257.2,9.0
2006,00-0021184,L.Betts,RB,27.0,244.9,10.0
2006,00-0021314,C.Taylor,RB,27.0,238.20000000000002,11.0
2006,00-0006305,A.Green,RB,29.0,233.9,12.0
2006,00-0024245,J.Addai,RB,23.0,233.60000000000002,13.0
2006,00-0020527,D.McAllister,RB,28.0,230.9,14.0
2006,00-0016098,F.Taylor,RB,30.0,226.8,15.0
2006,00-0020471,T.Henry,RB,28.0,220.9,16.0
2006,00-0019641,T.Jones,RB,28.0,217.74,17.0
2006,00-0008241,E.James,RB,28.0,217.60000000000002,18.0
2006,00-0024217,R.Bush,RB,21.0,214.60000000000002,19.0
2006,00-0019693,J.Lewis,RB,27.0,211.70000000000002,20.0
2006,00-0023437,R.Brown,RB,25.0,206.10000000000002,21.0
2006,00-0004640,W.Dunn,RB,31.0,202.0,22.0
2006,00-0022782,K.Jones,RB,24.0,201.9,23.0
2006,00-0022840,J.Jones,RB,25.0,189.6,24.0
2006,00-0004304,C.Dillon,RB,32.0,187.9,25.0
2006,00-0022178,W.McGahee,RB,25.0,185.6,26.0
2006,00-0023544,M.Barber,RB,23.0,184.0,27.0
2006,00-0022893,T.Bell,RB,25.0,161.0,28.0
2006,00-0019647,S.Alexander,RB,29.0,159.4,29.0
2006,00-0024236,L.Maroney,RB,21.0,156.9,30.0
2006,00-0021164,D.Foster,RB,26.0,155.60000000000002,31.0
2006,00-0024011,M.Bell,RB,23.0,154.5,32.0
2006,00-0024332,L.Washington,RB,24.0,143.0,33.0
2006,00-0019610,R.Droughns,RB,28.0,136.7,34.0
2006,00-0019863,D.Rhodes,RB,27.0,133.20000000000002,35.0
2006,00-0023440,C.Williams,RB,24.0,132.4,36.0
2006,00-0021179,C.Portis,RB,25.0,130.3,37.0
2006,00-0019643,R.Dayne,RB,28.0,122.9,38.0
2006,00-0024242,D.Williams,RB,23.0,118.4,39.0
2006,00-0023439,C.Benson,RB,24.0,117.10000000000001,40.0
2006,00-0023545,B.Jacobs,RB,24.0,111.2,41.0
2006,00-0024384,W.Lundy,RB,23.0,110.0,42.0
2006,00-0024294,J.Norwood,RB,23.0,107.5,43.0
2006,00-0022093,J.Fargas,RB,26.0,97.0,44.0
2006,00-0013013,M.Pittman,RB,31.0,88.0,45.0
2006,00-0022217,M.Moore,RB,24.0,83.5,46.0
2006,00-0021182,M.Morris,RB,27.0,82.0,47.0
2006,00-0023508,V.Morency,RB,26.0,79.2,48.0
2006,00-0022821,M.Turner,RB,24.0,78.9,49.0
2006,00-0020403,A.Thomas,RB,29.0,78.7,50.0
2006,00-0023615,C.Houston,RB,24.0,78.7,51.0
2006,00-0020474,K.Barlow,RB,27.0,75.1,52.0
2006,00-0019484,S.Morris,RB,29.0,74.2,53.0
2006,00-0020462,L.Jordan,RB,28.0,73.8,54.0
2006,00-0020270,C.Buckhalter,RB,28.0,72.60000000000001,55.0
2006,00-0005091,K.Faulk,RB,30.0,66.9,56.0
2006,00-0021252,N.Davenport,RB,27.0,59.4,57.0
2006,00-0023676,N.Herron,RB,24.0,58.1,58.0
2006,00-0022011,J.Griffith,RB,26.0,45.4,59.0
2006,00-0019808,K.Watson,RB,28.0,45.1,60.0
2006,00-0022006,A.Pinner,RB,28.0,40.699999999999996,61.0
2006,00-0023074,S.Gado,RB,24.0,40.5,62.0
2006,00-0021750,A.Harris,RB,26.0,40.0,63.0
2006,00-0020514,M.Bennett,RB,28.0,32.7,64.0
2006,00-0022288,J.Wright,RB,24.0,32.1,65.0
2006,00-0021673,R.Lee,RB,26.0,32.0,66.0
2006,00-0024260,L.White,RB,22.0,31.400000000000002,67.0
2006,00-0019594,M.Anderson,RB,33.0,30.700000000000003,68.0
2006,00-0004052,S.Davis,RB,32.0,30.7,69.0
2006,00-0022130,Mu.Smith,RB,24.0,30.100000000000005,70.0
2006,00-0020022,M.Shipp,RB,28.0,30.1,71.0
2006,00-0023844,C.Taylor,RB,23.0,28.300000000000004,72.0
2006,00-0020797,M.Hicks,RB,28.0,26.900000000000002,73.0
2006,00-0021376,T.Duckett,RB,25.0,24.8,74.0
2006,00-0015601,A.Stecker,RB,31.0,24.1,75.0
2006,00-0021306,A.Peterson,RB,27.0,23.900000000000002,76.0
2006,00-0019831,N.Goings,RB,28.0,20.900000000000002,77.0
2006,00-0003663,Z.Crockett,RB,34.0,20.6,78.0
2006,00-0020964,To.Fisher,RB,27.0,19.8,79.0
2006,00-0023547,C.Fason,RB,24.0,19.8,80.0
2006,00-0000552,O.Ayanbadejo,RB,31.0,19.6,81.0
2006,00-0022092,C.Brown,RB,25.0,19.0,82.0
2006,00-0020805,J.McKie,RB,26.0,18.0,83.0
2006,00-0023561,A.Pearman,RB,24.0,17.1,84.0
2006,00-0002159,S.Bryson,RB,30.0,14.900000000000002,85.0
2006,00-0023576,D.Nash,RB,24.0,13.700000000000001,86.0
2006,00-0022797,T.Tapeh,RB,26.0,13.4,87.0
2006,00-0019794,A.Cason,RB,27.0,13.0,88.0
2006,00-0021845,C.Sapp,RB,28.0,12.400000000000002,89.0
2006,00-0021260,K.Johnson,RB,28.0,11.700000000000001,90.0
2006,00-0024359,J.Harrison,RB,23.0,10.700000000000001,91.0
2006,00-0022926,C.Perry,RB,25.0,9.9,92.0
2006,00-0024202,J.Branch,RB,25.0,9.3,93.0
2006,00-0020391,J.Cook,RB,27.0,8.5,94.0
2006,00-0020315,D.Blaylock,RB,27.0,8.2,95.0
2006,00-0023192,T.Thompson,RB,25.0,8.0,96.0
2006,00-0023479,J.Arrington,RB,23.0,7.700000000000001,97.0
2006,00-0020448,T.Minor,RB,27.0,7.6000000000000005,98.0
2006,00-0023512,R.Moats,RB,24.0,6.9,99.0
2006,00-0021755,E.Graham,RB,26.0,6.300000000000001,100.0
2006,00-0010632,F.McAfee,RB,38.0,6.2,101.0
2006,00-0022773,B.Miree,RB,25.0,5.7,102.0
2006,00-0022431,R.Carthon,RB,25.0,5.4,103.0
2006,00-0010747,F.McCrary,RB,34.0,5.300000000000001,104.0
2006,00-0022180,L.Suggs,RB,26.0,3.9000000000000004,105.0
2006,00-0022564,R.Cruz,RB,25.0,3.9,106.0
2006,00-0024289,B.Calhoun,RB,22.0,3.9,107.0
2006,00-0020376,D.Brown,RB,28.0,2.9000000000000004,108.0
2006,00-0023489,E.Shelton,RB,23.0,2.9000000000000004,109.0
2006,00-0023159,K.Harris,RB,27.0,2.9,110.0
2006,00-0019533,P.Pass,RB,29.0,2.5,111.0
2006,00-0021936,A.Pinnock,RB,26.0,2.5,112.0
2006,00-0019590,C.Morton,RB,29.0,2.2,113.0
2006,00-0022057,L.Toefield,RB,26.0,2.2,114.0
2006,00-0021509,R.Mahe,RB,26.0,2.1000000000000005,115.0
2006,00-0023591,J.Green,RB,24.0,1.7000000000000002,116.0
2006,00-0007546,J.Hodgins,RB,29.0,0.9000000000000001,117.0
2006,00-0022872,C.Cobbs,RB,25.0,0.9,118.0
2006,00-0023426,K.Kincade,RB,24.0,0.9,119.0
2006,00-0022886,C.Cramer,RB,24.0,0.8,120.0
2006,00-0023064,M.Weeks,RB,26.0,0.8,121.0
2006,00-0024189,D.Ross,RB,23.0,0.8,122.0
2006,00-0022130,M.Smith,RB,24.0,0.7000000000000001,123.0
2006,00-0022228,R.Alexis,RB,25.0,0.5,124.0
2006,00-0019153,M.Jackson,RB,29.0,0.2,125.0
2006,00-0021209,L.Gordon,RB,26.0,0.2,126.0
2006,00-0022538,S.Williams,RB,26.0,0.2,127.0
2006,00-0022801,Q.Wilson,RB,25.0,0.2,128.0
2006,00-0019673,P.Smith,RB,28.0,0.0,129.0
2006,00-0021098,J.Scobey,RB,27.0,0.0,130.0
2006,00-0021387,J.Martin,RB,26.0,0.0,131.0
2006,00-0022449,B.Sams,RB,26.0,0.0,132.0
2006,00-0022733,B.Perry,RB,25.0,0.0,133.0
2006,00-0022770,D.Ward,RB,26.0,0.0,134.0
2006,00-0022883,A.Echemandu,RB,26.0,0.0,135.0
2006,00-0023056,D.Ferri,RB,25.0,0.0,136.0
2006,00-0023297,K.Joseph,RB,25.0,0.0,137.0
2006,00-0023654,N.Broughton,RB,24.0,0.0,138.0
2006,00-0023806,D.Dorsey,RB,22.0,0.0,139.0
2006,00-0023829,J.Sims,RB,23.0,0.0,140.0
2006,00-0024103,M.Owens,RB,22.0,0.0,141.0
2006,00-0024148,C.Ross,RB,24.0,0.0,142.0
2006,00-0024460,Q.Ganther,RB,22.0,0.0,143.0
2006,00-0021357,R.Cartwright,RB,27.0,-0.5,144.0
2007,00-0020536,L.Tomlinson,RB,28.0,372.58000000000004,1.0
2007,00-0021216,B.Westbrook,RB,28.0,363.40000000000003,2.0
2007,00-0021179,C.Portis,RB,26.0,286.7,3.0
2007,00-0025394,A.Peterson,RB,22.0,281.9,4.0
2007,00-0024245,J.Addai,RB,24.0,276.6,5.0
2007,00-0019693,J.Lewis,RB,28.0,274.1,6.0
2007,00-0023500,F.Gore,RB,24.0,245.8,7.0
2007,00-0022178,W.McGahee,RB,26.0,244.8,8.0
2007,00-0023544,M.Barber,RB,24.0,235.5,9.0
2007,00-0008241,E.James,RB,29.0,233.8,10.0
2007,00-0022250,W.Parker,RB,27.0,224.00000000000003,11.0
2007,00-0025399,M.Lynch,RB,21.0,223.22,12.0
2007,00-0021755,E.Graham,RB,27.0,220.20000000000002,13.0
2007,00-0022736,S.Jackson,RB,24.0,216.38000000000002,14.0
2007,00-0024275,M.Jones-Drew,RB,22.0,201.5,15.0
2007,00-0016098,F.Taylor,RB,31.0,200.0,16.0
2007,00-0019641,T.Jones,RB,29.0,198.6,17.0
2007,00-0024260,L.White,RB,23.0,198.20000000000002,18.0
2007,00-0023545,B.Jacobs,RB,25.0,197.5,19.0
2007,00-0022984,R.Grant,RB,25.0,194.3,20.0
2007,00-0019808,K.Watson,RB,29.0,188.60000000000002,21.0
2007,00-0022093,J.Fargas,RB,27.0,185.70000000000002,22.0
2007,00-0021314,C.Taylor,RB,28.0,177.5,23.0
2007,00-0023437,R.Brown,RB,26.0,171.1,24.0
2007,00-0024217,R.Bush,RB,22.0,169.8,25.0
2007,00-0024236,L.Maroney,RB,22.0,166.1,26.0
2007,00-0021164,D.Foster,RB,27.0,152.9,27.0
2007,00-0019643,R.Dayne,RB,29.0,149.5,28.0
2007,00-0022782,K.Jones,RB,25.0,145.8,29.0
2007,00-0004640,W.Dunn,RB,32.0,141.6,30.0
2007,00-0024242,D.Williams,RB,24.0,138.4,31.0
2007,00-0021182,M.Morris,RB,28.0,138.1,32.0
2007,00-0021306,A.Peterson,RB,28.0,137.36,33.0
2007,00-0024549,S.Young,RB,24.0,136.0,34.0
2007,00-0022770,D.Ward,RB,27.0,130.1,35.0
2007,00-0019647,S.Alexander,RB,30.0,127.2,36.0
2007,00-0020462,L.Jordan,RB,29.0,126.6,37.0
2007,00-0023439,C.Benson,RB,25.0,122.10000000000001,38.0
2007,00-0020471,T.Henry,RB,29.0,121.60000000000001,39.0
2007,00-0021976,L.Johnson,RB,28.0,121.5,40.0
2007,00-0024294,J.Norwood,RB,24.0,121.2,41.0
2007,00-0021252,N.Davenport,RB,28.0,120.3,42.0
2007,00-0015601,A.Stecker,RB,32.0,107.9,43.0
2007,00-0022840,J.Jones,RB,26.0,107.7,44.0
2007,00-0022206,K.Keith,RB,27.0,97.0,45.0
2007,00-0020407,R.Johnson,RB,28.0,96.7,46.0
2007,00-0020820,J.Chatman,RB,28.0,95.60000000000001,47.0
2007,00-0022092,C.Brown,RB,26.0,95.2,48.0
2007,00-0024332,L.Washington,RB,25.0,90.04,49.0
2007,00-0025535,K.Smith,RB,23.0,89.5,50.0
2007,00-0005091,K.Faulk,RB,31.0,81.10000000000001,51.0
2007,00-0019484,S.Morris,RB,30.0,73.9,52.0
2007,00-0020270,C.Buckhalter,RB,29.0,68.0,53.0
2007,00-0024204,F.Jackson,RB,26.0,67.0,54.0
2007,00-0019610,R.Droughns,RB,29.0,66.4,55.0
2007,00-0021184,L.Betts,RB,28.0,65.9,56.0
2007,00-0021376,T.Duckett,RB,26.0,64.9,57.0
2007,00-0022288,J.Wright,RB,25.0,64.9,58.0
2007,00-0024813,P.Thomas,RB,23.0,62.300000000000004,59.0
2007,00-0022130,M.Smith,RB,25.0,61.60000000000001,60.0
2007,00-0025439,B.Leonard,RB,23.0,60.6,61.0
2007,00-0006305,A.Green,RB,30.0,59.300000000000004,62.0
2007,00-0013013,M.Pittman,RB,32.0,57.900000000000006,63.0
2007,00-0025450,B.Jackson,RB,22.0,55.7,64.0
2007,00-0024850,D.Walker,RB,22.0,55.5,65.0
2007,00-0019863,D.Rhodes,RB,28.0,55.2,66.0
2007,00-0023074,S.Gado,RB,25.0,53.6,67.0
2007,00-0025615,D.Wynn,RB,24.0,52.6,68.0
2007,00-0023764,A.Hall,RB,25.0,49.5,69.0
2007,00-0025458,L.Booker,RB,23.0,48.2,70.0
2007,00-0022821,M.Turner,RB,25.0,45.2,71.0
2007,00-0020514,M.Bennett,RB,29.0,44.800000000000004,72.0
2007,00-0023440,C.Williams,RB,25.0,39.5,73.0
2007,00-0023479,J.Arrington,RB,24.0,37.9,74.0
2007,00-0023564,D.Sproles,RB,24.0,36.5,75.0
2007,00-0023508,V.Morency,RB,27.0,33.7,76.0
2007,00-0025637,A.Bradshaw,RB,21.0,33.2,77.0
2007,00-0022893,T.Bell,RB,26.0,32.5,78.0
2007,00-0025437,C.Henry,RB,22.0,30.200000000000003,79.0
2007,00-0021845,C.Sapp,RB,29.0,25.0,80.0
2007,00-0020797,M.Hicks,RB,29.0,24.3,81.0
2007,00-0023806,D.Dorsey,RB,23.0,24.2,82.0
2007,00-0022011,J.Griffith,RB,27.0,23.200000000000003,83.0
2007,00-0025480,G.Wolfe,RB,23.0,23.200000000000003,84.0
2007,00-0020403,An.Thomas,RB,30.0,21.700000000000003,85.0
2007,00-0007661,P.Holmes,RB,34.0,21.4,86.0
2007,00-0023251,K.Eckel,RB,26.0,20.299999999999997,87.0
2007,00-0022217,M.Moore,RB,25.0,18.9,88.0
2007,00-0019794,A.Cason,RB,28.0,18.700000000000003,89.0
2007,00-0024359,J.Harrison,RB,24.0,18.1,90.0
2007,00-0020448,T.Minor,RB,28.0,17.400000000000002,91.0
2007,00-0025494,A.Pittman,RB,22.0,16.400000000000002,92.0
2007,00-0024148,C.Ross,RB,25.0,14.2,93.0
2007,00-0024698,C.Dawson,RB,24.0,12.9,94.0
2007,00-0022434,C.Davis,RB,26.0,11.700000000000001,95.0
2007,00-0024172,P.Cobbs,RB,24.0,11.700000000000001,96.0
2007,00-0020022,M.Shipp,RB,29.0,11.600000000000001,97.0
2007,00-0025701,J.Battle,RB,24.0,11.100000000000001,98.0
2007,00-0020527,D.McAllister,RB,29.0,10.700000000000001,99.0
2007,00-0022883,J.Echemandu,RB,27.0,9.3,100.0
2007,00-0025498,D.Wright,RB,24.0,9.1,101.0
2007,00-0022057,L.Toefield,RB,27.0,8.1,102.0
2007,00-0020805,J.McKie,RB,27.0,8.0,103.0
2007,00-0024289,B.Calhoun,RB,23.0,8.0,104.0
2007,00-0019594,M.Anderson,RB,34.0,7.800000000000001,105.0
2007,00-0022797,T.Tapeh,RB,27.0,6.800000000000001,106.0
2007,00-0025477,T.Hunt,RB,22.0,6.6,107.0
2007,00-0020391,J.Cook,RB,28.0,6.4,108.0
2007,00-0023192,T.Thompson,RB,26.0,6.4,109.0
2007,00-0022006,A.Pinner,RB,29.0,5.6000000000000005,110.0
2007,00-0025578,K.Hall,RB,24.0,4.9,111.0
2007,00-0020403,A.Thomas,RB,30.0,4.7,112.0
2007,00-0025633,K.Darby,RB,25.0,2.5,113.0
2007,00-0024846,G.Russell,RB,21.0,2.1,114.0
2007,00-0023714,A.Haynes,RB,25.0,1.7000000000000002,115.0
2007,00-0023591,J.Green,RB,25.0,1.6,116.0
2007,00-0023858,C.Barclay,RB,24.0,1.6,117.0
2007,00-0021509,R.Mahe,RB,27.0,1.1,118.0
2007,00-0021936,A.Pinnock,RB,27.0,0.6,119.0
2007,00-0022883,A.Echemandu,RB,27.0,0.30000000000000016,120.0
2007,00-0024625,B.Storer,RB,23.0,0.30000000000000004,121.0
2007,00-0023561,A.Pearman,RB,25.0,0.1,122.0
2007,00-0003663,Z.Crockett,RB,35.0,0.0,123.0
2007,00-0010747,F.McCrary,RB,35.0,0.0,124.0
2007,00-0019533,P.Pass,RB,30.0,0.0,125.0
2007,00-0019673,P.Smith,RB,29.0,0.0,126.0
2007,00-0019831,N.Goings,RB,29.0,0.0,127.0
2007,00-0021098,J.Scobey,RB,28.0,0.0,128.0
2007,00-0021260,K.Johnson,RB,29.0,0.0,129.0
2007,00-0021357,R.Cartwright,RB,28.0,0.0,130.0
2007,00-0022449,B.Sams,RB,27.0,0.0,131.0
2007,00-0022886,C.Cramer,RB,25.0,0.0,132.0
2007,00-0024103,M.Owens,RB,23.0,0.0,133.0
2007,00-0024137,S.Tutt,RB,25.0,0.0,134.0
2007,00-0024559,D.Ware,RB,22.0,0.0,135.0
2007,00-0017915,R.Williams,RB,30.0,-0.5,136.0
2007,00-0024011,M.Bell,RB,24.0,-1.0,137.0
2008,00-0024242,D.Williams,RB,25.0,333.9,1.0
2008,00-0022821,M.Turner,RB,26.0,329.0,2.0
2008,00-0025394,A.Peterson,RB,23.0,321.2,3.0
2008,00-0026184,M.Forte,RB,23.0,308.5,4.0
2008,00-0019641,T.Jones,RB,30.0,287.90000000000003,5.0
2008,00-0026229,S.Slaton,RB,22.0,285.90000000000003,6.0
2008,00-0021179,C.Portis,RB,27.0,282.5,7.0
2008,00-0020536,L.Tomlinson,RB,29.0,276.1,8.0
2008,00-0026164,C.Johnson,RB,23.0,257.8,9.0
2008,00-0024275,M.Jones-Drew,RB,23.0,256.9,10.0
2008,00-0021216,B.Westbrook,RB,29.0,251.8,11.0
2008,00-0022736,S.Jackson,RB,25.0,242.2,12.0
2008,00-0023500,F.Gore,RB,25.0,237.9,13.0
2008,00-0025399,M.Lynch,RB,22.0,230.7,14.0
2008,00-0023545,B.Jacobs,RB,26.0,227.5,15.0
2008,00-0023544,M.Barber,RB,25.0,226.20000000000002,16.0
2008,00-0023437,R.Brown,RB,27.0,213.24,17.0
2008,00-0026204,Kevin Smith,RB,22.0,211.1,18.0
2008,00-0022770,D.Ward,RB,28.0,206.9,19.0
2008,00-0022984,R.Grant,RB,26.0,200.9,20.0
2008,00-0024813,P.Thomas,RB,24.0,182.9,21.0
2008,00-0024260,L.White,RB,24.0,179.9,22.0
2008,00-0019693,J.Lewis,RB,29.0,175.0,23.0
2008,00-0005091,K.Faulk,RB,32.0,164.22,24.0
2008,00-0026153,J.Stewart,RB,21.0,164.20000000000002,25.0
2008,00-0004640,W.Dunn,RB,33.0,161.6,26.0
2008,00-0021976,L.Johnson,RB,29.0,160.96,27.0
2008,00-0019863,D.Rhodes,RB,29.0,157.0,28.0
2008,00-0019484,S.Morris,RB,31.0,153.8,29.0
2008,00-0022217,M.Moore,RB,26.0,151.8,30.0
2008,00-0022178,W.McGahee,RB,27.0,143.4,31.0
2008,00-0024332,L.Washington,RB,26.0,139.3,32.0
2008,00-0024217,R.Bush,RB,23.0,138.4,33.0
2008,00-0023439,C.Benson,RB,26.0,138.2,34.0
2008,00-0022250,W.Parker,RB,28.0,136.4,35.0
2008,00-0024294,J.Norwood,RB,25.0,133.7,36.0
2008,00-0024245,J.Addai,RB,25.0,132.0,37.0
2008,00-0021314,C.Taylor,RB,29.0,131.96,38.0
2008,00-0017915,R.Williams,RB,31.0,130.8,39.0
2008,00-0024204,F.Jackson,RB,27.0,130.7,40.0
2008,00-0026289,T.Hightower,RB,22.0,126.9,41.0
2008,00-0021755,E.Graham,RB,28.0,123.82000000000001,42.0
2008,00-0022093,J.Fargas,RB,28.0,122.7,43.0
2008,00-0026144,D.McFadden,RB,21.0,121.4,44.0
2008,00-0023564,D.Sproles,RB,25.0,115.2,45.0
2008,00-0020270,C.Buckhalter,RB,30.0,110.30000000000001,46.0
2008,00-0022840,J.Jones,RB,27.0,105.4,47.0
2008,00-0026367,P.Hillis,RB,22.0,101.2,48.0
2008,00-0026262,T.Choice,RB,24.0,100.7,49.0
2008,00-0020527,D.McAllister,RB,30.0,98.60000000000001,50.0
2008,00-0021182,M.Morris,RB,29.0,98.0,51.0
2008,00-0008241,E.James,RB,30.0,96.9,52.0
2008,00-0026195,R.Rice,RB,21.0,95.7,53.0
2008,00-0025487,M.Bush,RB,24.0,94.42,54.0
2008,00-0016098,F.Taylor,RB,32.0,85.4,55.0
2008,00-0026213,J.Charles,RB,22.0,81.9,56.0
2008,00-0013013,M.Pittman,RB,33.0,77.3,57.0
2008,00-0020462,L.Jordan,RB,30.0,66.3,58.0
2008,00-0025860,B.Green-Ellis,RB,23.0,66.2,59.0
2008,00-0023479,J.Arrington,RB,25.0,65.2,60.0
2008,00-0021376,T.Duckett,RB,27.0,60.2,61.0
2008,00-0024172,P.Cobbs,RB,25.0,59.3,62.0
2008,00-0025637,A.Bradshaw,RB,22.0,55.7,63.0
2008,00-0025494,A.Pittman,RB,23.0,55.4,64.0
2008,00-0021164,D.Foster,RB,28.0,54.7,65.0
2008,00-0023440,C.Williams,RB,26.0,54.6,66.0
2008,00-0025450,B.Jackson,RB,23.0,54.300000000000004,67.0
2008,00-0024359,J.Harrison,RB,25.0,54.2,68.0
2008,00-0006305,A.Green,RB,31.0,53.6,69.0
2008,00-0026162,F.Jones,RB,21.0,53.6,70.0
2008,00-0021184,L.Betts,RB,29.0,49.6,71.0
2008,00-0022893,T.Bell,RB,27.0,49.6,72.0
2008,00-0020407,R.Johnson,RB,29.0,49.50000000000001,73.0
2008,00-0022926,C.Perry,RB,27.0,45.0,74.0
2008,00-0024549,S.Young,RB,25.0,40.9,75.0
2008,00-0025633,K.Darby,RB,26.0,38.3,76.0
2008,00-0022288,J.Wright,RB,26.0,31.1,77.0
2008,00-0026209,J.Hester,RB,23.0,27.6,78.0
2008,00-0025615,D.Wynn,RB,25.0,25.000000000000004,79.0
2008,00-0024846,G.Russell,RB,22.0,22.5,80.0
2008,00-0023881,P.Pope,RB,24.0,22.4,81.0
2008,00-0025535,K.Smith,RB,24.0,21.200000000000003,82.0
2008,00-0020805,J.McKie,RB,28.0,21.0,83.0
2008,00-0024103,M.Owens,RB,24.0,17.0,84.0
2008,00-0023512,R.Moats,RB,26.0,16.8,85.0
2008,00-0021306,A.Peterson,RB,29.0,15.5,86.0
2008,00-0023764,A.Hall,RB,26.0,14.900000000000002,87.0
2008,00-0026279,R.Torain,RB,22.0,13.9,88.0
2008,00-0025997,C.Simpson,RB,23.0,13.500000000000002,89.0
2008,00-0015601,A.Stecker,RB,33.0,13.5,90.0
2008,00-0022782,K.Jones,RB,26.0,13.399999999999999,91.0
2008,00-0022011,J.Griffith,RB,28.0,12.700000000000001,92.0
2008,00-0026432,L.Ball,RB,23.0,11.8,93.0
2008,00-0024011,M.Bell,RB,25.0,11.6,94.0
2008,00-0021252,N.Davenport,RB,29.0,11.5,95.0
2008,00-0024460,Q.Ganther,RB,24.0,11.4,96.0
2008,00-0024236,L.Maroney,RB,23.0,10.3,97.0
2008,00-0025477,T.Hunt,RB,23.0,8.1,98.0
2008,00-0023251,K.Eckel,RB,27.0,7.9,99.0
2008,00-0025578,K.Hall,RB,25.0,7.8,100.0
2008,00-0025913,J.Johnson,RB,24.0,7.6,101.0
2008,00-0026163,R.Mendenhall,RB,21.0,7.5,102.0
2008,00-0025480,G.Wolfe,RB,24.0,6.9,103.0
2008,00-0023806,D.Dorsey,RB,24.0,6.7,104.0
2008,00-0020448,T.Minor,RB,29.0,6.4,105.0
2008,00-0025458,L.Booker,RB,24.0,6.4,106.0
2008,00-0023561,A.Pearman,RB,26.0,6.300000000000001,107.0
2008,00-0026453,D.Savage,RB,23.0,6.300000000000001,108.0
2008,00-0022434,C.Davis,RB,27.0,6.2,109.0
2008,00-0019808,K.Watson,RB,30.0,5.9,110.0
2008,00-0026029,K.Lumpkin,RB,24.0,5.1000000000000005,111.0
2008,00-0022886,C.Cramer,RB,26.0,4.3,112.0
2008,00-0023844,C.Taylor,RB,25.0,3.7,113.0
2008,00-0019794,A.Cason,RB,29.0,3.4000000000000004,114.0
2008,00-0019647,S.Alexander,RB,31.0,3.3000000000000003,115.0
2008,00-0026316,J.Parmele,RB,23.0,2.7,116.0
2008,00-0026342,M.Hart,RB,22.0,2.7,117.0
2008,00-0026113,C.Smith,RB,23.0,2.4000000000000004,118.0
2008,00-0020391,J.Cook,RB,29.0,2.4,119.0
2008,00-0026353,C.Washington,RB,23.0,1.8000000000000003,120.0
2008,00-0024559,D.Ware,RB,23.0,1.5,121.0
2008,00-0020514,M.Bennett,RB,30.0,1.4000000000000001,122.0
2008,00-0020820,J.Chatman,RB,29.0,1.3,123.0
2008,00-0024763,C.Ali,RB,24.0,1.3,124.0
2008,00-0024158,J.Davis,RB,25.0,1.2000000000000002,125.0
2008,00-0019831,N.Goings,RB,30.0,1.1,126.0
2008,00-0021357,R.Cartwright,RB,29.0,0.7000000000000001,127.0
2008,00-0022797,T.Tapeh,RB,28.0,0.7000000000000001,128.0
2008,00-0025439,B.Leonard,RB,24.0,0.7000000000000001,129.0
2008,00-0026319,X.Omon,RB,23.0,0.5,130.0
2008,00-0023074,S.Gado,RB,26.0,0.30000000000000004,131.0
2008,00-0025437,C.Henry,RB,23.0,0.30000000000000004,132.0
2008,00-0019610,R.Droughns,RB,30.0,0.0,133.0
2008,00-0020797,M.Hicks,RB,30.0,0.0,134.0
2008,00-0022449,B.Sams,RB,28.0,0.0,135.0
2008,00-0024625,B.Storer,RB,24.0,0.0,136.0
2008,00-0025951,D.Reynaud,RB,24.0,0.0,137.0
2008,00-0026306,M.Thomas,RB,24.0,0.0,138.0
2008,00-0026373,J.Forsett,RB,23.0,0.0,139.0
2008,00-0026378,C.Boyd,RB,23.0,0.0,140.0
2008,00-0025701,J.Battle,RB,25.0,-0.2,141.0
2008,00-0021845,C.Sapp,RB,30.0,-0.30000000000000004,142.0
2008,00-0026399,O.Sobomehin,RB,24.0,-1.2,143.0
2009,00-0026164,C.Johnson,RB,24.0,439.90000000000003,1.0
2009,00-0025394,A.Peterson,RB,24.0,342.5,2.0
2009,00-0026195,R.Rice,RB,22.0,335.1,3.0
2009,00-0024275,M.Jones-Drew,RB,24.0,330.5,4.0
2009,00-0023500,F.Gore,RB,26.0,279.6,5.0
2009,00-0019641,T.Jones,RB,31.0,279.0,6.0
2009,00-0022736,S.Jackson,RB,26.0,272.8,7.0
2009,00-0022984,R.Grant,RB,27.0,260.0,8.0
2009,00-0017915,R.Williams,RB,32.0,253.5,9.0
2009,00-0026213,J.Charles,RB,23.0,232.70000000000002,10.0
2009,00-0026163,R.Mendenhall,RB,22.0,229.9,11.0
2009,00-0023439,C.Benson,RB,27.0,229.20000000000002,12.0
2009,00-0024242,D.Williams,RB,26.0,227.9,13.0
2009,00-0026153,J.Stewart,RB,22.0,226.20000000000002,14.0
2009,00-0024245,J.Addai,RB,26.0,223.28,15.0
2009,00-0024204,F.Jackson,RB,28.0,219.38,16.0
2009,00-0026184,M.Forte,RB,24.0,213.0,17.0
2009,00-0024813,P.Thomas,RB,25.0,194.5,18.0
2009,00-0026988,K.Moreno,RB,22.0,194.0,19.0
2009,00-0023544,M.Barber,RB,26.0,190.3,20.0
2009,00-0024359,J.Harrison,RB,26.0,175.20000000000002,21.0
2009,00-0022821,M.Turner,RB,27.0,173.60000000000002,22.0
2009,00-0020536,L.Tomlinson,RB,30.0,172.4,23.0
2009,00-0023440,C.Williams,RB,27.0,167.5,24.0
2009,00-0026289,T.Hightower,RB,23.0,165.6,25.0
2009,00-0025637,A.Bradshaw,RB,23.0,163.5,26.0
2009,00-0023545,B.Jacobs,RB,27.0,161.9,27.0
2009,00-0027007,C.Wells,RB,21.0,156.6,28.0
2009,00-0024236,L.Maroney,RB,24.0,151.6,29.0
2009,00-0026373,J.Forsett,RB,24.0,149.9,30.0
2009,00-0023437,R.Brown,RB,28.0,149.48000000000002,31.0
2009,00-0022178,W.McGahee,RB,28.0,146.9,32.0
2009,00-0027029,L.McCoy,RB,21.0,143.5,33.0
2009,00-0022840,J.Jones,RB,28.0,140.5,34.0
2009,00-0026229,S.Slaton,RB,23.0,138.4,35.0
2009,00-0023564,D.Sproles,RB,26.0,138.0,36.0
2009,00-0026204,K.Smith,RB,23.0,137.2,37.0
2009,00-0024217,R.Bush,RB,24.0,124.5,38.0
2009,00-0020270,C.Buckhalter,RB,31.0,120.2,39.0
2009,00-0026162,F.Jones,RB,22.0,117.4,40.0
2009,00-0024011,M.Bell,RB,26.0,105.6,41.0
2009,00-0025487,M.Bush,RB,25.0,100.4,42.0
2009,00-0021314,C.Taylor,RB,30.0,96.10000000000001,43.0
2009,00-0022093,J.Fargas,RB,29.0,91.4,44.0
2009,00-0021182,M.Morris,RB,30.0,90.4,45.0
2009,00-0005091,K.Faulk,RB,33.0,88.60000000000001,46.0
2009,00-0025399,M.Lynch,RB,23.0,87.9,47.0
2009,00-0023512,R.Moats,RB,27.0,85.60000000000001,48.0
2009,00-0019693,J.Lewis,RB,30.0,81.80000000000001,49.0
2009,00-0021976,L.Johnson,RB,30.0,80.2,50.0
2009,00-0021179,C.Portis,RB,28.0,80.1,51.0
2009,00-0026262,T.Choice,RB,25.0,79.10000000000001,52.0
2009,00-0022770,D.Ward,RB,29.0,78.4,53.0
2009,00-0026144,D.McFadden,RB,22.0,77.1,54.0
2009,00-0026899,S.Greene,RB,24.0,72.1,55.0
2009,00-0019484,S.Morris,RB,32.0,71.9,56.0
2009,00-0027003,D.Brown,RB,22.0,70.0,57.0
2009,00-0021216,B.Westbrook,RB,30.0,66.5,58.0
2009,00-0021357,R.Cartwright,RB,30.0,64.0,59.0
2009,00-0026796,A.Foster,RB,23.0,61.0,60.0
2009,00-0024332,L.Washington,RB,27.0,60.1,61.0
2009,00-0021184,L.Betts,RB,30.0,58.900000000000006,62.0
2009,00-0022250,W.Parker,RB,29.0,58.3,63.0
2009,00-0024294,J.Norwood,RB,26.0,53.800000000000004,64.0
2009,00-0016098,F.Taylor,RB,33.0,53.6,65.0
2009,00-0022092,C.Brown,RB,28.0,52.1,66.0
2009,00-0026941,B.Scott,RB,25.0,51.800000000000004,67.0
2009,00-0024460,Q.Ganther,RB,25.0,49.800000000000004,68.0
2009,00-0025450,B.Jackson,RB,24.0,49.8,69.0
2009,00-0027048,G.Coffee,RB,22.0,44.2,70.0
2009,00-0026204,Kv.Smith,RB,23.0,42.400000000000006,71.0
2009,00-0022217,M.Moore,RB,27.0,39.34,72.0
2009,00-0027155,R.Jennings,RB,24.0,38.300000000000004,73.0
2009,00-0027167,C.Jennings,RB,24.0,36.6,74.0
2009,00-0024260,L.White,RB,25.0,33.6,75.0
2009,00-0026121,L.Hamilton,RB,24.0,30.300000000000004,76.0
2009,00-0025439,B.Leonard,RB,25.0,30.1,77.0
2009,00-0025633,K.Darby,RB,27.0,26.8,78.0
2009,00-0027129,A.Brown,RB,24.0,26.5,79.0
2009,00-0026579,K.Bell,RB,23.0,26.4,80.0
2009,00-0006305,A.Green,RB,32.0,24.8,81.0
2009,00-0024561,M.Mason,RB,25.0,20.5,82.0
2009,00-0025997,C.Simpson,RB,24.0,20.3,83.0
2009,00-0021755,E.Graham,RB,29.0,19.5,84.0
2009,00-0025480,G.Wolfe,RB,25.0,19.200000000000003,85.0
2009,00-0026342,M.Hart,RB,23.0,18.4,86.0
2009,00-0026019,D.Woodhead,RB,24.0,16.1,87.0
2009,00-0020514,M.Bennett,RB,31.0,16.0,88.0
2009,00-0025860,B.Green-Ellis,RB,24.0,15.5,89.0
2009,00-0008241,E.James,RB,31.0,15.400000000000002,90.0
2009,00-0022288,J.Wright,RB,27.0,15.0,91.0
2009,00-0022011,J.Griffith,RB,29.0,14.4,92.0
2009,00-0026367,P.Hillis,RB,23.0,13.3,93.0
2009,00-0026790,T.Sutton,RB,23.0,13.0,94.0
2009,00-0024559,D.Ware,RB,24.0,12.8,95.0
2009,00-0026956,L.Stephens-Howling,RB,22.0,11.800000000000002,96.0
2009,00-0026453,D.Savage,RB,24.0,11.600000000000001,97.0
2009,00-0024846,G.Russell,RB,23.0,10.6,98.0
2009,00-0024738,E.Buckley,RB,24.0,9.4,99.0
2009,00-0027140,C.Ogbonnaya,RB,23.0,8.9,100.0
2009,00-0026209,J.Hester,RB,24.0,8.8,101.0
2009,00-0020462,L.Jordan,RB,31.0,8.600000000000001,102.0
2009,00-0025955,A.Young,RB,24.0,6.3,103.0
2009,00-0021306,A.Peterson,RB,30.0,6.200000000000001,104.0
2009,00-0024172,P.Cobbs,RB,26.0,5.900000000000001,105.0
2009,00-0025841,L.Rankin,RB,24.0,5.900000000000001,106.0
2009,00-0027120,J.Ringer,RB,22.0,5.8,107.0
2009,00-0027080,M.Goodson,RB,22.0,5.4,108.0
2009,00-0023074,S.Gado,RB,27.0,5.1000000000000005,109.0
2009,00-0015601,A.Stecker,RB,34.0,4.9,110.0
2009,00-0027098,G.Johnson,RB,23.0,4.300000000000001,111.0
2009,00-0025535,Ko.Smith,RB,25.0,4.2,112.0
2009,00-0025578,K.Hall,RB,26.0,4.1000000000000005,113.0
2009,00-0025615,D.Wynn,RB,26.0,3.8000000000000003,114.0
2009,00-0026319,X.Omon,RB,24.0,2.2,115.0
2009,00-0023251,K.Eckel,RB,28.0,2.0,116.0
2009,00-0027130,J.Davis,RB,23.0,2.0,117.0
2009,00-0025701,J.Battle,RB,26.0,1.8,118.0
2009,00-0026316,J.Parmele,RB,24.0,1.7000000000000002,119.0
2009,00-0022434,C.Davis,RB,28.0,1.5,120.0
2009,00-0020805,J.McKie,RB,29.0,1.3,121.0
2009,00-0027141,J.Williams,RB,23.0,0.6,122.0
2009,00-0026769,K.Sheets,RB,24.0,0.5,123.0
2009,00-0026132,M.Lawrence,RB,24.0,0.4,124.0
2009,00-0024103,M.Owens,RB,25.0,0.10000000000000003,125.0
2009,00-0023561,A.Pearman,RB,27.0,0.0,126.0
2009,00-0025437,C.Henry,RB,24.0,0.0,127.0
2009,00-0025951,D.Reynaud,RB,25.0,0.0,128.0
2009,00-0026353,C.Washington,RB,24.0,0.0,129.0
2009,00-0026607,B.Bolen,RB,24.0,0.0,130.0
2009,00-0026819,K.Huggins,RB,23.0,0.0,131.0
2009,00-0026113,C.Smith,RB,24.0,-0.8999999999999999,132.0
2010,00-0026796,A.Foster,RB,24.0,407.8,1.0
2010,00-0026213,J.Charles,RB,24.0,323.5,2.0
2010,00-0025394,A.Peterson,RB,25.0,299.90000000000003,3.0
2010,00-0026367,P.Hillis,RB,24.0,291.92,4.0
2010,00-0026144,D.McFadden,RB,23.0,287.4,5.0
2010,00-0027029,L.McCoy,RB,22.0,287.2,6.0
2010,00-0026195,R.Rice,RB,23.0,286.6,7.0
2010,00-0026164,C.Johnson,RB,25.0,285.90000000000003,8.0
2010,00-0026184,M.Forte,RB,25.0,271.6,9.0
2010,00-0024275,M.Jones-Drew,RB,25.0,266.1,10.0
2010,00-0022736,S.Jackson,RB,27.0,264.40000000000003,11.0
2010,00-0022821,M.Turner,RB,28.0,262.6,12.0
2010,00-0026163,R.Mendenhall,RB,23.0,260.0,13.0
2010,00-0025637,A.Bradshaw,RB,24.0,250.9,14.0
2010,00-0025860,B.Green-Ellis,RB,25.0,218.3,15.0
2010,00-0020536,L.Tomlinson,RB,31.0,214.20000000000002,16.0
2010,00-0023500,F.Gore,RB,27.0,208.5,17.0
2010,00-0023439,C.Benson,RB,28.0,206.9,18.0
2010,00-0026988,K.Moreno,RB,23.0,197.1,19.0
2010,00-0024204,F.Jackson,RB,29.0,184.20000000000002,20.0
2010,00-0026162,F.Jones,RB,23.0,181.0,21.0
2010,00-0027325,L.Blount,RB,24.0,167.10000000000002,22.0
2010,00-0019641,T.Jones,RB,32.0,165.8,23.0
2010,00-0027880,J.Best,RB,21.0,165.0,24.0
2010,00-0025450,B.Jackson,RB,25.0,157.5,25.0
2010,00-0023545,B.Jacobs,RB,28.0,156.20000000000002,26.0
2010,00-0025487,M.Bush,RB,26.0,153.9,27.0
2010,00-0026019,D.Woodhead,RB,25.0,150.6,28.0
2010,00-0026279,R.Torain,RB,24.0,148.7,29.0
2010,00-0023437,R.Brown,RB,29.0,144.6,30.0
2010,00-0025399,M.Lynch,RB,24.0,137.20000000000002,31.0
2010,00-0027864,R.Mathews,RB,23.0,137.0,32.0
2010,00-0026289,T.Hightower,RB,24.0,131.2,33.0
2010,00-0026153,J.Stewart,RB,23.0,120.3,34.0
2010,00-0026899,S.Greene,RB,25.0,119.60000000000001,35.0
2010,00-0027531,C.Ivory,RB,22.0,116.3,36.0
2010,00-0027080,M.Goodson,RB,23.0,115.2,37.0
2010,00-0017915,R.Williams,RB,33.0,114.4,38.0
2010,00-0027155,R.Jennings,RB,25.0,111.2,39.0
2010,00-0023564,D.Sproles,RB,27.0,111.0,40.0
2010,00-0023440,C.Williams,RB,28.0,110.2,41.0
2010,00-0026373,J.Forsett,RB,25.0,107.2,42.0
2010,00-0027003,D.Brown,RB,23.0,104.2,43.0
2010,00-0024245,J.Addai,RB,27.0,102.9,44.0
2010,00-0027214,K.Williams,RB,24.0,93.0,45.0
2010,00-0021216,B.Westbrook,RB,31.0,90.0,46.0
2010,00-0021182,M.Morris,RB,31.0,89.6,47.0
2010,00-0024813,P.Thomas,RB,26.0,77.0,48.0
2010,00-0022178,W.McGahee,RB,29.0,76.5,49.0
2010,00-0023544,M.Barber,RB,27.0,69.3,50.0
2010,00-0022770,D.Ward,RB,30.0,65.8,51.0
2010,00-0027007,C.Wells,RB,22.0,65.1,52.0
2010,00-0021314,C.Taylor,RB,31.0,61.6,53.0
2010,00-0020270,C.Buckhalter,RB,32.0,60.7,54.0
2010,00-0024242,D.Williams,RB,27.0,60.2,55.0
2010,00-0024359,J.Harrison,RB,27.0,59.5,56.0
2010,00-0027888,T.Gerhart,RB,23.0,57.900000000000006,57.0
2010,00-0026262,T.Choice,RB,26.0,57.2,58.0
2010,00-0027861,C.Spiller,RB,23.0,50.0,59.0
2010,00-0024217,R.Bush,RB,25.0,48.8,60.0
2010,00-0027467,J.James,RB,23.0,46.5,61.0
2010,00-0021179,C.Portis,RB,29.0,45.2,62.0
2010,00-0026566,I.Redman,RB,26.0,42.900000000000006,63.0
2010,00-0021184,L.Betts,RB,31.0,42.1,64.0
2010,00-0026941,B.Scott,RB,26.0,40.9,65.0
2010,00-0027120,J.Ringer,RB,23.0,40.300000000000004,66.0
2010,00-0022217,M.Moore,RB,28.0,39.4,67.0
2010,00-0021755,E.Graham,RB,30.0,37.98,68.0
2010,00-0027772,A.Dixon,RB,23.0,37.800000000000004,69.0
2010,00-0026342,M.Hart,RB,24.0,34.0,70.0
2010,00-0025633,K.Darby,RB,28.0,31.8,71.0
2010,00-0026956,L.Stephens-Howling,RB,23.0,30.400000000000002,72.0
2010,00-0022840,J.Jones,RB,29.0,30.200000000000003,73.0
2010,00-0027712,J.McKnight,RB,22.0,28.900000000000002,74.0
2010,00-0026204,K.Smith,RB,24.0,28.8,75.0
2010,00-0026209,J.Hester,RB,25.0,25.5,76.0
2010,00-0025439,B.Leonard,RB,26.0,24.8,77.0
2010,00-0024332,L.Washington,RB,28.0,22.900000000000002,78.0
2010,00-0027779,D.Karim,RB,24.0,20.0,79.0
2010,00-0019863,D.Rhodes,RB,31.0,19.6,80.0
2010,00-0016098,F.Taylor,RB,34.0,19.1,81.0
2010,00-0024011,M.Bell,RB,27.0,18.6,82.0
2010,00-0026432,L.Ball,RB,25.0,18.400000000000002,83.0
2010,00-0024172,P.Cobbs,RB,27.0,17.1,84.0
2010,00-0024559,D.Ware,RB,25.0,16.000000000000004,85.0
2010,00-0026790,T.Sutton,RB,24.0,15.100000000000001,86.0
2010,00-0024236,L.Maroney,RB,25.0,14.4,87.0
2010,00-0027791,J.Starks,RB,24.0,13.600000000000001,88.0
2010,00-0027130,J.Davis,RB,24.0,13.500000000000002,89.0
2010,00-0019484,S.Morris,RB,33.0,13.3,90.0
2010,00-0005091,K.Faulk,RB,34.0,12.7,91.0
2010,00-0027201,D.Nance,RB,22.0,12.5,92.0
2010,00-0027129,A.Brown,RB,25.0,12.3,93.0
2010,00-0026229,S.Slaton,RB,24.0,11.4,94.0
2010,00-0025701,J.Battle,RB,27.0,10.9,95.0
2010,00-0027257,K.Toston,RB,23.0,9.3,96.0
2010,00-0027419,C.Gronkowski,RB,24.0,9.2,97.0
2010,00-0022288,J.Wright,RB,28.0,7.000000000000001,98.0
2010,00-0024738,E.Buckley,RB,25.0,6.7,99.0
2010,00-0026941,Be.Scott,RB,26.0,6.0,100.0
2010,00-0026644,J.Vaughan,RB,24.0,5.7,101.0
2010,00-0022984,R.Grant,RB,28.0,5.5,102.0
2010,00-0027098,G.Johnson,RB,24.0,4.2,103.0
2010,00-0025955,A.Young,RB,25.0,4.0,104.0
2010,00-0021357,R.Cartwright,RB,31.0,3.2,105.0
2010,00-0027786,J.Dwyer,RB,21.0,2.8000000000000003,106.0
2010,00-0024460,Q.Ganther,RB,26.0,2.7,107.0
2010,00-0020514,M.Bennett,RB,32.0,2.0,108.0
2010,00-0026819,K.Huggins,RB,24.0,1.8000000000000003,109.0
2010,00-0024294,J.Norwood,RB,27.0,1.7000000000000002,110.0
2010,00-0025573,T.Clayton,RB,26.0,1.7000000000000002,111.0
2010,00-0026607,B.Bolen,RB,25.0,1.5,112.0
2010,00-0025458,L.Booker,RB,26.0,1.2000000000000004,113.0
2010,00-0026029,K.Lumpkin,RB,26.0,1.2000000000000002,114.0
2010,00-0026932,C.Peerman,RB,24.0,1.2000000000000002,115.0
2010,00-0026745,C.Brinkley,RB,25.0,1.1,116.0
2010,00-0025578,K.Hall,RB,27.0,0.9,117.0
2010,00-0025480,G.Wolfe,RB,26.0,0.8,118.0
2010,00-0026012,J.Caulcrick,RB,27.0,0.2,119.0
2010,00-0021976,L.Johnson,RB,31.0,0.19999999999999996,120.0
2010,00-0024103,M.Owens,RB,26.0,0.0,121.0
2010,00-0024659,B.Latsko,RB,26.0,0.0,122.0
2010,00-0025437,C.Henry,RB,25.0,0.0,123.0
2010,00-0025615,D.Wynn,RB,27.0,0.0,124.0
2010,00-0025951,D.Reynaud,RB,26.0,0.0,125.0
2010,00-0025997,C.Simpson,RB,25.0,0.0,126.0
2010,00-0026113,C.Smith,RB,25.0,0.0,127.0
2010,00-0026316,J.Parmele,RB,25.0,0.0,128.0
2010,00-0026598,J.Johnson,RB,25.0,0.0,129.0
2010,00-0027218,J.Bell,RB,24.0,0.0,130.0
2010,00-0027401,R.Jackson,RB,23.0,0.0,131.0
2010,00-0027423,L.Miller,RB,22.0,0.0,132.0
2010,00-0027094,A.Brown,RB,24.0,-0.1,133.0
2010,00-0026855,A.Smith,RB,25.0,-0.30000000000000004,134.0
2010,00-0026620,D.Moore,RB,25.0,-2.2,135.0
2011,00-0026195,R.Rice,RB,24.0,371.84000000000003,1.0
2011,00-0024275,M.Jones-Drew,RB,26.0,342.0,2.0
2011,00-0027029,L.McCoy,RB,23.0,330.40000000000003,3.0
2011,00-0026796,A.Foster,RB,25.0,321.1,4.0
2011,00-0022821,M.Turner,RB,29.0,265.8,5.0
2011,00-0025399,M.Lynch,RB,25.0,261.6,6.0
2011,00-0027864,R.Mathews,RB,24.0,252.6,7.0
2011,00-0022736,S.Jackson,RB,28.0,237.8,8.0
2011,00-0026184,M.Forte,RB,26.0,230.7,9.0
2011,00-0025487,M.Bush,RB,27.0,230.5,10.0
2011,00-0024204,F.Jackson,RB,30.0,227.6,11.0
2011,00-0024217,R.Bush,RB,26.0,226.20000000000002,12.0
2011,00-0026164,C.Johnson,RB,26.0,225.5,13.0
2011,00-0023500,F.Gore,RB,28.0,221.5,14.0
2011,00-0023564,D.Sproles,RB,28.0,220.4,15.0
2011,00-0025394,A.Peterson,RB,26.0,219.9,16.0
2011,00-0026899,S.Greene,RB,26.0,204.5,17.0
2011,00-0022178,W.McGahee,RB,30.0,198.0,18.0
2011,00-0027007,C.Wells,RB,23.0,195.9,19.0
2011,00-0026163,R.Mendenhall,RB,24.0,188.2,20.0
2011,00-0023439,C.Benson,RB,29.0,184.9,21.0
2011,00-0025637,A.Bradshaw,RB,25.0,181.6,22.0
2011,00-0026153,J.Stewart,RB,24.0,180.4,23.0
2011,00-0025860,B.Green-Ellis,RB,26.0,163.6,24.0
2011,00-0028009,D.Murray,RB,23.0,161.0,25.0
2011,00-0024242,D.Williams,RB,28.0,160.1,26.0
2011,00-0027890,B.Tate,RB,23.0,160.0,27.0
2011,00-0024813,P.Thomas,RB,27.0,155.70000000000002,28.0
2011,00-0028043,R.Helu,RB,23.0,150.9,29.0
2011,00-0027325,L.Blount,RB,25.0,145.9,30.0
2011,00-0027861,C.Spiller,RB,24.0,143.0,31.0
2011,00-0026144,D.McFadden,RB,24.0,133.8,32.0
2011,00-0023545,B.Jacobs,RB,29.0,131.9,33.0
2011,00-0022984,R.Grant,RB,29.0,120.7,34.0
2011,00-0027003,D.Brown,RB,24.0,117.1,35.0
2011,00-0027888,T.Gerhart,RB,24.0,116.1,36.0
2011,00-0026162,F.Jones,RB,24.0,113.60000000000001,37.0
2011,00-0026204,K.Smith,RB,25.0,113.6,38.0
2011,00-0026367,P.Hillis,RB,25.0,112.7,39.0
2011,00-0027880,J.Best,RB,22.0,112.7,40.0
2011,00-0020536,L.Tomlinson,RB,32.0,108.9,41.0
2011,00-0027791,J.Starks,RB,25.0,108.4,42.0
2011,00-0025701,J.Battle,RB,28.0,94.5,43.0
2011,00-0027966,M.Ingram,RB,22.0,93.8,44.0
2011,00-0028053,K.Hunter,RB,23.0,92.80000000000001,45.0
2011,00-0028000,D.Thomas,RB,24.0,87.3,46.0
2011,00-0023544,M.Barber,RB,28.0,85.2,47.0
2011,00-0021182,M.Morris,RB,32.0,79.0,48.0
2011,00-0026566,I.Redman,RB,27.0,78.7,49.0
2011,00-0026432,L.Ball,RB,26.0,73.0,50.0
2011,00-0024245,J.Addai,RB,28.0,71.6,51.0
2011,00-0027140,C.Ogbonnaya,RB,25.0,70.5,52.0
2011,00-0026019,D.Woodhead,RB,26.0,68.8,53.0
2011,00-0026579,K.Bell,RB,25.0,68.0,54.0
2011,00-0017915,R.Williams,RB,34.0,67.7,55.0
2011,00-0028011,S.Ridley,RB,22.0,64.4,56.0
2011,00-0026941,B.Scott,RB,27.0,61.800000000000004,57.0
2011,00-0023440,C.Williams,RB,29.0,61.400000000000006,58.0
2011,00-0019641,T.Jones,RB,33.0,61.1,59.0
2011,00-0026289,T.Hightower,RB,25.0,60.7,60.0
2011,00-0026956,L.Stephens-Howling,RB,24.0,56.1,61.0
2011,00-0028115,E.Royster,RB,24.0,55.60000000000001,62.0
2011,00-0027531,C.Ivory,RB,23.0,54.400000000000006,63.0
2011,00-0027666,M.Hardesty,RB,24.0,50.800000000000004,64.0
2011,00-0028057,D.Carter,RB,24.0,49.5,65.0
2011,00-0028083,J.Rodgers,RB,21.0,49.300000000000004,66.0
2011,00-0027120,J.Ringer,RB,24.0,48.199999999999996,67.0
2011,00-0021755,E.Graham,RB,31.0,46.900000000000006,68.0
2011,00-0026029,K.Lumpkin,RB,27.0,45.6,69.0
2011,00-0024559,D.Ware,RB,26.0,41.300000000000004,70.0
2011,00-0024332,L.Washington,RB,29.0,38.6,71.0
2011,00-0027214,K.Williams,RB,25.0,37.7,72.0
2011,00-0026988,K.Moreno,RB,24.0,35.0,73.0
2011,00-0025439,B.Leonard,RB,27.0,34.5,74.0
2011,00-0027712,J.McKnight,RB,23.0,34.300000000000004,75.0
2011,00-0026279,R.Torain,RB,25.0,34.3,76.0
2011,00-0026373,J.Forsett,RB,26.0,33.300000000000004,77.0
2011,00-0026262,T.Choice,RB,27.0,31.600000000000005,78.0
2011,00-0022217,M.Moore,RB,29.0,27.1,79.0
2011,00-0027779,D.Karim,RB,25.0,27.000000000000004,80.0
2011,00-0022770,D.Ward,RB,31.0,26.4,81.0
2011,00-0026745,C.Brinkley,RB,26.0,25.2,82.0
2011,00-0021314,C.Taylor,RB,32.0,21.8,83.0
2011,00-0026209,J.Hester,RB,26.0,19.8,84.0
2011,00-0027346,A.Smith,RB,24.0,19.3,85.0
2011,00-0027772,A.Dixon,RB,24.0,19.3,86.0
2011,00-0027786,J.Dwyer,RB,22.0,18.900000000000002,87.0
2011,00-0023437,R.Brown,RB,30.0,16.6,88.0
2011,00-0028087,D.Lewis,RB,21.0,15.9,89.0
2011,00-0028602,B.Saine,RB,23.0,15.100000000000001,90.0
2011,00-0026799,J.Johnson,RB,24.0,14.900000000000002,91.0
2011,00-0026229,S.Slaton,RB,25.0,14.700000000000001,92.0
2011,00-0028574,M.Madu,RB,24.0,14.7,93.0
2011,00-0028613,P.Tanner,RB,23.0,14.5,94.0
2011,00-0026213,J.Charles,RB,25.0,13.2,95.0
2011,00-0025458,L.Booker,RB,27.0,12.4,96.0
2011,00-0019484,S.Morris,RB,34.0,12.100000000000001,97.0
2011,00-0028063,T.Jones,RB,23.0,10.8,98.0
2011,00-0027994,S.Vereen,RB,22.0,10.700000000000001,99.0
2011,00-0028068,J.Harper,RB,22.0,10.6,100.0
2011,00-0005091,K.Faulk,RB,35.0,10.1,101.0
2011,00-0028208,J.Clay,RB,23.0,9.1,102.0
2011,00-0021357,R.Cartwright,RB,32.0,6.9,103.0
2011,00-0024294,J.Norwood,RB,28.0,6.1000000000000005,104.0
2011,00-0028565,A.Allen,RB,22.0,5.8,105.0
2011,00-0028409,D.Harris,RB,23.0,4.6000000000000005,106.0
2011,00-0024359,J.Harrison,RB,28.0,4.4,107.0
2011,00-0024103,M.Owens,RB,27.0,4.1000000000000005,108.0
2011,00-0028062,O.Marecic,RB,23.0,3.9000000000000004,109.0
2011,00-0028071,J.White,RB,23.0,3.5,110.0
2011,00-0028064,B.Powell,RB,23.0,2.8000000000000003,111.0
2011,00-0026644,J.Vaughan,RB,25.0,2.4000000000000004,112.0
2011,00-0026607,B.Bolen,RB,26.0,2.0,113.0
2011,00-0026947,E.Williams,RB,24.0,1.9000000000000001,114.0
2011,00-0028034,A.Green,RB,23.0,1.7000000000000002,115.0
2011,00-0025573,T.Clayton,RB,27.0,1.5,116.0
2011,00-0026932,C.Peerman,RB,25.0,1.5,117.0
2011,00-0026353,C.Washington,RB,26.0,1.2,118.0
2011,00-0027129,A.Brown,RB,26.0,0.9,119.0
2011,00-0028158,S.Chapas,RB,23.0,0.9,120.0
2011,00-0028159,D.Scott,RB,23.0,0.8999999999999999,121.0
2011,00-0028163,A.Allen,RB,23.0,0.8,122.0
2011,00-0028486,R.Mahaffey,RB,24.0,0.5,123.0
2011,00-0027080,M.Goodson,RB,24.0,0.4,124.0
2011,00-0021976,L.Johnson,RB,32.0,0.2,125.0
2011,00-0028706,Ar.Smith,RB,25.0,0.2,126.0
2011,00-0024738,E.Buckley,RB,26.0,0.0,127.0
2011,00-0025578,K.Hall,RB,28.0,0.0,128.0
2011,00-0026855,A.Smith,RB,26.0,0.0,129.0
2011,00-0027419,C.Gronkowski,RB,25.0,0.0,130.0
2011,00-0027437,Q.Porter,RB,25.0,0.0,131.0
2012,00-0025394,A.Peterson,RB,27.0,405.40000000000003,1.0
2012,00-0029613,D.Martin,RB,23.0,333.6,2.0
2012,00-0026796,A.Foster,RB,26.0,318.1,3.0
2012,00-0025399,M.Lynch,RB,26.0,315.6,4.0
2012,00-0029141,A.Morris,RB,24.0,303.0,5.0
2012,00-0027861,C.Spiller,RB,25.0,283.3,6.0
2012,00-0026195,R.Rice,RB,25.0,283.1,7.0
2012,00-0026213,J.Charles,RB,26.0,272.5,8.0
2012,00-0023500,F.Gore,RB,29.0,249.8,9.0
2012,00-0029675,T.Richardson,RB,22.0,246.7,10.0
2012,00-0028011,S.Ridley,RB,23.0,236.4,11.0
2012,00-0026164,C.Johnson,RB,27.0,232.5,12.0
2012,00-0026184,M.Forte,RB,27.0,231.4,13.0
2012,00-0024217,R.Bush,RB,27.0,212.8,14.0
2012,00-0022736,S.Jackson,RB,29.0,210.6,15.0
2012,00-0026899,S.Greene,RB,27.0,205.4,16.0
2012,00-0025637,A.Bradshaw,RB,26.0,200.0,17.0
2012,00-0025860,B.Green-Ellis,RB,27.0,195.8,18.0
2012,00-0027029,L.McCoy,RB,24.0,194.3,19.0
2012,00-0022821,M.Turner,RB,30.0,173.8,20.0
2012,00-0027995,M.Leshoure,RB,22.0,172.20000000000002,21.0
2012,00-0023564,D.Sproles,RB,29.0,157.1,22.0
2012,00-0024242,D.Williams,RB,29.0,152.4,23.0
2012,00-0022178,W.McGahee,RB,31.0,149.2,24.0
2012,00-0029547,V.Ballard,RB,22.0,146.60000000000002,25.0
2012,00-0026144,D.McFadden,RB,25.0,143.5,26.0
2012,00-0028009,D.Murray,RB,24.0,143.4,27.0
2012,00-0027864,R.Mathews,RB,25.0,132.9,28.0
2012,00-0027218,J.Bell,RB,26.0,130.9,29.0
2012,00-0026019,D.Woodhead,RB,27.0,122.7,30.0
2012,00-0026988,K.Moreno,RB,25.0,118.2,31.0
2012,00-0024813,P.Thomas,RB,28.0,115.7,32.0
2012,00-0026162,F.Jones,RB,25.0,108.4,33.0
2012,00-0027094,A.Brown,RB,26.0,104.1,34.0
2012,00-0028083,Jz. Rodgers,RB,22.0,103.4,35.0
2012,00-0027966,M.Ingram,RB,23.0,102.10000000000001,36.0
2012,00-0027786,J.Dwyer,RB,23.0,101.9,37.0
2012,00-0024204,F.Jackson,RB,31.0,100.4,38.0
2012,00-0029429,B.Brown,RB,21.0,96.0,39.0
2012,00-0028064,B.Powell,RB,24.0,89.7,40.0
2012,00-0026566,I.Redman,RB,28.0,87.4,41.0
2012,00-0026956,L.Stephens-Howling,RB,25.0,81.2,42.0
2012,00-0025487,M.Bush,RB,28.0,78.4,43.0
2012,00-0024275,M.Jones-Drew,RB,27.0,77.0,44.0
2012,00-0028034,A.Green,RB,24.0,76.9,45.0
2012,00-0029612,D.Richardson,RB,22.0,76.80000000000001,46.0
2012,00-0028000,D.Thomas,RB,25.0,75.1,47.0
2012,00-0029264,B.Pierce,RB,21.0,74.9,48.0
2012,00-0027003,D.Brown,RB,25.0,74.0,49.0
2012,00-0029251,D.Wilson,RB,21.0,73.2,50.0
2012,00-0023437,R.Brown,RB,31.0,70.1,51.0
2012,00-0025701,J.Battle,RB,29.0,69.9,52.0
2012,00-0026153,J.Stewart,RB,25.0,69.3,53.0
2012,00-0027994,S.Vereen,RB,23.0,67.0,54.0
2012,00-0027155,R.Jennings,RB,27.0,66.3,55.0
2012,00-0029273,R.Turbin,RB,23.0,64.5,56.0
2012,00-0028053,K.Hunter,RB,24.0,61.1,57.0
2012,00-0027080,M.Goodson,RB,25.0,58.6,58.0
2012,00-0026373,J.Forsett,RB,27.0,55.2,59.0
2012,00-0023439,C.Benson,RB,30.0,54.50000000000001,60.0
2012,00-0028202,S.Draughn,RB,25.0,54.1,61.0
2012,00-0027007,C.Wells,RB,24.0,53.800000000000004,62.0
2012,00-0024103,M.Owens,RB,28.0,53.2,63.0
2012,00-0029683,R.Hillman,RB,21.0,48.2,64.0
2012,00-0026932,C.Peerman,RB,26.0,47.300000000000004,65.0
2012,00-0026367,P.Hillis,RB,26.0,47.1,66.0
2012,00-0029239,B.Bolden,RB,22.0,46.5,67.0
2012,00-0027890,B.Tate,RB,24.0,45.800000000000004,68.0
2012,00-0027791,J.Starks,RB,26.0,41.60000000000001,69.0
2012,00-0028736,W.Powell,RB,24.0,40.9,70.0
2012,00-0029615,L.Miller,RB,21.0,39.5,71.0
2012,00-0027531,C.Ivory,RB,24.0,37.2,72.0
2012,00-0027666,M.Hardesty,RB,25.0,36.7,73.0
2012,00-0026204,K.Smith,RB,26.0,35.300000000000004,74.0
2012,00-0026163,R.Mendenhall,RB,25.0,34.400000000000006,75.0
2012,00-0027888,T.Gerhart,RB,25.0,34.400000000000006,76.0
2012,00-0026432,L.Ball,RB,27.0,31.900000000000002,77.0
2012,00-0022984,R.Grant,RB,30.0,30.599999999999998,78.0
2012,00-0028409,D.Harris,RB,24.0,30.4,79.0
2012,00-0028115,E.Royster,RB,25.0,29.700000000000003,80.0
2012,00-0028057,D.Carter,RB,25.0,29.5,81.0
2012,00-0026262,T.Choice,RB,28.0,28.200000000000003,82.0
2012,00-0027325,L.Blount,RB,26.0,26.300000000000004,83.0
2012,00-0026316,J.Parmele,RB,27.0,24.3,84.0
2012,00-0029140,C.Rainey,RB,24.0,24.2,85.0
2012,00-0026745,C.Brinkley,RB,27.0,23.2,86.0
2012,00-0027140,C.Ogbonnaya,RB,26.0,22.700000000000003,87.0
2012,00-0027712,J.McKnight,RB,24.0,21.700000000000003,88.0
2012,00-0026209,J.Hester,RB,27.0,20.799999999999997,89.0
2012,00-0028565,A.Allen,RB,23.0,20.0,90.0
2012,00-0027976,R.Williams,RB,22.0,19.8,91.0
2012,00-0029441,J.Stewart,RB,23.0,19.300000000000004,92.0
2012,00-0028068,J.Harper,RB,23.0,18.8,93.0
2012,00-0028841,W.Johnson,RB,24.0,18.400000000000002,94.0
2012,00-0027772,A.Dixon,RB,25.0,17.8,95.0
2012,00-0027257,K.Toston,RB,25.0,17.5,96.0
2012,00-0029260,L.James,RB,23.0,17.4,97.0
2012,00-0025439,B.Leonard,RB,28.0,17.3,98.0
2012,00-0024332,L.Washington,RB,30.0,16.400000000000002,99.0
2012,00-0024559,D.Ware,RB,27.0,15.100000000000001,100.0
2012,00-0028087,D.Lewis,RB,22.0,14.3,101.0
2012,00-0028163,A.Allen,RB,24.0,13.3,102.0
2012,00-0028170,B.Batch,RB,25.0,13.0,103.0
2012,00-0022217,M.Moore,RB,30.0,11.700000000000001,104.0
2012,00-0029004,L.Dunbar,RB,22.0,10.8,105.0
2012,00-0028613,P.Tanner,RB,24.0,10.2,106.0
2012,00-0028416,R.Murphy,RB,26.0,9.200000000000001,107.0
2012,00-0025450,B.Jackson,RB,27.0,8.4,108.0
2012,00-0029626,I.Pead,RB,23.0,7.0,109.0
2012,00-0026579,K.Bell,RB,26.0,6.9,110.0
2012,00-0025951,D.Reynaud,RB,28.0,6.8,111.0
2012,00-0029298,C.Gray,RB,23.0,6.2,112.0
2012,00-0029205,T.Cadet,RB,23.0,4.9,113.0
2012,00-0028043,R.Helu,RB,24.0,4.7,114.0
2012,00-0026941,B.Scott,RB,28.0,4.5,115.0
2012,00-0028071,J.White,RB,24.0,3.4000000000000004,116.0
2012,00-0026029,K.Lumpkin,RB,28.0,3.2,117.0
2012,00-0028063,T.Jones,RB,24.0,3.2,118.0
2012,00-0027120,J.Ringer,RB,25.0,2.6000000000000005,119.0
2012,00-0027346,A.Smith,RB,25.0,2.1,120.0
2012,00-0028876,C.Mooney,RB,26.0,1.9000000000000001,121.0
2012,00-0029510,J.Grimes,RB,23.0,1.3,122.0
2012,00-0027214,K.Williams,RB,26.0,1.2000000000000002,123.0
2012,00-0027419,C.Gronkowski,RB,26.0,1.1,124.0
2012,00-0028198,M.Asiata,RB,25.0,1.1,125.0
2012,00-0028159,D.Scott,RB,24.0,0.9,126.0
2012,00-0028121,J.Todman,RB,22.0,0.8,127.0
2012,00-0028345,R.Hughes,RB,23.0,0.8,128.0
2012,00-0023545,B.Jacobs,RB,30.0,0.7000000000000001,129.0
2012,00-0028158,S.Chapas,RB,24.0,0.6000000000000001,130.0
2012,00-0029588,D.Herron,RB,23.0,0.5,131.0
2012,00-0026855,A.Smith,RB,27.0,0.0,132.0
2012,00-0027779,D.Karim,RB,26.0,0.0,133.0
2012,00-0028062,O.Marecic,RB,24.0,0.0,134.0
2012,00-0028581,P.DiMarco,RB,23.0,0.0,135.0
2012,00-0028602,B.Saine,RB,24.0,0.0,136.0
2012,00-0028706,A.Smith,RB,26.0,0.0,137.0
2012,00-0029145,M.Smith,RB,24.0,0.0,138.0
2012,00-0029438,C.Polk,RB,23.0,0.0,139.0
2012,00-0029492,J.Olawale,RB,23.0,0.0,140.0
2013,00-0026213,J.Charles,RB,27.0,379.0,1.0
2013,00-0027029,L.McCoy,RB,25.0,364.6,2.0
2013,00-0026184,M.Forte,RB,28.0,340.3,3.0
2013,00-0025399,M.Lynch,RB,27.0,292.3,4.0
2013,00-0026988,K.Moreno,RB,26.0,290.6,5.0
2013,00-0028009,D.Murray,RB,25.0,259.1,6.0
2013,00-0025394,A.Peterson,RB,28.0,255.70000000000002,7.0
2013,00-0030485,E.Lacy,RB,23.0,255.5,8.0
2013,00-0024217,R.Bush,RB,28.0,243.20000000000002,9.0
2013,00-0027864,R.Mathews,RB,26.0,241.4,10.0
2013,00-0026164,C.Johnson,RB,28.0,238.2,11.0
2013,00-0024204,F.Jackson,RB,32.0,224.70000000000002,12.0
2013,00-0023500,F.Gore,RB,30.0,222.9,13.0
2013,00-0030496,L.Bell,RB,21.0,213.9,14.0
2013,00-0029141,A.Morris,RB,25.0,212.3,15.0
2013,00-0027218,J.Bell,RB,27.0,199.70000000000002,16.0
2013,00-0030456,G.Bernard,RB,22.0,197.9,17.0
2013,00-0030536,Z.Stacy,RB,22.0,193.4,18.0
2013,00-0024275,M.Jones-Drew,RB,28.0,177.02,19.0
2013,00-0027155,R.Jennings,RB,28.0,176.5,20.0
2013,00-0027861,C.Spiller,RB,26.0,165.8,21.0
2013,00-0024242,De.Williams,RB,30.0,164.60000000000002,22.0
2013,00-0026019,D.Woodhead,RB,28.0,163.4,23.0
2013,00-0024813,P.Thomas,RB,29.0,163.20000000000002,24.0
2013,00-0030287,A.Ellington,RB,24.0,156.3,25.0
2013,00-0026195,R.Rice,RB,26.0,149.1,26.0
2013,00-0026163,R.Mendenhall,RB,26.0,141.1,27.0
2013,00-0027890,B.Tate,RB,25.0,140.10000000000002,28.0
2013,00-0028011,S.Ridley,RB,24.0,136.5,29.0
2013,00-0028064,B.Powell,RB,25.0,136.1,30.0
2013,00-0027325,L.Blount,RB,27.0,136.0,31.0
2013,00-0027003,D.Brown,RB,26.0,133.1,32.0
2013,00-0022736,S.Jackson,RB,30.0,132.4,33.0
2013,00-0027531,C.Ivory,RB,25.0,129.3,34.0
2013,00-0029675,T.Richardson,RB,23.0,127.9,35.0
2013,00-0025860,B.Green-Ellis,RB,28.0,126.80000000000001,36.0
2013,00-0023564,D.Sproles,RB,30.0,125.4,37.0
2013,00-0029615,L.Miller,RB,22.0,124.9,38.0
2013,00-0026796,A.Foster,RB,27.0,113.5,39.0
2013,00-0030578,C.Patterson,RB,22.0,108.7,40.0
2013,00-0029384,B.Rainey,RB,26.0,106.2,41.0
2013,00-0027994,S.Vereen,RB,24.0,104.5,42.0
2013,00-0030522,M.Ball,RB,23.0,102.4,43.0
2013,00-0028083,J.Rodgers,RB,23.0,97.30000000000001,44.0
2013,00-0027791,J.Starks,RB,27.0,93.2,45.0
2013,00-0026144,D.McFadden,RB,26.0,92.34,46.0
2013,00-0027094,A.Brown,RB,27.0,91.5,47.0
2013,00-0028000,D.Thomas,RB,26.0,85.0,48.0
2013,00-0028043,R.Helu,RB,25.0,81.5,49.0
2013,00-0029613,D.Martin,RB,24.0,78.2,50.0
2013,00-0027140,C.Ogbonnaya,RB,27.0,72.3,51.0
2013,00-0029264,B.Pierce,RB,22.0,71.0,52.0
2013,00-0029239,B.Bolden,RB,23.0,68.3,53.0
2013,00-0027966,M.Ingram,RB,24.0,62.4,54.0
2013,00-0029429,B.Brown,RB,22.0,61.800000000000004,55.0
2013,00-0026899,S.Greene,RB,28.0,60.400000000000006,56.0
2013,00-0028121,J.Todman,RB,23.0,60.2,57.0
2013,00-0028053,K.Hunter,RB,25.0,56.1,58.0
2013,00-0030280,K.Davis,RB,22.0,54.7,59.0
2013,00-0027888,T.Gerhart,RB,26.0,53.1,60.0
2013,00-0022178,W.McGahee,RB,32.0,52.7,61.0
2013,00-0026367,P.Hillis,RB,27.0,51.3,62.0
2013,00-0023545,B.Jacobs,RB,31.0,51.1,63.0
2013,00-0030391,M.James,RB,22.0,49.88,64.0
2013,00-0025487,M.Bush,RB,29.0,46.5,65.0
2013,00-0029795,B.Cunningham,RB,23.0,46.0,66.0
2013,00-0029683,R.Hillman,RB,22.0,42.7,67.0
2013,00-0025637,A.Bradshaw,RB,27.0,41.8,68.0
2013,00-0029612,D.Richardson,RB,23.0,41.6,69.0
2013,00-0029317,E.Baker,RB,22.0,40.8,70.0
2013,00-0025439,B.Leonard,RB,29.0,40.1,71.0
2013,00-0028198,M.Asiata,RB,26.0,38.900000000000006,72.0
2013,00-0030388,J.Randle,RB,22.0,37.5,73.0
2013,00-0029731,F.Whittaker,RB,24.0,33.400000000000006,74.0
2013,00-0029438,C.Polk,RB,24.0,32.9,75.0
2013,00-0029273,R.Turbin,RB,24.0,32.400000000000006,76.0
2013,00-0026855,A.Smith,RB,28.0,29.500000000000004,77.0
2013,00-0030348,K.Robinson,RB,24.0,29.400000000000002,78.0
2013,00-0027786,J.Dwyer,RB,24.0,29.1,79.0
2013,00-0023437,R.Brown,RB,32.0,27.700000000000003,80.0
2013,00-0026153,J.Stewart,RB,26.0,26.400000000000002,81.0
2013,00-0030236,D.Johnson,RB,23.0,25.900000000000002,82.0
2013,00-0025701,J.Battle,RB,30.0,25.8,83.0
2013,00-0029510,J.Grimes,RB,24.0,24.900000000000002,84.0
2013,00-0026162,F.Jones,RB,26.0,23.700000000000003,85.0
2013,00-0030078,J.Franklin,RB,24.0,23.700000000000003,86.0
2013,00-0028159,D.Scott,RB,25.0,23.5,87.0
2013,00-0029004,L.Dunbar,RB,23.0,22.900000000000002,88.0
2013,00-0030282,S.Taylor,RB,22.0,20.6,89.0
2013,00-0027772,A.Dixon,RB,26.0,18.6,90.0
2013,00-0026262,T.Choice,RB,29.0,18.5,91.0
2013,00-0029251,D.Wilson,RB,22.0,18.4,92.0
2013,00-0027346,A.Smith,RB,26.0,15.2,93.0
2013,00-0024242,D.Williams,RB,30.0,14.0,94.0
2013,00-0029626,I.Pead,RB,24.0,13.900000000000002,95.0
2013,00-0026373,J.Forsett,RB,28.0,11.3,96.0
2013,00-0030107,T.Riddick,RB,22.0,10.100000000000001,97.0
2013,00-0029588,D.Herron,RB,24.0,10.0,98.0
2013,00-0028613,P.Tanner,RB,25.0,9.5,99.0
2013,00-0027080,M.Goodson,RB,26.0,9.0,100.0
2013,00-0028063,T.Jones,RB,25.0,8.8,101.0
2013,00-0028841,W.Johnson,RB,25.0,8.1,102.0
2013,00-0030432,C.Michael,RB,23.0,7.9,103.0
2013,00-0029260,L.James,RB,24.0,7.5,104.0
2013,00-0029298,C.Gray,RB,24.0,7.000000000000001,105.0
2013,00-0029492,J.Olawale,RB,24.0,6.9,106.0
2013,00-0029547,V.Ballard,RB,23.0,6.800000000000001,107.0
2013,00-0029441,J.Stewart,RB,24.0,5.8,108.0
2013,00-0030128,M.Cox,RB,25.0,5.5,109.0
2013,00-0027779,D.Karim,RB,27.0,5.0,110.0
2013,00-0028581,P.DiMarco,RB,24.0,4.9,111.0
2013,00-0030320,M.Hill,RB,24.0,4.6000000000000005,112.0
2013,00-0029205,T.Cadet,RB,24.0,4.5,113.0
2013,00-0028034,A.Green,RB,25.0,4.300000000000001,114.0
2013,00-0029854,C.Anderson,RB,22.0,3.8000000000000003,115.0
2013,00-0029722,J.Demps,RB,23.0,3.5,116.0
2013,00-0028876,C.Mooney,RB,27.0,3.2,117.0
2013,00-0026956,L.Stephens-Howling,RB,26.0,3.0,118.0
2013,00-0030547,D.Robinson,RB,23.0,2.6000000000000005,119.0
2013,00-0026566,I.Redman,RB,29.0,2.6,120.0
2013,00-0026941,B.Scott,RB,29.0,2.4000000000000004,121.0
2013,00-0030433,M.Gillislee,RB,23.0,2.1,122.0
2013,00-0030233,R.Graham,RB,23.0,2.0,123.0
2013,00-0026932,C.Peerman,RB,27.0,1.7000000000000002,124.0
2013,00-0030465,K.Barner,RB,24.0,1.4000000000000001,125.0
2013,00-0029048,J.Banyard,RB,25.0,1.1,126.0
2013,00-0030414,S.Ware,RB,22.0,1.0,127.0
2013,00-0028000,Dan.Thomas,RB,26.0,0.9000000000000001,128.0
2013,00-0027995,M.Leshoure,RB,23.0,0.9,129.0
2013,00-0030248,C.Wood,RB,22.0,0.9,130.0
2013,00-0028345,R.Hughes,RB,24.0,0.6000000000000001,131.0
2013,00-0029791,R.Wingo,RB,22.0,0.6000000000000001,132.0
2013,00-0028706,A.Smith,RB,27.0,0.5,133.0
2013,00-0025951,D.Reynaud,RB,29.0,0.4,134.0
2013,00-0028115,E.Royster,RB,26.0,0.30000000000000004,135.0
2013,00-0028202,S.Draughn,RB,26.0,0.2,136.0
2013,00-0024332,L.Washington,RB,31.0,0.1,137.0
2013,00-0026579,K.Bell,RB,27.0,0.0,138.0
2013,00-0028795,C.Reynolds,RB,26.0,0.0,139.0
2013,00-0029140,C.Rainey,RB,25.0,0.0,140.0
2013,00-0030117,K.Williams,RB,22.0,0.0,141.0
2013,00-0030134,M.Ford,RB,23.0,0.0,142.0
2013,00-0030404,C.Thompson,RB,23.0,0.0,143.0
2013,00-0026644,J.Vaughan,RB,27.0,-0.4,144.0
2014,00-0028009,D.Murray,RB,26.0,387.1,1.0
2014,00-0030496,L.Bell,RB,22.0,375.5,2.0
2014,00-0025399,M.Lynch,RB,28.0,319.3,3.0
2014,00-0026184,M.Forte,RB,29.0,311.6,4.0
2014,00-0026796,A.Foster,RB,28.0,292.5,5.0
2014,00-0030485,E.Lacy,RB,24.0,287.6,6.0
2014,00-0026373,J.Forsett,RB,29.0,257.90000000000003,7.0
2014,00-0026213,J.Charles,RB,28.0,249.4,8.0
2014,00-0027029,L.McCoy,RB,26.0,234.4,9.0
2014,00-0029615,L.Miller,RB,23.0,227.4,10.0
2014,00-0031301,J.Hill,RB,22.0,225.9,11.0
2014,00-0029854,C.Anderson,RB,23.0,215.3,12.0
2014,00-0029141,A.Morris,RB,26.0,208.9,13.0
2014,00-0027218,J.Bell,RB,28.0,200.20000000000002,14.0
2014,00-0027966,M.Ingram,RB,25.0,197.9,15.0
2014,00-0023500,F.Gore,RB,31.0,186.7,16.0
2014,00-0030456,G.Bernard,RB,23.0,175.9,17.0
2014,00-0030287,A.Ellington,RB,25.0,168.5,18.0
2014,00-0028198,M.Asiata,RB,27.0,168.20000000000002,19.0
2014,00-0027531,C.Ivory,RB,26.0,157.4,20.0
2014,00-0024204,F.Jackson,RB,33.0,155.6,21.0
2014,00-0026153,J.Stewart,RB,27.0,151.0,22.0
2014,00-0031055,A.Williams,RB,22.0,145.10000000000002,23.0
2014,00-0031391,T.Mason,RB,21.0,144.3,24.0
2014,00-0022736,S.Jackson,RB,31.0,139.5,25.0
2014,00-0027155,R.Jennings,RB,29.0,137.5,26.0
2014,00-0031277,B.Oliver,RB,23.0,133.3,27.0
2014,00-0027994,S.Vereen,RB,25.0,131.8,28.0
2014,00-0025637,A.Bradshaw,RB,28.0,125.5,29.0
2014,00-0030656,I.Crowell,RB,21.0,120.4,30.0
2014,00-0031375,T.West,RB,23.0,118.7,31.0
2014,00-0023564,D.Sproles,RB,31.0,118.60000000000001,32.0
2014,00-0030280,K.Davis,RB,23.0,114.00000000000001,33.0
2014,00-0026164,C.Johnson,RB,29.0,113.4,34.0
2014,00-0030547,D.Robinson,RB,24.0,110.60000000000001,35.0
2014,00-0029675,T.Richardson,RB,24.0,108.8,36.0
2014,00-0029384,B.Rainey,RB,27.0,101.10000000000001,37.0
2014,00-0029683,R.Hillman,RB,23.0,100.30000000000001,38.0
2014,00-0026144,D.McFadden,RB,27.0,99.6,39.0
2014,00-0027325,L.Blount,RB,28.0,99.1,40.0
2014,00-0028043,R.Helu,RB,26.0,97.30000000000001,41.0
2014,00-0031075,A.Blue,RB,23.0,97.10000000000001,42.0
2014,00-0031376,J.McKinnon,RB,22.0,93.30000000000001,43.0
2014,00-0031413,B.Sankey,RB,22.0,90.2,44.0
2014,00-0024813,P.Thomas,RB,30.0,89.0,45.0
2014,00-0030513,L.Murray,RB,24.0,88.7,46.0
2014,00-0029795,B.Cunningham,RB,24.0,84.80000000000001,47.0
2014,00-0029104,J.Gray,RB,24.0,81.89999999999999,48.0
2014,00-0029613,D.Martin,RB,25.0,80.80000000000001,49.0
2014,00-0024217,R.Bush,RB,29.0,77.0,50.0
2014,00-0027890,B.Tate,RB,26.0,75.10000000000001,51.0
2014,00-0030578,C.Patterson,RB,23.0,71.10000000000001,52.0
2014,00-0027888,T.Gerhart,RB,27.0,70.2,53.0
2014,00-0027772,A.Dixon,RB,27.0,68.1,54.0
2014,00-0031066,L.Taliaferro,RB,23.0,67.6,55.0
2014,00-0027791,J.Starks,RB,28.0,67.30000000000001,56.0
2014,00-0026855,A.Smith,RB,29.0,66.60000000000001,57.0
2014,00-0030348,K.Robinson,RB,25.0,66.5,58.0
2014,00-0029588,D.Herron,RB,25.0,66.4,59.0
2014,00-0031045,C.Hyde,RB,24.0,62.1,60.0
2014,00-0029273,R.Turbin,RB,25.0,61.6,61.0
2014,00-0030107,T.Riddick,RB,23.0,60.7,62.0
2014,00-0031285,D.Freeman,RB,22.0,60.3,63.0
2014,00-0028011,S.Ridley,RB,25.0,60.00000000000001,64.0
2014,00-0030536,Z.Stacy,RB,23.0,57.50000000000001,65.0
2014,00-0026899,S.Greene,RB,29.0,56.50000000000001,66.0
2014,00-0027861,C.Spiller,RB,27.0,55.5,67.0
2014,00-0028121,J.Todman,RB,24.0,53.400000000000006,68.0
2014,00-0029264,B.Pierce,RB,23.0,52.9,69.0
2014,00-0030388,J.Randle,RB,23.0,52.6,70.0
2014,00-0030282,S.Taylor,RB,23.0,51.7,71.0
2014,00-0027003,D.Brown,RB,27.0,50.400000000000006,72.0
2014,00-0028083,J.Rodgers,RB,24.0,50.0,73.0
2014,00-0031390,C.Sims,RB,24.0,48.5,74.0
2014,00-0027864,Ry.Mathews,RB,27.0,48.2,75.0
2014,00-0030705,J.Thompson,RB,22.0,47.7,76.0
2014,00-0029438,C.Polk,RB,25.0,40.8,77.0
2014,00-0030874,D.Williams,RB,22.0,39.900000000000006,78.0
2014,00-0029429,B.Brown,RB,23.0,38.2,79.0
2014,00-0029205,T.Cadet,RB,25.0,36.800000000000004,80.0
2014,00-0030117,K.Williams,RB,23.0,36.7,81.0
2014,00-0029004,L.Dunbar,RB,24.0,34.6,82.0
2014,00-0030522,M.Ball,RB,24.0,33.4,83.0
2014,00-0024332,L.Washington,RB,32.0,32.6,84.0
2014,00-0029731,F.Whittaker,RB,25.0,31.5,85.0
2014,00-0028064,B.Powell,RB,26.0,29.300000000000004,86.0
2014,00-0024242,D.Williams,RB,31.0,28.3,87.0
2014,00-0029510,J.Grimes,RB,25.0,27.900000000000002,88.0
2014,00-0026988,K.Moreno,RB,27.0,27.599999999999998,89.0
2014,00-0031008,S.Redd,RB,22.0,27.200000000000003,90.0
2014,00-0031057,K.Carey,RB,22.0,24.5,91.0
2014,00-0026367,P.Hillis,RB,28.0,23.200000000000003,92.0
2014,00-0030432,C.Michael,RB,24.0,20.700000000000003,93.0
2014,00-0027864,R.Mathews,RB,27.0,19.7,94.0
2014,00-0024275,M.Jones-Drew,RB,29.0,18.700000000000003,95.0
2014,00-0031243,S.Johnson,RB,22.0,18.2,96.0
2014,00-0027712,J.McKnight,RB,26.0,16.7,97.0
2014,00-0028345,R.Hughes,RB,25.0,16.1,98.0
2014,00-0029048,J.Banyard,RB,26.0,16.0,99.0
2014,00-0029239,B.Bolden,RB,24.0,14.700000000000001,100.0
2014,00-0030855,Z.Tipton,RB,25.0,14.6,101.0
2014,00-0030999,M.Grice,RB,23.0,13.0,102.0
2014,00-0028000,Dn.Thomas,RB,27.0,12.9,103.0
2014,00-0030288,R.Burkhead,RB,24.0,12.600000000000001,104.0
2014,00-0025394,A.Peterson,RB,29.0,12.3,105.0
2014,00-0030860,O.Darkwa,RB,22.0,12.100000000000001,106.0
2014,00-0031123,D.Reaves,RB,21.0,11.9,107.0
2014,00-0023437,R.Brown,RB,33.0,11.700000000000001,108.0
2014,00-0028000,DanielThomas,RB,27.0,11.6,109.0
2014,00-0027786,J.Dwyer,RB,25.0,10.899999999999999,110.0
2014,00-0028581,P.DiMarco,RB,25.0,10.2,111.0
2014,00-0027140,C.Ogbonnaya,RB,28.0,10.0,112.0
2014,00-0029492,J.Olawale,RB,25.0,9.799999999999999,113.0
2014,00-0028000,Da.Thomas,RB,27.0,9.700000000000001,114.0
2014,00-0026019,D.Woodhead,RB,29.0,9.2,115.0
2014,00-0025701,J.Battle,RB,31.0,8.7,116.0
2014,00-0028409,D.Harris,RB,26.0,8.5,117.0
2014,00-0030247,G.Winn,RB,24.0,8.3,118.0
2014,00-0029298,C.Gray,RB,25.0,8.1,119.0
2014,00-0030404,C.Thompson,RB,24.0,7.9,120.0
2014,00-0028000,Dn. Thomas,RB,27.0,7.7,121.0
2014,00-0026932,C.Peerman,RB,28.0,7.0,122.0
2014,00-0031392,D.Archer,RB,23.0,6.300000000000001,123.0
2014,00-0031062,J.White,RB,22.0,6.1000000000000005,124.0
2014,00-0030985,T.Watts,RB,23.0,4.800000000000001,125.0
2014,00-0028841,Wi.Johnson,RB,26.0,4.6000000000000005,126.0
2014,00-0030128,M.Cox,RB,26.0,4.2,127.0
2014,00-0031332,F.Toussaint,RB,24.0,3.9000000000000004,128.0
2014,00-0030391,M.James,RB,23.0,3.2,129.0
2014,00-0027346,Alf.Smith,RB,27.0,3.0000000000000004,130.0
2014,00-0029441,J.Stewart,RB,25.0,2.2,131.0
2014,00-0028202,S.Draughn,RB,27.0,1.9000000000000001,132.0
2014,00-0030653,R.Agnew,RB,23.0,1.7000000000000002,133.0
2014,00-0031450,J.Harris,RB,23.0,1.6,134.0
2014,00-0025439,B.Leonard,RB,30.0,1.5,135.0
2014,00-0030789,A.Andrews,RB,22.0,1.1,136.0
2014,00-0029260,L.James,RB,25.0,0.9,137.0
2014,00-0029317,E.Baker,RB,23.0,0.2,138.0
2014,00-0024103,M.Owens,RB,30.0,0.0,139.0
2014,00-0026316,J.Parmele,RB,29.0,0.0,140.0
2014,00-0028795,C.Reynolds,RB,27.0,0.0,141.0
2014,00-0030668,C.West,RB,23.0,0.0,142.0
2014,00-0031158,G.Atkinson,RB,22.0,0.0,143.0
2014,00-0031459,G.Winston,RB,25.0,0.0,144.0
2014,00-0031209,S.Perry,RB,23.0,-0.1,145.0
2014,00-0028841,W.Johnson,RB,26.0,-0.5,146.0
2014,00-0029401,T.Poole,RB,25.0,-2.0,147.0
2015,00-0031285,D.Freeman,RB,23.0,299.4,1.0
2015,00-0025394,A.Peterson,RB,30.0,293.7,2.0
2015,00-0029613,D.Martin,RB,26.0,261.3,3.0
2015,00-0032241,T.Gurley,RB,21.0,233.4,4.0
2015,00-0027531,C.Ivory,RB,27.0,218.70000000000002,5.0
2015,00-0026184,M.Forte,RB,30.0,218.7,6.0
2015,00-0029615,L.Miller,RB,24.0,217.9,7.0
2015,00-0026144,D.McFadden,RB,28.0,208.70000000000002,8.0
2015,00-0030513,L.Murray,RB,25.0,204.8,9.0
2015,00-0032187,D.Johnson,RB,24.0,196.8,10.0
2015,00-0027029,L.McCoy,RB,27.0,195.70000000000002,11.0
2015,00-0026019,D.Woodhead,RB,30.0,193.1,12.0
2015,00-0027966,M.Ingram,RB,26.0,192.4,13.0
2015,00-0023500,F.Gore,RB,32.0,190.4,14.0
2015,00-0026153,J.Stewart,RB,28.0,179.8,15.0
2015,00-0027155,R.Jennings,RB,30.0,173.9,16.0
2015,00-0030456,G.Bernard,RB,24.0,173.20000000000002,17.0
2015,00-0028009,D.Murray,RB,27.0,169.4,18.0
2015,00-0031301,J.Hill,RB,23.0,169.3,19.0
2015,00-0024242,De.Williams,RB,32.0,167.3,20.0
2015,00-0029683,R.Hillman,RB,24.0,165.4,21.0
2015,00-0032209,T.Yeldon,RB,22.0,158.9,22.0
2015,00-0031390,C.Sims,RB,25.0,155.0,23.0
2015,00-0027791,J.Starks,RB,29.0,152.3,24.0
2015,00-0031897,T.Rawls,RB,22.0,148.6,25.0
2015,00-0030485,E.Lacy,RB,25.0,147.6,26.0
2015,00-0031569,J.Langford,RB,24.0,144.6,27.0
2015,00-0030656,I.Crowell,RB,22.0,140.8,28.0
2015,00-0029854,C.Anderson,RB,24.0,140.3,29.0
2015,00-0030668,C.West,RB,24.0,136.8,30.0
2015,00-0027325,L.Blount,RB,29.0,135.6,31.0
2015,00-0026164,C.Johnson,RB,30.0,132.20000000000002,32.0
2015,00-0031577,J.Allen,RB,24.0,122.7,33.0
2015,00-0031075,A.Blue,RB,24.0,121.7,34.0
2015,00-0027864,R.Mathews,RB,28.0,119.5,35.0
2015,00-0026373,J.Forsett,RB,30.0,119.4,36.0
2015,00-0030496,L.Bell,RB,23.0,116.2,37.0
2015,00-0029141,A.Morris,RB,27.0,114.60000000000001,38.0
2015,00-0031939,M.Jones,RB,22.0,114.4,39.0
2015,00-0030107,T.Riddick,RB,24.0,112.0,40.0
2015,00-0027994,S.Vereen,RB,26.0,111.4,41.0
2015,00-0030789,A.Andrews,RB,23.0,110.04,42.0
2015,00-0023564,D.Sproles,RB,32.0,108.5,43.0
2015,00-0028064,B.Powell,RB,27.0,107.10000000000001,44.0
2015,00-0032104,A.Abdullah,RB,22.0,107.0,45.0
2015,00-0028087,D.Lewis,RB,25.0,103.2,46.0
2015,00-0026213,J.Charles,RB,29.0,100.10000000000001,47.0
2015,00-0032144,M.Gordon,RB,22.0,97.30000000000001,48.0
2015,00-0027218,J.Bell,RB,29.0,94.7,49.0
2015,00-0032152,Ka.Williams,RB,22.0,93.8,50.0
2015,00-0026289,T.Hightower,RB,29.0,91.4,51.0
2015,00-0030414,S.Ware,RB,24.0,86.8,52.0
2015,00-0031045,C.Hyde,RB,25.0,86.30000000000001,53.0
2015,00-0025399,M.Lynch,RB,29.0,85.7,54.0
2015,00-0031062,J.White,RB,23.0,85.60000000000001,55.0
2015,00-0030388,J.Randle,RB,24.0,76.1,56.0
2015,00-0032257,D.Johnson,RB,22.0,71.0,57.0
2015,00-0024242,D.Williams,RB,32.0,69.1,58.0
2015,00-0030287,A.Ellington,RB,26.0,68.7,59.0
2015,00-0026796,A.Foster,RB,29.0,68.0,60.0
2015,00-0031376,J.McKinnon,RB,23.0,65.4,61.0
2015,00-0029510,J.Grimes,RB,26.0,64.5,62.0
2015,00-0028202,S.Draughn,RB,28.0,63.9,63.0
2015,00-0030404,C.Thompson,RB,25.0,63.6,64.0
2015,00-0029438,C.Polk,RB,26.0,58.300000000000004,65.0
2015,00-0030547,D.Robinson,RB,25.0,55.0,66.0
2015,00-0029239,B.Bolden,RB,25.0,53.7,67.0
2015,00-0030348,K.Robinson,RB,26.0,53.50000000000001,68.0
2015,00-0032257,D.Johnson Jr,RB,22.0,53.3,69.0
2015,00-0030433,M.Gillislee,RB,25.0,52.599999999999994,70.0
2015,00-0032058,T.Coleman,RB,22.0,50.6,71.0
2015,00-0027861,C.Spiller,RB,28.0,50.1,72.0
2015,00-0031413,B.Sankey,RB,23.0,49.2,73.0
2015,00-0027003,D.Brown,RB,28.0,47.699999999999996,74.0
2015,00-0029795,B.Cunningham,RB,25.0,47.0,75.0
2015,00-0024204,F.Jackson,RB,34.0,43.7,76.0
2015,00-0031590,J.Ajayi,RB,22.0,38.7,77.0
2015,00-0028409,D.Harris,RB,27.0,38.6,78.0
2015,00-0029004,L.Dunbar,RB,25.0,38.2,79.0
2015,00-0031391,T.Mason,RB,22.0,35.5,80.0
2015,00-0031599,C.Artis-Payne,RB,25.0,35.1,81.0
2015,00-0030432,C.Michael,RB,25.0,34.900000000000006,82.0
2015,00-0031055,A.Williams,RB,23.0,34.4,83.0
2015,00-0029205,T.Cadet,RB,26.0,31.200000000000003,84.0
2015,00-0031057,K.Carey,RB,23.0,30.8,85.0
2015,00-0032152,K.Williams,RB,22.0,28.500000000000004,86.0
2015,00-0029104,J.Gray,RB,25.0,28.200000000000003,87.0
2015,00-0029273,R.Turbin,RB,26.0,28.200000000000003,88.0
2015,00-0025637,A.Bradshaw,RB,29.0,27.9,89.0
2015,00-0031277,B.Oliver,RB,24.0,26.0,90.0
2015,00-0029492,J.Olawale,RB,26.0,25.400000000000002,91.0
2015,00-0028063,T.Jones,RB,27.0,25.0,92.0
2015,00-0031682,T.Ward,RB,23.0,24.799999999999997,93.0
2015,00-0028198,M.Asiata,RB,28.0,24.400000000000002,94.0
2015,00-0030860,O.Darkwa,RB,23.0,24.400000000000002,95.0
2015,00-0031375,T.West,RB,24.0,24.200000000000003,96.0
2015,00-0030536,Z.Stacy,RB,24.0,22.400000000000002,97.0
2015,00-0032133,D.Cobb,RB,22.0,22.4,98.0
2015,00-0029731,F.Whittaker,RB,26.0,22.200000000000003,99.0
2015,00-0030117,K.Williams,RB,24.0,21.800000000000004,100.0
2015,00-0028581,P.DiMarco,RB,26.0,19.0,101.0
2015,00-0024813,P.Thomas,RB,31.0,17.8,102.0
2015,00-0028043,R.Helu,RB,27.0,15.4,103.0
2015,00-0032130,J.Fowler,RB,25.0,14.700000000000001,104.0
2015,00-0030280,K.Davis,RB,24.0,14.600000000000001,105.0
2015,00-0031743,A.Hunt,RB,22.0,14.5,106.0
2015,00-0027772,A.Dixon,RB,28.0,13.8,107.0
2015,00-0030465,K.Barner,RB,26.0,13.600000000000001,108.0
2015,00-0031066,L.Taliaferro,RB,24.0,13.600000000000001,109.0
2015,00-0029429,B.Brown,RB,24.0,13.2,110.0
2015,00-0030874,Da.Williams,RB,23.0,13.100000000000001,111.0
2015,00-0022736,S.Jackson,RB,32.0,13.0,112.0
2015,00-0029588,D.Herron,RB,26.0,12.600000000000001,113.0
2015,00-0030288,R.Burkhead,RB,25.0,11.8,114.0
2015,00-0030039,K.Gaskins,RB,25.0,11.7,115.0
2015,00-0030705,J.Thompson,RB,23.0,10.900000000000002,116.0
2015,00-0032063,M.Davis,RB,22.0,10.600000000000001,117.0
2015,00-0030874,D.Williams,RB,23.0,10.0,118.0
2015,00-0028841,W.Johnson,RB,27.0,9.3,119.0
2015,00-0031493,J.Hayne,RB,27.0,8.9,120.0
2015,00-0028011,S.Ridley,RB,26.0,8.8,121.0
2015,00-0030855,Z.Tipton,RB,26.0,8.7,122.0
2015,00-0027888,T.Gerhart,RB,28.0,7.7,123.0
2015,00-0031665,Z.Zenner,RB,24.0,7.1000000000000005,124.0
2015,00-0031332,F.Toussaint,RB,25.0,6.200000000000001,125.0
2015,00-0030282,S.Taylor,RB,24.0,6.2,126.0
2015,00-0031611,J.Robinson,RB,23.0,5.200000000000001,127.0
2015,00-0028083,J.Rodgers,RB,25.0,5.1,128.0
2015,00-0024217,R.Bush,RB,30.0,4.7,129.0
2015,00-0029384,B.Rainey,RB,28.0,3.4,130.0
2015,00-0030578,C.Patterson,RB,24.0,2.5,131.0
2015,00-0028121,J.Todman,RB,25.0,2.2,132.0
2015,00-0031826,J.Crockett,RB,23.0,2.1,133.0
2015,00-0031830,A.Harris,RB,23.0,1.9000000000000001,134.0
2015,00-0029264,B.Pierce,RB,24.0,1.8000000000000003,135.0
2015,00-0031806,M.Brown,RB,22.0,1.5000000000000002,136.0
2015,00-0032068,M.Johnson,RB,23.0,1.5000000000000002,137.0
2015,00-0031531,T.Williams,RB,23.0,1.2000000000000002,138.0
2015,00-0026855,A.Smith,RB,30.0,1.1,139.0
2015,00-0031900,R.Smith,RB,23.0,1.1,140.0
2015,00-0031768,T.Magee,RB,22.0,0.7,141.0
2015,00-0028053,K.Hunter,RB,27.0,0.2,142.0
2015,00-0030247,G.Winn,RB,25.0,0.1,143.0
2015,00-0026932,C.Peerman,RB,29.0,0.0,144.0
2015,00-0028795,C.Reynolds,RB,28.0,0.0,145.0
2015,00-0029048,J.Banyard,RB,27.0,0.0,146.0
2015,00-0029260,L.James,RB,26.0,0.0,147.0
2015,00-0031102,K.Bibbs,RB,22.0,0.0,148.0
2015,00-0031392,D.Archer,RB,24.0,0.0,149.0
2015,00-0031687,R.Mostert,RB,23.0,0.0,150.0
2015,00-0031959,M.Murphy,RB,24.0,0.0,151.0
2015,00-0030248,C.Wood,RB,24.0,-0.30000000000000004,152.0
2015,00-0031731,C.Grant,RB,24.0,-0.49999999999999967,153.0
2015,00-0029626,I.Pead,RB,26.0,-1.7,154.0
2015,00-0031459,G.Winston,RB,26.0,-2.8,155.0
2016,00-0032187,D.Johnson,RB,25.0,409.8,1.0
2016,00-0033045,E.Elliott,RB,21.0,369.40000000000003,2.0
2016,00-0030496,L.Bell,RB,24.0,320.40000000000003,3.0
2016,00-0027029,L.McCoy,RB,28.0,309.3,4.0
2016,00-0028009,D.Murray,RB,28.0,301.8,5.0
2016,00-0031285,D.Freeman,RB,24.0,283.1,6.0
2016,00-0032780,J.Howard,RB,22.0,270.1,7.0
2016,00-0032144,M.Gordon,RB,23.0,255.6,8.0
2016,00-0027325,L.Blount,RB,30.0,250.9,9.0
2016,00-0027966,M.Ingram,RB,27.0,237.20000000000002,10.0
2016,00-0031590,J.Ajayi,RB,23.0,236.3,11.0
2016,00-0023500,F.Gore,RB,33.0,214.20000000000002,12.0
2016,00-0030414,S.Ware,RB,25.0,207.8,13.0
2016,00-0029615,L.Miller,RB,25.0,207.1,14.0
2016,00-0030656,I.Crowell,RB,23.0,205.10000000000002,15.0
2016,00-0030513,L.Murray,RB,26.0,204.20000000000002,16.0
2016,00-0031045,C.Hyde,RB,26.0,199.1,17.0
2016,00-0032241,T.Gurley,RB,22.0,190.20000000000002,18.0
2016,00-0026184,M.Forte,RB,31.0,187.6,19.0
2016,00-0031301,J.Hill,RB,24.0,179.3,20.0
2016,00-0032058,T.Coleman,RB,23.0,179.1,21.0
2016,00-0028064,B.Powell,RB,28.0,173.0,22.0
2016,00-0031375,T.West,RB,25.0,162.0,23.0
2016,00-0026153,J.Stewart,RB,29.0,157.4,24.0
2016,00-0027864,R.Mathews,RB,29.0,149.6,25.0
2016,00-0032371,R.Kelley,RB,24.0,136.6,26.0
2016,00-0032972,D.Booker,RB,24.0,131.70000000000002,27.0
2016,00-0023564,D.Sproles,RB,33.0,131.5,28.0
2016,00-0026289,T.Hightower,RB,30.0,127.80000000000001,29.0
2016,00-0030432,C.Michael,RB,26.0,126.0,30.0
2016,00-0030107,T.Riddick,RB,25.0,124.80000000000001,31.0
2016,00-0031376,J.McKinnon,RB,24.0,123.4,32.0
2016,00-0027155,R.Jennings,RB,31.0,121.4,33.0
2016,00-0030433,M.Gillislee,RB,26.0,119.69999999999999,34.0
2016,00-0028198,M.Asiata,RB,29.0,112.5,35.0
2016,00-0031062,J.White,RB,24.0,105.7,36.0
2016,00-0030404,C.Thompson,RB,26.0,105.5,37.0
2016,00-0032209,T.Yeldon,RB,23.0,104.7,38.0
2016,00-0029854,C.Anderson,RB,25.0,102.5,39.0
2016,00-0028083,J.Rodgers,RB,26.0,100.80000000000001,40.0
2016,00-0032764,D.Henry,RB,22.0,100.7,41.0
2016,00-0030456,G.Bernard,RB,25.0,100.3,42.0
2016,00-0033025,J.Richard,RB,23.0,96.5,43.0
2016,00-0027531,C.Ivory,RB,28.0,93.5,44.0
2016,00-0024242,D.Williams,RB,33.0,93.10000000000001,45.0
2016,00-0029613,D.Martin,RB,27.0,87.5,46.0
2016,00-0031665,Z.Zenner,RB,25.0,87.0,47.0
2016,00-0032411,K.Dixon,RB,22.0,84.4,48.0
2016,00-0031939,M.Jones,RB,23.0,84.3,49.0
2016,00-0028202,S.Draughn,RB,29.0,82.9,50.0
2016,00-0032940,D.Washington,RB,23.0,79.2,51.0
2016,00-0032417,P.Perkins,RB,22.0,77.80000000000001,52.0
2016,00-0029273,R.Turbin,RB,27.0,75.3,53.0
2016,00-0030668,C.West,RB,25.0,74.10000000000001,54.0
2016,00-0031897,T.Rawls,RB,23.0,71.5,55.0
2016,00-0030288,R.Burkhead,RB,26.0,70.9,56.0
2016,00-0030874,D.Williams,RB,24.0,65.4,57.0
2016,00-0032257,D.Johnson Jr.,RB,23.0,65.3,58.0
2016,00-0030578,C.Patterson,RB,25.0,64.60000000000001,59.0
2016,00-0029731,F.Whittaker,RB,27.0,60.1,60.0
2016,00-0032393,C.Prosise,RB,22.0,60.0,61.0
2016,00-0031075,A.Blue,RB,25.0,58.0,62.0
2016,00-0031569,J.Langford,RB,25.0,55.2,63.0
2016,00-0030485,E.Lacy,RB,26.0,53.8,64.0
2016,00-0031390,C.Sims,RB,26.0,49.9,65.0
2016,00-0032257,D.Johnson,RB,23.0,48.900000000000006,66.0
2016,00-0032782,W.Smallwood,RB,22.0,48.7,67.0
2016,00-0029205,T.Cadet,RB,27.0,48.0,68.0
2016,00-0028087,D.Lewis,RB,26.0,47.7,69.0
2016,00-0026373,J.Forsett,RB,31.0,47.6,70.0
2016,00-0029492,J.Olawale,RB,27.0,46.4,71.0
2016,00-0027791,J.Starks,RB,30.0,41.900000000000006,72.0
2016,00-0032450,D.Washington,RB,22.0,41.7,73.0
2016,00-0029141,A.Morris,RB,28.0,36.4,74.0
2016,00-0031731,C.Grant,RB,25.0,35.900000000000006,75.0
2016,00-0033118,K.Drake,RB,22.0,34.5,76.0
2016,00-0032741,P.Barber,RB,22.0,34.1,77.0
2016,00-0028409,D.Harris,RB,28.0,33.300000000000004,78.0
2016,00-0027994,S.Vereen,RB,27.0,33.2,79.0
2016,00-0030117,K.Williams,RB,25.0,30.3,80.0
2016,00-0031599,C.Artis-Payne,RB,26.0,29.5,81.0
2016,00-0032902,K.Farrow,RB,23.0,29.200000000000003,82.0
2016,00-0030465,K.Barner,RB,27.0,29.1,83.0
2016,00-0031102,K.Bibbs,RB,23.0,28.4,84.0
2016,00-0029683,R.Hillman,RB,25.0,27.400000000000002,85.0
2016,00-0032426,A.Collins,RB,22.0,26.900000000000002,86.0
2016,00-0032104,A.Abdullah,RB,23.0,25.8,87.0
2016,00-0029384,B.Rainey,RB,29.0,25.6,88.0
2016,00-0030860,O.Darkwa,RB,24.0,25.3,89.0
2016,00-0026019,D.Woodhead,RB,31.0,25.1,90.0
2016,00-0029510,J.Grimes,RB,27.0,21.9,91.0
2016,00-0029795,B.Cunningham,RB,26.0,21.200000000000003,92.0
2016,00-0029004,L.Dunbar,RB,26.0,20.3,93.0
2016,00-0031057,K.Carey,RB,24.0,20.1,94.0
2016,00-0026796,A.Foster,RB,30.0,19.3,95.0
2016,00-0030547,D.Robinson,RB,26.0,18.6,96.0
2016,00-0031682,T.Ward,RB,24.0,18.200000000000003,97.0
2016,00-0030287,A.Ellington,RB,27.0,18.1,98.0
2016,00-0032048,M.Brown,RB,25.0,16.0,99.0
2016,00-0024217,R.Bush,RB,31.0,15.700000000000001,100.0
2016,00-0032377,J.Ferguson,RB,23.0,15.600000000000001,101.0
2016,00-0026164,C.Johnson,RB,31.0,15.5,102.0
2016,00-0031743,A.Hunt,RB,23.0,14.8,103.0
2016,00-0026855,A.Smith,RB,31.0,12.400000000000002,104.0
2016,00-0026144,D.McFadden,RB,29.0,12.4,105.0
2016,00-0031055,A.Williams,RB,24.0,11.700000000000001,106.0
2016,00-0026213,J.Charles,RB,30.0,11.399999999999999,107.0
2016,00-0027861,C.Spiller,RB,29.0,10.8,108.0
2016,00-0032063,M.Davis,RB,23.0,10.5,109.0
2016,00-0032975,J.Williams,RB,22.0,10.4,110.0
2016,00-0028581,P.DiMarco,RB,27.0,9.2,111.0
2016,00-0031332,F.Toussaint,RB,26.0,9.100000000000001,112.0
2016,00-0031158,G.Atkinson III,RB,24.0,8.4,113.0
2016,00-0032964,B.Marshall,RB,22.0,8.4,114.0
2016,00-0031793,T.Watson,RB,23.0,8.3,115.0
2016,00-0030705,J.Thompson,RB,24.0,7.6,116.0
2016,00-0031806,M.Brown,RB,23.0,6.5,117.0
2016,00-0025394,A.Peterson,RB,31.0,6.0,118.0
2016,00-0028121,J.Todman,RB,26.0,5.9,119.0
2016,00-0030280,K.Davis,RB,25.0,5.300000000000001,120.0
2016,00-0031577,J.Allen,RB,25.0,4.9,121.0
2016,00-0033164,T.Pope,RB,23.0,4.9,122.0
2016,00-0032593,B.Wilds,RB,23.0,4.699999999999999,123.0
2016,00-0032804,D.Lasco,RB,24.0,4.300000000000001,124.0
2016,00-0030391,M.James,RB,25.0,4.1000000000000005,125.0
2016,00-0028063,T.Jones,RB,28.0,3.5,126.0
2016,00-0032636,D.Jackson,RB,23.0,3.2,127.0
2016,00-0029626,I.Pead,RB,27.0,2.8000000000000003,128.0
2016,00-0032794,D.Vitale,RB,23.0,2.7,129.0
2016,00-0032577,D.Foster,RB,23.0,2.6000000000000005,130.0
2016,00-0032068,M.Johnson,RB,24.0,2.6,131.0
2016,00-0032404,T.Ervin,RB,23.0,2.1,132.0
2016,00-0029239,B.Bolden,RB,26.0,1.9,133.0
2016,00-0032602,J.McKissic,RB,23.0,1.8,134.0
2016,00-0032130,J.Fowler,RB,26.0,1.7000000000000002,135.0
2016,00-0026932,C.Peerman,RB,30.0,1.5,136.0
2016,00-0030789,A.Andrews,RB,24.0,1.5,137.0
2016,00-0030282,S.Taylor,RB,25.0,1.2000000000000002,138.0
2016,00-0031768,T.Magee,RB,23.0,1.2000000000000002,139.0
2016,00-0032298,B.Hill,RB,23.0,1.1,140.0
2016,00-0031066,L.Taliaferro,RB,25.0,1.0,141.0
2016,00-0028011,S.Ridley,RB,27.0,0.7000000000000001,142.0
2016,00-0029048,J.Banyard,RB,28.0,0.7000000000000001,143.0
2016,00-0029612,D.Richardson,RB,26.0,0.7000000000000001,144.0
2016,00-0031687,R.Mostert,RB,24.0,0.6000000000000001,145.0
2016,00-0031746,G.Farmer,RB,23.0,0.5,146.0
2016,00-0027218,J.Bell,RB,30.0,0.4000000000000001,147.0
2016,00-0028795,C.Reynolds,RB,29.0,0.4,148.0
2016,00-0031900,R.Smith,RB,24.0,0.4,149.0
2016,00-0031959,M.Murphy,RB,25.0,0.30000000000000004,150.0
2016,00-0030348,K.Robinson,RB,27.0,0.20000000000000018,151.0
2016,00-0031158,G.Atkinson,RB,24.0,0.0,152.0
2016,00-0031900,R .Smith,RB,24.0,0.0,153.0
2016,00-0032844,B.Burks,RB,23.0,-0.4,154.0
2017,00-0032241,T.Gurley,RB,23.0,391.3,1.0
2017,00-0030496,L.Bell,RB,25.0,331.40000000000003,2.0
2017,00-0033923,K.Hunt,RB,22.0,309.2,3.0
2017,00-0032144,M.Gordon,RB,24.0,283.1,4.0
2017,00-0033906,A.Kamara,RB,22.0,282.40000000000003,5.0
2017,00-0027966,M.Ingram,RB,28.0,272.0,6.0
2017,00-0027029,L.McCoy,RB,29.0,264.6,7.0
2017,00-0033856,L.Fournette,RB,22.0,243.20000000000002,8.0
2017,00-0033045,E.Elliott,RB,22.0,224.20000000000002,9.0
2017,00-0032780,Jo.Howard,RB,23.0,217.7,10.0
2017,00-0031045,C.Hyde,RB,27.0,212.8,11.0
2017,00-0031285,D.Freeman,RB,25.0,203.20000000000002,12.0
2017,00-0028087,D.Lewis,RB,27.0,193.0,13.0
2017,00-0029854,C.Anderson,RB,26.0,192.1,14.0
2017,00-0029615,L.Miller,RB,26.0,187.5,15.0
2017,00-0023500,F.Gore,RB,34.0,184.60000000000002,16.0
2017,00-0032426,A.Collins,RB,23.0,180.0,17.0
2017,00-0025399,M.Lynch,RB,31.0,175.20000000000002,18.0
2017,00-0033280,C.McCaffrey,RB,21.0,169.6,19.0
2017,00-0030513,L.Murray,RB,27.0,167.5,20.0
2017,00-0032058,T.Coleman,RB,24.0,156.70000000000002,21.0
2017,00-0028009,D.Murray,RB,29.0,152.5,22.0
2017,00-0031376,J.McKinnon,RB,25.0,152.1,23.0
2017,00-0030656,I.Crowell,RB,24.0,148.5,24.0
2017,00-0031590,J.Ajayi,RB,24.0,148.1,25.0
2017,00-0032764,D.Henry,RB,23.0,145.0,26.0
2017,00-0028064,B.Powell,RB,29.0,144.2,27.0
2017,00-0030860,O.Darkwa,RB,25.0,141.7,28.0
2017,00-0033118,K.Drake,RB,23.0,141.3,29.0
2017,00-0033948,J.Williams,RB,22.0,140.8,30.0
2017,00-0033897,J.Mixon,RB,21.0,139.3,31.0
2017,00-0030404,C.Thompson,RB,27.0,136.4,32.0
2017,00-0031577,J.Allen,RB,26.0,134.1,33.0
2017,00-0030456,G.Bernard,RB,26.0,130.7,34.0
2017,00-0026153,J.Stewart,RB,30.0,124.2,35.0
2017,00-0027325,L.Blount,RB,31.0,116.60000000000001,36.0
2017,00-0033556,T.Cohen,RB,22.0,113.14000000000001,37.0
2017,00-0033526,S.Perine,RB,22.0,110.5,38.0
2017,00-0032104,A.Abdullah,RB,24.0,110.4,39.0
2017,00-0030107,T.Riddick,RB,26.0,107.0,40.0
2017,00-0032257,D.Johnson,RB,24.0,105.4,41.0
2017,00-0030288,R.Burkhead,RB,27.0,103.80000000000001,42.0
2017,00-0026184,M.Forte,RB,32.0,95.4,43.0
2017,00-0033308,M.Breida,RB,22.0,92.5,44.0
2017,00-0033951,M.Mack,RB,21.0,88.3,45.0
2017,00-0031062,J.White,RB,25.0,86.0,46.0
2017,00-0033950,W.Gallman,RB,23.0,85.9,47.0
2017,00-0025394,A.Peterson,RB,32.0,84.9,48.0
2017,00-0033699,A.Ekeler,RB,22.0,84.9,49.0
2017,00-0029141,A.Morris,RB,29.0,84.2,50.0
2017,00-0033293,A.Jones,RB,23.0,84.0,51.0
2017,00-0032741,P.Barber,RB,23.0,83.7,52.0
2017,00-0033725,C.Clement,RB,23.0,79.4,53.0
2017,00-0031900,R.Smith,RB,25.0,78.4,54.0
2017,00-0027531,C.Ivory,RB,29.0,77.7,55.0
2017,00-0029613,D.Martin,RB,28.0,77.0,56.0
2017,00-0032972,D.Booker,RB,25.0,71.4,57.0
2017,00-0033893,D.Cook,RB,22.0,71.4,58.0
2017,00-0033025,J.Richard,RB,24.0,71.10000000000001,59.0
2017,00-0030117,K.Williams,RB,26.0,69.9,60.0
2017,00-0030433,M.Gillislee,RB,27.0,69.8,61.0
2017,00-0032209,T.Yeldon,RB,24.0,69.7,62.0
2017,00-0033295,E.McGuire,RB,23.0,68.2,63.0
2017,00-0032602,J.McKissic,RB,24.0,64.3,64.0
2017,00-0030578,C.Patterson,RB,26.0,63.0,65.0
2017,00-0032257,D.Johnson Jr.,RB,24.0,62.7,66.0
2017,00-0030287,A.Ellington,RB,28.0,59.400000000000006,67.0
2017,00-0033925,D.Foreman,RB,21.0,58.0,68.0
2017,00-0032940,D.Washington,RB,24.0,52.0,69.0
2017,00-0026213,J.Charles,RB,31.0,49.5,70.0
2017,00-0032063,M.Davis,RB,24.0,49.1,71.0
2017,00-0030874,D.Williams,RB,25.0,46.60000000000001,72.0
2017,00-0027994,S.Vereen,RB,28.0,45.7,73.0
2017,00-0031075,A.Blue,RB,26.0,45.6,74.0
2017,00-0031731,C.Grant,RB,26.0,44.900000000000006,75.0
2017,00-0028083,J.Rodgers,RB,27.0,44.8,76.0
2017,00-0033594,C.Carson,RB,23.0,40.7,77.0
2017,00-0030668,C.West,RB,26.0,40.2,78.0
2017,00-0031806,M.Brown,RB,24.0,39.900000000000006,79.0
2017,00-0032371,R.Kelley,RB,25.0,39.2,80.0
2017,00-0032782,W.Smallwood,RB,23.0,38.7,81.0
2017,00-0031390,C.Sims III,RB,27.0,38.4,82.0
2017,00-0029795,B.Cunningham,RB,27.0,35.9,83.0
2017,00-0031102,K.Bibbs,RB,24.0,32.7,84.0
2017,00-0033748,T.Green,RB,24.0,29.900000000000002,85.0
2017,00-0031375,T.West,RB,26.0,28.1,86.0
2017,00-0026019,D.Woodhead,RB,32.0,27.6,87.0
2017,00-0030485,E.Lacy,RB,27.0,26.6,88.0
2017,00-0031897,T.Rawls,RB,24.0,26.1,89.0
2017,00-0029205,T.Cadet,RB,28.0,24.500000000000004,90.0
2017,00-0028011,S.Ridley,RB,28.0,18.8,91.0
2017,00-0026164,C.Johnson,RB,32.0,18.700000000000003,92.0
2017,00-0023564,D.Sproles,RB,34.0,17.400000000000002,93.0
2017,00-0029273,R.Turbin,RB,28.0,16.9,94.0
2017,00-0031599,C.Artis-Payne,RB,27.0,16.700000000000003,95.0
2017,00-0030465,K.Barner,RB,28.0,16.3,96.0
2017,00-0032577,D.Foster,RB,24.0,15.200000000000001,97.0
2017,00-0033553,J.Conner,RB,22.0,14.400000000000002,98.0
2017,00-0031682,T.Ward,RB,25.0,14.3,99.0
2017,00-0032417,P.Perkins,RB,23.0,13.600000000000001,100.0
2017,00-0031301,J.Hill,RB,25.0,13.200000000000001,101.0
2017,00-0032393,C.Prosise,RB,23.0,13.000000000000002,102.0
2017,00-0029492,J.Olawale,RB,28.0,12.6,103.0
2017,00-0031277,B.Oliver,RB,26.0,10.9,104.0
2017,00-0033838,T.Edmunds,RB,23.0,10.8,105.0
2017,00-0029731,F.Whittaker,RB,28.0,10.500000000000002,106.0
2017,00-0029004,L.Dunbar,RB,27.0,10.2,107.0
2017,00-0032187,Da.Johnson,RB,26.0,10.0,108.0
2017,00-0033581,D.Henderson,RB,25.0,9.9,109.0
2017,00-0029239,B.Bolden,RB,27.0,8.4,110.0
2017,00-0033567,B.Hill,RB,22.0,8.3,111.0
2017,00-0031665,Z.Zenner,RB,26.0,7.6,112.0
2017,00-0032964,B.Marshall,RB,23.0,6.800000000000001,113.0
2017,00-0031959,M.Murphy,RB,26.0,5.800000000000001,114.0
2017,00-0032450,D.Washington,RB,23.0,5.800000000000001,115.0
2017,00-0031743,A.Hunt,RB,24.0,5.4,116.0
2017,00-0032130,J.Fowler,RB,27.0,5.3999999999999995,117.0
2017,00-0032404,T.Ervin,RB,24.0,5.0,118.0
2017,00-0033596,M.Dayes,RB,23.0,4.2,119.0
2017,00-0032048,M.Brown,RB,26.0,4.0,120.0
2017,00-0031332,F.Toussaint,RB,27.0,3.4000000000000004,121.0
2017,00-0031209,S.Perry,RB,26.0,3.3000000000000003,122.0
2017,00-0033413,D.Smith,RB,23.0,2.7,123.0
2017,00-0028581,P.DiMarco,RB,28.0,2.6,124.0
2017,00-0031055,A.Williams,RB,25.0,2.5000000000000004,125.0
2017,00-0030711,D.Fluellen,RB,25.0,2.1,126.0
2017,00-0032377,J.Ferguson,RB,24.0,2.1,127.0
2017,00-0029384,B.Rainey,RB,30.0,2.0,128.0
2017,00-0032794,D.Vitale,RB,24.0,1.9000000000000004,129.0
2017,00-0031939,M.Jones,RB,24.0,1.4000000000000001,130.0
2017,00-0033384,L.Daniels,RB,22.0,1.4000000000000001,131.0
2017,00-0028063,T.Jones,RB,29.0,1.1,132.0
2017,00-0031687,R.Mostert,RB,25.0,1.0000000000000002,133.0
2017,00-0031793,T.Watson,RB,24.0,0.8,134.0
2017,00-0033760,J.Davis,RB,22.0,0.1,135.0
2017,00-0027861,C.Spiller,RB,30.0,0.0,136.0
2017,00-0028121,J.Todman,RB,27.0,0.0,137.0
2017,00-0032804,D.Lasco,RB,25.0,0.0,138.0
2017,00-0033296,A.Armah,RB,23.0,0.0,139.0
2017,00-0033955,J.McNichols,RB,22.0,0.0,140.0
2017,00-0026144,D.McFadden,RB,30.0,-0.2,141.0
2017,00-0032298,B.Hill,RB,24.0,-0.2,142.0
2017,00-0033304,D.Mays,RB,23.0,-1.9000000000000001,143.0
2018,00-0034844,S.Barkley,RB,21.0,374.8,1.0
2018,00-0032241,T.Gurley,RB,24.0,370.1,2.0
2018,00-0033280,C.McCaffrey,RB,22.0,350.5,3.0
2018,00-0033045,E.Elliott,RB,23.0,334.1,4.0
2018,00-0033906,A.Kamara,RB,23.0,322.20000000000005,5.0
2018,00-0033553,J.Conner,RB,23.0,271.0,6.0
2018,00-0032144,M.Gordon,RB,25.0,268.5,7.0
2018,00-0033897,J.Mixon,RB,22.0,255.4,8.0
2018,00-0032187,D.Johnson,RB,27.0,240.6,9.0
2018,00-0033923,K.Hunt,RB,23.0,234.2,10.0
2018,00-0034109,P.Lindsay,RB,24.0,231.8,11.0
2018,00-0033594,C.Carson,RB,24.0,230.4,12.0
2018,00-0032764,D.Henry,RB,24.0,212.36,13.0
2018,00-0031062,J.White,RB,26.0,211.6,14.0
2018,00-0034791,N.Chubb,RB,23.0,210.5,15.0
2018,00-0025394,A.Peterson,RB,33.0,209.0,16.0
2018,00-0033556,T.Cohen,RB,23.0,191.94,17.0
2018,00-0032780,J.Howard,RB,24.0,190.0,18.0
2018,00-0033951,M.Mack,RB,22.0,186.10000000000002,19.0
2018,00-0029615,L.Miller,RB,27.0,185.6,20.0
2018,00-0032058,T.Coleman,RB,25.0,185.6,21.0
2018,00-0033293,A.Jones,RB,24.0,171.4,22.0
2018,00-0033308,M.Breida,RB,23.0,169.5,23.0
2018,00-0033118,K.Drake,RB,24.0,169.20000000000002,24.0
2018,00-0034845,S.Michel,RB,23.0,164.10000000000002,25.0
2018,00-0032741,P.Barber,RB,24.0,153.3,26.0
2018,00-0033699,A.Ekeler,RB,23.0,151.8,27.0
2018,00-0033893,D.Cook,RB,23.0,146.0,28.0
2018,00-0030656,I.Crowell,RB,25.0,142.70000000000002,29.0
2018,00-0027966,M.Ingram,RB,29.0,140.5,30.0
2018,00-0032209,T.Yeldon,RB,25.0,139.1,31.0
2018,00-0034349,K.Johnson,RB,21.0,133.4,32.0
2018,00-0028087,D.Lewis,RB,28.0,128.7,33.0
2018,00-0029613,D.Martin,RB,29.0,123.9,34.0
2018,00-0030513,L.Murray,RB,28.0,122.9,35.0
2018,00-0034184,G.Edwards,RB,23.0,118.80000000000001,36.0
2018,00-0032063,M.Davis,RB,25.0,118.8,37.0
2018,00-0023500,F.Gore,RB,35.0,117.60000000000001,38.0
2018,00-0033856,L.Fournette,RB,23.0,116.4,39.0
2018,00-0027029,L.McCoy,RB,30.0,114.2,40.0
2018,00-0033025,J.Richard,RB,25.0,111.60000000000001,41.0
2018,00-0034367,N.Hines,RB,22.0,107.9,42.0
2018,00-0033948,J.Williams,RB,23.0,101.4,43.0
2018,00-0031045,C.Hyde,RB,28.0,100.4,44.0
2018,00-0032782,W.Smallwood,RB,24.0,97.4,45.0
2018,00-0032426,A.Collins,RB,24.0,96.60000000000001,46.0
2018,00-0034838,R.Freeman,RB,22.0,95.30000000000001,47.0
2018,00-0032257,D.Johnson,RB,25.0,94.0,48.0
2018,00-0031075,A.Blue,RB,27.0,88.3,49.0
2018,00-0034457,J.Adams,RB,22.0,85.9,50.0
2018,00-0027325,L.Blount,RB,32.0,83.5,51.0
2018,00-0030874,Dam. Williams,RB,26.0,82.60000000000001,52.0
2018,00-0027531,C.Ivory,RB,30.0,81.0,53.0
2018,00-0025399,M.Lynch,RB,32.0,77.0,54.0
2018,00-0033295,E.McGuire,RB,24.0,74.9,55.0
2018,00-0029854,C.Anderson,RB,27.0,74.4,56.0
2018,00-0034378,I.Smith,RB,23.0,73.7,57.0
2018,00-0034750,R.Penny,RB,22.0,73.4,58.0
2018,00-0030578,C.Patterson,RB,27.0,72.5,59.0
2018,00-0029141,A.Morris,RB,30.0,72.1,60.0
2018,00-0030414,S.Ware,RB,27.0,72.0,61.0
2018,00-0034331,J.Samuels,RB,22.0,71.5,62.0
2018,00-0033725,C.Clement,RB,24.0,69.10000000000001,63.0
2018,00-0030456,G.Bernard,RB,27.0,65.9,64.0
2018,00-0030107,T.Riddick,RB,27.0,63.5,65.0
2018,00-0030404,C.Thompson,RB,28.0,60.6,66.0
2018,00-0032411,K.Dixon,RB,24.0,59.400000000000006,67.0
2018,00-0028064,B.Powell,RB,30.0,59.300000000000004,68.0
2018,00-0032972,D.Booker,RB,26.0,58.800000000000004,69.0
2018,00-0031665,Z.Zenner,RB,27.0,57.1,70.0
2018,00-0031577,J.Allen,RB,27.0,56.6,71.0
2018,00-0028083,J.Rodgers,RB,28.0,54.0,72.0
2018,00-0034440,J.Jackson,RB,22.0,52.1,73.0
2018,00-0034400,J.Wilkins,RB,24.0,50.1,74.0
2018,00-0023564,D.Sproles,RB,35.0,48.0,75.0
2018,00-0034681,C.Edmonds,RB,22.0,45.1,76.0
2018,00-0034115,J.Wilson,RB,23.0,44.400000000000006,77.0
2018,00-0031102,K.Bibbs,RB,25.0,42.800000000000004,78.0
2018,00-0030288,R.Burkhead,RB,28.0,40.7,79.0
2018,00-0031687,R.Mostert,RB,26.0,40.6,80.0
2018,00-0031590,J.Ajayi,RB,25.0,40.4,81.0
2018,00-0031806,M.Brown,RB,25.0,36.4,82.0
2018,00-0034799,K.Ballage,RB,23.0,35.7,83.0
2018,00-0034164,T.Cannon,RB,24.0,32.7,84.0
2018,00-0031959,M.Murphy,RB,27.0,31.6,85.0
2018,00-0033950,W.Gallman,RB,24.0,30.5,86.0
2018,00-0031900,R.Smith,RB,26.0,25.700000000000003,87.0
2018,00-0029239,B.Bolden,RB,28.0,24.4,88.0
2018,00-0032450,D.Washington,RB,24.0,22.400000000000002,89.0
2018,00-0033567,B.Hill,RB,23.0,20.599999999999998,90.0
2018,00-0031599,C.Artis-Payne,RB,28.0,14.4,91.0
2018,00-0033373,T.Mizzell,RB,25.0,13.400000000000002,92.0
2018,00-0031731,C.Grant,RB,27.0,12.700000000000001,93.0
2018,00-0034816,R.Jones,RB,21.0,12.5,94.0
2018,00-0034808,J.Kelly,RB,22.0,12.100000000000001,95.0
2018,00-0033296,A.Armah,RB,24.0,12.0,96.0
2018,00-0034509,K.Ford,RB,24.0,12.0,97.0
2018,00-0034253,D.Hilliard,RB,23.0,11.5,98.0
2018,00-0031285,D.Freeman,RB,26.0,11.100000000000001,99.0
2018,00-0034301,Dar.Williams,RB,23.0,11.1,100.0
2018,00-0028011,S.Ridley,RB,29.0,10.8,101.0
2018,00-0032940,D.Washington,RB,25.0,10.4,102.0
2018,00-0034565,D.Newsome,RB,24.0,7.800000000000001,103.0
2018,00-0030668,C.West,RB,27.0,7.6000000000000005,104.0
2018,00-0034679,M.Walton,RB,21.0,7.5,105.0
2018,00-0030465,K.Barner,RB,29.0,7.4,106.0
2018,00-0028581,P.DiMarco,RB,29.0,7.1000000000000005,107.0
2018,00-0033925,D.Foreman,RB,22.0,6.7,108.0
2018,00-0034221,R.Thomas,RB,23.0,5.1,109.0
2018,00-0034208,M.Boone,RB,23.0,4.800000000000001,110.0
2018,00-0032964,B.Marshall,RB,24.0,3.9000000000000004,111.0
2018,00-0033789,T.Logan,RB,24.0,3.9000000000000004,112.0
2018,00-0033526,S.Perine,RB,23.0,3.7,113.0
2018,00-0034427,D.Williams,RB,24.0,3.6000000000000005,114.0
2018,00-0032404,T.Ervin,RB,25.0,3.5000000000000004,115.0
2018,00-0034621,S.Wilson,RB,23.0,3.4000000000000004,116.0
2018,00-0030433,M.Gillislee,RB,28.0,3.2,117.0
2018,00-0031301,J.Hill,RB,26.0,3.1,118.0
2018,00-0029795,B.Cunningham,RB,28.0,2.9000000000000004,119.0
2018,00-0032104,A.Abdullah,RB,25.0,2.9000000000000004,120.0
2018,00-0031569,J.Langford,RB,27.0,2.5,121.0
2018,00-0029205,T.Cadet,RB,29.0,2.2,122.0
2018,00-0034201,D.Turner,RB,23.0,2.1,123.0
2018,00-0032393,C.Prosise,RB,24.0,1.9000000000000001,124.0
2018,00-0033760,J.Davis,RB,23.0,1.9000000000000001,125.0
2018,00-0026153,J.Stewart,RB,31.0,1.7000000000000002,126.0
2018,00-0030711,D.Fluellen,RB,26.0,1.6,127.0
2018,00-0033049,D.Jackson,RB,25.0,1.6,128.0
2018,00-0032593,B.Wilds,RB,25.0,1.5,129.0
2018,00-0026213,J.Charles,RB,32.0,1.4,130.0
2018,00-0029492,J.Olawale,RB,29.0,1.3,131.0
2018,00-0033374,R.Ortiz,RB,24.0,1.1,132.0
2018,00-0030432,C.Michael,RB,28.0,0.9,133.0
2018,00-0032371,R.Kelley,RB,26.0,0.8,134.0
2018,00-0032602,J.McKissic,RB,25.0,0.8,135.0
2018,00-0033955,J.McNichols,RB,23.0,0.4,136.0
2018,00-0032794,D.Vitale,RB,25.0,0.2,137.0
2018,00-0034816,R.Jones II,RB,21.0,0.19999999999999998,138.0
2018,00-0032975,J.Williams,RB,24.0,0.1,139.0
2018,00-0028063,T.Jones,RB,30.0,0.0,140.0
2018,00-0031209,S.Perry,RB,27.0,0.0,141.0
2018,00-0032540,T.Carson,RB,26.0,0.0,142.0
2018,00-0033596,M.Dayes,RB,24.0,0.0,143.0
2018,00-0033854,D.Ogunbowale,RB,24.0,0.0,144.0
2018,00-0034414,B.Scott,RB,23.0,0.0,145.0
2018,00-0034449,G.Howell,RB,22.0,0.0,146.0
2018,00-0034614,G.Igwebuike,RB,24.0,0.0,147.0
2018,00-0033581,D.Henderson,RB,26.0,-0.09999999999999987,148.0
2018,00-0029273,R.Turbin,RB,29.0,-0.7,149.0
2019,00-0033280,C.McCaffrey,RB,23.0,443.2,1.0
2019,00-0032764,D.Henry,RB,25.0,333.6,2.0
2019,00-0033045,E.Elliott,RB,24.0,321.7,3.0
2019,00-0033293,A.Jones,RB,25.0,303.8,4.0
2019,00-0033893,D.Cook,RB,24.0,297.4,5.0
2019,00-0034791,N.Chubb,RB,24.0,288.2,6.0
2019,00-0033699,A.Ekeler,RB,24.0,262.0,7.0
2019,00-0033856,L.Fournette,RB,24.0,250.4,8.0
2019,00-0033594,C.Carson,RB,25.0,249.6,9.0
2019,00-0034844,S.Barkley,RB,22.0,242.10000000000002,10.0
2019,00-0033897,J.Mixon,RB,23.0,240.4,11.0
2019,00-0035700,J.Jacobs,RB,21.0,227.6,12.0
2019,00-0033906,A.Kamara,RB,24.0,217.52,13.0
2019,00-0032241,T.Gurley,RB,25.0,211.4,14.0
2019,00-0035243,M.Sanders,RB,22.0,210.7,15.0
2019,00-0033951,M.Mack,RB,23.0,204.3,16.0
2019,00-0033118,K.Drake,RB,25.0,198.20000000000002,17.0
2019,00-0034109,P.Lindsay,RB,25.0,197.70000000000002,18.0
2019,00-0030496,L.Bell,RB,27.0,191.0,19.0
2019,00-0031045,C.Hyde,RB,29.0,178.2,20.0
2019,00-0031687,R.Mostert,RB,27.0,175.2,21.0
2019,00-0035685,D.Montgomery,RB,22.0,172.4,22.0
2019,00-0034845,S.Michel,RB,24.0,171.6,23.0
2019,00-0031285,D.Freeman,RB,27.0,169.6,24.0
2019,00-0034816,R.Jones,RB,22.0,168.3,25.0
2019,00-0032144,M.Gordon,RB,26.0,163.8,26.0
2019,00-0025394,A.Peterson,RB,34.0,162.0,27.0
2019,00-0035250,D.Singletary,RB,22.0,150.9,28.0
2019,00-0031062,J.White,RB,27.0,147.2,29.0
2019,00-0030513,L.Murray,RB,29.0,143.2,30.0
2019,00-0027966,M.Ingram,RB,30.0,133.0,31.0
2019,00-0030874,Dam.Williams,RB,27.0,129.1,32.0
2019,00-0032187,D.Johnson,RB,28.0,126.5,33.0
2019,00-0033553,J.Conner,RB,24.0,126.5,34.0
2019,00-0032058,T.Coleman,RB,26.0,126.4,35.0
2019,00-0032257,D.Johnson,RB,26.0,121.0,36.0
2019,00-0033948,J.Williams,RB,24.0,116.30000000000001,37.0
2019,00-0034838,R.Freeman,RB,23.0,114.2,38.0
2019,00-0032780,J.Howard,RB,25.0,113.4,39.0
2019,00-0027966,M.Ingram II,RB,30.0,112.5,40.0
2019,00-0033308,M.Breida,RB,24.0,105.3,41.0
2019,00-0034184,G.Edwards,RB,24.0,102.60000000000001,42.0
2019,00-0027029,L.McCoy,RB,31.0,101.60000000000001,43.0
2019,00-0032741,P.Barber,RB,25.0,101.5,44.0
2019,00-0032940,D.Washington,RB,26.0,100.9,45.0
2019,00-0023500,F.Gore,RB,36.0,99.9,46.0
2019,00-0033556,T.Cohen,RB,24.0,89.9,47.0
2019,00-0034349,K.Johnson,RB,22.0,88.0,48.0
2019,00-0035261,T.Pollard,RB,22.0,87.2,49.0
2019,00-0034414,B.Scott,RB,24.0,85.9,50.0
2019,00-0030288,R.Burkhead,RB,29.0,84.10000000000001,51.0
2019,00-0034750,R.Penny,RB,23.0,79.3,52.0
2019,00-0034681,C.Edmonds,RB,23.0,76.8,53.0
2019,00-0033923,K.Hunt,RB,24.0,72.4,54.0
2019,00-0034972,A.Mattison,RB,21.0,69.4,55.0
2019,00-0034331,J.Samuels,RB,23.0,68.4,56.0
2019,00-0034367,N.Hines,RB,23.0,67.9,57.0
2019,00-0030404,C.Thompson,RB,29.0,65.60000000000001,58.0
2019,00-0033567,B.Hill,RB,24.0,59.2,59.0
2019,00-0034301,D.Williams,RB,24.0,56.8,60.0
2019,00-0034358,D.Guice,RB,22.0,56.400000000000006,61.0
2019,00-0032602,J.McKissic,RB,26.0,55.8,62.0
2019,00-0031806,M.Brown,RB,26.0,55.1,63.0
2019,00-0034208,M.Boone,RB,24.0,53.0,64.0
2019,00-0033025,J.Richard,RB,26.0,52.800000000000004,65.0
2019,00-0035342,P.Laird,RB,24.0,52.2,66.0
2019,00-0034400,J.Wilkins,RB,25.0,52.0,67.0
2019,00-0035217,B.Snell Jr.,RB,21.0,51.7,68.0
2019,00-0034432,B.Scarbrough,RB,23.0,51.2,69.0
2019,00-0032975,J.Williams,RB,25.0,47.400000000000006,70.0
2019,00-0028087,D.Lewis,RB,29.0,44.300000000000004,71.0
2019,00-0030456,G.Bernard,RB,28.0,43.4,72.0
2019,00-0034975,J.Hill,RB,22.0,41.5,73.0
2019,00-0033950,W.Gallman Jr,RB,25.0,40.2,74.0
2019,00-0029239,B.Bolden,RB,29.0,39.9,75.0
2019,00-0033854,D.Ogunbowale,RB,25.0,39.300000000000004,76.0
2019,00-0035268,R.Armstead,RB,23.0,39.2,77.0
2019,00-0035537,T.Johnson,RB,22.0,39.2,78.0
2019,00-0034115,J.Wilson,RB,24.0,37.9,79.0
2019,00-0034799,K.Ballage,RB,24.0,35.800000000000004,80.0
2019,00-0034679,M.Walton,RB,22.0,32.0,81.0
2019,00-0028064,B.Powell,RB,31.0,30.200000000000003,82.0
2019,00-0034378,I.Smith,RB,24.0,28.3,83.0
2019,00-0035311,M.Gaskin,RB,22.0,26.4,84.0
2019,00-0034578,R.Bonnafon,RB,23.0,26.3,85.0
2019,00-0034440,J.Jackson,RB,23.0,26.200000000000003,86.0
2019,00-0035273,Q.Ollison,RB,23.0,25.7,87.0
2019,00-0032104,A.Abdullah,RB,26.0,25.3,88.0
2019,00-0034253,D.Hilliard,RB,24.0,25.1,89.0
2019,00-0035148,D.Thompson,RB,22.0,24.1,90.0
2019,00-0035664,D.Henderson,RB,22.0,21.400000000000002,91.0
2019,00-0035594,T.Homer,RB,21.0,21.0,92.0
2019,00-0032209,T.Yeldon,RB,26.0,20.700000000000003,93.0
2019,00-0030578,C.Patterson,RB,28.0,19.6,94.0
2019,00-0032393,C.Prosise,RB,25.0,18.8,95.0
2019,00-0035217,B.Snell,RB,21.0,16.2,96.0
2019,00-0032782,W.Smallwood,RB,25.0,15.500000000000002,97.0
2019,00-0035596,K.Whyte Jr.,RB,23.0,15.100000000000001,98.0
2019,00-0033838,T.Edmunds,RB,25.0,14.600000000000001,99.0
2019,00-0034959,A.Beck,RB,23.0,13.540000000000001,100.0
2019,00-0023564,D.Sproles,RB,36.0,13.0,101.0
2019,00-0035489,W.Hills,RB,24.0,12.2,102.0
2019,00-0032794,D.Vitale,RB,26.0,11.0,103.0
2019,00-0035628,D.Johnson,RB,23.0,10.200000000000001,104.0
2019,00-0031577,J.Allen,RB,28.0,9.500000000000002,105.0
2019,00-0025399,M.Lynch,RB,33.0,8.4,106.0
2019,00-0033164,T.Pope,RB,26.0,7.4,107.0
2019,00-0030414,S.Ware,RB,28.0,7.300000000000001,108.0
2019,00-0033296,A.Armah,RB,25.0,6.7,109.0
2019,00-0032450,D.Washington,RB,25.0,6.6000000000000005,110.0
2019,00-0032540,T.Carson,RB,27.0,6.6000000000000005,111.0
2019,00-0032972,D.Booker,RB,27.0,6.6000000000000005,112.0
2019,00-0035184,D.Ozigbo,RB,23.0,6.0,113.0
2019,00-0028063,T.Jones,RB,31.0,5.9,114.0
2019,00-0035013,J.Hilliman,RB,24.0,5.2,115.0
2019,00-0030465,K.Barner,RB,30.0,5.12,116.0
2019,00-0032063,M.Davis,RB,26.0,4.9,117.0
2019,00-0028581,P.DiMarco,RB,30.0,4.8,118.0
2019,00-0029854,C.Anderson,RB,28.0,4.3,119.0
2019,00-0032417,P.Perkins,RB,25.0,3.8,120.0
2019,00-0031590,J.Ajayi,RB,26.0,3.0,121.0
2019,00-0034654,D.Dawkins,RB,25.0,2.6000000000000005,122.0
2019,00-0033789,T.Logan,RB,25.0,2.3000000000000003,123.0
2019,00-0032404,T.Ervin,RB,26.0,2.1,124.0
2019,00-0031665,Z.Zenner,RB,28.0,1.7000000000000002,125.0
2019,00-0034433,N.Bawden,RB,23.0,1.7000000000000002,126.0
2019,00-0033526,S.Perine,RB,24.0,1.6,127.0
2019,00-0033838,Tr.Edmunds,RB,25.0,1.4000000000000001,128.0
2019,00-0034457,Jo.Adams,RB,23.0,1.2000000000000002,129.0
2019,00-0035657,D.Harris,RB,22.0,1.2000000000000002,130.0
2019,00-0034995,D.Williams,RB,22.0,1.1,131.0
2019,00-0034449,G.Howell,RB,23.0,1.0,132.0
2019,00-0032377,J.Ferguson,RB,26.0,0.9,133.0
2019,00-0034808,J.Kelly,RB,23.0,0.9,134.0
2019,00-0035275,J.Scarlett,RB,24.0,0.9,135.0
2019,00-0033374,R.Ortiz,RB,25.0,0.8,136.0
2019,00-0034597,R.Nall,RB,24.0,0.8,137.0
2019,00-0035551,T.Brooks-James,RB,25.0,0.7000000000000001,138.0
2019,00-0034201,D.Turner,RB,24.0,0.6000000000000001,139.0
2019,00-0035726,Jak.Johnson,RB,25.0,0.5,140.0
2019,00-0029141,A.Morris,RB,31.0,0.4,141.0
2019,00-0031209,S.Perry,RB,28.0,0.4,142.0
2019,00-0029492,J.Olawale,RB,30.0,0.0,143.0
2019,00-0030711,D.Fluellen,RB,27.0,0.0,144.0
2019,00-0031900,R.Smith,RB,27.0,0.0,145.0
2019,00-0032577,D.Foster,RB,26.0,0.0,146.0
2019,00-0033725,C.Clement,RB,25.0,0.0,147.0
2019,00-0034164,T.Cannon,RB,25.0,0.0,148.0
2019,00-0035304,C.Gillaspia,RB,24.0,0.0,149.0
2020,00-0032764,D.Henry,RB,26.0,391.1,1.0
2020,00-0033893,D.Cook,RB,25.0,360.8,2.0
2020,00-0033906,A.Kamara,RB,25.0,337.8,3.0
2020,00-0035685,D.Montgomery,RB,23.0,264.8,4.0
2020,00-0036223,J.Taylor,RB,21.0,261.8,5.0
2020,00-0033293,A.Jones,RB,26.0,258.90000000000003,6.0
2020,00-0035831,J.Robinson,RB,22.0,250.4,7.0
2020,00-0034791,N.Chubb,RB,25.0,239.70000000000002,8.0
2020,00-0035700,J.Jacobs,RB,22.0,239.3,9.0
2020,00-0033045,E.Elliott,RB,25.0,214.70000000000002,10.0
2020,00-0033923,K.Hunt,RB,25.0,207.5,11.0
2020,00-0032144,M.Gordon,RB,27.0,197.4,12.0
2020,00-0036328,A.Gibson,RB,22.0,196.2,13.0
2020,00-0034816,R.Jones,RB,23.0,195.3,14.0
2020,00-0033118,K.Drake,RB,26.0,194.20000000000002,15.0
2020,00-0035243,M.Sanders,RB,23.0,180.4,16.0
2020,00-0033594,C.Carson,RB,26.0,176.8,17.0
2020,00-0036360,C.Edwards-Helaire,RB,21.0,175.0,18.0
2020,00-0032063,M.Davis,RB,27.0,171.5,19.0
2020,00-0036158,J.Dobbins,RB,22.0,171.5,20.0
2020,00-0033553,J.Conner,RB,25.0,160.6,21.0
2020,00-0036275,D.Swift,RB,21.0,159.8,22.0
2020,00-0035311,M.Gaskin,RB,23.0,156.20000000000002,23.0
2020,00-0032241,T.Gurley,RB,26.0,152.20000000000002,24.0
2020,00-0033699,A.Ekeler,RB,25.0,145.3,25.0
2020,00-0034115,J.Wilson,RB,25.0,142.3,26.0
2020,00-0034367,N.Hines,RB,24.0,141.2,27.0
2020,00-0034184,G.Edwards,RB,25.0,138.20000000000002,28.0
2020,00-0032602,J.McKissic,RB,27.0,135.4,29.0
2020,00-0035250,D.Singletary,RB,23.0,134.6,30.0
2020,00-0035664,D.Henderson,RB,23.0,132.3,31.0
2020,00-0030513,L.Murray,RB,30.0,130.20000000000002,32.0
2020,00-0034681,C.Edmonds,RB,24.0,130.0,33.0
2020,00-0030456,G.Bernard,RB,29.0,122.10000000000001,34.0
2020,00-0025394,A.Peterson,RB,35.0,121.5,35.0
2020,00-0033948,J.Williams,RB,25.0,116.1,36.0
2020,00-0035657,D.Harris,RB,23.0,112.30000000000001,37.0
2020,00-0036414,C.Akers,RB,21.0,110.80000000000001,38.0
2020,00-0031687,R.Mostert,RB,28.0,108.7,39.0
2020,00-0032187,Da.Johnson,RB,29.0,106.3,40.0
2020,00-0033856,L.Fournette,RB,25.0,106.0,41.0
2020,00-0035261,T.Pollard,RB,23.0,100.80000000000001,42.0
2020,00-0023500,F.Gore,RB,37.0,99.2,43.0
2020,00-0031376,J.McKinnon,RB,28.0,99.2,44.0
2020,00-0033897,J.Mixon,RB,24.0,94.60000000000001,45.0
2020,00-0036251,Z.Moss,RB,23.0,94.60000000000001,46.0
2020,00-0031806,M.Brown,RB,27.0,92.10000000000001,47.0
2020,00-0034972,A.Mattison,RB,22.0,88.9,48.0
2020,00-0033567,B.Hill,RB,25.0,85.4,49.0
2020,00-0034845,S.Michel,RB,25.0,85.30000000000001,50.0
2020,00-0033280,C.McCaffrey,RB,24.0,84.4,51.0
2020,00-0030288,R.Burkhead,RB,30.0,83.60000000000001,52.0
2020,00-0034414,B.Scott,RB,25.0,82.60000000000001,53.0
2020,00-0035217,B.Snell,RB,22.0,75.9,54.0
2020,00-0032972,D.Booker,RB,28.0,75.7,55.0
2020,00-0031045,C.Hyde,RB,30.0,74.9,56.0
2020,00-0034109,P.Lindsay,RB,26.0,74.0,57.0
2020,00-0034799,K.Ballage,RB,25.0,73.9,58.0
2020,00-0032187,D.Johnson,RB,29.0,73.2,59.0
2020,00-0031062,J.White,RB,28.0,71.60000000000001,60.0
2020,00-0033950,W.Gallman,RB,26.0,69.0,61.0
2020,00-0036020,S.Ahmed,RB,22.0,68.0,62.0
2020,00-0036370,J.Kelley,RB,23.0,67.2,63.0
2020,00-0033950,W.Gallman Jr.,RB,26.0,64.60000000000001,64.0
2020,00-0030496,L.Bell,RB,28.0,63.6,65.0
2020,00-0034440,J.Jackson,RB,24.0,63.3,66.0
2020,00-0033526,S.Perine,RB,25.0,61.7,67.0
2020,00-0034400,J.Wilkins,RB,26.0,57.300000000000004,68.0
2020,00-0035537,T.Johnson,RB,23.0,54.300000000000004,69.0
2020,00-0034349,K.Johnson,RB,23.0,53.800000000000004,70.0
2020,00-0032257,D.Johnson,RB,27.0,52.300000000000004,71.0
2020,00-0027966,M.Ingram,RB,31.0,48.9,72.0
2020,00-0032741,P.Barber,RB,26.0,48.0,73.0
2020,00-0030578,C.Patterson,RB,29.0,46.400000000000006,74.0
2020,00-0034378,I.Smith,RB,25.0,43.300000000000004,75.0
2020,00-0036265,A.Dillon,RB,22.0,43.3,76.0
2020,00-0036269,L.Perine,RB,22.0,41.5,77.0
2020,00-0033308,M.Breida,RB,25.0,39.0,78.0
2020,00-0029141,A.Morris,RB,32.0,37.7,79.0
2020,00-0028087,D.Lewis,RB,30.0,37.2,80.0
2020,00-0036425,D.Dallas,RB,22.0,36.9,81.0
2020,00-0031285,D.Freeman,RB,28.0,34.0,82.0
2020,00-0033955,J.McNichols,RB,25.0,33.900000000000006,83.0
2020,00-0033025,J.Richard,RB,27.0,32.1,84.0
2020,00-0034457,J.Adams,RB,24.0,31.6,85.0
2020,00-0034301,Darr.Williams,RB,25.0,30.5,86.0
2020,00-0035148,D.Thompson,RB,23.0,29.2,87.0
2020,00-0035957,R.Smith,RB,24.0,28.5,88.0
2020,00-0034838,R.Freeman,RB,24.0,26.1,89.0
2020,00-0032780,J.Howard,RB,26.0,25.700000000000003,90.0
2020,00-0035806,J.Hasty,RB,24.0,25.1,91.0
2020,00-0033854,D.Ogunbowale,RB,26.0,24.9,92.0
2020,00-0035594,T.Homer,RB,22.0,24.8,93.0
2020,00-0035291,T.Williams,RB,23.0,21.700000000000003,94.0
2020,00-0030404,C.Thompson,RB,30.0,21.6,95.0
2020,00-0036188,A.Williams,RB,23.0,21.3,96.0
2020,00-0035628,D.Johnson,RB,24.0,21.0,97.0
2020,00-0036450,K.Vaughn,RB,23.0,19.3,98.0
2020,00-0032426,A.Collins,RB,26.0,19.1,99.0
2020,00-0032404,T.Ervin,RB,27.0,18.1,100.0
2020,00-0032104,A.Abdullah,RB,27.0,18.0,101.0
2020,00-0036336,A.McFarland,RB,21.0,17.7,102.0
2020,00-0032209,T.Yeldon,RB,27.0,15.200000000000001,103.0
2020,00-0032940,D.Washington,RB,27.0,15.100000000000001,104.0
2020,00-0033725,C.Clement,RB,26.0,15.0,105.0
2020,00-0033164,T.Pope,RB,27.0,14.799999999999999,106.0
2020,00-0034578,R.Bonnafon,RB,24.0,14.700000000000001,107.0
2020,00-0033925,D.Foreman,RB,24.0,14.0,108.0
2020,00-0036245,M.Perry,RB,23.0,13.7,109.0
2020,00-0033556,T.Cohen,RB,25.0,13.5,110.0
2020,00-0027029,L.McCoy,RB,32.0,13.200000000000001,111.0
2020,00-0036297,D.Evans,RB,22.0,13.1,112.0
2020,00-0036096,J.Taylor,RB,22.0,12.4,113.0
2020,00-0032257,Du.Johnson,RB,27.0,12.100000000000001,114.0
2020,00-0035342,P.Laird,RB,25.0,12.0,115.0
2020,00-0034208,M.Boone,RB,25.0,11.900000000000002,116.0
2020,00-0034844,S.Barkley,RB,23.0,11.4,117.0
2020,00-0034597,R.Nall,RB,25.0,10.700000000000001,118.0
2020,00-0032058,T.Coleman,RB,27.0,9.700000000000001,119.0
2020,00-0034301,D.Williams,RB,25.0,9.0,120.0
2020,00-0034975,J.Hill,RB,23.0,9.0,121.0
2020,00-0036208,A.Pierce,RB,24.0,8.4,122.0
2020,00-0034449,B.Howell,RB,24.0,7.7,123.0
2020,00-0034331,J.Samuels,RB,24.0,7.4,124.0
2020,00-0030107,T.Riddick,RB,29.0,6.7,125.0
2020,00-0033951,M.Mack,RB,24.0,6.6,126.0
2020,00-0032393,C.Prosise,RB,26.0,5.7,127.0
2020,00-0035924,J.Ward,RB,23.0,5.1,128.0
2020,00-0034253,D.Hilliard,RB,25.0,5.0,129.0
2020,00-0034164,T.Cannon,RB,26.0,4.9,130.0
2020,00-0035726,J.Johnson,RB,26.0,4.8,131.0
2020,00-0035184,D.Ozigbo,RB,24.0,4.3,132.0
2020,00-0034750,R.Penny,RB,24.0,3.4000000000000004,133.0
2020,00-0034432,B.Scarbrough,RB,24.0,3.1,134.0
2020,00-0035187,A.Walter,RB,24.0,3.0,135.0
2020,00-0033296,A.Armah,RB,26.0,2.7,136.0
2020,00-0035726,Jak.Johnson,RB,26.0,2.7,137.0
2020,00-0036139,R.Dowdle,RB,22.0,2.4000000000000004,138.0
2020,00-0036278,J.Huntley,RB,22.0,1.9000000000000001,139.0
2020,00-0035912,L.Bellamy,RB,24.0,1.6,140.0
2020,00-0036069,S.Phillips,RB,23.0,1.6,141.0
2020,00-0032450,D.Washington,RB,26.0,1.5,142.0
2020,00-0035860,T.Jones,RB,23.0,1.3,143.0
2020,00-0032577,D.Foster,RB,27.0,0.9000000000000001,144.0
2020,00-0031209,S.Perry,RB,29.0,0.9,145.0
2020,00-0034995,D.Williams,RB,23.0,0.8,146.0
2020,00-0035567,C.Reynolds,RB,24.0,0.7000000000000001,147.0
2020,00-0029615,L.Miller,RB,29.0,0.6000000000000001,148.0
2020,00-0032975,J.Williams,RB,26.0,0.6000000000000001,149.0
2020,00-0035304,C.Gillaspia,RB,25.0,0.6000000000000001,150.0
2020,00-0035551,T.Brooks-James,RB,26.0,0.4,151.0
2020,00-0035273,Q.Ollison,RB,24.0,0.30000000000000004,152.0
2020,00-0028063,T.Jones,RB,32.0,0.0,153.0
2020,00-0030465,K.Barner,RB,31.0,0.0,154.0
2020,00-0033838,T.Edmunds,RB,26.0,0.0,155.0
2020,00-0035835,N.Cottrell,RB,24.0,0.0,156.0
2020,00-0036033,S.Olonilua,RB,23.0,0.0,157.0
2020,00-0036078,X.Jones,RB,23.0,0.0,158.0
2020,00-0036435,R.Calais,RB,22.0,0.0,159.0
2020,00-0036000,A.Killins,RB,22.0,-1.0000000000000002,160.0
2021,00-0036223,J.Taylor,RB,22.0,413.1,1.0
2021,00-0033699,A.Ekeler,RB,26.0,312.8,2.0
2021,00-0033897,J.Mixon,RB,25.0,287.9,3.0
2021,00-0036893,N.Harris,RB,23.0,287.70000000000005,4.0
2021,00-0034791,N.Chubb,RB,26.0,245.3,5.0
2021,00-0033045,E.Elliott,RB,26.0,238.06,6.0
2021,00-0033553,J.Conner,RB,26.0,237.7,7.0
2021,00-0033906,A.Kamara,RB,26.0,234.70000000000002,8.0
2021,00-0033893,D.Cook,RB,26.0,230.3,9.0
2021,00-0033856,L.Fournette,RB,26.0,226.60000000000002,10.0
2021,00-0036328,A.Gibson,RB,23.0,226.10000000000002,11.0
2021,00-0035657,D.Harris,RB,24.0,219.1,12.0
2021,00-0032764,D.Henry,RB,27.0,217.3,13.0
2021,00-0030578,C.Patterson,RB,30.0,211.6,14.0
2021,00-0033293,A.Jones,RB,27.0,208.0,15.0
2021,00-0035700,J.Jacobs,RB,23.0,207.0,16.0
2021,00-0032144,M.Gordon,RB,28.0,196.10000000000002,17.0
2021,00-0035685,D.Montgomery,RB,24.0,196.0,18.0
2021,00-0036997,J.Williams,RB,21.0,194.9,19.0
2021,00-0036567,E.Mitchell,RB,23.0,188.0,20.0
2021,00-0036275,D.Swift,RB,22.0,184.9,21.0
2021,00-0035250,D.Singletary,RB,24.0,183.8,22.0
2021,00-0036265,A.Dillon,RB,23.0,176.6,23.0
2021,00-0034301,Da.Williams,RB,26.0,174.0,24.0
2021,00-0035831,J.Robinson,RB,23.0,172.9,25.0
2021,00-0035664,D.Henderson,RB,24.0,153.4,26.0
2021,00-0034845,S.Michel,RB,26.0,153.3,27.0
2021,00-0035261,T.Pollard,RB,24.0,150.6,28.0
2021,00-0034750,R.Penny,RB,25.0,144.7,29.0
2021,00-0035311,M.Gaskin,RB,24.0,134.6,30.0
2021,00-0034681,C.Edmonds,RB,25.0,132.3,31.0
2021,00-0034844,S.Barkley,RB,24.0,129.6,32.0
2021,00-0036924,Mi.Carter,RB,22.0,128.0,33.0
2021,00-0036555,C.Hubbard,RB,22.0,127.60000000000001,34.0
2021,00-0032972,D.Booker,RB,29.0,126.10000000000001,35.0
2021,00-0033280,C.McCaffrey,RB,25.0,124.5,36.0
2021,00-0031285,D.Freeman,RB,29.0,123.6,37.0
2021,00-0035243,M.Sanders,RB,24.0,123.2,38.0
2021,00-0036875,R.Stevenson,RB,23.0,122.9,39.0
2021,00-0033948,J.Williams,RB,26.0,114.8,40.0
2021,00-0034972,A.Mattison,RB,23.0,113.9,41.0
2021,00-0036360,C.Edwards-Helaire,RB,22.0,113.60000000000001,42.0
2021,00-0033925,D.Foreman,RB,25.0,110.9,43.0
2021,00-0035628,D.Johnson,RB,25.0,107.10000000000001,44.0
2021,00-0032063,M.Davis,RB,28.0,106.2,45.0
2021,00-0033923,K.Hunt,RB,26.0,103.0,46.0
2021,00-0027966,M.Ingram,RB,32.0,102.60000000000001,47.0
2021,00-0030513,L.Murray,RB,31.0,97.60000000000001,48.0
2021,00-0036919,K.Gainwell,RB,22.0,95.4,49.0
2021,00-0030288,R.Burkhead,RB,31.0,95.3,50.0
2021,00-0032602,J.McKissic,RB,28.0,94.9,51.0
2021,00-0034414,B.Scott,RB,26.0,93.6,52.0
2021,00-0029239,B.Bolden,RB,31.0,91.10000000000001,53.0
2021,00-0035537,T.Johnson,RB,24.0,90.1,54.0
2021,00-0034367,N.Hines,RB,25.0,85.60000000000001,55.0
2021,00-0036251,Z.Moss,RB,24.0,85.2,56.0
2021,00-0033118,K.Drake,RB,27.0,83.5,57.0
2021,00-0036906,K.Herbert,RB,23.0,79.9,58.0
2021,00-0034440,J.Jackson,RB,25.0,79.20000000000002,59.0
2021,00-0034816,R.Jones,RB,24.0,72.2,60.0
2021,00-0032426,A.Collins,RB,27.0,68.8,61.0
2021,00-0032780,J.Howard,RB,27.0,68.5,62.0
2021,00-0032257,D.Johnson,RB,28.0,67.10000000000001,63.0
2021,00-0034253,D.Hilliard,RB,26.0,66.7,64.0
2021,00-0033526,S.Perine,RB,26.0,60.2,65.0
2021,00-0032104,A.Abdullah,RB,28.0,57.5,66.0
2021,00-0035715,D.Gore,RB,27.0,57.099999999999994,67.0
2021,00-0032187,D.Johnson,RB,30.0,53.300000000000004,68.0
2021,00-0034115,J.Wilson,RB,26.0,51.5,69.0
2021,00-0032058,T.Coleman,RB,28.0,48.50000000000001,70.0
2021,00-0033594,C.Carson,RB,27.0,48.1,71.0
2021,00-0036755,J.Patterson,RB,22.0,47.900000000000006,72.0
2021,00-0033955,J.McNichols,RB,26.0,47.6,73.0
2021,00-0030874,D.Williams,RB,29.0,46.699999999999996,74.0
2021,00-0032741,P.Barber,RB,27.0,45.900000000000006,75.0
2021,00-0035594,T.Homer,RB,23.0,43.800000000000004,76.0
2021,00-0034109,P.Lindsay,RB,27.0,41.4,77.0
2021,00-0033854,D.Ogunbowale,RB,27.0,39.1,78.0
2021,00-0036425,D.Dallas,RB,23.0,39.1,79.0
2021,00-0031045,C.Hyde,RB,31.0,38.800000000000004,80.0
2021,00-0035567,C.Reynolds,RB,25.0,38.2,81.0
2021,00-0036457,T.Williams,RB,25.0,37.9,82.0
2021,00-0033308,M.Breida,RB,26.0,34.7,83.0
2021,00-0036450,K.Vaughn,RB,24.0,34.6,84.0
2021,00-0036857,C.Evans,RB,24.0,33.8,85.0
2021,00-0030456,G.Bernard,RB,30.0,31.1,86.0
2021,00-0030496,L.Bell,RB,29.0,30.1,87.0
2021,00-0036654,D.Felton,RB,23.0,29.500000000000004,88.0
2021,00-0035806,J.Hasty,RB,25.0,28.5,89.0
2021,00-0036984,T.Sermon,RB,22.0,28.3,90.0
2021,00-0036020,S.Ahmed,RB,23.0,27.6,91.0
2021,00-0034838,R.Freeman,RB,25.0,26.6,92.0
2021,00-0033725,C.Clement,RB,27.0,24.9,93.0
2021,00-0031062,J.White,RB,29.0,22.200000000000003,94.0
2021,00-0036383,E.Benjamin,RB,22.0,22.0,95.0
2021,00-0031376,J.McKinnon,RB,29.0,21.9,96.0
2021,00-0025394,A.Peterson,RB,36.0,21.6,97.0
2021,00-0034614,G.Igwebuike,RB,27.0,20.800000000000004,98.0
2021,00-0036670,J.Jefferson,RB,21.0,20.700000000000003,99.0
2021,00-0036924,M.Carter,RB,22.0,20.4,100.0
2021,00-0031806,M.Brown,RB,28.0,18.5,101.0
2021,00-0035860,T.Jones,RB,24.0,18.1,102.0
2021,00-0035187,A.Walter,RB,25.0,17.0,103.0
2021,00-0032975,J.Williams,RB,27.0,16.7,104.0
2021,00-0033950,W.Gallman,RB,27.0,15.5,105.0
2021,00-0035973,P.Taylor,RB,23.0,15.200000000000003,106.0
2021,00-0035273,Q.Ollison,RB,25.0,14.700000000000001,107.0
2021,00-0036650,L.Rountree,RB,22.0,13.600000000000001,108.0
2021,00-0036096,J.Taylor,RB,23.0,12.5,109.0
2021,00-0036370,J.Kelley,RB,24.0,12.0,110.0
2021,00-0033951,M.Mack,RB,25.0,11.9,111.0
2021,00-0035268,R.Armstead,RB,25.0,11.6,112.0
2021,00-0033025,J.Richard,RB,28.0,11.200000000000001,113.0
2021,00-0035217,B.Snell,RB,23.0,11.100000000000001,114.0
2021,00-0036493,De.Jackson,RB,22.0,8.100000000000001,115.0
2021,00-0036768,J.Hardy,RB,24.0,7.8999999999999995,116.0
2021,00-0036842,K.Nwangwu,RB,23.0,7.0,117.0
2021,00-0035924,J.Ward,RB,24.0,6.700000000000001,118.0
2021,00-0034208,M.Boone,RB,26.0,6.7,119.0
2021,00-0035291,T.Williams,RB,24.0,6.5,120.0
2021,00-0033296,A.Armah,RB,27.0,6.2,121.0
2021,00-0036278,J.Huntley,RB,23.0,6.1000000000000005,122.0
2021,00-0035957,R.Smith,RB,25.0,5.800000000000001,123.0
2021,00-0034378,I.Smith,RB,26.0,5.4,124.0
2021,00-0034311,J.Stanton,RB,27.0,5.199999999999999,125.0
2021,00-0032782,W.Smallwood,RB,27.0,4.7,126.0
2021,00-0034799,K.Ballage,RB,26.0,4.4,127.0
2021,00-0035726,J.Johnson,RB,27.0,3.4000000000000004,128.0
2021,00-0036269,L.Perine,RB,23.0,3.1000000000000005,129.0
2021,00-0036669,K.Hill,RB,23.0,2.9000000000000004,130.0
2021,00-0032450,D.Washington,RB,27.0,2.8000000000000003,131.0
2021,00-0034331,J.Samuels,RB,25.0,2.3000000000000003,132.0
2021,00-0036069,S.Phillips,RB,24.0,2.2,133.0
2021,00-0035342,P.Laird,RB,26.0,2.1,134.0
2021,00-0036727,A.Prentice,RB,24.0,2.1,135.0
2021,00-0031687,R.Mostert,RB,29.0,2.0,136.0
2021,00-0034433,N.Bawden,RB,25.0,2.0,137.0
2021,00-0036297,D.Evans,RB,23.0,1.8000000000000003,138.0
2021,00-0034578,R.Bonnafon,RB,25.0,1.6,139.0
2021,00-0036523,T.Ragas,RB,25.0,1.5,140.0
2021,00-0036336,A.McFarland,RB,22.0,1.4000000000000001,141.0
2021,00-0034808,J.Kelly,RB,25.0,1.3,142.0
2021,00-0036414,C.Akers,RB,22.0,1.3,143.0
2021,00-0035760,J.Patrick,RB,24.0,1.2000000000000002,144.0
2021,00-0034449,B.Howell,RB,25.0,1.1,145.0
2021,00-0036698,M.Sargent,RB,24.0,1.1,146.0
2021,00-0036569,G.Brightwell,RB,23.0,1.0,147.0
2021,00-0035726,Jak.Johnson,RB,27.0,0.9,148.0
2021,00-0034597,R.Nall,RB,26.0,0.8,149.0
2021,00-0035448,D.Crockett,RB,24.0,0.7000000000000001,150.0
2021,00-0036860,J.Funk,RB,23.0,0.5000000000000001,151.0
2021,00-0034164,T.Cannon,RB,27.0,0.4,152.0
2021,00-0035184,D.Ozigbo,RB,25.0,0.4,153.0
2021,00-0035835,N.Cottrell,RB,25.0,0.30000000000000004,154.0
2021,00-0028063,T.Jones,RB,33.0,0.0,155.0
2021,00-0030465,K.Barner,RB,32.0,0.0,156.0
2021,00-0033567,B.Hill,RB,26.0,0.0,157.0
2021,00-0034400,J.Wilkins,RB,27.0,0.0,158.0
2021,00-0034959,A.Beck,RB,25.0,0.0,159.0
2021,00-0035218,S.Smith,RB,25.0,0.0,160.0
2021,00-0035304,C.Gillaspia,RB,26.0,0.0,161.0
2021,00-0035898,D.Bradwell,RB,24.0,0.0,162.0
2021,00-0036208,A.Pierce,RB,25.0,0.0,163.0
2021,00-0036734,P.Williams,RB,22.0,0.0,164.0
2021,00-0036799,J.Johnson,RB,24.0,0.0,165.0
2021,00-0036950,A.Williams,RB,23.0,0.0,166.0
2021,00-0035537,Ty.Johnson,RB,24.0,-0.1,167.0
2021,00-0036582,N.McCrary,RB,22.0,-0.1,168.0
2022,00-0032764,D.Henry,RB,28.0,348.76,1.0
2022,00-0035700,J.Jacobs,RB,24.0,348.3,2.0
2022,00-0033280,C.McCaffrey,RB,26.0,343.36,3.0
2022,00-0034791,N.Chubb,RB,27.0,324.4,4.0
2022,00-0033699,A.Ekeler,RB,27.0,313.7,5.0
2022,00-0034844,S.Barkley,RB,25.0,289.0,6.0
2022,00-0035261,T.Pollard,RB,25.0,255.8,7.0
2022,00-0033893,D.Cook,RB,27.0,241.8,8.0
2022,00-0033293,A.Jones,RB,28.0,240.60000000000002,9.0
2022,00-0033948,Ja.Williams,RB,27.0,235.9,10.0
2022,00-0035243,M.Sanders,RB,25.0,235.70000000000002,11.0
2022,00-0036875,R.Stevenson,RB,24.0,230.10000000000002,12.0
2022,00-0036973,T.Etienne,RB,23.0,227.10000000000002,13.0
2022,00-0033897,J.Mixon,RB,26.0,216.5,14.0
2022,00-0038134,K.Walker,RB,22.0,215.5,15.0
2022,00-0036893,N.Harris,RB,24.0,212.46,16.0
2022,00-0033906,A.Kamara,RB,27.0,208.7,17.0
2022,00-0033856,L.Fournette,RB,27.0,190.10000000000002,18.0
2022,00-0033553,J.Conner,RB,27.0,187.2,19.0
2022,00-0033045,E.Elliott,RB,27.0,184.8,20.0
2022,00-0037263,T.Allgeier,RB,22.0,183.4,21.0
2022,00-0037258,D.Pierce,RB,22.0,178.4,22.0
2022,00-0035685,D.Montgomery,RB,25.0,176.70000000000002,23.0
2022,00-0031687,R.Mostert,RB,30.0,169.3,24.0
2022,00-0035250,D.Singletary,RB,25.0,168.9,25.0
2022,00-0034115,J.Wilson,RB,27.0,167.5,26.0
2022,00-0036275,D.Swift,RB,23.0,163.10000000000002,27.0
2022,00-0036265,A.Dillon,RB,24.0,159.6,28.0
2022,00-0033925,D.Foreman,RB,26.0,159.0,29.0
2022,00-0036414,C.Akers,RB,23.0,157.3,30.0
2022,00-0036223,J.Taylor,RB,23.0,154.4,31.0
2022,00-0030513,L.Murray,RB,32.0,150.20000000000002,32.0
2022,00-0037197,I.Pacheco,RB,23.0,149.0,33.0
2022,00-0030578,C.Patterson,RB,31.0,145.70000000000002,34.0
2022,00-0031376,J.McKinnon,RB,30.0,143.3,35.0
2022,00-0036328,A.Gibson,RB,24.0,140.9,36.0
2022,00-0037746,B.Robinson,RB,23.0,130.70000000000002,37.0
2022,00-0036906,K.Herbert,RB,24.0,128.8,38.0
2022,00-0038120,Br.Hall,RB,21.0,117.10000000000001,39.0
2022,00-0033526,S.Perine,RB,27.0,112.10000000000001,40.0
2022,00-0037256,R.White,RB,23.0,109.10000000000001,41.0
2022,00-0033118,K.Drake,RB,28.0,102.10000000000001,42.0
2022,00-0037248,J.Cook,RB,23.0,101.7,43.0
2022,00-0033923,K.Hunt,RB,27.0,100.8,44.0
2022,00-0036924,Mi.Carter,RB,23.0,99.0,45.0
2022,00-0036555,C.Hubbard,RB,23.0,92.7,46.0
2022,00-0036158,J.Dobbins,RB,24.0,91.2,47.0
2022,00-0035657,D.Harris,RB,25.0,84.9,48.0
2022,00-0035831,J.Robinson,RB,24.0,83.6,49.0
2022,00-0036360,C.Edwards-Helaire,RB,23.0,83.3,50.0
2022,00-0036383,E.Benjamin,RB,23.0,76.60000000000001,51.0
2022,00-0037228,J.Warren,RB,24.0,76.3,52.0
2022,00-0032144,M.Gordon,RB,29.0,76.1,53.0
2022,00-0034972,A.Mattison,RB,24.0,72.4,54.0
2022,00-0036493,D.Jackson,RB,23.0,67.5,55.0
2022,00-0034184,G.Edwards,RB,27.0,67.3,56.0
2022,00-0036251,Z.Moss,RB,25.0,66.5,57.0
2022,00-0036919,K.Gainwell,RB,23.0,64.9,58.0
2022,00-0034681,C.Edmonds,RB,26.0,61.2,59.0
2022,00-0037157,Z.Knight,RB,21.0,61.0,60.0
2022,00-0034750,R.Penny,RB,26.0,59.2,61.0
2022,00-0035664,D.Henderson,RB,25.0,58.5,62.0
2022,00-0034253,D.Hilliard,RB,27.0,54.2,63.0
2022,00-0036370,J.Kelley,RB,25.0,53.800000000000004,64.0
2022,00-0035806,J.Hasty,RB,26.0,51.0,65.0
2022,00-0036829,C.Huntley,RB,24.0,46.900000000000006,66.0
2022,00-0036567,E.Mitchell,RB,24.0,45.6,67.0
2022,00-0033308,M.Breida,RB,27.0,41.8,68.0
2022,00-0034367,N.Hines,RB,26.0,39.400000000000006,69.0
2022,00-0034414,B.Scott,RB,27.0,39.2,70.0
2022,00-0034440,J.Jackson,RB,26.0,39.1,71.0
2022,00-0027966,M.Ingram,RB,33.0,38.1,72.0
2022,00-0036997,J.Williams,RB,22.0,37.0,73.0
2022,00-0036425,D.Dallas,RB,24.0,36.2,74.0
2022,00-0035537,T.Johnson,RB,25.0,34.800000000000004,75.0
2022,00-0037525,J.Mason,RB,23.0,34.800000000000004,76.0
2022,00-0030288,R.Burkhead,RB,32.0,34.4,77.0
2022,00-0037429,R.Blackshear,RB,24.0,34.0,78.0
2022,00-0034975,J.Hill,RB,25.0,33.0,79.0
2022,00-0032602,J.McKissic,RB,29.0,32.800000000000004,80.0
2022,00-0033951,M.Mack,RB,26.0,32.300000000000004,81.0
2022,00-0037745,V.Jones,RB,25.0,31.0,82.0
2022,00-0037563,M.Davis,RB,24.0,30.400000000000002,83.0
2022,00-0033854,D.Ogunbowale,RB,28.0,29.7,84.0
2022,00-0032104,A.Abdullah,RB,29.0,28.1,85.0
2022,00-0035594,T.Homer,RB,24.0,27.1,86.0
2022,00-0036569,G.Brightwell,RB,24.0,27.0,87.0
2022,00-0035567,C.Reynolds,RB,26.0,25.8,88.0
2022,00-0037840,K.Williams,RB,22.0,24.5,89.0
2022,00-0034208,M.Boone,RB,27.0,22.8,90.0
2022,00-0032975,J.Williams,RB,28.0,22.200000000000003,91.0
2022,00-0038098,P.Strong,RB,24.0,22.2,92.0
2022,00-0036950,A.Williams,RB,24.0,22.0,93.0
2022,00-0034301,D.Williams,RB,27.0,18.1,94.0
2022,00-0032058,T.Coleman,RB,29.0,18.000000000000004,95.0
2022,00-0035217,B.Snell,RB,24.0,17.700000000000003,96.0
2022,00-0034845,S.Michel,RB,27.0,16.900000000000002,97.0
2022,00-0033725,C.Clement,RB,28.0,16.9,98.0
2022,00-0031806,M.Brown,RB,29.0,16.8,99.0
2022,00-0029239,B.Bolden,RB,32.0,16.3,100.0
2022,00-0037617,H.Haskins,RB,23.0,16.0,101.0
2022,00-0034816,R.Jones,RB,25.0,15.2,102.0
2022,00-0034838,R.Freeman,RB,26.0,14.000000000000002,103.0
2022,00-0036020,S.Ahmed,RB,24.0,13.200000000000001,104.0
2022,00-0037299,K.Ingram,RB,23.0,13.099999999999998,105.0
2022,00-0036297,D.Evans,RB,24.0,11.700000000000001,106.0
2022,00-0036755,J.Patterson,RB,23.0,10.8,107.0
2022,00-0037286,K.Harris,RB,22.0,10.2,108.0
2022,00-0037827,T.Davis-Price,RB,22.0,9.9,109.0
2022,00-0034109,P.Lindsay,RB,28.0,9.8,110.0
2022,00-0037331,Z.Horvath,RB,24.0,9.6,111.0
2022,00-0037265,S.Conner,RB,22.0,9.2,112.0
2022,00-0034400,J.Wilkins,RB,28.0,8.7,113.0
2022,00-0034959,A.Beck,RB,26.0,7.9,114.0
2022,00-0036857,C.Evans,RB,25.0,7.8,115.0
2022,00-0036450,K.Vaughn,RB,25.0,7.2,116.0
2022,00-0038040,Z.White,RB,23.0,7.000000000000001,117.0
2022,00-0035291,T.Williams,RB,25.0,7.0,118.0
2022,00-0037085,T.Badie,RB,23.0,6.4,119.0
2022,00-0035311,M.Gaskin,RB,25.0,5.4,120.0
2022,00-0035860,T.Jones,RB,25.0,5.4,121.0
2022,00-0038045,I.Spiller,RB,21.0,5.4,122.0
2022,00-0036543,S.Brown,RB,24.0,5.300000000000001,123.0
2022,00-0037594,J.Chestnut,RB,22.0,5.300000000000001,124.0
2022,00-0032187,D.Johnson,RB,31.0,5.100000000000001,125.0
2022,00-0036336,A.McFarland,RB,23.0,5.1,126.0
2022,00-0037557,R.Rivers,RB,23.0,5.0,127.0
2022,00-0035973,P.Taylor,RB,24.0,4.800000000000001,128.0
2022,00-0032450,D.Washington,RB,28.0,4.5,129.0
2022,00-0037087,T.Ebner,RB,23.0,4.2,130.0
2022,00-0036842,K.Nwangwu,RB,24.0,3.5000000000000004,131.0
2022,00-0036650,L.Rountree,RB,23.0,3.3,132.0
2022,00-0035924,J.Ward,RB,25.0,3.2,133.0
2022,00-0030456,G.Bernard,RB,31.0,2.7,134.0
2022,00-0035628,D.Johnson,RB,26.0,2.4,135.0
2022,00-0032063,M.Davis,RB,29.0,2.2,136.0
2022,00-0037276,T.Chandler,RB,24.0,2.0,137.0
2022,00-0036984,T.Sermon,RB,23.0,1.9000000000000001,138.0
2022,00-0037456,T.Hairston,RB,24.0,1.9000000000000001,139.0
2022,00-0036727,A.Prentice,RB,25.0,1.8000000000000003,140.0
2022,00-0036096,J.Taylor,RB,24.0,1.7000000000000002,141.0
2022,00-0037267,J.Ford,RB,23.0,1.2000000000000002,142.0
2022,00-0035726,J.Johnson,RB,28.0,1.0,143.0
2022,00-0034578,R.Bonnafon,RB,26.0,0.8,144.0
2022,00-0034614,G.Igwebuike,RB,28.0,0.7000000000000001,145.0
2022,00-0035184,D.Ozigbo,RB,26.0,0.7000000000000001,146.0
2022,00-0036669,K.Hill,RB,24.0,0.7000000000000001,147.0
2022,00-0036457,T.Williams,RB,26.0,0.5,148.0
2022,00-0032257,D.Johnson,RB,29.0,0.4,149.0
2022,00-0036654,D.Felton,RB,24.0,0.4,150.0
2022,00-0030874,D.Williams,RB,30.0,0.2,151.0
2022,00-0032780,J.Howard,RB,28.0,0.1,152.0
2022,00-0028063,T.Jones,RB,34.0,0.0,153.0
2022,00-0034164,T.Cannon,RB,28.0,0.0,154.0
2022,00-0035273,Q.Ollison,RB,26.0,0.0,155.0
2022,00-0035304,C.Gillaspia,RB,27.0,0.0,156.0
2022,00-0036139,R.Dowdle,RB,24.0,0.0,157.0
2022,00-0036860,J.Funk,RB,24.0,0.0,158.0
2022,00-0037329,B.Brown,RB,25.0,0.0,159.0
2023,00-0033280,C.McCaffrey,RB,27.0,393.3,1.0
2023,00-0037840,K.Williams,RB,23.0,272.0,2.0
2023,00-0036973,T.Etienne,RB,24.0,269.4,3.0
2023,00-0032764,D.Henry,RB,29.0,268.66,4.0
2023,00-0038120,Bre.Hall,RB,22.0,265.5,5.0
2023,00-0031687,R.Mostert,RB,31.0,264.7,6.0
2023,00-0037256,R.White,RB,24.0,256.9,7.0
2023,00-0033897,J.Mixon,RB,27.0,256.0,8.0
2023,00-0037248,J.Cook,RB,24.0,246.70000000000002,9.0
2023,00-0038542,B.Robinson,RB,21.0,237.3,10.0
2023,00-0039139,J.Gibbs,RB,21.0,229.10000000000002,11.0
2023,00-0035685,D.Montgomery,RB,26.0,219.2,12.0
2023,00-0034844,S.Barkley,RB,26.0,218.20000000000002,13.0
2023,00-0033553,J.Conner,RB,28.0,215.5,14.0
2023,00-0035261,T.Pollard,RB,26.0,211.60000000000002,15.0
2023,00-0038134,K.Walker,RB,23.0,205.4,16.0
2023,00-0037197,I.Pacheco,RB,24.0,201.9,17.0
2023,00-0036275,D.Swift,RB,24.0,201.3,18.0
2023,00-0033906,A.Kamara,RB,28.0,201.0,19.0
2023,00-0036893,N.Harris,RB,25.0,200.5,20.0
2023,00-0039040,D.Achane,RB,22.0,192.7,21.0
2023,00-0037267,J.Ford,RB,24.0,190.20000000000002,22.0
2023,00-0037746,B.Robinson,RB,24.0,189.10000000000002,23.0
2023,00-0034184,G.Edwards,RB,28.0,188.0,24.0
2023,00-0035700,J.Jacobs,RB,25.0,179.1,25.0
2023,00-0036555,C.Hubbard,RB,24.0,174.5,26.0
2023,00-0035250,D.Singletary,RB,26.0,172.34,27.0
2023,00-0037228,J.Warren,RB,25.0,169.4,28.0
2023,00-0033699,A.Ekeler,RB,28.0,167.4,29.0
2023,00-0036251,Z.Moss,RB,26.0,166.6,30.0
2023,00-0036223,J.Taylor,RB,24.0,162.4,31.0
2023,00-0036997,J.Williams,RB,23.0,153.2,32.0
2023,00-0033045,E.Elliott,RB,28.0,142.5,33.0
2023,00-0033293,A.Jones,RB,29.0,136.9,34.0
2023,00-0036875,R.Stevenson,RB,25.0,136.70000000000002,35.0
2023,00-0037263,T.Allgeier,RB,23.0,135.6,36.0
2023,00-0034972,A.Mattison,RB,25.0,121.2,37.0
2023,00-0039032,T.Spears,RB,22.0,118.80000000000001,38.0
2023,00-0036265,A.Dillon,RB,25.0,117.60000000000001,39.0
2023,00-0036906,K.Herbert,RB,25.0,115.50000000000001,40.0
2023,00-0033923,K.Hunt,RB,28.0,99.5,41.0
2023,00-0037276,T.Chandler,RB,25.0,98.0,42.0
2023,00-0033925,D.Foreman,RB,27.0,90.2,43.0
2023,00-0034975,J.Hill,RB,26.0,88.30000000000001,44.0
2023,00-0039165,Z.Charbonnet,RB,22.0,88.1,45.0
2023,00-0038794,J.McLaughlin,RB,23.0,85.0,46.0
2023,00-0036328,A.Gibson,RB,25.0,84.4,47.0
2023,00-0033526,S.Perine,RB,28.0,84.3,48.0
2023,00-0036139,R.Dowdle,RB,25.0,80.5,49.0
2023,00-0038040,Z.White,RB,24.0,79.9,50.0
2023,00-0038454,K.Mitchell,RB,21.0,76.9,51.0
2023,00-0039021,R.Johnson,RB,22.0,75.1,52.0
2023,00-0037258,D.Pierce,RB,23.0,74.7,53.0
2023,00-0036919,K.Gainwell,RB,24.0,74.38,54.0
2023,00-0035243,M.Sanders,RB,26.0,70.60000000000001,55.0
2023,00-0030513,L.Murray,RB,33.0,66.9,56.0
2023,00-0036360,C.Edwards-Helaire,RB,24.0,60.10000000000001,57.0
2023,00-0038705,E.Demercado,RB,24.0,59.3,58.0
2023,00-0036370,J.Kelley,RB,26.0,58.7,59.0
2023,00-0034838,R.Freeman,RB,27.0,51.2,60.0
2023,00-0031376,J.McKinnon,RB,31.0,50.36,61.0
2023,00-0038597,C.Brown,RB,23.0,47.5,62.0
2023,00-0033948,J.Williams,RB,28.0,45.800000000000004,63.0
2023,00-0036567,E.Mitchell,RB,25.0,45.5,64.0
2023,00-0038098,P.Strong,RB,25.0,42.800000000000004,65.0
2023,00-0037525,J.Mason,RB,24.0,41.7,66.0
2023,00-0038551,K.Miller,RB,21.0,38.3,67.0
2023,00-0038611,C.Rodriguez,RB,24.0,36.900000000000006,68.0
2023,00-0036414,C.Akers,RB,24.0,36.7,69.0
2023,00-0035664,D.Henderson,RB,26.0,36.5,70.0
2023,00-0033308,M.Breida,RB,28.0,31.900000000000002,71.0
2023,00-0035567,C.Reynolds,RB,27.0,30.6,72.0
2023,00-0034115,J.Wilson,RB,28.0,30.3,73.0
2023,00-0035628,D.Johnson,RB,27.0,28.800000000000004,74.0
2023,00-0034791,N.Chubb,RB,28.0,28.1,75.0
2023,00-0030578,C.Patterson,RB,32.0,27.900000000000002,76.0
2023,00-0034681,C.Edmonds,RB,27.0,27.7,77.0
2023,00-0033893,D.Cook,RB,28.0,27.200000000000003,78.0
2023,00-0035537,T.Johnson,RB,26.0,25.400000000000002,79.0
2023,00-0036020,S.Ahmed,RB,25.0,24.9,80.0
2023,00-0035860,T.Jones,RB,26.0,24.2,81.0
2023,00-0036924,M.Carter,RB,24.0,24.2,82.0
2023,00-0036297,D.Evans,RB,25.0,24.0,83.0
2023,00-0032104,A.Abdullah,RB,30.0,23.0,84.0
2023,00-0038555,T.Bigsby,RB,22.0,21.8,85.0
2023,00-0036984,T.Sermon,RB,24.0,21.3,86.0
2023,00-0035973,P.Taylor,RB,25.0,20.0,87.0
2023,00-0037286,K.Harris,RB,23.0,19.3,88.0
2023,00-0032144,M.Gordon,RB,30.0,17.7,89.0
2023,00-0037557,R.Rivers,RB,24.0,17.1,90.0
2023,00-0036269,L.Perine,RB,25.0,17.0,91.0
2023,00-0034959,A.Beck,RB,27.0,16.8,92.0
2023,00-0035657,D.Harris,RB,26.0,16.0,93.0
2023,00-0037120,T.Goodson,RB,23.0,15.100000000000001,94.0
2023,00-0034414,B.Scott,RB,28.0,14.8,95.0
2023,00-0038045,I.Spiller,RB,22.0,14.0,96.0
2023,00-0038685,C.Brooks,RB,23.0,12.600000000000001,97.0
2023,00-0038389,I.Abanikanda,RB,21.0,12.3,98.0
2023,00-0038797,Em.Wilson,RB,24.0,11.8,99.0
2023,00-0037429,R.Blackshear,RB,25.0,11.100000000000001,100.0
2023,00-0037299,K.Ingram,RB,24.0,11.0,101.0
2023,00-0036924,Mi.Carter,RB,24.0,10.600000000000001,102.0
2023,00-0029239,B.Bolden,RB,33.0,10.1,103.0
2023,00-0036158,J.Dobbins,RB,25.0,8.7,104.0
2023,00-0038738,H.Luepke,RB,23.0,8.7,105.0
2023,00-0038622,D.Vaughn,RB,22.0,8.0,106.0
2023,00-0035291,T.Williams,RB,26.0,7.9,107.0
2023,00-0034433,N.Bawden,RB,27.0,7.5,108.0
2023,00-0037745,V.Jones,RB,26.0,7.1000000000000005,109.0
2023,00-0038396,E.Gray,RB,24.0,7.0,110.0
2023,00-0036569,G.Brightwell,RB,25.0,6.6,111.0
2023,00-0030874,D.Williams,RB,31.0,6.5,112.0
2023,00-0034208,M.Boone,RB,28.0,6.300000000000001,113.0
2023,00-0036425,D.Dallas,RB,25.0,6.2,114.0
2023,00-0033854,D.Ogunbowale,RB,29.0,5.300000000000001,115.0
2023,00-0036450,K.Vaughn,RB,26.0,4.4,116.0
2023,00-0033856,L.Fournette,RB,28.0,4.0,117.0
2023,00-0034750,R.Penny,RB,27.0,3.8,118.0
2023,00-0038951,S.Tucker,RB,22.0,3.2,119.0
2023,00-0035715,D.Gore,RB,29.0,2.6000000000000005,120.0
2023,00-0036860,J.Funk,RB,25.0,2.2,121.0
2023,00-0037157,Z.Knight,RB,22.0,2.1,122.0
2023,00-0037827,T.Davis-Price,RB,23.0,2.1,123.0
2023,00-0038862,E.Dotson,RB,24.0,1.9000000000000001,124.0
2023,00-0039136,Z.Evans,RB,22.0,1.9000000000000001,125.0
2023,00-0037410,J.Corbin,RB,23.0,1.3000000000000003,126.0
2023,00-0033296,A.Armah,RB,29.0,1.3,127.0
2023,00-0035184,D.Ozigbo,RB,27.0,1.3,128.0
2023,00-0036842,K.Nwangwu,RB,25.0,1.3,129.0
2023,00-0035726,Jak.Johnson,RB,29.0,1.2000000000000002,130.0
2023,00-0033118,K.Drake,RB,29.0,1.1,131.0
2023,00-0035924,J.Ward,RB,26.0,1.1,132.0
2023,00-0036336,A.McFarland,RB,24.0,1.1,133.0
2023,00-0036857,C.Evans,RB,26.0,1.1,134.0
2023,00-0038397,E.Hull,RB,23.0,0.7000000000000001,135.0
2023,00-0036727,A.Prentice,RB,26.0,0.40000000000000013,136.0
2023,00-0032450,D.Washington,RB,29.0,0.0,137.0
2023,00-0033955,J.McNichols,RB,28.0,0.0,138.0
2023,00-0034614,G.Igwebuike,RB,29.0,0.0,139.0
2023,00-0035594,T.Homer,RB,25.0,0.0,140.0
2023,00-0035726,J.Johnson,RB,29.0,0.0,141.0
2023,00-0035806,J.Hasty,RB,27.0,0.0,142.0
2023,00-0035831,J.Robinson,RB,25.0,0.0,143.0
2023,00-0037563,M.Davis,RB,25.0,0.0,144.0
2023,00-0037594,J.Chestnut,RB,23.0,0.0,145.0
2023,00-0038489,B.VanSumeren,RB,23.0,0.0,146.0
2023,00-0038656,M.Ibrahim,RB,24.0,0.0,147.0
2023,00-0038678,J.Mims,RB,24.0,0.0,148.0
2023,00-0032975,J.Williams,RB,29.0,-0.2,149.0
2023,00-0036493,D.Jackson,RB,24.0,-0.9999999999999998,150.0
2024,00-0034844,S.Barkley,RB,27.0,408.3,1.0
2024,00-0032764,D.Henry,RB,30.0,392.40000000000003,2.0
2024,00-0039139,J.Gibbs,RB,22.0,377.9,3.0
2024,00-0038542,B.Robinson,RB,22.0,354.7,4.0
2024,00-0035700,J.Jacobs,RB,26.0,316.1,5.0
2024,00-0036223,J.Taylor,RB,25.0,287.7,6.0
2024,00-0037840,K.Williams,RB,24.0,284.1,7.0
2024,00-0033553,J.Conner,RB,29.0,265.8,8.0
2024,00-0039040,D.Achane,RB,23.0,264.90000000000003,9.0
2024,00-0037248,J.Cook,RB,25.0,263.7,10.0
2024,00-0033906,A.Kamara,RB,29.0,255.3,11.0
2024,00-0039361,B.Irving,RB,22.0,250.4,12.0
2024,00-0033897,J.Mixon,RB,28.0,248.5,13.0
2024,00-0033293,A.Jones,RB,30.0,247.60000000000002,14.0
2024,00-0036555,C.Hubbard,RB,25.0,243.60000000000002,15.0
2024,00-0038597,C.Brown,RB,24.0,240.0,16.0
2024,00-0038120,B.Hall,RB,23.0,223.9,17.0
2024,00-0036275,D.Swift,RB,25.0,217.5,18.0
2024,00-0036893,N.Harris,RB,26.0,212.6,19.0
2024,00-0035685,D.Montgomery,RB,27.0,211.72,20.0
2024,00-0035261,T.Pollard,RB,27.0,209.70000000000002,21.0
2024,00-0036139,R.Dowdle,RB,26.0,201.8,22.0
2024,00-0036158,J.Dobbins,RB,26.0,191.8,23.0
2024,00-0039384,T.Tracy,RB,25.0,179.3,24.0
2024,00-0037256,R.White,RB,25.0,169.6,25.0
2024,00-0037746,B.Robinson,RB,25.0,166.8,26.0
2024,00-0036875,R.Stevenson,RB,26.0,165.9,27.0
2024,00-0039165,Z.Charbonnet,RB,23.0,162.9,28.0
2024,00-0033923,K.Hunt,RB,29.0,160.4,29.0
2024,00-0038134,K.Walker,RB,24.0,159.20000000000002,30.0
2024,00-0038555,T.Bigsby,RB,22.0,141.0,31.0
2024,00-0037525,J.Mason,RB,25.0,137.0,32.0
2024,00-0036997,J.Williams,RB,24.0,130.9,33.0
2024,00-0037267,J.Ford,RB,25.0,120.0,34.0
2024,00-0034972,A.Mattison,RB,26.0,114.4,35.0
2024,00-0033699,A.Ekeler,RB,29.0,112.3,36.0
2024,00-0036973,T.Etienne,RB,25.0,109.2,37.0
2024,00-0037228,J.Warren,RB,26.0,109.10000000000001,38.0
2024,00-0037263,T.Allgeier,RB,24.0,108.2,39.0
2024,00-0039875,R.Davis,RB,25.0,106.10000000000001,40.0
2024,00-0036328,A.Gibson,RB,26.0,99.4,41.0
2024,00-0039363,I.Guerendo,RB,24.0,98.2,42.0
2024,00-0032104,A.Abdullah,RB,31.0,93.2,43.0
2024,00-0039032,T.Spears,RB,23.0,91.60000000000001,44.0
2024,00-0034975,J.Hill,RB,27.0,90.10000000000001,45.0
2024,00-0038797,Em.Wilson,RB,25.0,89.0,46.0
2024,00-0035250,D.Singletary,RB,27.0,83.6,47.0
2024,00-0038794,J.McLaughlin,RB,24.0,78.2,48.0
2024,00-0036414,C.Akers,RB,25.0,77.2,49.0
2024,00-0035537,Ty.Johnson,RB,27.0,74.7,50.0
2024,00-0039794,B.Allen,RB,20.0,69.2,51.0
2024,00-0038951,S.Tucker,RB,23.0,66.7,52.0
2024,00-0036251,Z.Moss,RB,27.0,65.9,53.0
2024,00-0034184,G.Edwards,RB,29.0,61.1,54.0
2024,00-0034791,N.Chubb,RB,29.0,60.3,55.0
2024,00-0039021,R.Johnson,RB,23.0,58.4,56.0
2024,00-0031687,R.Mostert,RB,32.0,57.9,57.0
2024,00-0035243,M.Sanders,RB,27.0,57.300000000000004,58.0
2024,00-0037197,I.Pacheco,RB,25.0,56.900000000000006,59.0
2024,00-0033955,J.McNichols,RB,29.0,54.800000000000004,60.0
2024,00-0033526,S.Perine,RB,29.0,52.4,61.0
2024,00-0037258,D.Pierce,RB,24.0,51.5,62.0
2024,00-0036919,K.Gainwell,RB,25.0,50.6,63.0
2024,00-0033280,C.McCaffrey,RB,28.0,48.800000000000004,64.0
2024,00-0039921,T.Benson,RB,22.0,45.0,65.0
2024,00-0033045,E.Elliott,RB,29.0,44.5,66.0
2024,00-0038705,E.Demercado,RB,25.0,43.7,67.0
2024,00-0039373,A.Estime,RB,21.0,43.7,68.0
2024,00-0033854,D.Ogunbowale,RB,30.0,39.0,69.0
2024,00-0036984,T.Sermon,RB,25.0,38.800000000000004,70.0
2024,00-0039798,I.Davis,RB,22.0,37.9,71.0
2024,00-0037120,T.Goodson,RB,24.0,34.400000000000006,72.0
2024,00-0038611,C.Rodriguez,RB,25.0,32.5,73.0
2024,00-0038685,C.Brooks,RB,24.0,32.2,74.0
2024,00-0035973,P.Taylor,RB,26.0,31.800000000000004,75.0
2024,00-0033925,D.Foreman,RB,28.0,31.6,76.0
2024,00-0036924,M.Carter,RB,25.0,28.8,77.0
2024,00-0033948,Ja.Williams,RB,29.0,28.1,78.0
2024,00-0030578,C.Patterson,RB,33.0,27.5,79.0
2024,00-0039738,B.Corum,RB,24.0,27.5,80.0
2024,00-0035628,D.Johnson,RB,28.0,26.900000000000002,81.0
2024,00-0037617,H.Haskins,RB,25.0,26.8,82.0
2024,00-0039391,K.Vidal,RB,23.0,26.700000000000003,83.0
2024,00-0039874,J.Wright,RB,21.0,26.700000000000003,84.0
2024,00-0037276,T.Chandler,RB,26.0,26.400000000000002,85.0
2024,00-0037509,S.McCormick,RB,24.0,26.200000000000003,86.0
2024,00-0038098,P.Strong,RB,26.0,25.200000000000003,87.0
2024,00-0038040,Z.White,RB,25.0,24.3,88.0
2024,00-0038551,K.Miller,RB,22.0,24.1,89.0
2024,00-0036906,K.Herbert,RB,26.0,23.5,90.0
2024,00-0038636,K.McIntosh,RB,24.0,22.4,91.0
2024,00-0035567,C.Reynolds,RB,28.0,19.9,92.0
2024,00-0039325,C.Steele,RB,22.0,18.900000000000002,93.0
2024,00-0035806,J.Hasty,RB,28.0,17.8,94.0
2024,00-0037557,R.Rivers,RB,25.0,16.3,95.0
2024,00-0038738,H.Luepke,RB,24.0,15.9,96.0
2024,00-0038678,J.Mims,RB,25.0,14.100000000000001,97.0
2024,00-0039746,W.Shipley,RB,22.0,13.7,98.0
2024,00-0035860,T.Jones,RB,27.0,11.5,99.0
2024,00-0037594,J.Chestnut,RB,24.0,11.3,100.0
2024,00-0038396,E.Gray,RB,25.0,10.3,101.0
2024,00-0036425,D.Dallas,RB,26.0,10.0,102.0
2024,00-0037429,R.Blackshear,RB,26.0,9.0,103.0
2024,00-0038622,D.Vaughn,RB,23.0,8.8,104.0
2024,00-0037085,T.Badie,RB,25.0,8.4,105.0
2024,00-0036360,C.Edwards-Helaire,RB,25.0,8.0,106.0
2024,00-0034115,J.Wilson,RB,29.0,7.6000000000000005,107.0
2024,00-0038454,K.Mitchell,RB,22.0,6.800000000000001,108.0
2024,00-0039344,J.Brooks,RB,21.0,5.500000000000001,109.0
2024,00-0039364,S.Vaki,RB,23.0,5.1,110.0
2024,00-0034208,M.Boone,RB,29.0,4.9,111.0
2024,00-0036096,J.Taylor,RB,26.0,4.4,112.0
2024,00-0039617,J.Kibodi,RB,26.0,3.9000000000000004,113.0
2024,00-0035594,T.Homer,RB,26.0,3.4000000000000004,114.0
2024,00-0039757,T.Jennings,RB,23.0,3.3,115.0
2024,00-0039393,J.McClellan,RB,22.0,3.2,116.0
2024,00-0036670,J.Jefferson,RB,24.0,3.1999999999999997,117.0
2024,00-0039796,R.Ali,RB,23.0,3.1,118.0
2024,00-0033893,D.Cook,RB,29.0,3.0,119.0
2024,00-0039573,B.Watson,RB,25.0,2.3,120.0
2024,00-0035924,J.Ward,RB,27.0,2.2,121.0
2024,00-0037745,V.Jones,RB,27.0,1.9000000000000001,122.0
2024,00-0039811,M.Lloyd,RB,23.0,1.8,123.0
2024,00-0037609,A.Shampklin,RB,25.0,1.7000000000000002,124.0
2024,00-0035311,M.Gaskin,RB,27.0,1.0,125.0
2024,00-0039703,C.Schrader,RB,25.0,0.9000000000000001,126.0
2024,00-0039299,G.Holani,RB,25.0,0.9,127.0
2024,00-0039244,C.Collier,RB,24.0,0.8000000000000002,128.0
2024,00-0037827,T.Davis-Price,RB,24.0,0.7000000000000001,129.0
2024,00-0036450,K.Vaughn,RB,27.0,0.4,130.0
2024,00-0036297,D.Evans,RB,26.0,0.30000000000000004,131.0
2024,00-0036370,J.Kelley,RB,27.0,0.2,132.0
2024,00-0039603,B.Brooks,RB,25.0,0.2,133.0
2024,00-0034808,J.Kelly,RB,28.0,0.0,134.0
2024,00-0034959,A.Beck,RB,28.0,0.0,135.0
2024,00-0035291,T.Williams,RB,27.0,0.0,136.0
2024,00-0035726,J.Johnson,RB,30.0,0.0,137.0
2024,00-0036569,G.Brightwell,RB,26.0,0.0,138.0
2024,00-0036727,A.Prentice,RB,27.0,0.0,139.0
2024,00-0036842,K.Nwangwu,RB,26.0,0.0,140.0
2024,00-0036950,A.Williams,RB,26.0,0.0,141.0
2024,00-0037299,K.Ingram,RB,25.0,0.0,142.0
2024,00-0037456,T.Hairston,RB,26.0,0.0,143.0
2024,00-0038489,B.VanSumeren,RB,24.0,0.0,144.0
2024,00-0039230,D.Miller,RB,25.0,0.0,145.0
2024,00-0039385,K.Robinson,RB,24.0,0.0,146.0
2024,00-0039595,D.Williams,RB,25.0,0.0,147.0
2024,00-0039407,D.Laube,RB,25.0,-2.0,148.0
2025,00-0033280,C.McCaffrey,RB,29.0,388.6,1.0
2025,00-0038542,B.Robinson,RB,23.0,377.8,2.0
2025,00-0036223,J.Taylor,RB,26.0,374.3,3.0
2025,00-0037248,J.Cook,RB,26.0,346.2,4.0
2025,00-0039139,J.Gibbs,RB,23.0,339.90000000000003,5.0
2025,00-0032764,D.Henry,RB,31.0,328.5,6.0
2025,00-0039040,D.Achane,RB,24.0,323.8,7.0
2025,00-0037840,K.Williams,RB,25.0,271.3,8.0
2025,00-0038597,C.Brown,RB,25.0,261.6,9.0
2025,00-0036973,T.Etienne,RB,26.0,251.9,10.0
2025,00-0036997,J.Williams,RB,25.0,246.8,11.0
2025,00-0034844,S.Barkley,RB,28.0,237.3,12.0
2025,00-0036275,D.Swift,RB,26.0,234.6,13.0
2025,00-0035700,J.Jacobs,RB,27.0,233.1,14.0
2025,00-0038120,B.Hall,RB,24.0,224.66,15.0
2025,00-0040122,A.Jeanty,RB,22.0,224.1,16.0
2025,00-0036139,R.Dowdle,RB,27.0,217.3,17.0
2025,00-0037228,J.Warren,RB,27.0,214.1,18.0
2025,00-0038134,K.Walker,RB,25.0,207.9,19.0
2025,00-0040734,T.Henderson,RB,23.0,197.20000000000002,20.0
2025,00-0035261,T.Pollard,RB,28.0,194.8,21.0
2025,00-0036919,K.Gainwell,RB,26.0,174.3,22.0
2025,00-0040784,Q.Judkins,RB,22.0,172.8,23.0
2025,00-0036875,R.Stevenson,RB,27.0,171.8,24.0
2025,00-0039165,Z.Charbonnet,RB,24.0,171.4,25.0
2025,00-0040730,R.Harvey,RB,24.0,169.6,26.0
2025,00-0035685,D.Montgomery,RB,28.0,157.92000000000002,27.0
2025,00-0039384,T.Tracy,RB,26.0,152.8,28.0
2025,00-0040236,K.Monangai,RB,23.0,149.7,29.0
2025,00-0040242,J.Croskey-Merritt,RB,24.0,146.3,30.0
2025,00-0040583,W.Marks,RB,25.0,140.1,31.0
2025,00-0033923,K.Hunt,RB,30.0,134.4,32.0
2025,00-0039361,B.Irving,RB,23.0,132.5,33.0
2025,00-0036158,J.Dobbins,RB,27.0,131.9,34.0
2025,00-0039391,K.Vidal,RB,24.0,130.9,35.0
2025,00-0039738,B.Corum,RB,25.0,129.20000000000002,36.0
2025,00-0037525,J.Mason,RB,26.0,127.9,37.0
2025,00-0040666,O.Hampton,RB,22.0,125.7,38.0
2025,00-0040715,C.Skattebo,RB,23.0,119.7,39.0
2025,00-0037256,R.White,RB,26.0,118.0,40.0
2025,00-0037263,T.Allgeier,RB,25.0,112.0,41.0
2025,00-0033293,A.Jones,RB,31.0,107.7,42.0
2025,00-0036555,C.Hubbard,RB,26.0,107.4,43.0
2025,00-0035250,D.Singletary,RB,28.0,99.8,44.0
2025,00-0038611,C.Rodriguez,RB,26.0,96.0,45.0
2025,00-0038797,E.Wilson,RB,26.0,93.5,46.0
2025,00-0033906,A.Kamara,RB,30.0,87.7,47.0
2025,00-0034791,N.Chubb,RB,30.0,85.3,48.0
2025,00-0038951,S.Tucker,RB,24.0,84.4,49.0
2025,00-0039032,T.Spears,RB,24.0,78.7,50.0
2025,00-0036924,M.Carter,RB,26.0,78.0,51.0
2025,00-0035537,Ty.Johnson,RB,28.0,74.3,52.0
2025,00-0040719,B.Tuten,RB,23.0,73.60000000000001,53.0
2025,00-0037197,I.Pacheco,RB,26.0,73.3,54.0
2025,00-0037157,Z.Knight,RB,24.0,72.9,55.0
2025,00-0033526,S.Perine,RB,30.0,67.9,56.0
2025,00-0038555,T.Bigsby,RB,23.0,61.8,57.0
2025,00-0040162,D.Sampson,RB,21.0,59.60000000000001,58.0
2025,00-0039798,I.Davis,RB,23.0,59.2,59.0
2025,00-0038705,E.Demercado,RB,26.0,56.3,60.0
2025,00-0037746,B.Robinson,RB,26.0,55.5,61.0
2025,00-0039875,R.Davis,RB,26.0,54.1,62.0
2025,00-0033955,J.McNichols,RB,30.0,52.7,63.0
2025,00-0038454,K.Mitchell,RB,23.0,52.400000000000006,64.0
2025,00-0039874,J.Wright,RB,22.0,50.2,65.0
2025,00-0034975,J.Hill,RB,28.0,48.2,66.0
2025,00-0040202,D.Neal,RB,22.0,48.0,67.0
2025,00-0039373,A.Estime,RB,22.0,45.1,68.0
2025,00-0040198,O.Gordon,RB,21.0,45.1,69.0
2025,00-0037563,M.Davis,RB,27.0,43.599999999999994,70.0
2025,00-0040078,B.Smith,RB,22.0,40.300000000000004,71.0
2025,00-0039405,J.Jordan,RB,26.0,30.7,72.0
2025,00-0038551,K.Miller,RB,23.0,30.3,73.0
2025,00-0038794,J.McLaughlin,RB,25.0,28.400000000000002,74.0
2025,00-0039921,T.Benson,RB,23.0,27.400000000000002,75.0
2025,00-0038440,Z.Scott,RB,26.0,25.2,76.0
2025,00-0033553,J.Conner,RB,30.0,24.3,77.0
2025,00-0038738,H.Luepke,RB,25.0,24.0,78.0
2025,00-0036755,J.Patterson,RB,26.0,23.7,79.0
2025,00-0032104,A.Abdullah,RB,32.0,21.900000000000002,80.0
2025,00-0038685,C.Brooks,RB,25.0,21.700000000000003,81.0
2025,00-0040586,J.Blue,RB,21.0,20.400000000000002,82.0
2025,00-0035243,M.Sanders,RB,28.0,19.700000000000003,83.0
2025,00-0031687,R.Mostert,RB,33.0,19.400000000000002,84.0
2025,00-0037267,J.Ford,RB,26.0,18.6,85.0
2025,00-0040466,R.Sanders,RB,23.0,17.3,86.0
2025,00-0037085,T.Badie,RB,26.0,16.400000000000002,87.0
2025,00-0040238,L.Allen,RB,21.0,14.8,88.0
2025,00-0036328,A.Gibson,RB,27.0,14.200000000000001,89.0
2025,00-0039757,T.Jennings,RB,24.0,14.200000000000001,90.0
2025,00-0039794,B.Allen,RB,21.0,13.3,91.0
2025,00-0039796,R.Ali,RB,24.0,13.2,92.0
2025,00-0033854,D.Ogunbowale,RB,31.0,13.100000000000001,93.0
2025,00-0034959,A.Beck,RB,29.0,13.0,94.0
2025,00-0039299,G.Holani,RB,26.0,12.8,95.0
2025,00-0040644,T.Etienne,RB,21.0,10.700000000000001,96.0
2025,00-0040179,D.Giddens,RB,22.0,10.600000000000001,97.0
2025,00-0039746,W.Shipley,RB,23.0,10.5,98.0
2025,00-0035291,T.Williams,RB,28.0,10.1,99.0
2025,00-0039603,B.Brooks,RB,26.0,9.8,100.0
2025,00-0036727,A.Prentice,RB,28.0,9.700000000000001,101.0
2025,00-0036893,N.Harris,RB,27.0,9.600000000000001,102.0
2025,00-0033699,A.Ekeler,RB,30.0,9.100000000000001,103.0
2025,00-0037329,B.Brown,RB,28.0,8.7,104.0
2025,00-0040021,P.Mafah,RB,23.0,7.9,105.0
2025,00-0040142,K.Johnson,RB,22.0,7.800000000000001,106.0
2025,00-0040556,C.Kiner,RB,23.0,7.300000000000001,107.0
2025,00-0036414,C.Akers,RB,26.0,7.180000000000001,108.0
2025,00-0036906,K.Herbert,RB,27.0,6.6000000000000005,109.0
2025,00-0036265,A.Dillon,RB,27.0,6.1000000000000005,110.0
2025,00-0037617,H.Haskins,RB,26.0,6.0,111.0
2025,00-0037276,T.Chandler,RB,27.0,5.800000000000001,112.0
2025,00-0037557,R.Rivers,RB,26.0,5.6000000000000005,113.0
2025,00-0038040,Z.White,RB,26.0,5.6000000000000005,114.0
2025,00-0038397,E.Hull,RB,25.0,5.4,115.0
2025,00-0040208,T.Brooks,RB,23.0,5.4,116.0
2025,00-0040547,N.Carter,RB,23.0,5.000000000000001,117.0
2025,00-0036842,K.Nwangwu,RB,27.0,4.9,118.0
2025,00-0037594,J.Chestnut,RB,25.0,4.0,119.0
2025,00-0037258,D.Pierce,RB,25.0,3.6,120.0
2025,00-0037120,T.Goodson,RB,25.0,3.2,121.0
2025,00-0037745,V.Jones,RB,28.0,3.2,122.0
2025,00-0039407,D.Laube,RB,26.0,2.7,123.0
2025,00-0035628,D.Johnson,RB,29.0,2.5,124.0
2025,00-0036360,C.Edwards-Helaire,RB,26.0,2.2,125.0
2025,00-0036425,D.Dallas,RB,27.0,2.1,126.0
2025,00-0040067,J.Wright,RB,25.0,2.0,127.0
2025,00-0039021,R.Johnson,RB,24.0,1.7000000000000002,128.0
2025,00-0038896,J.Saylors,RB,25.0,1.1,129.0
2025,00-0040429,J.Williams,RB,25.0,1.1,130.0
2025,00-0040039,A.Johnson,RB,22.0,0.8,131.0
2025,00-0040205,K.Mullings,RB,23.0,0.7000000000000001,132.0
2025,00-0035311,M.Gaskin,RB,28.0,0.6000000000000001,133.0
2025,00-0038458,O.Wright,RB,26.0,0.6000000000000001,134.0
2025,00-0035567,C.Reynolds,RB,29.0,0.4,135.0
2025,00-0039364,S.Vaki,RB,24.0,0.4,136.0
2025,00-0039266,K.Milton,RB,23.0,0.2,137.0
2025,00-0034681,C.Edmonds,RB,29.0,0.0,138.0
2025,00-0035726,J.Johnson,RB,31.0,0.0,139.0
2025,00-0036567,E.Mitchell,RB,27.0,0.0,140.0
2025,00-0036569,G.Brightwell,RB,27.0,0.0,141.0
2025,00-0036950,A.Williams,RB,27.0,0.0,142.0
2025,00-0036984,T.Sermon,RB,26.0,0.0,143.0
2025,00-0038396,E.Gray,RB,26.0,0.0,144.0
2025,00-0038409,L.Nichols,RB,24.0,0.0,145.0
2025,00-0038678,J.Mims,RB,26.0,0.0,146.0
2025,00-0039363,I.Guerendo,RB,25.0,0.0,147.0
2025,00-0040476,U.Bentley,RB,25.0,0.0,148.0
2025,00-0040649,R.Ouzts,RB,23.0,0.0,149.0
2025,00-0034367,N.Miller-Hines,RB,29.0,-0.2,150.0
2025,00-0035594,T.Homer,RB,27.0,-0.2,151.0
